MeshVersionFormatted 1

Dimension
2

Vertices
6000
0 0 0
0.57 0 0
0.57 0.035 0
0 0.035 0
0.00286432160803491 0 0
0.00572864321606992 0 0
0.00859296482410505 0 0
0.0114572864321402 0 0
0.0143216080401752 0 0
0.0171859296482099 0 0
0.020050251256244 0 0
0.022914572864278 0 0
0.0257788944723116 0 0
0.0286432160803452 0 0
0.0315075376883789 0 0
0.0343718592964129 0 0
0.0372361809044477 0 0
0.040100502512483 0 0
0.0429648241205193 0 0
0.0458291457285555 0 0
0.0486934673365917 0 0
0.0515577889446271 0 0
0.0544221105526625 0 0
0.0572864321606978 0 0
0.0601507537687339 0 0
0.0630150753767701 0 0
0.0658793969848063 0 0
0.0687437185928413 0 0
0.0716080402008756 0 0
0.0744723618089083 0 0
0.0773366834169411 0 0
0.0802010050249738 0 0
0.0830653266330065 0 0
0.0859296482410393 0 0
0.088793969849072 0 0
0.0916582914571031 0 0
0.0945226130651341 0 0
0.0973869346731651 0 0
0.100251256281198 0 0
0.10311557788923 0 0
0.105979899497263 0 0
0.108844221105296 0 0
0.111708542713328 0 0
0.114572864321361 0 0
0.117437185929393 0 0
0.120301507537424 0 0
0.123165829145455 0 0
0.126030150753486 0 0
0.128894472361517 0 0
0.131758793969549 0 0
0.134623115577583 0 0
0.13748743718562 0 0
0.140351758793656 0 0
0.143216080401692 0 0
0.146080402009728 0 0
0.148944723617765 0 0
0.1518090452258 0 0
0.154673366833833 0 0
0.157537688441864 0 0
0.160402010049893 0 0
0.163266331657922 0 0
0.166130653265951 0 0
0.168994974873981 0 0
0.17185929648201 0 0
0.174723618090039 0 0
0.177587939698068 0 0
0.180452261306101 0 0
0.183316582914134 0 0
0.18618090452217 0 0
0.189045226130206 0 0
0.191909547738243 0 0
0.194773869346279 0 0
0.197638190954313 0 0
0.200502512562346 0 0
0.203366834170375 0 0
0.206231155778404 0 0
0.209095477386433 0 0
0.211959798994463 0 0
0.214824120602492 0 0
0.217688442210521 0 0
0.22055276381855 0 0
0.22341708542658 0 0
0.226281407034609 0 0
0.229145728642641 0 0
0.232010050250674 0 0
0.23487437185871 0 0
0.237738693466746 0 0
0.240603015074783 0 0
0.243467336682819 0 0
0.246331658290853 0 0
0.249195979898886 0 0
0.252060301506919 0 0
0.254924623114953 0 0
0.257788944722989 0 0
0.260653266331025 0 0
0.263517587939061 0 0
0.266381909547098 0 0
0.269246231155134 0 0
0.27211055276317 0 0
0.274974874371206 0 0
0.277839195979243 0 0
0.280703517587279 0 0
0.283567839195315 0 0
0.286432160803351 0 0
0.289296482411387 0 0
0.29216080401943 0 0
0.295025125627476 0 0
0.297889447235526 0 0
0.300753768843577 0 0
0.303618090451627 0 0
0.306482412059677 0 0
0.309346733667727 0 0
0.312211055275777 0 0
0.315075376883827 0 0
0.317939698491877 0 0
0.320804020099928 0 0
0.323668341707978 0 0
0.326532663316028 0 0
0.329396984924078 0 0
0.332261306532128 0 0
0.335125628140179 0 0
0.337989949748229 0 0
0.340854271356279 0 0
0.343718592964329 0 0
0.346582914572379 0 0
0.349447236180429 0 0
0.35231155778848 0 0
0.35517587939653 0 0
0.35804020100458 0 0
0.36090452261263 0 0
0.36376884422068 0 0
0.366633165828731 0 0
0.369497487436781 0 0
0.372361809044824 0 0
0.375226130652864 0 0
0.378090452260901 0 0
0.380954773868937 0 0
0.383819095476973 0 0
0.386683417085009 0 0
0.389547738693051 0 0
0.392412060301095 0 0
0.395276381909145 0 0
0.398140703517196 0 0
0.401005025125246 0 0
0.403869346733296 0 0
0.406733668341346 0 0
0.409597989949396 0 0
0.412462311557447 0 0
0.415326633165497 0 0
0.418190954773547 0 0
0.421055276381597 0 0
0.423919597989647 0 0
0.426783919597698 0 0
0.429648241205748 0 0
0.432512562813798 0 0
0.435376884421848 0 0
0.438241206029898 0 0
0.441105527637948 0 0
0.443969849245999 0 0
0.446834170854049 0 0
0.449698492462099 0 0
0.452562814070149 0 0
0.455427135678199 0 0
0.458291457286249 0 0
0.461155778894299 0 0
0.464020100502347 0 0
0.466884422110391 0 0
0.469748743718429 0 0
0.472613065326465 0 0
0.475477386934501 0 0
0.478341708542537 0 0
0.481206030150574 0 0
0.484070351758617 0 0
0.486934673366664 0 0
0.489798994974715 0 0
0.492663316582765 0 0
0.495527638190815 0 0
0.498391959798865 0 0
0.501256281406909 0 0
0.504120603014955 0 0
0.506984924623005 0 0
0.509849246231055 0 0
0.512713567839102 0 0
0.515577889447138 0 0
0.518442211055175 0 0
0.521306532663211 0 0
0.524170854271247 0 0
0.527035175879283 0 0
0.529899497487319 0 0
0.532763819095356 0 0
0.535628140703398 0 0
0.538492462311448 0 0
0.541356783919498 0 0
0.544221105527548 0 0
0.547085427135599 0 0
0.549949748743649 0 0
0.552814070351699 0 0
0.555678391959749 0 0
0.558542713567799 0 0
0.561407035175849 0 0
0.5642713567839 0 0
0.56713567839195 0 0
0.57 0.00120689655172186 0
0.57 0.00241379310344366 0
0.57 0.00362068965516635 0
0.57 0.00482758620688834 0
0.57 0.00603448275860883 0
0.57 0.00724137931032932 0
0.57 0.00844827586204949 0
0.57 0.00965517241377024 0
0.57 0.0108620689654906 0
0.57 0.0120689655172111 0
0.57 0.0132758620689317 0
0.57 0.0144827586206519 0
0.57 0.0156896551723728 0
0.57 0.0168965517240938 0
0.57 0.0181034482758168 0
0.57 0.0193103448275436 0
0.57 0.020517241379271 0
0.57 0.0217241379309984 0
0.57 0.0229310344827252 0
0.57 0.0241379310344528 0
0.57 0.02534482758618 0
0.57 0.0265517241379068 0
0.57 0.0277586206896341 0
0.57 0.0289655172413616 0
0.57 0.0301724137930885 0
0.57 0.0313793103448168 0
0.57 0.0325862068965444 0
0.57 0.0337931034482729 0
0.567135678391978 0.035 0
0.564271356783956 0.035 0
0.561407035175933 0.035 0
0.558542713567899 0.035 0
0.555678391959862 0.035 0
0.552814070351826 0.035 0
0.54994974874379 0.035 0
0.547085427135754 0.035 0
0.544221105527718 0.035 0
0.541356783919682 0.035 0
0.538492462311645 0.035 0
0.535628140703609 0.035 0
0.532763819095573 0.035 0
0.529899497487537 0.035 0
0.527035175879501 0.035 0
0.524170854271465 0.035 0
0.521306532663429 0.035 0
0.518442211055392 0.035 0
0.515577889447356 0.035 0
0.51271356783932 0.035 0
0.509849246231284 0.035 0
0.506984924623248 0.035 0
0.504120603015212 0.035 0
0.50125628140718 0.035 0
0.498391959799151 0.035 0
0.495527638191122 0.035 0
0.492663316583088 0.035 0
0.489798994975052 0.035 0
0.486934673367016 0.035 0
0.48407035175898 0.035 0
0.481206030150944 0.035 0
0.478341708542908 0.035 0
0.475477386934872 0.035 0
0.472613065326835 0.035 0
0.469748743718799 0.035 0
0.466884422110763 0.035 0
0.464020100502727 0.035 0
0.461155778894691 0.035 0
0.458291457286654 0.035 0
0.455427135678618 0.035 0
0.452562814070582 0.035 0
0.449698492462546 0.035 0
0.446834170854517 0.035 0
0.443969849246488 0.035 0
0.441105527638459 0.035 0
0.438241206030423 0.035 0
0.435376884422387 0.035 0
0.432512562814351 0.035 0
0.429648241206315 0.035 0
0.426783919598278 0.035 0
0.423919597990242 0.035 0
0.421055276382206 0.035 0
0.418190954774171 0.035 0
0.415326633166142 0.035 0
0.412462311558113 0.035 0
0.409597989950083 0.035 0
0.406733668342054 0.035 0
0.403869346734025 0.035 0
0.401005025125996 0.035 0
0.398140703517967 0.035 0
0.395276381909937 0.035 0
0.392412060301908 0.035 0
0.389547738693873 0.035 0
0.386683417085837 0.035 0
0.383819095477801 0.035 0
0.380954773869765 0.035 0
0.378090452261729 0.035 0
0.375226130653693 0.035 0
0.372361809045661 0.035 0
0.369497487437631 0.035 0
0.366633165829602 0.035 0
0.363768844221573 0.035 0
0.360904522613544 0.035 0
0.358040201005515 0.035 0
0.355175879397485 0.035 0
0.352311557789456 0.035 0
0.349447236181427 0.035 0
0.346582914573398 0.035 0
0.343718592965369 0.035 0
0.340854271357339 0.035 0
0.337989949749309 0.035 0
0.335125628141273 0.035 0
0.332261306533237 0.035 0
0.329396984925201 0.035 0
0.326532663317165 0.035 0
0.323668341709132 0.035 0
0.320804020101103 0.035 0
0.317939698493074 0.035 0
0.315075376885042 0.035 0
0.312211055277005 0.035 0
0.309346733668969 0.035 0
0.306482412060933 0.035 0
0.303618090452897 0.035 0
0.300753768844861 0.035 0
0.297889447236825 0.035 0
0.295025125628788 0.035 0
0.292160804020752 0.035 0
0.289296482412716 0.035 0
0.28643216080468 0.035 0
0.283567839196644 0.035 0
0.280703517588608 0.035 0
0.277839195980565 0.035 0
0.274974874372519 0.035 0
0.272110552764469 0.035 0
0.269246231156419 0.035 0
0.266381909548369 0.035 0
0.263517587940318 0.035 0
0.260653266332268 0.035 0
0.257788944724218 0.035 0
0.254924623116168 0.035 0
0.252060301508118 0.035 0
0.249195979900068 0.035 0
0.246331658292018 0.035 0
0.243467336683968 0.035 0
0.240603015075917 0.035 0
0.237738693467867 0.035 0
0.234874371859817 0.035 0
0.232010050251767 0.035 0
0.229145728643717 0.035 0
0.226281407035667 0.035 0
0.223417085427617 0.035 0
0.220552763819567 0.035 0
0.217688442211517 0.035 0
0.214824120603466 0.035 0
0.211959798995416 0.035 0
0.209095477387366 0.035 0
0.206231155779316 0.035 0
0.203366834171266 0.035 0
0.200502512563216 0.035 0
0.197638190955172 0.035 0
0.194773869347132 0.035 0
0.191909547739096 0.035 0
0.18904522613106 0.035 0
0.186180904523023 0.035 0
0.183316582914987 0.035 0
0.180452261306946 0.035 0
0.177587939698902 0.035 0
0.174723618090851 0.035 0
0.171859296482801 0.035 0
0.168994974874751 0.035 0
0.166130653266701 0.035 0
0.163266331658651 0.035 0
0.160402010050601 0.035 0
0.157537688442551 0.035 0
0.154673366834501 0.035 0
0.15180904522645 0.035 0
0.1489447236184 0.035 0
0.14608040201035 0.035 0
0.1432160804023 0.035 0
0.14035175879425 0.035 0
0.1374874371862 0.035 0
0.13462311557815 0.035 0
0.1317587939701 0.035 0
0.128894472362049 0.035 0
0.126030150753999 0.035 0
0.123165829145949 0.035 0
0.120301507537899 0.035 0
0.117437185929849 0.035 0
0.114572864321799 0.035 0
0.111708542713749 0.035 0
0.108844221105698 0.035 0
0.105979899497651 0.035 0
0.103115577889607 0.035 0
0.10025125628157 0.035 0
0.0973869346735334 0.035 0
0.0945226130654973 0.035 0
0.0916582914574611 0.035 0
0.0887939698494243 0.035 0
0.0859296482413811 0.035 0
0.0830653266333342 0.035 0
0.0802010050252841 0.035 0
0.077336683417234 0.035 0
0.0744723618091839 0.035 0
0.0716080402011338 0.035 0
0.0687437185930897 0.035 0
0.0658793969850444 0.035 0
0.0630150753769942 0.035 0
0.0601507537689442 0.035 0
0.0572864321608969 0.035 0
0.0544221105528607 0.035 0
0.0515577889448246 0.035 0
0.0486934673367884 0.035 0
0.0458291457287523 0.035 0
0.0429648241207161 0.035 0
0.0401005025126799 0.035 0
0.0372361809046438 0.035 0
0.0343718592966015 0.035 0
0.0315075376885513 0.035 0
0.0286432160805012 0.035 0
0.0257788944724512 0.035 0
0.022914572864401 0.035 0
0.0200502512563508 0.035 0
0.0171859296483008 0.035 0
0.0143216080402506 0.035 0
0.0114572864322004 0.035 0
0.0085929648241504 0.035 0
0.00572864321610023 0.035 0
0.00286432160805006 0.035 0
0 0.0337931034482783 0
0 0.0325862068965578 0
0 0.0313793103448347 0
0 0.0301724137931121 0
0 0.0289655172413926 0
0 0.0277586206896725 0
0 0.026551724137951 0
0 0.02534482758623 0
0 0.0241379310345108 0
0 0.0229310344827887 0
0 0.0217241379310688 0
0 0.0205172413793497 0
0 0.0193103448276276 0
0 0.0181034482759068 0
0 0.0168965517241837 0
0 0.0156896551724569 0
0 0.0144827586207294 0
0 0.013275862069002 0
0 0.0120689655172752 0
0 0.0108620689655476 0
0 0.00965517241382031 0
0 0.00844827586209347 0
0 0.00724137931036609 0
0 0.00603448275863864 0
0 0.00482758620691162 0
0 0.00362068965518338 0
0 0.00241379310345571 0
0 0.00120689655172717 0
0.00286432160803543 0.00120689655172714 0
0.00286432160803595 0.00241379310345565 0
0.00286432160803648 0.00362068965518329 0
0.002864321608037 0.0048275862069115 0
0.00286432160803752 0.00603448275863848 0
0.00286432160803804 0.0072413793103659 0
0.00286432160803856 0.00844827586209326 0
0.00286432160803909 0.00965517241382007 0
0.00286432160803961 0.0108620689655473 0
0.00286432160804013 0.0120689655172749 0
0.00286432160804066 0.0132758620690016 0
0.00286432160804118 0.014482758620729 0
0.0028643216080417 0.0156896551724565 0
0.00286432160804222 0.0168965517241832 0
0.00286432160804275 0.0181034482759064 0
0.00286432160804327 0.0193103448276272 0
0.00286432160804379 0.0205172413793493 0
0.00286432160804431 0.0217241379310685 0
0.00286432160804483 0.0229310344827884 0
0.00286432160804536 0.0241379310345105 0
0.00286432160804588 0.0253448275862298 0
0.0028643216080464 0.0265517241379508 0
0.00286432160804692 0.0277586206896723 0
0.00286432160804745 0.0289655172413924 0
0.00286432160804797 0.0301724137931119 0
0.00286432160804849 0.0313793103448346 0
0.00286432160804901 0.0325862068965578 0
0.00286432160804954 0.0337931034482782 0
0.00572864321607096 0.00120689655172712 0
0.00572864321607201 0.00241379310345558 0
0.00572864321607305 0.0036206896551832 0
0.0057286432160741 0.00482758620691139 0
0.00572864321607514 0.00603448275863834 0
0.00572864321607619 0.00724137931036572 0
0.00572864321607723 0.00844827586209303 0
0.00572864321607828 0.00965517241381981 0
0.00572864321607932 0.010862068965547 0
0.00572864321608037 0.0120689655172746 0
0.00572864321608141 0.0132758620690013 0
0.00572864321608246 0.0144827586207287 0
0.0057286432160835 0.0156896551724561 0
0.00572864321608455 0.0168965517241828 0
0.0057286432160856 0.0181034482759059 0
0.00572864321608664 0.0193103448276267 0
0.00572864321608769 0.020517241379349 0
0.00572864321608873 0.0217241379310681 0
0.00572864321608978 0.0229310344827881 0
0.00572864321609082 0.0241379310345102 0
0.00572864321609187 0.0253448275862295 0
0.00572864321609291 0.0265517241379506 0
0.00572864321609395 0.0277586206896721 0
0.005728643216095 0.0289655172413923 0
0.00572864321609605 0.0301724137931118 0
0.00572864321609709 0.0313793103448346 0
0.00572864321609814 0.0325862068965577 0
0.00572864321609918 0.0337931034482782 0
0.00859296482410661 0.00120689655172709 0
0.00859296482410818 0.00241379310345552 0
0.00859296482410974 0.00362068965518312 0
0.0085929648241113 0.00482758620691127 0
0.00859296482411287 0.00603448275863819 0
0.00859296482411443 0.00724137931036553 0
0.00859296482411599 0.00844827586209281 0
0.00859296482411756 0.00965517241381956 0
0.00859296482411912 0.0108620689655467 0
0.00859296482412068 0.0120689655172743 0
0.00859296482412225 0.0132758620690009 0
0.00859296482412381 0.0144827586207283 0
0.00859296482412538 0.0156896551724556 0
0.00859296482412694 0.0168965517241823 0
0.0085929648241285 0.0181034482759054 0
0.00859296482413007 0.0193103448276263 0
0.00859296482413163 0.0205172413793486 0
0.00859296482413319 0.0217241379310678 0
0.00859296482413476 0.0229310344827878 0
0.00859296482413632 0.0241379310345099 0
0.00859296482413788 0.0253448275862293 0
0.00859296482413945 0.0265517241379504 0
0.00859296482414101 0.0277586206896719 0
0.00859296482414258 0.0289655172413921 0
0.00859296482414414 0.0301724137931117 0
0.0085929648241457 0.0313793103448345 0
0.00859296482414727 0.0325862068965576 0
0.00859296482414883 0.0337931034482782 0
0.0114572864321423 0.00120689655172706 0
0.0114572864321443 0.00241379310345546 0
0.0114572864321464 0.00362068965518303 0
0.0114572864321485 0.00482758620691115 0
0.0114572864321506 0.00603448275863804 0
0.0114572864321526 0.00724137931036535 0
0.0114572864321547 0.00844827586209259 0
0.0114572864321568 0.00965517241381931 0
0.0114572864321589 0.0108620689655464 0
0.011457286432161 0.0120689655172739 0
0.011457286432163 0.0132758620690006 0
0.0114572864321651 0.0144827586207279 0
0.0114572864321672 0.0156896551724552 0
0.0114572864321693 0.0168965517241819 0
0.0114572864321713 0.018103448275905 0
0.0114572864321734 0.0193103448276259 0
0.0114572864321755 0.0205172413793482 0
0.0114572864321776 0.0217241379310674 0
0.0114572864321797 0.0229310344827874 0
0.0114572864321817 0.0241379310345096 0
0.0114572864321838 0.025344827586229 0
0.0114572864321859 0.0265517241379501 0
0.011457286432188 0.0277586206896717 0
0.0114572864321901 0.028965517241392 0
0.0114572864321921 0.0301724137931116 0
0.0114572864321942 0.0313793103448344 0
0.0114572864321963 0.0325862068965576 0
0.0114572864321984 0.0337931034482781 0
0.0143216080401778 0.00120689655172704 0
0.0143216080401804 0.0024137931034554 0
0.014321608040183 0.00362068965518295 0
0.0143216080401856 0.00482758620691104 0
0.0143216080401882 0.00603448275863789 0
0.0143216080401908 0.00724137931036516 0
0.0143216080401934 0.00844827586209237 0
0.014321608040196 0.00965517241381906 0
0.0143216080401986 0.0108620689655462 0
0.0143216080402012 0.0120689655172736 0
0.0143216080402038 0.0132758620690002 0
0.0143216080402064 0.0144827586207275 0
0.014321608040209 0.0156896551724548 0
0.0143216080402116 0.0168965517241814 0
0.0143216080402142 0.0181034482759045 0
0.0143216080402168 0.0193103448276255 0
0.0143216080402194 0.0205172413793478 0
0.014321608040222 0.0217241379310671 0
0.0143216080402246 0.0229310344827871 0
0.0143216080402272 0.0241379310345093 0
0.0143216080402298 0.0253448275862288 0
0.0143216080402324 0.0265517241379499 0
0.014321608040235 0.0277586206896715 0
0.0143216080402376 0.0289655172413918 0
0.0143216080402402 0.0301724137931115 0
0.0143216080402428 0.0313793103448343 0
0.0143216080402454 0.0325862068965575 0
0.014321608040248 0.0337931034482781 0
0.017185929648213 0.00120689655172701 0
0.0171859296482161 0.00241379310345534 0
0.0171859296482193 0.00362068965518286 0
0.0171859296482224 0.00482758620691092 0
0.0171859296482255 0.00603448275863774 0
0.0171859296482287 0.00724137931036498 0
0.0171859296482318 0.00844827586209215 0
0.0171859296482349 0.00965517241381881 0
0.0171859296482381 0.0108620689655459 0
0.0171859296482412 0.0120689655172733 0
0.0171859296482443 0.0132758620689999 0
0.0171859296482475 0.0144827586207271 0
0.0171859296482506 0.0156896551724544 0
0.0171859296482538 0.016896551724181 0
0.0171859296482569 0.0181034482759041 0
0.01718592964826 0.0193103448276251 0
0.0171859296482632 0.0205172413793474 0
0.0171859296482663 0.0217241379310667 0
0.0171859296482694 0.0229310344827868 0
0.0171859296482726 0.024137931034509 0
0.0171859296482757 0.0253448275862285 0
0.0171859296482788 0.0265517241379497 0
0.017185929648282 0.0277586206896713 0
0.0171859296482851 0.0289655172413916 0
0.0171859296482882 0.0301724137931113 0
0.0171859296482914 0.0313793103448342 0
0.0171859296482945 0.0325862068965574 0
0.0171859296482977 0.0337931034482781 0
0.0200502512562477 0.00120689655172698 0
0.0200502512562514 0.00241379310345528 0
0.0200502512562551 0.00362068965518278 0
0.0200502512562588 0.0048275862069108 0
0.0200502512562625 0.00603448275863759 0
0.0200502512562661 0.00724137931036479 0
0.0200502512562698 0.00844827586209193 0
0.0200502512562735 0.00965517241381855 0
0.0200502512562772 0.0108620689655456 0
0.0200502512562809 0.012068965517273 0
0.0200502512562846 0.0132758620689995 0
0.0200502512562882 0.0144827586207267 0
0.0200502512562919 0.015689655172454 0
0.0200502512562956 0.0168965517241805 0
0.0200502512562993 0.0181034482759036 0
0.020050251256303 0.0193103448276246 0
0.0200502512563067 0.020517241379347 0
0.0200502512563103 0.0217241379310663 0
0.020050251256314 0.0229310344827865 0
0.0200502512563177 0.0241379310345087 0
0.0200502512563214 0.0253448275862283 0
0.0200502512563251 0.0265517241379495 0
0.0200502512563288 0.0277586206896712 0
0.0200502512563324 0.0289655172413915 0
0.0200502512563361 0.0301724137931112 0
0.0200502512563398 0.0313793103448341 0
0.0200502512563435 0.0325862068965574 0
0.0200502512563472 0.0337931034482781 0
0.0229145728642822 0.00120689655172696 0
0.0229145728642865 0.00241379310345522 0
0.0229145728642907 0.00362068965518269 0
0.0229145728642949 0.00482758620691068 0
0.0229145728642992 0.00603448275863744 0
0.0229145728643034 0.00724137931036461 0
0.0229145728643077 0.0084482758620917 0
0.0229145728643119 0.0096551724138183 0
0.0229145728643162 0.0108620689655453 0
0.0229145728643204 0.0120689655172726 0
0.0229145728643247 0.0132758620689992 0
0.0229145728643289 0.0144827586207263 0
0.0229145728643331 0.0156896551724535 0
0.0229145728643374 0.0168965517241801 0
0.0229145728643416 0.0181034482759032 0
0.0229145728643459 0.0193103448276242 0
0.0229145728643501 0.0205172413793466 0
0.0229145728643543 0.021724137931066 0
0.0229145728643586 0.0229310344827862 0
0.0229145728643628 0.0241379310345084 0
0.0229145728643671 0.025344827586228 0
0.0229145728643713 0.0265517241379492 0
0.0229145728643756 0.027758620689671 0
0.0229145728643798 0.0289655172413913 0
0.0229145728643841 0.0301724137931111 0
0.0229145728643883 0.031379310344834 0
0.0229145728643925 0.0325862068965573 0
0.0229145728643968 0.033793103448278 0
0.0257788944723164 0.00120689655172693 0
0.0257788944723212 0.00241379310345516 0
0.025778894472326 0.00362068965518261 0
0.0257788944723309 0.00482758620691057 0
0.0257788944723356 0.00603448275863729 0
0.0257788944723405 0.00724137931036443 0
0.0257788944723453 0.00844827586209149 0
0.0257788944723501 0.00965517241381805 0
0.0257788944723549 0.010862068965545 0
0.0257788944723597 0.0120689655172723 0
0.0257788944723646 0.0132758620689988 0
0.0257788944723693 0.0144827586207259 0
0.0257788944723742 0.0156896551724531 0
0.025778894472379 0.0168965517241796 0
0.0257788944723838 0.0181034482759027 0
0.0257788944723886 0.0193103448276238 0
0.0257788944723934 0.0205172413793462 0
0.0257788944723982 0.0217241379310656 0
0.0257788944724031 0.0229310344827858 0
0.0257788944724079 0.0241379310345082 0
0.0257788944724127 0.0253448275862278 0
0.0257788944724175 0.026551724137949 0
0.0257788944724223 0.0277586206896708 0
0.0257788944724271 0.0289655172413912 0
0.0257788944724319 0.030172413793111 0
0.0257788944724367 0.0313793103448339 0
0.0257788944724416 0.0325862068965572 0
0.0257788944724464 0.033793103448278 0
0.0286432160803506 0.0012068965517269 0
0.028643216080356 0.0024137931034551 0
0.0286432160803613 0.00362068965518252 0
0.0286432160803667 0.00482758620691045 0
0.0286432160803721 0.00603448275863714 0
0.0286432160803775 0.00724137931036424 0
0.0286432160803829 0.00844827586209126 0
0.0286432160803883 0.0096551724138178 0
0.0286432160803936 0.0108620689655447 0
0.028643216080399 0.012068965517272 0
0.0286432160804044 0.0132758620689985 0
0.0286432160804098 0.0144827586207255 0
0.0286432160804151 0.0156896551724527 0
0.0286432160804205 0.0168965517241792 0
0.0286432160804259 0.0181034482759023 0
0.0286432160804313 0.0193103448276234 0
0.0286432160804367 0.0205172413793458 0
0.0286432160804421 0.0217241379310653 0
0.0286432160804474 0.0229310344827855 0
0.0286432160804528 0.0241379310345079 0
0.0286432160804582 0.0253448275862275 0
0.0286432160804636 0.0265517241379488 0
0.028643216080469 0.0277586206896706 0
0.0286432160804743 0.028965517241391 0
0.0286432160804797 0.0301724137931109 0
0.0286432160804851 0.0313793103448338 0
0.0286432160804905 0.0325862068965572 0
0.0286432160804959 0.033793103448278 0
0.0315075376883848 0.00120689655172688 0
0.0315075376883908 0.00241379310345504 0
0.0315075376883967 0.00362068965518244 0
0.0315075376884026 0.00482758620691034 0
0.0315075376884086 0.00603448275863699 0
0.0315075376884145 0.00724137931036406 0
0.0315075376884205 0.00844827586209105 0
0.0315075376884264 0.00965517241381755 0
0.0315075376884324 0.0108620689655444 0
0.0315075376884383 0.0120689655172717 0
0.0315075376884443 0.0132758620689981 0
0.0315075376884502 0.0144827586207252 0
0.0315075376884562 0.0156896551724523 0
0.0315075376884621 0.0168965517241787 0
0.0315075376884681 0.0181034482759018 0
0.031507537688474 0.0193103448276229 0
0.0315075376884799 0.0205172413793454 0
0.0315075376884859 0.0217241379310649 0
0.0315075376884918 0.0229310344827852 0
0.0315075376884978 0.0241379310345076 0
0.0315075376885037 0.0253448275862273 0
0.0315075376885097 0.0265517241379486 0
0.0315075376885156 0.0277586206896704 0
0.0315075376885216 0.0289655172413909 0
0.0315075376885275 0.0301724137931108 0
0.0315075376885335 0.0313793103448337 0
0.0315075376885394 0.0325862068965571 0
0.0315075376885453 0.0337931034482779 0
0.0343718592964194 0.00120689655172685 0
0.0343718592964259 0.00241379310345498 0
0.0343718592964324 0.00362068965518235 0
0.0343718592964389 0.00482758620691022 0
0.0343718592964454 0.00603448275863684 0
0.0343718592964519 0.00724137931036387 0
0.0343718592964584 0.00844827586209082 0
0.0343718592964649 0.0096551724138173 0
0.0343718592964714 0.0108620689655442 0
0.0343718592964779 0.0120689655172714 0
0.0343718592964844 0.0132758620689978 0
0.0343718592964909 0.0144827586207248 0
0.0343718592964974 0.0156896551724518 0
0.0343718592965039 0.0168965517241783 0
0.0343718592965104 0.0181034482759014 0
0.0343718592965169 0.0193103448276225 0
0.0343718592965234 0.020517241379345 0
0.0343718592965299 0.0217241379310646 0
0.0343718592965364 0.0229310344827849 0
0.0343718592965429 0.0241379310345073 0
0.0343718592965494 0.025344827586227 0
0.034371859296556 0.0265517241379483 0
0.0343718592965625 0.0277586206896702 0
0.0343718592965689 0.0289655172413907 0
0.0343718592965755 0.0301724137931106 0
0.034371859296582 0.0313793103448336 0
0.0343718592965885 0.032586206896557 0
0.034371859296595 0.0337931034482779 0
0.0372361809044544 0.00120689655172682 0
0.0372361809044612 0.00241379310345492 0
0.037236180904468 0.00362068965518226 0
0.0372361809044747 0.0048275862069101 0
0.0372361809044815 0.00603448275863669 0
0.0372361809044882 0.00724137931036369 0
0.037236180904495 0.0084482758620906 0
0.0372361809045018 0.00965517241381705 0
0.0372361809045085 0.0108620689655439 0
0.0372361809045153 0.012068965517271 0
0.037236180904522 0.0132758620689974 0
0.0372361809045288 0.0144827586207244 0
0.0372361809045356 0.0156896551724514 0
0.0372361809045423 0.0168965517241778 0
0.0372361809045491 0.0181034482759009 0
0.0372361809045559 0.0193103448276221 0
0.0372361809045626 0.0205172413793446 0
0.0372361809045694 0.0217241379310642 0
0.0372361809045761 0.0229310344827846 0
0.0372361809045829 0.024137931034507 0
0.0372361809045897 0.0253448275862268 0
0.0372361809045964 0.0265517241379481 0
0.0372361809046032 0.02775862068967 0
0.03723618090461 0.0289655172413905 0
0.0372361809046167 0.0301724137931105 0
0.0372361809046235 0.0313793103448336 0
0.0372361809046302 0.032586206896557 0
0.037236180904637 0.0337931034482779 0
0.0401005025124898 0.0012068965517268 0
0.0401005025124966 0.00241379310345486 0
0.0401005025125034 0.00362068965518218 0
0.0401005025125102 0.00482758620690998 0
0.040100502512517 0.00603448275863654 0
0.0401005025125238 0.0072413793103635 0
0.0401005025125306 0.00844827586209038 0
0.0401005025125373 0.00965517241381679 0
0.0401005025125441 0.0108620689655436 0
0.0401005025125509 0.0120689655172707 0
0.0401005025125577 0.0132758620689971 0
0.0401005025125645 0.014482758620724 0
0.0401005025125713 0.015689655172451 0
0.0401005025125781 0.0168965517241774 0
0.0401005025125849 0.0181034482759005 0
0.0401005025125917 0.0193103448276217 0
0.0401005025125985 0.0205172413793442 0
0.0401005025126053 0.0217241379310639 0
0.040100502512612 0.0229310344827842 0
0.0401005025126188 0.0241379310345067 0
0.0401005025126256 0.0253448275862265 0
0.0401005025126324 0.0265517241379479 0
0.0401005025126392 0.0277586206896698 0
0.040100502512646 0.0289655172413904 0
0.0401005025126528 0.0301724137931104 0
0.0401005025126596 0.0313793103448335 0
0.0401005025126663 0.0325862068965569 0
0.0401005025126732 0.0337931034482779 0
0.042964824120526 0.00120689655172677 0
0.0429648241205328 0.0024137931034548 0
0.0429648241205396 0.00362068965518209 0
0.0429648241205464 0.00482758620690987 0
0.0429648241205532 0.00603448275863639 0
0.04296482412056 0.00724137931036332 0
0.0429648241205668 0.00844827586209016 0
0.0429648241205736 0.00965517241381654 0
0.0429648241205803 0.0108620689655433 0
0.0429648241205871 0.0120689655172704 0
0.0429648241205939 0.0132758620689967 0
0.0429648241206007 0.0144827586207236 0
0.0429648241206075 0.0156896551724506 0
0.0429648241206143 0.0168965517241769 0
0.0429648241206211 0.0181034482759 0
0.0429648241206279 0.0193103448276213 0
0.0429648241206346 0.0205172413793438 0
0.0429648241206414 0.0217241379310635 0
0.0429648241206482 0.0229310344827839 0
0.042964824120655 0.0241379310345064 0
0.0429648241206618 0.0253448275862262 0
0.0429648241206686 0.0265517241379477 0
0.0429648241206754 0.0277586206896696 0
0.0429648241206822 0.0289655172413902 0
0.042964824120689 0.0301724137931103 0
0.0429648241206958 0.0313793103448334 0
0.0429648241207025 0.0325862068965568 0
0.0429648241207093 0.0337931034482778 0
0.0458291457285623 0.00120689655172674 0
0.045829145728569 0.00241379310345474 0
0.0458291457285758 0.00362068965518201 0
0.0458291457285826 0.00482758620690975 0
0.0458291457285894 0.00603448275863624 0
0.0458291457285962 0.00724137931036313 0
0.045829145728603 0.00844827586208994 0
0.0458291457286098 0.00965517241381629 0
0.0458291457286166 0.010862068965543 0
0.0458291457286234 0.0120689655172701 0
0.0458291457286301 0.0132758620689963 0
0.0458291457286369 0.0144827586207232 0
0.0458291457286437 0.0156896551724502 0
0.0458291457286505 0.0168965517241765 0
0.0458291457286573 0.0181034482758996 0
0.0458291457286641 0.0193103448276208 0
0.0458291457286708 0.0205172413793434 0
0.0458291457286776 0.0217241379310632 0
0.0458291457286844 0.0229310344827836 0
0.0458291457286912 0.0241379310345061 0
0.045829145728698 0.025344827586226 0
0.0458291457287048 0.0265517241379475 0
0.0458291457287116 0.0277586206896694 0
0.0458291457287184 0.0289655172413901 0
0.0458291457287252 0.0301724137931102 0
0.045829145728732 0.0313793103448333 0
0.0458291457287387 0.0325862068965568 0
0.0458291457287455 0.0337931034482778 0
0.0486934673365985 0.00120689655172672 0
0.0486934673366052 0.00241379310345468 0
0.048693467336612 0.00362068965518192 0
0.0486934673366188 0.00482758620690963 0
0.0486934673366256 0.00603448275863609 0
0.0486934673366324 0.00724137931036295 0
0.0486934673366392 0.00844827586208972 0
0.0486934673366459 0.00965517241381604 0
0.0486934673366527 0.0108620689655427 0
0.0486934673366595 0.0120689655172698 0
0.0486934673366663 0.013275862068996 0
0.0486934673366731 0.0144827586207228 0
0.0486934673366798 0.0156896551724497 0
0.0486934673366866 0.016896551724176 0
0.0486934673366934 0.0181034482758991 0
0.0486934673367002 0.0193103448276204 0
0.048693467336707 0.020517241379343 0
0.0486934673367138 0.0217241379310628 0
0.0486934673367205 0.0229310344827833 0
0.0486934673367273 0.0241379310345058 0
0.0486934673367341 0.0253448275862257 0
0.0486934673367409 0.0265517241379472 0
0.0486934673367477 0.0277586206896692 0
0.0486934673367544 0.0289655172413899 0
0.0486934673367612 0.03017241379311 0
0.048693467336768 0.0313793103448332 0
0.0486934673367748 0.0325862068965567 0
0.0486934673367816 0.0337931034482778 0
0.0515577889446339 0.00120689655172669 0
0.0515577889446407 0.00241379310345462 0
0.0515577889446475 0.00362068965518184 0
0.0515577889446544 0.00482758620690952 0
0.0515577889446612 0.00603448275863594 0
0.051557788944668 0.00724137931036276 0
0.0515577889446748 0.0084482758620895 0
0.0515577889446816 0.00965517241381579 0
0.0515577889446884 0.0108620689655424 0
0.0515577889446952 0.0120689655172694 0
0.051557788944702 0.0132758620689956 0
0.0515577889447088 0.0144827586207224 0
0.0515577889447156 0.0156896551724493 0
0.0515577889447224 0.0168965517241756 0
0.0515577889447292 0.0181034482758987 0
0.051557788944736 0.01931034482762 0
0.0515577889447429 0.0205172413793426 0
0.0515577889447496 0.0217241379310625 0
0.0515577889447565 0.022931034482783 0
0.0515577889447633 0.0241379310345055 0
0.0515577889447701 0.0253448275862255 0
0.0515577889447769 0.026551724137947 0
0.0515577889447837 0.027758620689669 0
0.0515577889447905 0.0289655172413898 0
0.0515577889447973 0.0301724137931099 0
0.0515577889448041 0.0313793103448331 0
0.0515577889448109 0.0325862068965566 0
0.0515577889448177 0.0337931034482778 0
0.0544221105526693 0.00120689655172666 0
0.0544221105526762 0.00241379310345456 0
0.054422110552683 0.00362068965518175 0
0.0544221105526898 0.0048275862069094 0
0.0544221105526967 0.00603448275863579 0
0.0544221105527035 0.00724137931036258 0
0.0544221105527103 0.00844827586208927 0
0.0544221105527172 0.00965517241381553 0
0.054422110552724 0.0108620689655421 0
0.0544221105527308 0.0120689655172691 0
0.0544221105527377 0.0132758620689953 0
0.0544221105527445 0.014482758620722 0
0.0544221105527513 0.0156896551724489 0
0.0544221105527582 0.0168965517241751 0
0.054422110552765 0.0181034482758982 0
0.0544221105527719 0.0193103448276196 0
0.0544221105527787 0.0205172413793422 0
0.0544221105527855 0.0217241379310621 0
0.0544221105527924 0.0229310344827827 0
0.0544221105527992 0.0241379310345052 0
0.054422110552806 0.0253448275862252 0
0.0544221105528129 0.0265517241379468 0
0.0544221105528197 0.0277586206896688 0
0.0544221105528265 0.0289655172413896 0
0.0544221105528334 0.0301724137931098 0
0.0544221105528402 0.031379310344833 0
0.0544221105528471 0.0325862068965566 0
0.0544221105528539 0.0337931034482777 0
0.0572864321607047 0.00120689655172664 0
0.0572864321607116 0.0024137931034545 0
0.0572864321607184 0.00362068965518166 0
0.0572864321607253 0.00482758620690928 0
0.0572864321607321 0.00603448275863564 0
0.057286432160739 0.00724137931036239 0
0.0572864321607459 0.00844827586208905 0
0.0572864321607527 0.00965517241381528 0
0.0572864321607596 0.0108620689655419 0
0.0572864321607665 0.0120689655172688 0
0.0572864321607734 0.0132758620689949 0
0.0572864321607802 0.0144827586207216 0
0.0572864321607871 0.0156896551724485 0
0.0572864321607939 0.0168965517241747 0
0.0572864321608008 0.0181034482758978 0
0.0572864321608077 0.0193103448276192 0
0.0572864321608145 0.0205172413793418 0
0.0572864321608214 0.0217241379310617 0
0.0572864321608282 0.0229310344827823 0
0.0572864321608351 0.0241379310345049 0
0.057286432160842 0.025344827586225 0
0.0572864321608489 0.0265517241379466 0
0.0572864321608557 0.0277586206896686 0
0.0572864321608626 0.0289655172413895 0
0.0572864321608694 0.0301724137931097 0
0.0572864321608763 0.0313793103448329 0
0.0572864321608832 0.0325862068965565 0
0.05728643216089 0.0337931034482777 0
0.0601507537687411 0.00120689655172661 0
0.0601507537687484 0.00241379310345444 0
0.0601507537687556 0.00362068965518158 0
0.0601507537687629 0.00482758620690916 0
0.0601507537687701 0.00603448275863549 0
0.0601507537687774 0.00724137931036221 0
0.0601507537687846 0.00844827586208883 0
0.0601507537687919 0.00965517241381503 0
0.0601507537687991 0.0108620689655416 0
0.0601507537688064 0.0120689655172685 0
0.0601507537688136 0.0132758620689946 0
0.0601507537688209 0.0144827586207213 0
0.0601507537688281 0.015689655172448 0
0.0601507537688354 0.0168965517241742 0
0.0601507537688426 0.0181034482758973 0
0.0601507537688499 0.0193103448276187 0
0.0601507537688572 0.0205172413793414 0
0.0601507537688644 0.0217241379310614 0
0.0601507537688717 0.022931034482782 0
0.0601507537688789 0.0241379310345047 0
0.0601507537688861 0.0253448275862247 0
0.0601507537688934 0.0265517241379464 0
0.0601507537689007 0.0277586206896684 0
0.0601507537689079 0.0289655172413893 0
0.0601507537689152 0.0301724137931096 0
0.0601507537689224 0.0313793103448328 0
0.0601507537689297 0.0325862068965564 0
0.0601507537689369 0.0337931034482777 0
0.0630150753767778 0.00120689655172658 0
0.0630150753767856 0.00241379310345437 0
0.0630150753767933 0.00362068965518149 0
0.063015075376801 0.00482758620690905 0
0.0630150753768088 0.00603448275863534 0
0.0630150753768165 0.00724137931036203 0
0.0630150753768242 0.00844827586208861 0
0.0630150753768319 0.00965517241381478 0
0.0630150753768396 0.0108620689655413 0
0.0630150753768474 0.0120689655172681 0
0.0630150753768551 0.0132758620689942 0
0.0630150753768629 0.0144827586207209 0
0.0630150753768706 0.0156896551724476 0
0.0630150753768783 0.0168965517241737 0
0.063015075376886 0.0181034482758969 0
0.0630150753768937 0.0193103448276183 0
0.0630150753769015 0.020517241379341 0
0.0630150753769092 0.021724137931061 0
0.0630150753769169 0.0229310344827817 0
0.0630150753769247 0.0241379310345044 0
0.0630150753769324 0.0253448275862245 0
0.0630150753769401 0.0265517241379461 0
0.0630150753769479 0.0277586206896683 0
0.0630150753769556 0.0289655172413891 0
0.0630150753769633 0.0301724137931095 0
0.063015075376971 0.0313793103448327 0
0.0630150753769788 0.0325862068965563 0
0.0630150753769865 0.0337931034482776 0
0.0658793969848145 0.00120689655172656 0
0.0658793969848227 0.00241379310345432 0
0.0658793969848309 0.00362068965518141 0
0.0658793969848391 0.00482758620690893 0
0.0658793969848473 0.00603448275863519 0
0.0658793969848556 0.00724137931036184 0
0.0658793969848638 0.00844827586208839 0
0.065879396984872 0.00965517241381453 0
0.0658793969848802 0.010862068965541 0
0.0658793969848884 0.0120689655172678 0
0.0658793969848966 0.0132758620689939 0
0.0658793969849048 0.0144827586207205 0
0.065879396984913 0.0156896551724472 0
0.0658793969849212 0.0168965517241733 0
0.0658793969849295 0.0181034482758964 0
0.0658793969849377 0.0193103448276179 0
0.0658793969849459 0.0205172413793407 0
0.0658793969849541 0.0217241379310607 0
0.0658793969849623 0.0229310344827814 0
0.0658793969849705 0.0241379310345041 0
0.0658793969849787 0.0253448275862242 0
0.0658793969849869 0.0265517241379459 0
0.0658793969849951 0.0277586206896681 0
0.0658793969850034 0.028965517241389 0
0.0658793969850116 0.0301724137931094 0
0.0658793969850198 0.0313793103448326 0
0.065879396985028 0.0325862068965563 0
0.0658793969850362 0.0337931034482776 0
0.0687437185928499 0.00120689655172653 0
0.0687437185928585 0.00241379310345426 0
0.068743718592867 0.00362068965518132 0
0.0687437185928756 0.00482758620690881 0
0.0687437185928842 0.00603448275863504 0
0.0687437185928927 0.00724137931036165 0
0.0687437185929013 0.00844827586208817 0
0.0687437185929098 0.00965517241381428 0
0.0687437185929184 0.0108620689655407 0
0.068743718592927 0.0120689655172675 0
0.0687437185929355 0.0132758620689935 0
0.0687437185929441 0.0144827586207201 0
0.0687437185929527 0.0156896551724468 0
0.0687437185929612 0.0168965517241728 0
0.0687437185929698 0.0181034482758959 0
0.0687437185929784 0.0193103448276175 0
0.0687437185929869 0.0205172413793402 0
0.0687437185929955 0.0217241379310603 0
0.0687437185930041 0.0229310344827811 0
0.0687437185930126 0.0241379310345038 0
0.0687437185930212 0.025344827586224 0
0.0687437185930297 0.0265517241379457 0
0.0687437185930383 0.0277586206896679 0
0.0687437185930469 0.0289655172413888 0
0.0687437185930554 0.0301724137931092 0
0.068743718593064 0.0313793103448326 0
0.0687437185930726 0.0325862068965562 0
0.0687437185930811 0.0337931034482776 0
0.0716080402008845 0.0012068965517265 0
0.0716080402008934 0.00241379310345419 0
0.0716080402009023 0.00362068965518124 0
0.0716080402009112 0.0048275862069087 0
0.0716080402009201 0.00603448275863489 0
0.071608040200929 0.00724137931036147 0
0.0716080402009379 0.00844827586208795 0
0.0716080402009468 0.00965517241381403 0
0.0716080402009557 0.0108620689655404 0
0.0716080402009646 0.0120689655172672 0
0.0716080402009735 0.0132758620689932 0
0.0716080402009825 0.0144827586207197 0
0.0716080402009913 0.0156896551724463 0
0.0716080402010003 0.0168965517241724 0
0.0716080402010092 0.0181034482758955 0
0.071608040201018 0.019310344827617 0
0.071608040201027 0.0205172413793399 0
0.0716080402010359 0.02172413793106 0
0.0716080402010448 0.0229310344827807 0
0.0716080402010537 0.0241379310345035 0
0.0716080402010626 0.0253448275862237 0
0.0716080402010715 0.0265517241379455 0
0.0716080402010804 0.0277586206896677 0
0.0716080402010893 0.0289655172413887 0
0.0716080402010982 0.0301724137931091 0
0.0716080402011071 0.0313793103448325 0
0.071608040201116 0.0325862068965562 0
0.0716080402011249 0.0337931034482776 0
0.0744723618089179 0.00120689655172648 0
0.0744723618089273 0.00241379310345413 0
0.0744723618089368 0.00362068965518115 0
0.0744723618089463 0.00482758620690858 0
0.0744723618089558 0.00603448275863474 0
0.0744723618089654 0.00724137931036129 0
0.0744723618089748 0.00844827586208773 0
0.0744723618089844 0.00965517241381377 0
0.0744723618089939 0.0108620689655401 0
0.0744723618090034 0.0120689655172669 0
0.0744723618090129 0.0132758620689928 0
0.0744723618090224 0.0144827586207193 0
0.0744723618090319 0.0156896551724459 0
0.0744723618090414 0.0168965517241719 0
0.0744723618090509 0.018103448275895 0
0.0744723618090604 0.0193103448276166 0
0.0744723618090699 0.0205172413793395 0
0.0744723618090794 0.0217241379310596 0
0.0744723618090889 0.0229310344827804 0
0.0744723618090984 0.0241379310345032 0
0.0744723618091079 0.0253448275862235 0
0.0744723618091174 0.0265517241379453 0
0.0744723618091269 0.0277586206896675 0
0.0744723618091364 0.0289655172413885 0
0.0744723618091459 0.030172413793109 0
0.0744723618091554 0.0313793103448324 0
0.0744723618091649 0.0325862068965561 0
0.0744723618091744 0.0337931034482775 0
0.0773366834169512 0.00120689655172645 0
0.0773366834169613 0.00241379310345407 0
0.0773366834169714 0.00362068965518107 0
0.0773366834169815 0.00482758620690846 0
0.0773366834169916 0.00603448275863459 0
0.0773366834170017 0.0072413793103611 0
0.0773366834170118 0.00844827586208751 0
0.0773366834170219 0.00965517241381352 0
0.077336683417032 0.0108620689655399 0
0.0773366834170421 0.0120689655172665 0
0.0773366834170522 0.0132758620689925 0
0.0773366834170623 0.0144827586207189 0
0.0773366834170724 0.0156896551724455 0
0.0773366834170825 0.0168965517241715 0
0.0773366834170926 0.0181034482758946 0
0.0773366834171027 0.0193103448276162 0
0.0773366834171128 0.0205172413793391 0
0.0773366834171229 0.0217241379310593 0
0.077336683417133 0.0229310344827801 0
0.0773366834171431 0.0241379310345029 0
0.0773366834171532 0.0253448275862232 0
0.0773366834171633 0.026551724137945 0
0.0773366834171734 0.0277586206896673 0
0.0773366834171835 0.0289655172413884 0
0.0773366834171936 0.0301724137931089 0
0.0773366834172037 0.0313793103448323 0
0.0773366834172139 0.032586206896556 0
0.0773366834172239 0.0337931034482775 0
0.0802010050249845 0.00120689655172642 0
0.0802010050249952 0.00241379310345401 0
0.0802010050250059 0.00362068965518098 0
0.0802010050250166 0.00482758620690835 0
0.0802010050250273 0.00603448275863444 0
0.080201005025038 0.00724137931036091 0
0.0802010050250487 0.00844827586208728 0
0.0802010050250594 0.00965517241381327 0
0.0802010050250701 0.0108620689655396 0
0.0802010050250808 0.0120689655172662 0
0.0802010050250915 0.0132758620689921 0
0.0802010050251022 0.0144827586207185 0
0.0802010050251129 0.0156896551724451 0
0.0802010050251236 0.016896551724171 0
0.0802010050251343 0.0181034482758941 0
0.080201005025145 0.0193103448276158 0
0.0802010050251557 0.0205172413793387 0
0.0802010050251664 0.0217241379310589 0
0.0802010050251771 0.0229310344827798 0
0.0802010050251878 0.0241379310345026 0
0.0802010050251985 0.025344827586223 0
0.0802010050252092 0.0265517241379448 0
0.0802010050252199 0.0277586206896671 0
0.0802010050252306 0.0289655172413882 0
0.0802010050252413 0.0301724137931088 0
0.080201005025252 0.0313793103448322 0
0.0802010050252627 0.0325862068965559 0
0.0802010050252734 0.0337931034482775 0
0.0830653266330178 0.0012068965517264 0
0.0830653266330291 0.00241379310345395 0
0.0830653266330404 0.0036206896551809 0
0.0830653266330517 0.00482758620690823 0
0.083065326633063 0.00603448275863429 0
0.0830653266330743 0.00724137931036073 0
0.0830653266330856 0.00844827586208706 0
0.0830653266330969 0.00965517241381302 0
0.0830653266331082 0.0108620689655393 0
0.0830653266331195 0.0120689655172659 0
0.0830653266331308 0.0132758620689917 0
0.0830653266331421 0.0144827586207181 0
0.0830653266331534 0.0156896551724446 0
0.0830653266331647 0.0168965517241706 0
0.083065326633176 0.0181034482758937 0
0.0830653266331873 0.0193103448276154 0
0.0830653266331986 0.0205172413793383 0
0.0830653266332099 0.0217241379310586 0
0.0830653266332212 0.0229310344827795 0
0.0830653266332325 0.0241379310345023 0
0.0830653266332438 0.0253448275862227 0
0.0830653266332551 0.0265517241379446 0
0.0830653266332664 0.0277586206896669 0
0.0830653266332777 0.0289655172413881 0
0.083065326633289 0.0301724137931086 0
0.0830653266333003 0.0313793103448321 0
0.0830653266333116 0.0325862068965559 0
0.0830653266333229 0.0337931034482775 0
0.0859296482410511 0.00120689655172637 0
0.0859296482410628 0.00241379310345389 0
0.0859296482410746 0.00362068965518081 0
0.0859296482410864 0.00482758620690811 0
0.0859296482410982 0.00603448275863414 0
0.08592964824111 0.00724137931036054 0
0.0859296482411218 0.00844827586208684 0
0.0859296482411336 0.00965517241381277 0
0.0859296482411454 0.010862068965539 0
0.0859296482411571 0.0120689655172656 0
0.0859296482411689 0.0132758620689914 0
0.0859296482411807 0.0144827586207177 0
0.0859296482411925 0.0156896551724442 0
0.0859296482412043 0.0168965517241701 0
0.0859296482412161 0.0181034482758932 0
0.0859296482412279 0.0193103448276149 0
0.0859296482412396 0.0205172413793379 0
0.0859296482412514 0.0217241379310582 0
0.0859296482412632 0.0229310344827791 0
0.085929648241275 0.024137931034502 0
0.0859296482412868 0.0253448275862225 0
0.0859296482412986 0.0265517241379444 0
0.0859296482413104 0.0277586206896667 0
0.0859296482413222 0.0289655172413879 0
0.085929648241334 0.0301724137931085 0
0.0859296482413457 0.031379310344832 0
0.0859296482413575 0.0325862068965558 0
0.0859296482413693 0.0337931034482774 0
0.0887939698490842 0.00120689655172634 0
0.0887939698490963 0.00241379310345383 0
0.0887939698491084 0.00362068965518072 0
0.0887939698491206 0.004827586206908 0
0.0887939698491327 0.00603448275863399 0
0.0887939698491449 0.00724137931036036 0
0.088793969849157 0.00844827586208662 0
0.0887939698491692 0.00965517241381252 0
0.0887939698491813 0.0108620689655387 0
0.0887939698491935 0.0120689655172652 0
0.0887939698492056 0.013275862068991 0
0.0887939698492178 0.0144827586207173 0
0.0887939698492299 0.0156896551724438 0
0.088793969849242 0.0168965517241697 0
0.0887939698492542 0.0181034482758928 0
0.0887939698492664 0.0193103448276145 0
0.0887939698492785 0.0205172413793375 0
0.0887939698492906 0.0217241379310578 0
0.0887939698493028 0.0229310344827788 0
0.0887939698493149 0.0241379310345017 0
0.0887939698493271 0.0253448275862222 0
0.0887939698493393 0.0265517241379441 0
0.0887939698493514 0.0277586206896665 0
0.0887939698493635 0.0289655172413877 0
0.0887939698493757 0.0301724137931084 0
0.0887939698493878 0.0313793103448319 0
0.0887939698494 0.0325862068965557 0
0.0887939698494121 0.0337931034482774 0
0.0916582914571155 0.00120689655172632 0
0.0916582914571278 0.00241379310345377 0
0.0916582914571402 0.00362068965518064 0
0.0916582914571525 0.00482758620690788 0
0.0916582914571649 0.00603448275863384 0
0.0916582914571772 0.00724137931036018 0
0.0916582914571896 0.0084482758620864 0
0.0916582914572019 0.00965517241381227 0
0.0916582914572142 0.0108620689655384 0
0.0916582914572266 0.0120689655172649 0
0.0916582914572389 0.0132758620689907 0
0.0916582914572513 0.014482758620717 0
0.0916582914572636 0.0156896551724434 0
0.091658291457276 0.0168965517241692 0
0.0916582914572883 0.0181034482758923 0
0.0916582914573007 0.0193103448276141 0
0.091658291457313 0.0205172413793371 0
0.0916582914573253 0.0217241379310575 0
0.0916582914573377 0.0229310344827785 0
0.09165829145735 0.0241379310345015 0
0.0916582914573624 0.025344827586222 0
0.0916582914573747 0.0265517241379439 0
0.0916582914573871 0.0277586206896663 0
0.0916582914573994 0.0289655172413876 0
0.0916582914574118 0.0301724137931083 0
0.0916582914574241 0.0313793103448318 0
0.0916582914574365 0.0325862068965557 0
0.0916582914574488 0.0337931034482774 0
0.0945226130651467 0.00120689655172629 0
0.0945226130651592 0.00241379310345371 0
0.0945226130651717 0.00362068965518055 0
0.0945226130651842 0.00482758620690776 0
0.0945226130651967 0.00603448275863369 0
0.0945226130652093 0.00724137931035999 0
0.0945226130652218 0.00844827586208618 0
0.0945226130652343 0.00965517241381202 0
0.0945226130652468 0.0108620689655381 0
0.0945226130652594 0.0120689655172646 0
0.0945226130652719 0.0132758620689903 0
0.0945226130652844 0.0144827586207166 0
0.0945226130652969 0.015689655172443 0
0.0945226130653094 0.0168965517241688 0
0.0945226130653219 0.0181034482758919 0
0.0945226130653345 0.0193103448276137 0
0.094522613065347 0.0205172413793367 0
0.0945226130653595 0.0217241379310571 0
0.094522613065372 0.0229310344827782 0
0.0945226130653846 0.0241379310345012 0
0.0945226130653971 0.0253448275862217 0
0.0945226130654096 0.0265517241379437 0
0.0945226130654221 0.0277586206896661 0
0.0945226130654347 0.0289655172413874 0
0.0945226130654472 0.0301724137931082 0
0.0945226130654597 0.0313793103448317 0
0.0945226130654722 0.0325862068965556 0
0.0945226130654847 0.0337931034482773 0
0.0973869346731778 0.00120689655172626 0
0.0973869346731905 0.00241379310345365 0
0.0973869346732032 0.00362068965518047 0
0.0973869346732159 0.00482758620690764 0
0.0973869346732286 0.00603448275863354 0
0.0973869346732413 0.00724137931035981 0
0.097386934673254 0.00844827586208596 0
0.0973869346732667 0.00965517241381176 0
0.0973869346732795 0.0108620689655378 0
0.0973869346732921 0.0120689655172643 0
0.0973869346733048 0.01327586206899 0
0.0973869346733175 0.0144827586207162 0
0.0973869346733302 0.0156896551724425 0
0.0973869346733429 0.0168965517241683 0
0.0973869346733556 0.0181034482758914 0
0.0973869346733683 0.0193103448276132 0
0.097386934673381 0.0205172413793363 0
0.0973869346733937 0.0217241379310568 0
0.0973869346734065 0.0229310344827779 0
0.0973869346734191 0.0241379310345009 0
0.0973869346734318 0.0253448275862215 0
0.0973869346734445 0.0265517241379435 0
0.0973869346734572 0.027758620689666 0
0.0973869346734699 0.0289655172413873 0
0.0973869346734827 0.030172413793108 0
0.0973869346734953 0.0313793103448317 0
0.097386934673508 0.0325862068965555 0
0.0973869346735207 0.0337931034482773 0
0.10025125628121 0.00120689655172624 0
0.100251256281223 0.00241379310345359 0
0.100251256281236 0.00362068965518038 0
0.100251256281249 0.00482758620690753 0
0.100251256281262 0.00603448275863339 0
0.100251256281275 0.00724137931035962 0
0.100251256281287 0.00844827586208574 0
0.1002512562813 0.00965517241381151 0
0.100251256281313 0.0108620689655376 0
0.100251256281326 0.0120689655172639 0
0.100251256281339 0.0132758620689896 0
0.100251256281351 0.0144827586207158 0
0.100251256281364 0.0156896551724421 0
0.100251256281377 0.0168965517241679 0
0.10025125628139 0.018103448275891 0
0.100251256281403 0.0193103448276128 0
0.100251256281416 0.0205172413793359 0
0.100251256281429 0.0217241379310564 0
0.100251256281441 0.0229310344827776 0
0.100251256281454 0.0241379310345006 0
0.100251256281467 0.0253448275862212 0
0.10025125628148 0.0265517241379432 0
0.100251256281493 0.0277586206896657 0
0.100251256281505 0.0289655172413871 0
0.100251256281518 0.0301724137931079 0
0.100251256281531 0.0313793103448316 0
0.100251256281544 0.0325862068965555 0
0.100251256281557 0.0337931034482773 0
0.103115577889243 0.00120689655172621 0
0.103115577889256 0.00241379310345353 0
0.103115577889269 0.00362068965518029 0
0.103115577889282 0.00482758620690741 0
0.103115577889295 0.00603448275863324 0
0.103115577889308 0.00724137931035944 0
0.103115577889321 0.00844827586208551 0
0.103115577889334 0.00965517241381126 0
0.103115577889347 0.0108620689655373 0
0.10311557788936 0.0120689655172636 0
0.103115577889373 0.0132758620689893 0
0.103115577889386 0.0144827586207154 0
0.103115577889399 0.0156896551724417 0
0.103115577889412 0.0168965517241674 0
0.103115577889425 0.0181034482758905 0
0.103115577889438 0.0193103448276124 0
0.103115577889451 0.0205172413793355 0
0.103115577889464 0.0217241379310561 0
0.103115577889477 0.0229310344827772 0
0.10311557788949 0.0241379310345003 0
0.103115577889503 0.025344827586221 0
0.103115577889516 0.026551724137943 0
0.103115577889529 0.0277586206896656 0
0.103115577889542 0.028965517241387 0
0.103115577889555 0.0301724137931078 0
0.103115577889568 0.0313793103448315 0
0.103115577889582 0.0325862068965554 0
0.103115577889594 0.0337931034482773 0
0.105979899497276 0.00120689655172618 0
0.10597989949729 0.00241379310345347 0
0.105979899497303 0.00362068965518021 0
0.105979899497316 0.00482758620690729 0
0.10597989949733 0.00603448275863309 0
0.105979899497343 0.00724137931035925 0
0.105979899497357 0.0084482758620853 0
0.10597989949737 0.009655172413811 0
0.105979899497383 0.010862068965537 0
0.105979899497397 0.0120689655172633 0
0.10597989949741 0.0132758620689889 0
0.105979899497423 0.014482758620715 0
0.105979899497437 0.0156896551724413 0
0.10597989949745 0.016896551724167 0
0.105979899497464 0.0181034482758901 0
0.105979899497477 0.019310344827612 0
0.10597989949749 0.0205172413793351 0
0.105979899497504 0.0217241379310557 0
0.105979899497517 0.0229310344827769 0
0.10597989949753 0.0241379310345 0
0.105979899497544 0.0253448275862207 0
0.105979899497557 0.0265517241379428 0
0.10597989949757 0.0277586206896654 0
0.105979899497584 0.0289655172413868 0
0.105979899497597 0.0301724137931077 0
0.10597989949761 0.0313793103448314 0
0.105979899497624 0.0325862068965553 0
0.105979899497637 0.0337931034482772 0
0.10884422110531 0.00120689655172616 0
0.108844221105324 0.00241379310345341 0
0.108844221105337 0.00362068965518012 0
0.108844221105351 0.00482758620690718 0
0.108844221105365 0.00603448275863294 0
0.108844221105379 0.00724137931035907 0
0.108844221105393 0.00844827586208508 0
0.108844221105407 0.00965517241381075 0
0.108844221105421 0.0108620689655367 0
0.108844221105435 0.012068965517263 0
0.108844221105449 0.0132758620689886 0
0.108844221105462 0.0144827586207146 0
0.108844221105476 0.0156896551724409 0
0.10884422110549 0.0168965517241665 0
0.108844221105504 0.0181034482758896 0
0.108844221105518 0.0193103448276115 0
0.108844221105532 0.0205172413793347 0
0.108844221105546 0.0217241379310554 0
0.10884422110556 0.0229310344827766 0
0.108844221105573 0.0241379310344997 0
0.108844221105587 0.0253448275862205 0
0.108844221105601 0.0265517241379426 0
0.108844221105615 0.0277586206896652 0
0.108844221105629 0.0289655172413867 0
0.108844221105643 0.0301724137931076 0
0.108844221105657 0.0313793103448313 0
0.108844221105671 0.0325862068965553 0
0.108844221105685 0.0337931034482772 0
0.111708542713343 0.00120689655172613 0
0.111708542713357 0.00241379310345335 0
0.111708542713372 0.00362068965518004 0
0.111708542713386 0.00482758620690706 0
0.111708542713401 0.00603448275863279 0
0.111708542713415 0.00724137931035888 0
0.11170854271343 0.00844827586208485 0
0.111708542713444 0.0096551724138105 0
0.111708542713459 0.0108620689655364 0
0.111708542713473 0.0120689655172627 0
0.111708542713488 0.0132758620689882 0
0.111708542713502 0.0144827586207142 0
0.111708542713517 0.0156896551724404 0
0.111708542713531 0.0168965517241661 0
0.111708542713546 0.0181034482758892 0
0.11170854271356 0.0193103448276111 0
0.111708542713575 0.0205172413793343 0
0.111708542713589 0.021724137931055 0
0.111708542713604 0.0229310344827763 0
0.111708542713618 0.0241379310344994 0
0.111708542713633 0.0253448275862202 0
0.111708542713647 0.0265517241379424 0
0.111708542713662 0.027758620689665 0
0.111708542713676 0.0289655172413865 0
0.111708542713691 0.0301724137931074 0
0.111708542713705 0.0313793103448312 0
0.11170854271372 0.0325862068965552 0
0.111708542713734 0.0337931034482772 0
0.114572864321376 0.0012068965517261 0
0.114572864321391 0.00241379310345329 0
0.114572864321406 0.00362068965517995 0
0.114572864321421 0.00482758620690694 0
0.114572864321437 0.00603448275863264 0
0.114572864321452 0.0072413793103587 0
0.114572864321467 0.00844827586208463 0
0.114572864321482 0.00965517241381025 0
0.114572864321497 0.0108620689655361 0
0.114572864321512 0.0120689655172623 0
0.114572864321527 0.0132758620689879 0
0.114572864321542 0.0144827586207139 0
0.114572864321557 0.01568965517244 0
0.114572864321572 0.0168965517241656 0
0.114572864321588 0.0181034482758887 0
0.114572864321603 0.0193103448276107 0
0.114572864321618 0.0205172413793339 0
0.114572864321633 0.0217241379310547 0
0.114572864321648 0.022931034482776 0
0.114572864321663 0.0241379310344991 0
0.114572864321678 0.02534482758622 0
0.114572864321693 0.0265517241379421 0
0.114572864321708 0.0277586206896648 0
0.114572864321723 0.0289655172413863 0
0.114572864321738 0.0301724137931073 0
0.114572864321753 0.0313793103448311 0
0.114572864321769 0.0325862068965551 0
0.114572864321784 0.0337931034482772 0
0.117437185929409 0.00120689655172608 0
0.117437185929424 0.00241379310345323 0
0.11743718592944 0.00362068965517987 0
0.117437185929456 0.00482758620690683 0
0.117437185929471 0.00603448275863249 0
0.117437185929487 0.00724137931035851 0
0.117437185929503 0.00844827586208441 0
0.117437185929519 0.00965517241381 0
0.117437185929534 0.0108620689655358 0
0.11743718592955 0.012068965517262 0
0.117437185929566 0.0132758620689875 0
0.117437185929582 0.0144827586207135 0
0.117437185929597 0.0156896551724396 0
0.117437185929613 0.0168965517241652 0
0.117437185929629 0.0181034482758883 0
0.117437185929644 0.0193103448276103 0
0.11743718592966 0.0205172413793335 0
0.117437185929676 0.0217241379310543 0
0.117437185929692 0.0229310344827756 0
0.117437185929707 0.0241379310344988 0
0.117437185929723 0.0253448275862197 0
0.117437185929739 0.0265517241379419 0
0.117437185929755 0.0277586206896646 0
0.11743718592977 0.0289655172413862 0
0.117437185929786 0.0301724137931072 0
0.117437185929802 0.031379310344831 0
0.117437185929818 0.0325862068965551 0
0.117437185929833 0.0337931034482771 0
0.12030150753744 0.00120689655172605 0
0.120301507537457 0.00241379310345316 0
0.120301507537473 0.00362068965517978 0
0.120301507537489 0.00482758620690671 0
0.120301507537506 0.00603448275863235 0
0.120301507537522 0.00724137931035833 0
0.120301507537539 0.00844827586208419 0
0.120301507537555 0.00965517241380975 0
0.120301507537571 0.0108620689655355 0
0.120301507537588 0.0120689655172617 0
0.120301507537604 0.0132758620689872 0
0.120301507537621 0.0144827586207131 0
0.120301507537637 0.0156896551724392 0
0.120301507537653 0.0168965517241647 0
0.12030150753767 0.0181034482758878 0
0.120301507537686 0.0193103448276099 0
0.120301507537702 0.0205172413793331 0
0.120301507537719 0.021724137931054 0
0.120301507537735 0.0229310344827753 0
0.120301507537752 0.0241379310344985 0
0.120301507537768 0.0253448275862195 0
0.120301507537784 0.0265517241379417 0
0.120301507537801 0.0277586206896644 0
0.120301507537817 0.028965517241386 0
0.120301507537834 0.0301724137931071 0
0.12030150753785 0.0313793103448309 0
0.120301507537866 0.032586206896555 0
0.120301507537883 0.0337931034482771 0
0.123165829145472 0.00120689655172602 0
0.123165829145489 0.00241379310345311 0
0.123165829145506 0.0036206896551797 0
0.123165829145523 0.00482758620690659 0
0.12316582914554 0.00603448275863219 0
0.123165829145557 0.00724137931035814 0
0.123165829145574 0.00844827586208397 0
0.123165829145591 0.0096551724138095 0
0.123165829145608 0.0108620689655353 0
0.123165829145625 0.0120689655172614 0
0.123165829145642 0.0132758620689868 0
0.123165829145659 0.0144827586207127 0
0.123165829145676 0.0156896551724387 0
0.123165829145694 0.0168965517241643 0
0.123165829145711 0.0181034482758874 0
0.123165829145728 0.0193103448276094 0
0.123165829145745 0.0205172413793327 0
0.123165829145762 0.0217241379310536 0
0.123165829145779 0.022931034482775 0
0.123165829145796 0.0241379310344982 0
0.123165829145813 0.0253448275862192 0
0.12316582914583 0.0265517241379415 0
0.123165829145847 0.0277586206896642 0
0.123165829145864 0.0289655172413859 0
0.123165829145881 0.030172413793107 0
0.123165829145898 0.0313793103448308 0
0.123165829145915 0.0325862068965549 0
0.123165829145932 0.0337931034482771 0
0.126030150753504 0.001206896551726 0
0.126030150753521 0.00241379310345304 0
0.126030150753539 0.00362068965517961 0
0.126030150753557 0.00482758620690647 0
0.126030150753574 0.00603448275863204 0
0.126030150753592 0.00724137931035796 0
0.12603015075361 0.00844827586208375 0
0.126030150753628 0.00965517241380925 0
0.126030150753645 0.010862068965535 0
0.126030150753663 0.012068965517261 0
0.126030150753681 0.0132758620689864 0
0.126030150753698 0.0144827586207123 0
0.126030150753716 0.0156896551724383 0
0.126030150753734 0.0168965517241638 0
0.126030150753751 0.0181034482758869 0
0.126030150753769 0.019310344827609 0
0.126030150753787 0.0205172413793323 0
0.126030150753804 0.0217241379310532 0
0.126030150753822 0.0229310344827747 0
0.12603015075384 0.024137931034498 0
0.126030150753858 0.025344827586219 0
0.126030150753875 0.0265517241379413 0
0.126030150753893 0.027758620689664 0
0.126030150753911 0.0289655172413857 0
0.126030150753929 0.0301724137931069 0
0.126030150753946 0.0313793103448307 0
0.126030150753964 0.0325862068965549 0
0.126030150753982 0.0337931034482771 0
0.128894472361535 0.00120689655172597 0
0.128894472361554 0.00241379310345298 0
0.128894472361572 0.00362068965517953 0
0.12889447236159 0.00482758620690636 0
0.128894472361609 0.0060344827586319 0
0.128894472361627 0.00724137931035777 0
0.128894472361645 0.00844827586208353 0
0.128894472361664 0.00965517241380899 0
0.128894472361682 0.0108620689655347 0
0.128894472361701 0.0120689655172607 0
0.128894472361719 0.0132758620689861 0
0.128894472361737 0.0144827586207119 0
0.128894472361756 0.0156896551724379 0
0.128894472361774 0.0168965517241634 0
0.128894472361792 0.0181034482758865 0
0.128894472361811 0.0193103448276086 0
0.128894472361829 0.0205172413793319 0
0.128894472361847 0.0217241379310529 0
0.128894472361866 0.0229310344827744 0
0.128894472361884 0.0241379310344977 0
0.128894472361902 0.0253448275862187 0
0.128894472361921 0.026551724137941 0
0.128894472361939 0.0277586206896638 0
0.128894472361958 0.0289655172413856 0
0.128894472361976 0.0301724137931067 0
0.128894472361994 0.0313793103448307 0
0.128894472362013 0.0325862068965548 0
0.128894472362031 0.033793103448277 0
0.131758793969568 0.00120689655172594 0
0.131758793969587 0.00241379310345292 0
0.131758793969606 0.00362068965517944 0
0.131758793969625 0.00482758620690624 0
0.131758793969644 0.00603448275863174 0
0.131758793969663 0.00724137931035759 0
0.131758793969682 0.00844827586208331 0
0.131758793969701 0.00965517241380874 0
0.13175879396972 0.0108620689655344 0
0.131758793969739 0.0120689655172604 0
0.131758793969758 0.0132758620689858 0
0.131758793969777 0.0144827586207115 0
0.131758793969796 0.0156896551724375 0
0.131758793969815 0.0168965517241629 0
0.131758793969834 0.018103448275886 0
0.131758793969853 0.0193103448276082 0
0.131758793969872 0.0205172413793315 0
0.131758793969891 0.0217241379310525 0
0.13175879396991 0.022931034482774 0
0.131758793969929 0.0241379310344974 0
0.131758793969948 0.0253448275862184 0
0.131758793969967 0.0265517241379408 0
0.131758793969986 0.0277586206896636 0
0.131758793970005 0.0289655172413854 0
0.131758793970024 0.0301724137931066 0
0.131758793970043 0.0313793103448306 0
0.131758793970062 0.0325862068965547 0
0.131758793970081 0.033793103448277 0
0.134623115577603 0.00120689655172592 0
0.134623115577622 0.00241379310345286 0
0.134623115577642 0.00362068965517935 0
0.134623115577662 0.00482758620690612 0
0.134623115577681 0.00603448275863159 0
0.134623115577701 0.0072413793103574 0
0.13462311557772 0.00844827586208309 0
0.13462311557774 0.00965517241380849 0
0.134623115577759 0.0108620689655341 0
0.134623115577779 0.0120689655172601 0
0.134623115577798 0.0132758620689854 0
0.134623115577818 0.0144827586207111 0
0.134623115577837 0.0156896551724371 0
0.134623115577857 0.0168965517241625 0
0.134623115577876 0.0181034482758856 0
0.134623115577896 0.0193103448276077 0
0.134623115577915 0.0205172413793311 0
0.134623115577935 0.0217241379310522 0
0.134623115577954 0.0229310344827737 0
0.134623115577974 0.0241379310344971 0
0.134623115577994 0.0253448275862182 0
0.134623115578013 0.0265517241379406 0
0.134623115578032 0.0277586206896634 0
0.134623115578052 0.0289655172413853 0
0.134623115578071 0.0301724137931065 0
0.134623115578091 0.0313793103448305 0
0.134623115578111 0.0325862068965547 0
0.13462311557813 0.033793103448277 0
0.13748743718564 0.00120689655172589 0
0.13748743718566 0.0024137931034528 0
0.13748743718568 0.00362068965517927 0
0.1374874371857 0.00482758620690601 0
0.13748743718572 0.00603448275863144 0
0.13748743718574 0.00724137931035722 0
0.13748743718576 0.00844827586208286 0
0.13748743718578 0.00965517241380824 0
0.1374874371858 0.0108620689655338 0
0.13748743718582 0.0120689655172598 0
0.13748743718584 0.013275862068985 0
0.13748743718586 0.0144827586207107 0
0.13748743718588 0.0156896551724366 0
0.1374874371859 0.016896551724162 0
0.13748743718592 0.0181034482758851 0
0.13748743718594 0.0193103448276073 0
0.13748743718596 0.0205172413793307 0
0.13748743718598 0.0217241379310518 0
0.137487437186 0.0229310344827734 0
0.13748743718602 0.0241379310344968 0
0.13748743718604 0.0253448275862179 0
0.13748743718606 0.0265517241379404 0
0.13748743718608 0.0277586206896633 0
0.1374874371861 0.0289655172413851 0
0.13748743718612 0.0301724137931064 0
0.13748743718614 0.0313793103448304 0
0.13748743718616 0.0325862068965546 0
0.13748743718618 0.033793103448277 0
0.140351758793676 0.00120689655172586 0
0.140351758793697 0.00241379310345274 0
0.140351758793717 0.00362068965517918 0
0.140351758793738 0.00482758620690589 0
0.140351758793758 0.0060344827586313 0
0.140351758793779 0.00724137931035704 0
0.140351758793799 0.00844827586208264 0
0.14035175879382 0.00965517241380798 0
0.14035175879384 0.0108620689655335 0
0.140351758793861 0.0120689655172594 0
0.140351758793881 0.0132758620689847 0
0.140351758793902 0.0144827586207103 0
0.140351758793922 0.0156896551724362 0
0.140351758793943 0.0168965517241615 0
0.140351758793963 0.0181034482758846 0
0.140351758793984 0.0193103448276069 0
0.140351758794004 0.0205172413793304 0
0.140351758794025 0.0217241379310515 0
0.140351758794045 0.0229310344827731 0
0.140351758794066 0.0241379310344965 0
0.140351758794086 0.0253448275862177 0
0.140351758794106 0.0265517241379401 0
0.140351758794127 0.0277586206896631 0
0.140351758794147 0.0289655172413849 0
0.140351758794168 0.0301724137931063 0
0.140351758794188 0.0313793103448303 0
0.140351758794209 0.0325862068965545 0
0.140351758794229 0.0337931034482769 0
0.143216080401713 0.00120689655172584 0
0.143216080401734 0.00241379310345268 0
0.143216080401755 0.0036206896551791 0
0.143216080401776 0.00482758620690577 0
0.143216080401797 0.00603448275863115 0
0.143216080401818 0.00724137931035685 0
0.143216080401839 0.00844827586208242 0
0.14321608040186 0.00965517241380773 0
0.143216080401881 0.0108620689655333 0
0.143216080401902 0.0120689655172591 0
0.143216080401923 0.0132758620689843 0
0.143216080401944 0.01448275862071 0
0.143216080401965 0.0156896551724358 0
0.143216080401985 0.0168965517241611 0
0.143216080402007 0.0181034482758842 0
0.143216080402027 0.0193103448276065 0
0.143216080402048 0.02051724137933 0
0.143216080402069 0.0217241379310511 0
0.14321608040209 0.0229310344827728 0
0.143216080402111 0.0241379310344962 0
0.143216080402132 0.0253448275862174 0
0.143216080402153 0.0265517241379399 0
0.143216080402174 0.0277586206896629 0
0.143216080402195 0.0289655172413848 0
0.143216080402216 0.0301724137931062 0
0.143216080402237 0.0313793103448302 0
0.143216080402258 0.0325862068965545 0
0.143216080402279 0.0337931034482769 0
0.14608040200975 0.00120689655172581 0
0.146080402009771 0.00241379310345262 0
0.146080402009793 0.00362068965517901 0
0.146080402009814 0.00482758620690565 0
0.146080402009835 0.006034482758631 0
0.146080402009857 0.00724137931035666 0
0.146080402009878 0.0084482758620822 0
0.1460804020099 0.00965517241380748 0
0.146080402009921 0.010862068965533 0
0.146080402009943 0.0120689655172588 0
0.146080402009964 0.013275862068984 0
0.146080402009986 0.0144827586207096 0
0.146080402010007 0.0156896551724354 0
0.146080402010029 0.0168965517241606 0
0.14608040201005 0.0181034482758838 0
0.146080402010071 0.0193103448276061 0
0.146080402010093 0.0205172413793296 0
0.146080402010114 0.0217241379310508 0
0.146080402010136 0.0229310344827724 0
0.146080402010157 0.0241379310344959 0
0.146080402010179 0.0253448275862172 0
0.1460804020102 0.0265517241379397 0
0.146080402010221 0.0277586206896627 0
0.146080402010243 0.0289655172413846 0
0.146080402010264 0.030172413793106 0
0.146080402010286 0.0313793103448301 0
0.146080402010307 0.0325862068965544 0
0.146080402010329 0.0337931034482769 0
0.148944723617786 0.00120689655172578 0
0.148944723617808 0.00241379310345256 0
0.14894472361783 0.00362068965517893 0
0.148944723617852 0.00482758620690554 0
0.148944723617874 0.00603448275863085 0
0.148944723617896 0.00724137931035648 0
0.148944723617918 0.00844827586208198 0
0.14894472361794 0.00965517241380723 0
0.148944723617962 0.0108620689655327 0
0.148944723617984 0.0120689655172585 0
0.148944723618006 0.0132758620689836 0
0.148944723618028 0.0144827586207092 0
0.14894472361805 0.0156896551724349 0
0.148944723618071 0.0168965517241602 0
0.148944723618093 0.0181034482758833 0
0.148944723618115 0.0193103448276056 0
0.148944723618137 0.0205172413793292 0
0.148944723618159 0.0217241379310504 0
0.148944723618181 0.0229310344827721 0
0.148944723618203 0.0241379310344956 0
0.148944723618225 0.025344827586217 0
0.148944723618247 0.0265517241379395 0
0.148944723618269 0.0277586206896625 0
0.148944723618291 0.0289655172413845 0
0.148944723618313 0.0301724137931059 0
0.148944723618334 0.03137931034483 0
0.148944723618357 0.0325862068965543 0
0.148944723618378 0.0337931034482768 0
0.151809045225823 0.00120689655172576 0
0.151809045225845 0.0024137931034525 0
0.151809045225867 0.00362068965517884 0
0.15180904522589 0.00482758620690542 0
0.151809045225912 0.0060344827586307 0
0.151809045225935 0.0072413793103563 0
0.151809045225957 0.00844827586208176 0
0.15180904522598 0.00965517241380698 0
0.151809045226002 0.0108620689655324 0
0.151809045226025 0.0120689655172581 0
0.151809045226047 0.0132758620689833 0
0.151809045226069 0.0144827586207088 0
0.151809045226092 0.0156896551724345 0
0.151809045226114 0.0168965517241597 0
0.151809045226137 0.0181034482758828 0
0.151809045226159 0.0193103448276052 0
0.151809045226181 0.0205172413793288 0
0.151809045226204 0.0217241379310501 0
0.151809045226226 0.0229310344827718 0
0.151809045226249 0.0241379310344953 0
0.151809045226271 0.0253448275862167 0
0.151809045226293 0.0265517241379392 0
0.151809045226316 0.0277586206896623 0
0.151809045226338 0.0289655172413843 0
0.151809045226361 0.0301724137931058 0
0.151809045226383 0.0313793103448299 0
0.151809045226406 0.0325862068965542 0
0.151809045226428 0.0337931034482768 0
0.154673366833856 0.00120689655172573 0
0.154673366833879 0.00241379310345244 0
0.154673366833902 0.00362068965517875 0
0.154673366833925 0.0048275862069053 0
0.154673366833948 0.00603448275863055 0
0.154673366833971 0.00724137931035611 0
0.154673366833994 0.00844827586208154 0
0.154673366834017 0.00965517241380673 0
0.15467336683404 0.0108620689655321 0
0.154673366834063 0.0120689655172578 0
0.154673366834086 0.0132758620689829 0
0.154673366834109 0.0144827586207084 0
0.154673366834132 0.0156896551724341 0
0.154673366834155 0.0168965517241593 0
0.154673366834178 0.0181034482758824 0
0.154673366834201 0.0193103448276048 0
0.154673366834224 0.0205172413793284 0
0.154673366834247 0.0217241379310497 0
0.15467336683427 0.0229310344827715 0
0.154673366834293 0.024137931034495 0
0.154673366834316 0.0253448275862164 0
0.154673366834339 0.026551724137939 0
0.154673366834362 0.0277586206896621 0
0.154673366834386 0.0289655172413842 0
0.154673366834408 0.0301724137931057 0
0.154673366834432 0.0313793103448299 0
0.154673366834455 0.0325862068965542 0
0.154673366834477 0.0337931034482768 0
0.157537688441887 0.0012068965517257 0
0.157537688441911 0.00241379310345238 0
0.157537688441935 0.00362068965517867 0
0.157537688441959 0.00482758620690519 0
0.157537688441982 0.0060344827586304 0
0.157537688442006 0.00724137931035593 0
0.15753768844203 0.00844827586208132 0
0.157537688442053 0.00965517241380648 0
0.157537688442077 0.0108620689655318 0
0.157537688442101 0.0120689655172575 0
0.157537688442124 0.0132758620689826 0
0.157537688442148 0.014482758620708 0
0.157537688442172 0.0156896551724337 0
0.157537688442195 0.0168965517241588 0
0.157537688442219 0.0181034482758819 0
0.157537688442243 0.0193103448276044 0
0.157537688442266 0.020517241379328 0
0.15753768844229 0.0217241379310494 0
0.157537688442314 0.0229310344827711 0
0.157537688442338 0.0241379310344947 0
0.157537688442361 0.0253448275862162 0
0.157537688442385 0.0265517241379388 0
0.157537688442409 0.0277586206896619 0
0.157537688442432 0.028965517241384 0
0.157537688442456 0.0301724137931056 0
0.15753768844248 0.0313793103448298 0
0.157537688442503 0.0325862068965541 0
0.157537688442527 0.0337931034482768 0
0.160402010049917 0.00120689655172568 0
0.160402010049942 0.00241379310345232 0
0.160402010049966 0.00362068965517858 0
0.160402010049991 0.00482758620690507 0
0.160402010050015 0.00603448275863025 0
0.160402010050039 0.00724137931035574 0
0.160402010050064 0.00844827586208109 0
0.160402010050088 0.00965517241380623 0
0.160402010050113 0.0108620689655315 0
0.160402010050137 0.0120689655172572 0
0.160402010050161 0.0132758620689822 0
0.160402010050186 0.0144827586207076 0
0.16040201005021 0.0156896551724332 0
0.160402010050235 0.0168965517241584 0
0.160402010050259 0.0181034482758815 0
0.160402010050284 0.019310344827604 0
0.160402010050308 0.0205172413793276 0
0.160402010050332 0.021724137931049 0
0.160402010050357 0.0229310344827708 0
0.160402010050381 0.0241379310344945 0
0.160402010050406 0.0253448275862159 0
0.16040201005043 0.0265517241379386 0
0.160402010050454 0.0277586206896617 0
0.160402010050479 0.0289655172413839 0
0.160402010050503 0.0301724137931054 0
0.160402010050528 0.0313793103448297 0
0.160402010050552 0.0325862068965541 0
0.160402010050576 0.0337931034482767 0
0.163266331657947 0.00120689655172565 0
0.163266331657972 0.00241379310345226 0
0.163266331657998 0.0036206896551785 0
0.163266331658023 0.00482758620690495 0
0.163266331658048 0.0060344827586301 0
0.163266331658073 0.00724137931035556 0
0.163266331658098 0.00844827586208088 0
0.163266331658123 0.00965517241380597 0
0.163266331658148 0.0108620689655312 0
0.163266331658174 0.0120689655172569 0
0.163266331658199 0.0132758620689819 0
0.163266331658224 0.0144827586207072 0
0.163266331658249 0.0156896551724328 0
0.163266331658274 0.0168965517241579 0
0.163266331658299 0.018103448275881 0
0.163266331658324 0.0193103448276035 0
0.163266331658349 0.0205172413793272 0
0.163266331658375 0.0217241379310486 0
0.1632663316584 0.0229310344827705 0
0.163266331658425 0.0241379310344942 0
0.16326633165845 0.0253448275862157 0
0.163266331658475 0.0265517241379384 0
0.1632663316585 0.0277586206896615 0
0.163266331658525 0.0289655172413837 0
0.16326633165855 0.0301724137931053 0
0.163266331658576 0.0313793103448296 0
0.163266331658601 0.032586206896554 0
0.163266331658626 0.0337931034482767 0
0.166130653265977 0.00120689655172562 0
0.166130653266003 0.0024137931034522 0
0.166130653266029 0.00362068965517841 0
0.166130653266055 0.00482758620690484 0
0.166130653266081 0.00603448275862995 0
0.166130653266106 0.00724137931035537 0
0.166130653266132 0.00844827586208065 0
0.166130653266158 0.00965517241380572 0
0.166130653266184 0.010862068965531 0
0.16613065326621 0.0120689655172565 0
0.166130653266236 0.0132758620689815 0
0.166130653266262 0.0144827586207068 0
0.166130653266288 0.0156896551724324 0
0.166130653266313 0.0168965517241575 0
0.166130653266339 0.0181034482758806 0
0.166130653266365 0.0193103448276031 0
0.166130653266391 0.0205172413793268 0
0.166130653266417 0.0217241379310483 0
0.166130653266443 0.0229310344827702 0
0.166130653266468 0.0241379310344939 0
0.166130653266494 0.0253448275862154 0
0.16613065326652 0.0265517241379381 0
0.166130653266546 0.0277586206896613 0
0.166130653266572 0.0289655172413835 0
0.166130653266598 0.0301724137931052 0
0.166130653266623 0.0313793103448295 0
0.166130653266649 0.0325862068965539 0
0.166130653266675 0.0337931034482767 0
0.168994974874007 0.0012068965517256 0
0.168994974874034 0.00241379310345214 0
0.16899497487406 0.00362068965517833 0
0.168994974874087 0.00482758620690472 0
0.168994974874114 0.0060344827586298 0
0.16899497487414 0.00724137931035519 0
0.168994974874167 0.00844827586208044 0
0.168994974874193 0.00965517241380547 0
0.16899497487422 0.0108620689655307 0
0.168994974874246 0.0120689655172562 0
0.168994974874273 0.0132758620689812 0
0.168994974874299 0.0144827586207064 0
0.168994974874326 0.015689655172432 0
0.168994974874353 0.016896551724157 0
0.168994974874379 0.0181034482758801 0
0.168994974874406 0.0193103448276027 0
0.168994974874432 0.0205172413793264 0
0.168994974874459 0.0217241379310479 0
0.168994974874486 0.0229310344827699 0
0.168994974874512 0.0241379310344936 0
0.168994974874539 0.0253448275862152 0
0.168994974874565 0.0265517241379379 0
0.168994974874592 0.0277586206896611 0
0.168994974874618 0.0289655172413834 0
0.168994974874645 0.0301724137931051 0
0.168994974874671 0.0313793103448294 0
0.168994974874698 0.0325862068965539 0
0.168994974874725 0.0337931034482767 0
0.171859296482037 0.00120689655172557 0
0.171859296482064 0.00241379310345208 0
0.171859296482092 0.00362068965517824 0
0.171859296482119 0.0048275862069046 0
0.171859296482146 0.00603448275862965 0
0.171859296482174 0.007241379310355 0
0.171859296482201 0.00844827586208021 0
0.171859296482228 0.00965517241380522 0
0.171859296482256 0.0108620689655304 0
0.171859296482283 0.0120689655172559 0
0.17185929648231 0.0132758620689808 0
0.171859296482337 0.0144827586207061 0
0.171859296482365 0.0156896551724315 0
0.171859296482392 0.0168965517241566 0
0.171859296482419 0.0181034482758797 0
0.171859296482447 0.0193103448276023 0
0.171859296482474 0.020517241379326 0
0.171859296482501 0.0217241379310476 0
0.171859296482529 0.0229310344827696 0
0.171859296482556 0.0241379310344933 0
0.171859296482583 0.0253448275862149 0
0.17185929648261 0.0265517241379377 0
0.171859296482638 0.0277586206896609 0
0.171859296482665 0.0289655172413832 0
0.171859296482692 0.030172413793105 0
0.171859296482719 0.0313793103448293 0
0.171859296482747 0.0325862068965538 0
0.171859296482774 0.0337931034482766 0
0.174723618090067 0.00120689655172554 0
0.174723618090095 0.00241379310345202 0
0.174723618090123 0.00362068965517816 0
0.174723618090151 0.00482758620690448 0
0.174723618090179 0.0060344827586295 0
0.174723618090207 0.00724137931035482 0
0.174723618090235 0.00844827586207999 0
0.174723618090263 0.00965517241380497 0
0.174723618090291 0.0108620689655301 0
0.174723618090319 0.0120689655172556 0
0.174723618090347 0.0132758620689804 0
0.174723618090375 0.0144827586207057 0
0.174723618090403 0.0156896551724311 0
0.174723618090431 0.0168965517241561 0
0.174723618090459 0.0181034482758792 0
0.174723618090487 0.0193103448276018 0
0.174723618090515 0.0205172413793256 0
0.174723618090543 0.0217241379310472 0
0.174723618090571 0.0229310344827692 0
0.174723618090599 0.024137931034493 0
0.174723618090627 0.0253448275862147 0
0.174723618090656 0.0265517241379375 0
0.174723618090684 0.0277586206896607 0
0.174723618090711 0.0289655172413831 0
0.174723618090739 0.0301724137931049 0
0.174723618090768 0.0313793103448292 0
0.174723618090796 0.0325862068965537 0
0.174723618090824 0.0337931034482766 0
0.177587939698097 0.00120689655172552 0
0.177587939698126 0.00241379310345195 0
0.177587939698155 0.00362068965517807 0
0.177587939698183 0.00482758620690437 0
0.177587939698212 0.00603448275862935 0
0.177587939698241 0.00724137931035463 0
0.17758793969827 0.00844827586207977 0
0.177587939698298 0.00965517241380471 0
0.177587939698327 0.0108620689655298 0
0.177587939698356 0.0120689655172552 0
0.177587939698384 0.0132758620689801 0
0.177587939698413 0.0144827586207053 0
0.177587939698442 0.0156896551724307 0
0.177587939698471 0.0168965517241557 0
0.177587939698499 0.0181034482758788 0
0.177587939698528 0.0193103448276014 0
0.177587939698557 0.0205172413793252 0
0.177587939698585 0.0217241379310469 0
0.177587939698614 0.0229310344827689 0
0.177587939698643 0.0241379310344927 0
0.177587939698672 0.0253448275862144 0
0.1775879396987 0.0265517241379372 0
0.177587939698729 0.0277586206896605 0
0.177587939698758 0.0289655172413829 0
0.177587939698787 0.0301724137931047 0
0.177587939698815 0.0313793103448291 0
0.177587939698844 0.0325862068965536 0
0.177587939698873 0.0337931034482766 0
0.18045226130613 0.00120689655172549 0
0.180452261306159 0.00241379310345189 0
0.180452261306188 0.00362068965517799 0
0.180452261306217 0.00482758620690425 0
0.180452261306246 0.0060344827586292 0
0.180452261306276 0.00724137931035445 0
0.180452261306305 0.00844827586207955 0
0.180452261306334 0.00965517241380447 0
0.180452261306363 0.0108620689655295 0
0.180452261306392 0.0120689655172549 0
0.180452261306421 0.0132758620689797 0
0.18045226130645 0.0144827586207049 0
0.18045226130648 0.0156896551724303 0
0.180452261306509 0.0168965517241552 0
0.180452261306538 0.0181034482758783 0
0.180452261306567 0.019310344827601 0
0.180452261306596 0.0205172413793248 0
0.180452261306625 0.0217241379310465 0
0.180452261306655 0.0229310344827686 0
0.180452261306684 0.0241379310344924 0
0.180452261306713 0.0253448275862142 0
0.180452261306742 0.026551724137937 0
0.180452261306771 0.0277586206896604 0
0.1804522613068 0.0289655172413828 0
0.180452261306829 0.0301724137931046 0
0.180452261306859 0.031379310344829 0
0.180452261306888 0.0325862068965536 0
0.180452261306917 0.0337931034482766 0
0.183316582914164 0.00120689655172546 0
0.183316582914193 0.00241379310345183 0
0.183316582914222 0.0036206896551779 0
0.183316582914252 0.00482758620690413 0
0.183316582914281 0.00603448275862905 0
0.183316582914311 0.00724137931035426 0
0.18331658291434 0.00844827586207933 0
0.18331658291437 0.00965517241380421 0
0.183316582914399 0.0108620689655292 0
0.183316582914428 0.0120689655172546 0
0.183316582914458 0.0132758620689794 0
0.183316582914487 0.0144827586207045 0
0.183316582914517 0.0156896551724299 0
0.183316582914546 0.0168965517241548 0
0.183316582914576 0.0181034482758779 0
0.183316582914605 0.0193103448276006 0
0.183316582914634 0.0205172413793244 0
0.183316582914664 0.0217241379310462 0
0.183316582914693 0.0229310344827683 0
0.183316582914723 0.0241379310344921 0
0.183316582914752 0.0253448275862139 0
0.183316582914781 0.0265517241379368 0
0.183316582914811 0.0277586206896602 0
0.18331658291484 0.0289655172413826 0
0.18331658291487 0.0301724137931045 0
0.183316582914899 0.031379310344829 0
0.183316582914928 0.0325862068965535 0
0.183316582914958 0.0337931034482765 0
0.1861809045222 0.00120689655172544 0
0.186180904522229 0.00241379310345177 0
0.186180904522259 0.00362068965517781 0
0.186180904522288 0.00482758620690402 0
0.186180904522318 0.0060344827586289 0
0.186180904522347 0.00724137931035408 0
0.186180904522376 0.00844827586207911 0
0.186180904522406 0.00965517241380396 0
0.186180904522435 0.010862068965529 0
0.186180904522465 0.0120689655172543 0
0.186180904522494 0.013275862068979 0
0.186180904522523 0.0144827586207041 0
0.186180904522553 0.0156896551724294 0
0.186180904522582 0.0168965517241543 0
0.186180904522612 0.0181034482758774 0
0.186180904522641 0.0193103448276002 0
0.18618090452267 0.020517241379324 0
0.1861809045227 0.0217241379310458 0
0.186180904522729 0.022931034482768 0
0.186180904522759 0.0241379310344918 0
0.186180904522788 0.0253448275862137 0
0.186180904522818 0.0265517241379366 0
0.186180904522847 0.02775862068966 0
0.186180904522876 0.0289655172413824 0
0.186180904522906 0.0301724137931044 0
0.186180904522935 0.0313793103448288 0
0.186180904522965 0.0325862068965534 0
0.186180904522994 0.0337931034482765 0
0.189045226130236 0.00120689655172541 0
0.189045226130265 0.00241379310345171 0
0.189045226130295 0.00362068965517773 0
0.189045226130324 0.0048275862069039 0
0.189045226130354 0.00603448275862875 0
0.189045226130383 0.0072413793103539 0
0.189045226130412 0.00844827586207889 0
0.189045226130442 0.00965517241380371 0
0.189045226130471 0.0108620689655287 0
0.189045226130501 0.012068965517254 0
0.18904522613053 0.0132758620689787 0
0.18904522613056 0.0144827586207037 0
0.189045226130589 0.015689655172429 0
0.189045226130618 0.0168965517241539 0
0.189045226130648 0.018103448275877 0
0.189045226130677 0.0193103448275997 0
0.189045226130707 0.0205172413793236 0
0.189045226130736 0.0217241379310455 0
0.189045226130765 0.0229310344827676 0
0.189045226130795 0.0241379310344915 0
0.189045226130824 0.0253448275862134 0
0.189045226130854 0.0265517241379364 0
0.189045226130883 0.0277586206896598 0
0.189045226130913 0.0289655172413823 0
0.189045226130942 0.0301724137931043 0
0.189045226130971 0.0313793103448288 0
0.189045226131001 0.0325862068965534 0
0.18904522613103 0.0337931034482765 0
0.191909547738272 0.00120689655172538 0
0.191909547738302 0.00241379310345165 0
0.191909547738331 0.00362068965517764 0
0.19190954773836 0.00482758620690378 0
0.19190954773839 0.0060344827586286 0
0.191909547738419 0.00724137931035371 0
0.191909547738449 0.00844827586207867 0
0.191909547738478 0.00965517241380346 0
0.191909547738507 0.0108620689655284 0
0.191909547738537 0.0120689655172536 0
0.191909547738566 0.0132758620689783 0
0.191909547738596 0.0144827586207033 0
0.191909547738625 0.0156896551724286 0
0.191909547738655 0.0168965517241534 0
0.191909547738684 0.0181034482758765 0
0.191909547738713 0.0193103448275993 0
0.191909547738743 0.0205172413793232 0
0.191909547738772 0.0217241379310451 0
0.191909547738802 0.0229310344827673 0
0.191909547738831 0.0241379310344913 0
0.19190954773886 0.0253448275862132 0
0.19190954773889 0.0265517241379361 0
0.191909547738919 0.0277586206896596 0
0.191909547738949 0.0289655172413821 0
0.191909547738978 0.0301724137931041 0
0.191909547739008 0.0313793103448287 0
0.191909547739037 0.0325862068965533 0
0.191909547739066 0.0337931034482764 0
0.194773869346308 0.00120689655172536 0
0.194773869346338 0.00241379310345159 0
0.194773869346367 0.00362068965517756 0
0.194773869346397 0.00482758620690367 0
0.194773869346426 0.00603448275862845 0
0.194773869346455 0.00724137931035353 0
0.194773869346485 0.00844827586207844 0
0.194773869346514 0.00965517241380321 0
0.194773869346544 0.0108620689655281 0
0.194773869346573 0.0120689655172533 0
0.194773869346603 0.013275862068978 0
0.194773869346632 0.0144827586207029 0
0.194773869346661 0.0156896551724282 0
0.194773869346691 0.016896551724153 0
0.19477386934672 0.0181034482758761 0
0.19477386934675 0.0193103448275989 0
0.194773869346779 0.0205172413793228 0
0.194773869346808 0.0217241379310448 0
0.194773869346838 0.022931034482767 0
0.194773869346867 0.024137931034491 0
0.194773869346897 0.0253448275862129 0
0.194773869346926 0.0265517241379359 0
0.194773869346956 0.0277586206896594 0
0.194773869346985 0.028965517241382 0
0.194773869347014 0.030172413793104 0
0.194773869347044 0.0313793103448286 0
0.194773869347073 0.0325862068965532 0
0.194773869347103 0.0337931034482764 0
0.197638190954343 0.00120689655172533 0
0.197638190954372 0.00241379310345153 0
0.197638190954402 0.00362068965517747 0
0.197638190954432 0.00482758620690355 0
0.197638190954461 0.0060344827586283 0
0.197638190954491 0.00724137931035334 0
0.197638190954521 0.00844827586207822 0
0.19763819095455 0.00965517241380295 0
0.19763819095458 0.0108620689655278 0
0.197638190954609 0.012068965517253 0
0.197638190954639 0.0132758620689776 0
0.197638190954669 0.0144827586207026 0
0.197638190954698 0.0156896551724277 0
0.197638190954728 0.0168965517241525 0
0.197638190954757 0.0181034482758756 0
0.197638190954787 0.0193103448275985 0
0.197638190954817 0.0205172413793225 0
0.197638190954846 0.0217241379310444 0
0.197638190954876 0.0229310344827667 0
0.197638190954906 0.0241379310344907 0
0.197638190954935 0.0253448275862127 0
0.197638190954965 0.0265517241379357 0
0.197638190954994 0.0277586206896592 0
0.197638190955024 0.0289655172413818 0
0.197638190955054 0.0301724137931039 0
0.197638190955084 0.0313793103448285 0
0.197638190955113 0.0325862068965532 0
0.197638190955143 0.0337931034482764 0
0.200502512562376 0.0012068965517253 0
0.200502512562406 0.00241379310345147 0
0.200502512562436 0.00362068965517738 0
0.200502512562466 0.00482758620690343 0
0.200502512562496 0.00603448275862815 0
0.200502512562526 0.00724137931035315 0
0.200502512562556 0.008448275862078 0
0.200502512562586 0.0096551724138027 0
0.200502512562616 0.0108620689655275 0
0.200502512562646 0.0120689655172527 0
0.200502512562676 0.0132758620689773 0
0.200502512562706 0.0144827586207022 0
0.200502512562736 0.0156896551724273 0
0.200502512562766 0.0168965517241521 0
0.200502512562796 0.0181034482758752 0
0.200502512562826 0.019310344827598 0
0.200502512562856 0.0205172413793221 0
0.200502512562886 0.021724137931044 0
0.200502512562916 0.0229310344827664 0
0.200502512562946 0.0241379310344904 0
0.200502512562976 0.0253448275862124 0
0.200502512563006 0.0265517241379355 0
0.200502512563036 0.027758620689659 0
0.200502512563066 0.0289655172413817 0
0.200502512563096 0.0301724137931038 0
0.200502512563126 0.0313793103448284 0
0.200502512563156 0.0325862068965531 0
0.200502512563186 0.0337931034482763 0
0.203366834170406 0.00120689655172528 0
0.203366834170436 0.00241379310345141 0
0.203366834170467 0.0036206896551773 0
0.203366834170498 0.00482758620690332 0
0.203366834170529 0.006034482758628 0
0.203366834170559 0.00724137931035297 0
0.20336683417059 0.00844827586207778 0
0.203366834170621 0.00965517241380245 0
0.203366834170651 0.0108620689655272 0
0.203366834170682 0.0120689655172523 0
0.203366834170713 0.0132758620689769 0
0.203366834170744 0.0144827586207018 0
0.203366834170774 0.0156896551724269 0
0.203366834170805 0.0168965517241516 0
0.203366834170836 0.0181034482758747 0
0.203366834170867 0.0193103448275976 0
0.203366834170897 0.0205172413793217 0
0.203366834170928 0.0217241379310437 0
0.203366834170959 0.022931034482766 0
0.203366834170989 0.0241379310344901 0
0.20336683417102 0.0253448275862122 0
0.203366834171051 0.0265517241379352 0
0.203366834171082 0.0277586206896588 0
0.203366834171112 0.0289655172413815 0
0.203366834171143 0.0301724137931037 0
0.203366834171174 0.0313793103448283 0
0.203366834171204 0.032586206896553 0
0.203366834171235 0.0337931034482763 0
0.206231155778436 0.00120689655172525 0
0.206231155778467 0.00241379310345135 0
0.206231155778498 0.00362068965517721 0
0.20623115577853 0.0048275862069032 0
0.206231155778561 0.00603448275862785 0
0.206231155778593 0.00724137931035278 0
0.206231155778624 0.00844827586207756 0
0.206231155778656 0.0096551724138022 0
0.206231155778687 0.010862068965527 0
0.206231155778719 0.012068965517252 0
0.20623115577875 0.0132758620689766 0
0.206231155778782 0.0144827586207014 0
0.206231155778813 0.0156896551724265 0
0.206231155778844 0.0168965517241512 0
0.206231155778876 0.0181034482758743 0
0.206231155778907 0.0193103448275972 0
0.206231155778939 0.0205172413793213 0
0.20623115577897 0.0217241379310433 0
0.206231155779002 0.0229310344827657 0
0.206231155779033 0.0241379310344898 0
0.206231155779065 0.0253448275862119 0
0.206231155779096 0.026551724137935 0
0.206231155779127 0.0277586206896586 0
0.206231155779159 0.0289655172413814 0
0.20623115577919 0.0301724137931036 0
0.206231155779222 0.0313793103448282 0
0.206231155779253 0.032586206896553 0
0.206231155779285 0.0337931034482763 0
0.209095477386466 0.00120689655172522 0
0.209095477386498 0.00241379310345129 0
0.20909547738653 0.00362068965517713 0
0.209095477386562 0.00482758620690308 0
0.209095477386594 0.0060344827586277 0
0.209095477386626 0.0072413793103526 0
0.209095477386659 0.00844827586207734 0
0.209095477386691 0.00965517241380195 0
0.209095477386723 0.0108620689655267 0
0.209095477386755 0.0120689655172517 0
0.209095477386787 0.0132758620689762 0
0.209095477386819 0.014482758620701 0
0.209095477386851 0.0156896551724261 0
0.209095477386884 0.0168965517241507 0
0.209095477386916 0.0181034482758738 0
0.209095477386948 0.0193103448275968 0
0.20909547738698 0.0205172413793209 0
0.209095477387012 0.021724137931043 0
0.209095477387045 0.0229310344827654 0
0.209095477387077 0.0241379310344895 0
0.209095477387109 0.0253448275862117 0
0.209095477387141 0.0265517241379348 0
0.209095477387173 0.0277586206896584 0
0.209095477387205 0.0289655172413812 0
0.209095477387237 0.0301724137931034 0
0.209095477387269 0.0313793103448281 0
0.209095477387302 0.0325862068965529 0
0.209095477387334 0.0337931034482763 0
0.211959798994496 0.0012068965517252 0
0.211959798994528 0.00241379310345123 0
0.211959798994561 0.00362068965517704 0
0.211959798994594 0.00482758620690297 0
0.211959798994627 0.00603448275862755 0
0.21195979899466 0.00724137931035242 0
0.211959798994693 0.00844827586207712 0
0.211959798994726 0.0096551724138017 0
0.211959798994759 0.0108620689655264 0
0.211959798994792 0.0120689655172514 0
0.211959798994824 0.0132758620689759 0
0.211959798994857 0.0144827586207006 0
0.21195979899489 0.0156896551724256 0
0.211959798994923 0.0168965517241502 0
0.211959798994956 0.0181034482758733 0
0.211959798994989 0.0193103448275963 0
0.211959798995022 0.0205172413793205 0
0.211959798995054 0.0217241379310426 0
0.211959798995087 0.0229310344827651 0
0.21195979899512 0.0241379310344892 0
0.211959798995153 0.0253448275862114 0
0.211959798995186 0.0265517241379346 0
0.211959798995219 0.0277586206896582 0
0.211959798995252 0.028965517241381 0
0.211959798995285 0.0301724137931033 0
0.211959798995318 0.031379310344828 0
0.211959798995351 0.0325862068965528 0
0.211959798995383 0.0337931034482762 0
0.214824120602526 0.00120689655172517 0
0.214824120602559 0.00241379310345117 0
0.214824120602593 0.00362068965517696 0
0.214824120602626 0.00482758620690285 0
0.21482412060266 0.0060344827586274 0
0.214824120602694 0.00724137931035223 0
0.214824120602727 0.0084482758620769 0
0.214824120602761 0.00965517241380144 0
0.214824120602794 0.0108620689655261 0
0.214824120602828 0.0120689655172511 0
0.214824120602862 0.0132758620689755 0
0.214824120602895 0.0144827586207002 0
0.214824120602929 0.0156896551724252 0
0.214824120602962 0.0168965517241498 0
0.214824120602996 0.0181034482758729 0
0.21482412060303 0.0193103448275959 0
0.214824120603063 0.0205172413793201 0
0.214824120603097 0.0217241379310423 0
0.21482412060313 0.0229310344827648 0
0.214824120603164 0.0241379310344889 0
0.214824120603198 0.0253448275862112 0
0.214824120603231 0.0265517241379344 0
0.214824120603265 0.027758620689658 0
0.214824120603298 0.0289655172413809 0
0.214824120603332 0.0301724137931032 0
0.214824120603366 0.031379310344828 0
0.214824120603399 0.0325862068965528 0
0.214824120603433 0.0337931034482762 0
0.217688442210555 0.00120689655172514 0
0.21768844221059 0.00241379310345111 0
0.217688442210624 0.00362068965517687 0
0.217688442210659 0.00482758620690273 0
0.217688442210693 0.00603448275862725 0
0.217688442210727 0.00724137931035205 0
0.217688442210762 0.00844827586207667 0
0.217688442210796 0.00965517241380119 0
0.21768844221083 0.0108620689655258 0
0.217688442210864 0.0120689655172507 0
0.217688442210899 0.0132758620689751 0
0.217688442210933 0.0144827586206998 0
0.217688442210967 0.0156896551724248 0
0.217688442211002 0.0168965517241494 0
0.217688442211036 0.0181034482758725 0
0.21768844221107 0.0193103448275955 0
0.217688442211105 0.0205172413793197 0
0.217688442211139 0.0217241379310419 0
0.217688442211173 0.0229310344827644 0
0.217688442211208 0.0241379310344886 0
0.217688442211242 0.0253448275862109 0
0.217688442211276 0.0265517241379341 0
0.217688442211311 0.0277586206896578 0
0.217688442211345 0.0289655172413807 0
0.217688442211379 0.0301724137931031 0
0.217688442211414 0.0313793103448279 0
0.217688442211448 0.0325862068965527 0
0.217688442211482 0.0337931034482762 0
0.220552763818585 0.00120689655172512 0
0.22055276381862 0.00241379310345105 0
0.220552763818656 0.00362068965517679 0
0.220552763818691 0.00482758620690261 0
0.220552763818726 0.0060344827586271 0
0.220552763818761 0.00724137931035186 0
0.220552763818796 0.00844827586207645 0
0.220552763818831 0.00965517241380094 0
0.220552763818866 0.0108620689655255 0
0.220552763818901 0.0120689655172504 0
0.220552763818936 0.0132758620689748 0
0.220552763818971 0.0144827586206994 0
0.220552763819006 0.0156896551724244 0
0.220552763819041 0.0168965517241489 0
0.220552763819076 0.018103448275872 0
0.220552763819111 0.0193103448275951 0
0.220552763819146 0.0205172413793193 0
0.220552763819181 0.0217241379310416 0
0.220552763819216 0.0229310344827641 0
0.220552763819251 0.0241379310344883 0
0.220552763819286 0.0253448275862107 0
0.220552763819321 0.0265517241379339 0
0.220552763819356 0.0277586206896577 0
0.220552763819391 0.0289655172413806 0
0.220552763819427 0.030172413793103 0
0.220552763819462 0.0313793103448278 0
0.220552763819497 0.0325862068965526 0
0.220552763819532 0.0337931034482762 0
0.223417085426616 0.00120689655172509 0
0.223417085426651 0.00241379310345099 0
0.223417085426687 0.0036206896551767 0
0.223417085426723 0.0048275862069025 0
0.223417085426759 0.00603448275862695 0
0.223417085426794 0.00724137931035168 0
0.22341708542683 0.00844827586207623 0
0.223417085426866 0.00965517241380069 0
0.223417085426902 0.0108620689655252 0
0.223417085426937 0.0120689655172501 0
0.223417085426973 0.0132758620689744 0
0.223417085427009 0.014482758620699 0
0.223417085427045 0.015689655172424 0
0.22341708542708 0.0168965517241484 0
0.223417085427116 0.0181034482758715 0
0.223417085427152 0.0193103448275947 0
0.223417085427188 0.0205172413793189 0
0.223417085427223 0.0217241379310412 0
0.223417085427259 0.0229310344827638 0
0.223417085427295 0.024137931034488 0
0.223417085427331 0.0253448275862104 0
0.223417085427366 0.0265517241379337 0
0.223417085427402 0.0277586206896575 0
0.223417085427438 0.0289655172413804 0
0.223417085427474 0.0301724137931028 0
0.223417085427509 0.0313793103448277 0
0.223417085427545 0.0325862068965526 0
0.223417085427581 0.0337931034482761 0
0.226281407034645 0.00120689655172506 0
0.226281407034682 0.00241379310345092 0
0.226281407034718 0.00362068965517662 0
0.226281407034755 0.00482758620690238 0
0.226281407034791 0.0060344827586268 0
0.226281407034828 0.00724137931035149 0
0.226281407034864 0.00844827586207601 0
0.226281407034901 0.00965517241380044 0
0.226281407034937 0.010862068965525 0
0.226281407034974 0.0120689655172498 0
0.22628140703501 0.0132758620689741 0
0.226281407035047 0.0144827586206987 0
0.226281407035083 0.0156896551724235 0
0.22628140703512 0.016896551724148 0
0.226281407035156 0.0181034482758711 0
0.226281407035193 0.0193103448275942 0
0.226281407035229 0.0205172413793185 0
0.226281407035266 0.0217241379310409 0
0.226281407035302 0.0229310344827635 0
0.226281407035339 0.0241379310344878 0
0.226281407035375 0.0253448275862102 0
0.226281407035412 0.0265517241379335 0
0.226281407035448 0.0277586206896573 0
0.226281407035484 0.0289655172413803 0
0.226281407035521 0.0301724137931027 0
0.226281407035557 0.0313793103448276 0
0.226281407035594 0.0325862068965525 0
0.22628140703563 0.0337931034482761 0
0.229145728642678 0.00120689655172504 0
0.229145728642715 0.00241379310345087 0
0.229145728642752 0.00362068965517653 0
0.229145728642789 0.00482758620690226 0
0.229145728642826 0.00603448275862665 0
0.229145728642863 0.00724137931035131 0
0.229145728642901 0.00844827586207579 0
0.229145728642938 0.00965517241380019 0
0.229145728642975 0.0108620689655247 0
0.229145728643012 0.0120689655172494 0
0.229145728643049 0.0132758620689737 0
0.229145728643086 0.0144827586206983 0
0.229145728643123 0.0156896551724231 0
0.22914572864316 0.0168965517241475 0
0.229145728643197 0.0181034482758706 0
0.229145728643235 0.0193103448275938 0
0.229145728643272 0.0205172413793181 0
0.229145728643309 0.0217241379310405 0
0.229145728643346 0.0229310344827632 0
0.229145728643383 0.0241379310344875 0
0.22914572864342 0.0253448275862099 0
0.229145728643457 0.0265517241379333 0
0.229145728643494 0.0277586206896571 0
0.229145728643531 0.0289655172413801 0
0.229145728643569 0.0301724137931026 0
0.229145728643606 0.0313793103448275 0
0.229145728643643 0.0325862068965524 0
0.22914572864368 0.0337931034482761 0
0.232010050250712 0.00120689655172501 0
0.232010050250749 0.0024137931034508 0
0.232010050250787 0.00362068965517644 0
0.232010050250825 0.00482758620690215 0
0.232010050250862 0.0060344827586265 0
0.2320100502509 0.00724137931035112 0
0.232010050250938 0.00844827586207557 0
0.232010050250976 0.00965517241379994 0
0.232010050251013 0.0108620689655244 0
0.232010050251051 0.0120689655172491 0
0.232010050251089 0.0132758620689734 0
0.232010050251126 0.0144827586206979 0
0.232010050251164 0.0156896551724227 0
0.232010050251202 0.0168965517241471 0
0.232010050251239 0.0181034482758702 0
0.232010050251277 0.0193103448275934 0
0.232010050251315 0.0205172413793177 0
0.232010050251352 0.0217241379310402 0
0.23201005025139 0.0229310344827628 0
0.232010050251428 0.0241379310344872 0
0.232010050251466 0.0253448275862097 0
0.232010050251503 0.026551724137933 0
0.232010050251541 0.0277586206896569 0
0.232010050251579 0.02896551724138 0
0.232010050251616 0.0301724137931025 0
0.232010050251654 0.0313793103448274 0
0.232010050251692 0.0325862068965524 0
0.232010050251729 0.0337931034482761 0
0.234874371858748 0.00120689655172498 0
0.234874371858787 0.00241379310345074 0
0.234874371858825 0.00362068965517636 0
0.234874371858863 0.00482758620690203 0
0.234874371858901 0.00603448275862635 0
0.234874371858939 0.00724137931035094 0
0.234874371858977 0.00844827586207535 0
0.234874371859016 0.00965517241379969 0
0.234874371859054 0.0108620689655241 0
0.234874371859092 0.0120689655172488 0
0.23487437185913 0.013275862068973 0
0.234874371859168 0.0144827586206975 0
0.234874371859207 0.0156896551724223 0
0.234874371859245 0.0168965517241466 0
0.234874371859283 0.0181034482758697 0
0.234874371859321 0.019310344827593 0
0.234874371859359 0.0205172413793173 0
0.234874371859397 0.0217241379310398 0
0.234874371859435 0.0229310344827625 0
0.234874371859474 0.0241379310344869 0
0.234874371859512 0.0253448275862094 0
0.23487437185955 0.0265517241379328 0
0.234874371859588 0.0277586206896567 0
0.234874371859626 0.0289655172413798 0
0.234874371859665 0.0301724137931024 0
0.234874371859703 0.0313793103448273 0
0.234874371859741 0.0325862068965523 0
0.234874371859779 0.033793103448276 0
0.237738693466785 0.00120689655172496 0
0.237738693466824 0.00241379310345069 0
0.237738693466862 0.00362068965517627 0
0.237738693466901 0.00482758620690191 0
0.23773869346694 0.0060344827586262 0
0.237738693466978 0.00724137931035075 0
0.237738693467017 0.00844827586207513 0
0.237738693467056 0.00965517241379943 0
0.237738693467094 0.0108620689655238 0
0.237738693467133 0.0120689655172485 0
0.237738693467172 0.0132758620689727 0
0.23773869346721 0.0144827586206971 0
0.237738693467249 0.0156896551724218 0
0.237738693467288 0.0168965517241462 0
0.237738693467326 0.0181034482758693 0
0.237738693467365 0.0193103448275926 0
0.237738693467404 0.0205172413793169 0
0.237738693467442 0.0217241379310395 0
0.237738693467481 0.0229310344827622 0
0.237738693467519 0.0241379310344866 0
0.237738693467558 0.0253448275862092 0
0.237738693467597 0.0265517241379326 0
0.237738693467635 0.0277586206896565 0
0.237738693467674 0.0289655172413796 0
0.237738693467713 0.0301724137931022 0
0.237738693467751 0.0313793103448272 0
0.23773869346779 0.0325862068965522 0
0.237738693467829 0.033793103448276 0
0.240603015074822 0.00120689655172493 0
0.240603015074861 0.00241379310345062 0
0.2406030150749 0.00362068965517619 0
0.240603015074939 0.00482758620690179 0
0.240603015074978 0.00603448275862605 0
0.240603015075017 0.00724137931035057 0
0.240603015075056 0.0084482758620749 0
0.240603015075096 0.00965517241379918 0
0.240603015075135 0.0108620689655235 0
0.240603015075174 0.0120689655172481 0
0.240603015075213 0.0132758620689723 0
0.240603015075252 0.0144827586206967 0
0.240603015075291 0.0156896551724214 0
0.24060301507533 0.0168965517241457 0
0.24060301507537 0.0181034482758688 0
0.240603015075409 0.0193103448275921 0
0.240603015075448 0.0205172413793165 0
0.240603015075487 0.0217241379310391 0
0.240603015075526 0.0229310344827619 0
0.240603015075565 0.0241379310344863 0
0.240603015075604 0.0253448275862089 0
0.240603015075643 0.0265517241379323 0
0.240603015075683 0.0277586206896563 0
0.240603015075722 0.0289655172413795 0
0.240603015075761 0.0301724137931021 0
0.2406030150758 0.0313793103448271 0
0.240603015075839 0.0325862068965522 0
0.240603015075878 0.033793103448276 0
0.243467336682858 0.0012068965517249 0
0.243467336682898 0.00241379310345056 0
0.243467336682938 0.0036206896551761 0
0.243467336682977 0.00482758620690168 0
0.243467336683017 0.0060344827586259 0
0.243467336683056 0.00724137931035038 0
0.243467336683096 0.00844827586207469 0
0.243467336683136 0.00965517241379893 0
0.243467336683175 0.0108620689655232 0
0.243467336683215 0.0120689655172478 0
0.243467336683255 0.013275862068972 0
0.243467336683294 0.0144827586206963 0
0.243467336683334 0.015689655172421 0
0.243467336683373 0.0168965517241453 0
0.243467336683413 0.0181034482758684 0
0.243467336683453 0.0193103448275917 0
0.243467336683492 0.0205172413793161 0
0.243467336683532 0.0217241379310387 0
0.243467336683572 0.0229310344827616 0
0.243467336683611 0.024137931034486 0
0.243467336683651 0.0253448275862086 0
0.24346733668369 0.0265517241379321 0
0.24346733668373 0.0277586206896561 0
0.243467336683769 0.0289655172413793 0
0.243467336683809 0.030172413793102 0
0.243467336683849 0.031379310344827 0
0.243467336683888 0.0325862068965521 0
0.243467336683928 0.033793103448276 0
0.246331658290894 0.00120689655172488 0
0.246331658290934 0.0024137931034505 0
0.246331658290974 0.00362068965517602 0
0.246331658291014 0.00482758620690156 0
0.246331658291054 0.00603448275862575 0
0.246331658291094 0.0072413793103502 0
0.246331658291134 0.00844827586207447 0
0.246331658291175 0.00965517241379868 0
0.246331658291215 0.0108620689655229 0
0.246331658291255 0.0120689655172475 0
0.246331658291295 0.0132758620689716 0
0.246331658291335 0.0144827586206959 0
0.246331658291375 0.0156896551724206 0
0.246331658291416 0.0168965517241448 0
0.246331658291456 0.0181034482758679 0
0.246331658291496 0.0193103448275913 0
0.246331658291536 0.0205172413793157 0
0.246331658291576 0.0217241379310384 0
0.246331658291616 0.0229310344827613 0
0.246331658291656 0.0241379310344857 0
0.246331658291697 0.0253448275862084 0
0.246331658291737 0.0265517241379319 0
0.246331658291777 0.0277586206896559 0
0.246331658291817 0.0289655172413792 0
0.246331658291857 0.0301724137931019 0
0.246331658291897 0.031379310344827 0
0.246331658291937 0.032586206896552 0
0.246331658291978 0.0337931034482759 0
0.249195979898927 0.00120689655172485 0
0.249195979898968 0.00241379310345044 0
0.249195979899008 0.00362068965517593 0
0.249195979899049 0.00482758620690144 0
0.24919597989909 0.0060344827586256 0
0.249195979899131 0.00724137931035001 0
0.249195979899171 0.00844827586207425 0
0.249195979899212 0.00965517241379842 0
0.249195979899253 0.0108620689655227 0
0.249195979899294 0.0120689655172472 0
0.249195979899334 0.0132758620689713 0
0.249195979899375 0.0144827586206956 0
0.249195979899416 0.0156896551724201 0
0.249195979899457 0.0168965517241444 0
0.249195979899497 0.0181034482758675 0
0.249195979899538 0.0193103448275909 0
0.249195979899579 0.0205172413793153 0
0.24919597989962 0.021724137931038 0
0.24919597989966 0.0229310344827609 0
0.249195979899701 0.0241379310344854 0
0.249195979899742 0.0253448275862081 0
0.249195979899783 0.0265517241379317 0
0.249195979899823 0.0277586206896557 0
0.249195979899864 0.028965517241379 0
0.249195979899905 0.0301724137931018 0
0.249195979899946 0.0313793103448269 0
0.249195979899986 0.032586206896552 0
0.249195979900027 0.0337931034482759 0
0.25206030150696 0.00120689655172482 0
0.252060301507001 0.00241379310345038 0
0.252060301507043 0.00362068965517584 0
0.252060301507084 0.00482758620690133 0
0.252060301507126 0.00603448275862545 0
0.252060301507167 0.00724137931034983 0
0.252060301507208 0.00844827586207402 0
0.25206030150725 0.00965517241379817 0
0.252060301507291 0.0108620689655224 0
0.252060301507332 0.0120689655172469 0
0.252060301507374 0.0132758620689709 0
0.252060301507415 0.0144827586206951 0
0.252060301507456 0.0156896551724197 0
0.252060301507498 0.0168965517241439 0
0.252060301507539 0.018103448275867 0
0.252060301507581 0.0193103448275904 0
0.252060301507622 0.0205172413793149 0
0.252060301507663 0.0217241379310377 0
0.252060301507704 0.0229310344827606 0
0.252060301507746 0.0241379310344851 0
0.252060301507787 0.0253448275862079 0
0.252060301507828 0.0265517241379315 0
0.25206030150787 0.0277586206896555 0
0.252060301507911 0.0289655172413789 0
0.252060301507952 0.0301724137931017 0
0.252060301507994 0.0313793103448268 0
0.252060301508035 0.0325862068965519 0
0.252060301508077 0.0337931034482759 0
0.254924623114995 0.0012068965517248 0
0.254924623115037 0.00241379310345032 0
0.254924623115079 0.00362068965517576 0
0.25492462311512 0.00482758620690121 0
0.254924623115162 0.00603448275862531 0
0.254924623115204 0.00724137931034964 0
0.254924623115246 0.0084482758620738 0
0.254924623115288 0.00965517241379792 0
0.25492462311533 0.0108620689655221 0
0.254924623115372 0.0120689655172465 0
0.254924623115414 0.0132758620689705 0
0.254924623115456 0.0144827586206948 0
0.254924623115498 0.0156896551724193 0
0.254924623115539 0.0168965517241435 0
0.254924623115582 0.0181034482758666 0
0.254924623115623 0.01931034482759 0
0.254924623115665 0.0205172413793145 0
0.254924623115707 0.0217241379310373 0
0.254924623115749 0.0229310344827603 0
0.254924623115791 0.0241379310344848 0
0.254924623115833 0.0253448275862076 0
0.254924623115875 0.0265517241379312 0
0.254924623115917 0.0277586206896553 0
0.254924623115959 0.0289655172413787 0
0.254924623116001 0.0301724137931015 0
0.254924623116042 0.0313793103448267 0
0.254924623116084 0.0325862068965518 0
0.254924623116126 0.0337931034482758 0
0.257788944723031 0.00120689655172477 0
0.257788944723074 0.00241379310345026 0
0.257788944723116 0.00362068965517567 0
0.257788944723159 0.00482758620690109 0
0.257788944723201 0.00603448275862515 0
0.257788944723243 0.00724137931034946 0
0.257788944723286 0.00844827586207358 0
0.257788944723328 0.00965517241379767 0
0.257788944723371 0.0108620689655218 0
0.257788944723413 0.0120689655172462 0
0.257788944723455 0.0132758620689702 0
0.257788944723498 0.0144827586206944 0
0.25778894472354 0.0156896551724189 0
0.257788944723582 0.016896551724143 0
0.257788944723625 0.0181034482758661 0
0.257788944723667 0.0193103448275896 0
0.25778894472371 0.0205172413793141 0
0.257788944723752 0.021724137931037 0
0.257788944723794 0.02293103448276 0
0.257788944723837 0.0241379310344845 0
0.257788944723879 0.0253448275862074 0
0.257788944723922 0.026551724137931 0
0.257788944723964 0.0277586206896552 0
0.257788944724006 0.0289655172413785 0
0.257788944724049 0.0301724137931014 0
0.257788944724091 0.0313793103448266 0
0.257788944724133 0.0325862068965518 0
0.257788944724176 0.0337931034482758 0
0.260653266331068 0.00120689655172474 0
0.260653266331111 0.0024137931034502 0
0.260653266331154 0.00362068965517559 0
0.260653266331197 0.00482758620690098 0
0.26065326633124 0.00603448275862501 0
0.260653266331282 0.00724137931034927 0
0.260653266331325 0.00844827586207336 0
0.260653266331368 0.00965517241379742 0
0.260653266331411 0.0108620689655215 0
0.260653266331454 0.0120689655172459 0
0.260653266331497 0.0132758620689699 0
0.26065326633154 0.014482758620694 0
0.260653266331582 0.0156896551724185 0
0.260653266331625 0.0168965517241426 0
0.260653266331668 0.0181034482758657 0
0.260653266331711 0.0193103448275892 0
0.260653266331754 0.0205172413793137 0
0.260653266331797 0.0217241379310366 0
0.26065326633184 0.0229310344827597 0
0.260653266331883 0.0241379310344843 0
0.260653266331925 0.0253448275862071 0
0.260653266331968 0.0265517241379308 0
0.260653266332011 0.027758620689655 0
0.260653266332054 0.0289655172413784 0
0.260653266332097 0.0301724137931013 0
0.26065326633214 0.0313793103448265 0
0.260653266332183 0.0325862068965517 0
0.260653266332226 0.0337931034482758 0
0.263517587939105 0.00120689655172472 0
0.263517587939148 0.00241379310345014 0
0.263517587939191 0.0036206896551755 0
0.263517587939235 0.00482758620690086 0
0.263517587939278 0.00603448275862485 0
0.263517587939322 0.00724137931034909 0
0.263517587939365 0.00844827586207314 0
0.263517587939408 0.00965517241379717 0
0.263517587939452 0.0108620689655212 0
0.263517587939495 0.0120689655172456 0
0.263517587939538 0.0132758620689695 0
0.263517587939582 0.0144827586206936 0
0.263517587939625 0.015689655172418 0
0.263517587939668 0.0168965517241421 0
0.263517587939712 0.0181034482758652 0
0.263517587939755 0.0193103448275888 0
0.263517587939798 0.0205172413793134 0
0.263517587939842 0.0217241379310363 0
0.263517587939885 0.0229310344827593 0
0.263517587939929 0.024137931034484 0
0.263517587939972 0.0253448275862069 0
0.263517587940015 0.0265517241379306 0
0.263517587940058 0.0277586206896548 0
0.263517587940102 0.0289655172413782 0
0.263517587940145 0.0301724137931012 0
0.263517587940188 0.0313793103448264 0
0.263517587940232 0.0325862068965516 0
0.263517587940275 0.0337931034482758 0
0.266381909547142 0.00120689655172469 0
0.266381909547185 0.00241379310345008 0
0.266381909547229 0.00362068965517542 0
0.266381909547273 0.00482758620690074 0
0.266381909547317 0.0060344827586247 0
0.266381909547361 0.0072413793103489 0
0.266381909547404 0.00844827586207292 0
0.266381909547448 0.00965517241379692 0
0.266381909547492 0.0108620689655209 0
0.266381909547536 0.0120689655172452 0
0.26638190954758 0.0132758620689691 0
0.266381909547624 0.0144827586206932 0
0.266381909547667 0.0156896551724176 0
0.266381909547711 0.0168965517241417 0
0.266381909547755 0.0181034482758648 0
0.266381909547799 0.0193103448275883 0
0.266381909547843 0.020517241379313 0
0.266381909547887 0.0217241379310359 0
0.26638190954793 0.022931034482759 0
0.266381909547974 0.0241379310344837 0
0.266381909548018 0.0253448275862066 0
0.266381909548062 0.0265517241379303 0
0.266381909548106 0.0277586206896546 0
0.266381909548149 0.0289655172413781 0
0.266381909548193 0.0301724137931011 0
0.266381909548237 0.0313793103448263 0
0.266381909548281 0.0325862068965515 0
0.266381909548325 0.0337931034482757 0
0.269246231155178 0.00120689655172466 0
0.269246231155223 0.00241379310345002 0
0.269246231155267 0.00362068965517533 0
0.269246231155311 0.00482758620690062 0
0.269246231155356 0.00603448275862456 0
0.2692462311554 0.00724137931034872 0
0.269246231155444 0.0084482758620727 0
0.269246231155488 0.00965517241379666 0
0.269246231155533 0.0108620689655207 0
0.269246231155577 0.0120689655172449 0
0.269246231155621 0.0132758620689688 0
0.269246231155666 0.0144827586206928 0
0.26924623115571 0.0156896551724172 0
0.269246231155754 0.0168965517241412 0
0.269246231155798 0.0181034482758643 0
0.269246231155843 0.0193103448275879 0
0.269246231155887 0.0205172413793126 0
0.269246231155931 0.0217241379310356 0
0.269246231155976 0.0229310344827587 0
0.26924623115602 0.0241379310344834 0
0.269246231156064 0.0253448275862064 0
0.269246231156109 0.0265517241379301 0
0.269246231156153 0.0277586206896544 0
0.269246231156197 0.0289655172413779 0
0.269246231156242 0.030172413793101 0
0.269246231156286 0.0313793103448262 0
0.26924623115633 0.0325862068965515 0
0.269246231156375 0.0337931034482757 0
0.272110552763215 0.00120689655172464 0
0.27211055276326 0.00241379310344996 0
0.272110552763304 0.00362068965517525 0
0.272110552763349 0.00482758620690051 0
0.272110552763394 0.00603448275862441 0
0.272110552763439 0.00724137931034854 0
0.272110552763484 0.00844827586207248 0
0.272110552763529 0.00965517241379641 0
0.272110552763573 0.0108620689655204 0
0.272110552763618 0.0120689655172446 0
0.272110552763663 0.0132758620689684 0
0.272110552763707 0.0144827586206924 0
0.272110552763752 0.0156896551724168 0
0.272110552763797 0.0168965517241408 0
0.272110552763842 0.0181034482758639 0
0.272110552763887 0.0193103448275875 0
0.272110552763931 0.0205172413793122 0
0.272110552763976 0.0217241379310352 0
0.272110552764021 0.0229310344827584 0
0.272110552764066 0.0241379310344831 0
0.272110552764111 0.0253448275862061 0
0.272110552764155 0.0265517241379299 0
0.2721105527642 0.0277586206896542 0
0.272110552764245 0.0289655172413778 0
0.27211055276429 0.0301724137931008 0
0.272110552764334 0.0313793103448261 0
0.272110552764379 0.0325862068965514 0
0.272110552764424 0.0337931034482757 0
0.274974874371252 0.00120689655172461 0
0.274974874371297 0.0024137931034499 0
0.274974874371342 0.00362068965517516 0
0.274974874371387 0.00482758620690039 0
0.274974874371433 0.00603448275862426 0
0.274974874371478 0.00724137931034835 0
0.274974874371523 0.00844827586207225 0
0.274974874371568 0.00965517241379616 0
0.274974874371614 0.0108620689655201 0
0.274974874371659 0.0120689655172443 0
0.274974874371704 0.0132758620689681 0
0.27497487437175 0.014482758620692 0
0.274974874371795 0.0156896551724163 0
0.27497487437184 0.0168965517241403 0
0.274974874371885 0.0181034482758634 0
0.274974874371931 0.0193103448275871 0
0.274974874371976 0.0205172413793118 0
0.274974874372021 0.0217241379310349 0
0.274974874372066 0.0229310344827581 0
0.274974874372112 0.0241379310344828 0
0.274974874372157 0.0253448275862059 0
0.274974874372202 0.0265517241379297 0
0.274974874372247 0.027758620689654 0
0.274974874372293 0.0289655172413776 0
0.274974874372338 0.0301724137931007 0
0.274974874372383 0.0313793103448261 0
0.274974874372429 0.0325862068965513 0
0.274974874372474 0.0337931034482757 0
0.277839195979288 0.00120689655172458 0
0.277839195979334 0.00241379310344984 0
0.277839195979379 0.00362068965517508 0
0.277839195979425 0.00482758620690027 0
0.27783919597947 0.00603448275862411 0
0.277839195979516 0.00724137931034816 0
0.277839195979562 0.00844827586207203 0
0.277839195979607 0.00965517241379591 0
0.277839195979653 0.0108620689655198 0
0.277839195979698 0.012068965517244 0
0.277839195979744 0.0132758620689677 0
0.27783919597979 0.0144827586206916 0
0.277839195979835 0.0156896551724159 0
0.277839195979881 0.0168965517241399 0
0.277839195979927 0.018103448275863 0
0.277839195979972 0.0193103448275866 0
0.277839195980018 0.0205172413793114 0
0.277839195980063 0.0217241379310345 0
0.277839195980109 0.0229310344827577 0
0.277839195980155 0.0241379310344825 0
0.2778391959802 0.0253448275862056 0
0.277839195980246 0.0265517241379295 0
0.277839195980291 0.0277586206896538 0
0.277839195980337 0.0289655172413775 0
0.277839195980382 0.0301724137931006 0
0.277839195980428 0.031379310344826 0
0.277839195980474 0.0325862068965513 0
0.277839195980519 0.0337931034482756 0
0.280703517587324 0.00120689655172456 0
0.28070351758737 0.00241379310344978 0
0.280703517587416 0.00362068965517499 0
0.280703517587462 0.00482758620690016 0
0.280703517587508 0.00603448275862396 0
0.280703517587554 0.00724137931034798 0
0.280703517587599 0.00844827586207181 0
0.280703517587645 0.00965517241379566 0
0.280703517587691 0.0108620689655195 0
0.280703517587737 0.0120689655172436 0
0.280703517587783 0.0132758620689674 0
0.280703517587829 0.0144827586206913 0
0.280703517587874 0.0156896551724155 0
0.28070351758792 0.0168965517241394 0
0.280703517587966 0.0181034482758625 0
0.280703517588012 0.0193103448275862 0
0.280703517588058 0.020517241379311 0
0.280703517588104 0.0217241379310341 0
0.280703517588149 0.0229310344827574 0
0.280703517588195 0.0241379310344822 0
0.280703517588241 0.0253448275862054 0
0.280703517588287 0.0265517241379292 0
0.280703517588333 0.0277586206896536 0
0.280703517588379 0.0289655172413773 0
0.280703517588424 0.0301724137931005 0
0.28070351758847 0.0313793103448259 0
0.280703517588516 0.0325862068965512 0
0.280703517588562 0.0337931034482756 0
0.283567839195361 0.00120689655172453 0
0.283567839195407 0.00241379310344971 0
0.283567839195452 0.0036206896551749 0
0.283567839195498 0.00482758620690004 0
0.283567839195544 0.00603448275862381 0
0.28356783919559 0.0072413793103478 0
0.283567839195636 0.00844827586207159 0
0.283567839195682 0.0096551724137954 0
0.283567839195727 0.0108620689655192 0
0.283567839195773 0.0120689655172433 0
0.283567839195819 0.013275862068967 0
0.283567839195865 0.0144827586206909 0
0.283567839195911 0.0156896551724151 0
0.283567839195957 0.0168965517241389 0
0.283567839196002 0.018103448275862 0
0.283567839196048 0.0193103448275858 0
0.283567839196094 0.0205172413793106 0
0.28356783919614 0.0217241379310338 0
0.283567839196186 0.0229310344827571 0
0.283567839196232 0.0241379310344819 0
0.283567839196277 0.0253448275862051 0
0.283567839196323 0.026551724137929 0
0.283567839196369 0.0277586206896534 0
0.283567839196415 0.0289655172413772 0
0.283567839196461 0.0301724137931004 0
0.283567839196506 0.0313793103448258 0
0.283567839196552 0.0325862068965512 0
0.283567839196598 0.0337931034482756 0
0.286432160803397 0.0012068965517245 0
0.286432160803443 0.00241379310344966 0
0.286432160803489 0.00362068965517482 0
0.286432160803535 0.00482758620689992 0
0.28643216080358 0.00603448275862366 0
0.286432160803626 0.00724137931034761 0
0.286432160803672 0.00844827586207137 0
0.286432160803718 0.00965517241379515 0
0.286432160803763 0.0108620689655189 0
0.286432160803809 0.012068965517243 0
0.286432160803855 0.0132758620689667 0
0.286432160803901 0.0144827586206905 0
0.286432160803947 0.0156896551724146 0
0.286432160803993 0.0168965517241385 0
0.286432160804038 0.0181034482758616 0
0.286432160804084 0.0193103448275854 0
0.28643216080413 0.0205172413793102 0
0.286432160804176 0.0217241379310334 0
0.286432160804222 0.0229310344827568 0
0.286432160804268 0.0241379310344816 0
0.286432160804313 0.0253448275862049 0
0.286432160804359 0.0265517241379288 0
0.286432160804405 0.0277586206896532 0
0.286432160804451 0.028965517241377 0
0.286432160804497 0.0301724137931002 0
0.286432160804542 0.0313793103448257 0
0.286432160804588 0.0325862068965511 0
0.286432160804634 0.0337931034482755 0
0.289296482411433 0.00120689655172448 0
0.289296482411479 0.00241379310344959 0
0.289296482411525 0.00362068965517473 0
0.289296482411571 0.00482758620689981 0
0.289296482411616 0.00603448275862351 0
0.289296482411662 0.00724137931034743 0
0.289296482411708 0.00844827586207115 0
0.289296482411754 0.0096551724137949 0
0.2892964824118 0.0108620689655187 0
0.289296482411846 0.0120689655172427 0
0.289296482411891 0.0132758620689663 0
0.289296482411937 0.0144827586206901 0
0.289296482411983 0.0156896551724142 0
0.289296482412029 0.0168965517241381 0
0.289296482412075 0.0181034482758611 0
0.289296482412121 0.019310344827585 0
0.289296482412166 0.0205172413793098 0
0.289296482412212 0.0217241379310331 0
0.289296482412258 0.0229310344827565 0
0.289296482412304 0.0241379310344813 0
0.28929648241235 0.0253448275862046 0
0.289296482412395 0.0265517241379286 0
0.289296482412441 0.027758620689653 0
0.289296482412487 0.0289655172413768 0
0.289296482412533 0.0301724137931001 0
0.289296482412579 0.0313793103448256 0
0.289296482412625 0.032586206896551 0
0.28929648241267 0.0337931034482755 0
0.292160804019476 0.00120689655172445 0
0.292160804019521 0.00241379310344953 0
0.292160804019567 0.00362068965517465 0
0.292160804019613 0.00482758620689969 0
0.292160804019658 0.00603448275862336 0
0.292160804019704 0.00724137931034724 0
0.292160804019749 0.00844827586207093 0
0.292160804019795 0.00965517241379465 0
0.292160804019841 0.0108620689655184 0
0.292160804019886 0.0120689655172424 0
0.292160804019932 0.013275862068966 0
0.292160804019977 0.0144827586206897 0
0.292160804020023 0.0156896551724138 0
0.292160804020068 0.0168965517241376 0
0.292160804020114 0.0181034482758607 0
0.29216080402016 0.0193103448275845 0
0.292160804020205 0.0205172413793094 0
0.292160804020251 0.0217241379310327 0
0.292160804020296 0.0229310344827562 0
0.292160804020342 0.024137931034481 0
0.292160804020388 0.0253448275862044 0
0.292160804020433 0.0265517241379284 0
0.292160804020479 0.0277586206896528 0
0.292160804020524 0.0289655172413767 0
0.29216080402057 0.0301724137931 0
0.292160804020616 0.0313793103448255 0
0.292160804020661 0.0325862068965509 0
0.292160804020707 0.0337931034482755 0
0.295025125627521 0.00120689655172442 0
0.295025125627567 0.00241379310344947 0
0.295025125627612 0.00362068965517456 0
0.295025125627657 0.00482758620689957 0
0.295025125627703 0.00603448275862321 0
0.295025125627748 0.00724137931034706 0
0.295025125627793 0.00844827586207071 0
0.295025125627838 0.0096551724137944 0
0.295025125627884 0.0108620689655181 0
0.295025125627929 0.012068965517242 0
0.295025125627974 0.0132758620689656 0
0.295025125628019 0.0144827586206893 0
0.295025125628064 0.0156896551724134 0
0.29502512562811 0.0168965517241371 0
0.295025125628155 0.0181034482758602 0
0.2950251256282 0.0193103448275841 0
0.295025125628246 0.020517241379309 0
0.295025125628291 0.0217241379310324 0
0.295025125628336 0.0229310344827558 0
0.295025125628381 0.0241379310344807 0
0.295025125628426 0.0253448275862041 0
0.295025125628472 0.0265517241379281 0
0.295025125628517 0.0277586206896526 0
0.295025125628562 0.0289655172413765 0
0.295025125628607 0.0301724137930999 0
0.295025125628653 0.0313793103448254 0
0.295025125628698 0.0325862068965509 0
0.295025125628743 0.0337931034482755 0
0.297889447235571 0.0012068965517244 0
0.297889447235616 0.00241379310344941 0
0.297889447235661 0.00362068965517448 0
0.297889447235705 0.00482758620689945 0
0.29788944723575 0.00603448275862306 0
0.297889447235795 0.00724137931034687 0
0.29788944723584 0.00844827586207048 0
0.297889447235885 0.00965517241379415 0
0.297889447235929 0.0108620689655178 0
0.297889447235974 0.0120689655172417 0
0.297889447236019 0.0132758620689652 0
0.297889447236064 0.0144827586206889 0
0.297889447236108 0.015689655172413 0
0.297889447236153 0.0168965517241367 0
0.297889447236198 0.0181034482758598 0
0.297889447236243 0.0193103448275837 0
0.297889447236288 0.0205172413793086 0
0.297889447236332 0.021724137931032 0
0.297889447236377 0.0229310344827555 0
0.297889447236422 0.0241379310344805 0
0.297889447236466 0.0253448275862039 0
0.297889447236511 0.0265517241379279 0
0.297889447236556 0.0277586206896525 0
0.297889447236601 0.0289655172413764 0
0.297889447236646 0.0301724137930998 0
0.29788944723669 0.0313793103448253 0
0.297889447236735 0.0325862068965508 0
0.29788944723678 0.0337931034482754 0
0.300753768843621 0.00120689655172437 0
0.300753768843665 0.00241379310344935 0
0.300753768843709 0.00362068965517439 0
0.300753768843754 0.00482758620689934 0
0.300753768843798 0.00603448275862291 0
0.300753768843842 0.00724137931034669 0
0.300753768843886 0.00844827586207026 0
0.300753768843931 0.0096551724137939 0
0.300753768843975 0.0108620689655175 0
0.300753768844019 0.0120689655172414 0
0.300753768844064 0.0132758620689649 0
0.300753768844108 0.0144827586206885 0
0.300753768844152 0.0156896551724125 0
0.300753768844197 0.0168965517241363 0
0.300753768844241 0.0181034482758593 0
0.300753768844285 0.0193103448275833 0
0.300753768844329 0.0205172413793082 0
0.300753768844374 0.0217241379310317 0
0.300753768844418 0.0229310344827552 0
0.300753768844462 0.0241379310344802 0
0.300753768844506 0.0253448275862036 0
0.300753768844551 0.0265517241379277 0
0.300753768844595 0.0277586206896523 0
0.300753768844639 0.0289655172413762 0
0.300753768844684 0.0301724137930996 0
0.300753768844728 0.0313793103448253 0
0.300753768844772 0.0325862068965507 0
0.300753768844817 0.0337931034482754 0
0.30361809045167 0.00120689655172434 0
0.303618090451714 0.00241379310344929 0
0.303618090451758 0.0036206896551743 0
0.303618090451802 0.00482758620689922 0
0.303618090451846 0.00603448275862276 0
0.303618090451889 0.0072413793103465 0
0.303618090451933 0.00844827586207004 0
0.303618090451977 0.00965517241379364 0
0.303618090452021 0.0108620689655172 0
0.303618090452065 0.0120689655172411 0
0.303618090452109 0.0132758620689646 0
0.303618090452152 0.0144827586206881 0
0.303618090452196 0.0156896551724121 0
0.30361809045224 0.0168965517241358 0
0.303618090452284 0.0181034482758589 0
0.303618090452328 0.0193103448275828 0
0.303618090452371 0.0205172413793078 0
0.303618090452415 0.0217241379310313 0
0.303618090452459 0.0229310344827549 0
0.303618090452503 0.0241379310344799 0
0.303618090452547 0.0253448275862034 0
0.30361809045259 0.0265517241379275 0
0.303618090452634 0.0277586206896521 0
0.303618090452678 0.0289655172413761 0
0.303618090452722 0.0301724137930995 0
0.303618090452765 0.0313793103448251 0
0.303618090452809 0.0325862068965507 0
0.303618090452853 0.0337931034482754 0
0.30648241205972 0.00120689655172432 0
0.306482412059764 0.00241379310344923 0
0.306482412059807 0.00362068965517422 0
0.30648241205985 0.0048275862068991 0
0.306482412059894 0.00603448275862261 0
0.306482412059937 0.00724137931034632 0
0.30648241205998 0.00844827586206983 0
0.306482412060024 0.00965517241379339 0
0.306482412060067 0.0108620689655169 0
0.30648241206011 0.0120689655172407 0
0.306482412060153 0.0132758620689642 0
0.306482412060197 0.0144827586206877 0
0.30648241206024 0.0156896551724117 0
0.306482412060283 0.0168965517241353 0
0.306482412060327 0.0181034482758584 0
0.30648241206037 0.0193103448275824 0
0.306482412060413 0.0205172413793074 0
0.306482412060457 0.021724137931031 0
0.3064824120605 0.0229310344827546 0
0.306482412060543 0.0241379310344796 0
0.306482412060587 0.0253448275862031 0
0.30648241206063 0.0265517241379272 0
0.306482412060673 0.0277586206896519 0
0.306482412060717 0.0289655172413759 0
0.30648241206076 0.0301724137930994 0
0.306482412060803 0.0313793103448251 0
0.306482412060846 0.0325862068965506 0
0.30648241206089 0.0337931034482754 0
0.30934673366777 0.00120689655172429 0
0.309346733667813 0.00241379310344917 0
0.309346733667856 0.00362068965517413 0
0.309346733667898 0.00482758620689899 0
0.309346733667941 0.00603448275862246 0
0.309346733667984 0.00724137931034613 0
0.309346733668027 0.0084482758620696 0
0.30934673366807 0.00965517241379314 0
0.309346733668113 0.0108620689655166 0
0.309346733668156 0.0120689655172404 0
0.309346733668198 0.0132758620689638 0
0.309346733668241 0.0144827586206874 0
0.309346733668284 0.0156896551724113 0
0.309346733668327 0.0168965517241349 0
0.30934673366837 0.018103448275858 0
0.309346733668412 0.019310344827582 0
0.309346733668455 0.020517241379307 0
0.309346733668498 0.0217241379310306 0
0.309346733668541 0.0229310344827542 0
0.309346733668584 0.0241379310344793 0
0.309346733668627 0.0253448275862029 0
0.309346733668669 0.026551724137927 0
0.309346733668712 0.0277586206896517 0
0.309346733668755 0.0289655172413757 0
0.309346733668798 0.0301724137930993 0
0.309346733668841 0.031379310344825 0
0.309346733668884 0.0325862068965505 0
0.309346733668927 0.0337931034482753 0
0.31221105527582 0.00120689655172426 0
0.312211055275862 0.00241379310344911 0
0.312211055275904 0.00362068965517405 0
0.312211055275947 0.00482758620689887 0
0.312211055275989 0.00603448275862231 0
0.312211055276031 0.00724137931034595 0
0.312211055276074 0.00844827586206938 0
0.312211055276116 0.00965517241379289 0
0.312211055276158 0.0108620689655163 0
0.312211055276201 0.0120689655172401 0
0.312211055276243 0.0132758620689635 0
0.312211055276286 0.014482758620687 0
0.312211055276328 0.0156896551724108 0
0.31221105527637 0.0168965517241344 0
0.312211055276413 0.0181034482758575 0
0.312211055276455 0.0193103448275816 0
0.312211055276497 0.0205172413793066 0
0.312211055276539 0.0217241379310303 0
0.312211055276582 0.0229310344827539 0
0.312211055276624 0.024137931034479 0
0.312211055276667 0.0253448275862026 0
0.312211055276709 0.0265517241379268 0
0.312211055276751 0.0277586206896515 0
0.312211055276794 0.0289655172413756 0
0.312211055276836 0.0301724137930992 0
0.312211055276878 0.0313793103448249 0
0.312211055276921 0.0325862068965505 0
0.312211055276963 0.0337931034482753 0
0.315075376883869 0.00120689655172424 0
0.315075376883911 0.00241379310344905 0
0.315075376883953 0.00362068965517396 0
0.315075376883995 0.00482758620689875 0
0.315075376884037 0.00603448275862216 0
0.315075376884079 0.00724137931034576 0
0.315075376884121 0.00844827586206916 0
0.315075376884162 0.00965517241379264 0
0.315075376884204 0.0108620689655161 0
0.315075376884246 0.0120689655172398 0
0.315075376884288 0.0132758620689631 0
0.31507537688433 0.0144827586206866 0
0.315075376884372 0.0156896551724104 0
0.315075376884414 0.016896551724134 0
0.315075376884456 0.0181034482758571 0
0.315075376884497 0.0193103448275811 0
0.315075376884539 0.0205172413793062 0
0.315075376884581 0.0217241379310299 0
0.315075376884623 0.0229310344827536 0
0.315075376884665 0.0241379310344787 0
0.315075376884707 0.0253448275862024 0
0.315075376884749 0.0265517241379266 0
0.31507537688479 0.0277586206896513 0
0.315075376884832 0.0289655172413754 0
0.315075376884874 0.0301724137930991 0
0.315075376884916 0.0313793103448248 0
0.315075376884958 0.0325862068965504 0
0.315075376885 0.0337931034482753 0
0.317939698491919 0.00120689655172421 0
0.31793969849196 0.00241379310344899 0
0.317939698492001 0.00362068965517388 0
0.317939698492042 0.00482758620689864 0
0.317939698492084 0.00603448275862201 0
0.317939698492125 0.00724137931034558 0
0.317939698492166 0.00844827586206894 0
0.317939698492207 0.00965517241379239 0
0.317939698492249 0.0108620689655158 0
0.31793969849229 0.0120689655172395 0
0.317939698492331 0.0132758620689628 0
0.317939698492372 0.0144827586206862 0
0.317939698492413 0.01568965517241 0
0.317939698492455 0.0168965517241335 0
0.317939698492496 0.0181034482758566 0
0.317939698492537 0.0193103448275807 0
0.317939698492579 0.0205172413793058 0
0.31793969849262 0.0217241379310295 0
0.317939698492661 0.0229310344827533 0
0.317939698492702 0.0241379310344784 0
0.317939698492744 0.0253448275862021 0
0.317939698492785 0.0265517241379264 0
0.317939698492826 0.0277586206896511 0
0.317939698492867 0.0289655172413753 0
0.317939698492908 0.0301724137930989 0
0.31793969849295 0.0313793103448247 0
0.317939698492991 0.0325862068965503 0
0.317939698493032 0.0337931034482752 0
0.320804020099968 0.00120689655172418 0
0.320804020100009 0.00241379310344893 0
0.320804020100049 0.00362068965517379 0
0.32080402010009 0.00482758620689852 0
0.32080402010013 0.00603448275862186 0
0.320804020100171 0.00724137931034539 0
0.320804020100211 0.00844827586206871 0
0.320804020100252 0.00965517241379213 0
0.320804020100293 0.0108620689655155 0
0.320804020100333 0.0120689655172391 0
0.320804020100374 0.0132758620689624 0
0.320804020100414 0.0144827586206858 0
0.320804020100454 0.0156896551724096 0
0.320804020100495 0.0168965517241331 0
0.320804020100535 0.0181034482758562 0
0.320804020100576 0.0193103448275803 0
0.320804020100616 0.0205172413793054 0
0.320804020100657 0.0217241379310292 0
0.320804020100698 0.022931034482753 0
0.320804020100738 0.0241379310344781 0
0.320804020100779 0.0253448275862019 0
0.320804020100819 0.0265517241379261 0
0.32080402010086 0.0277586206896509 0
0.3208040201009 0.0289655172413751 0
0.320804020100941 0.0301724137930988 0
0.320804020100981 0.0313793103448246 0
0.320804020101021 0.0325862068965503 0
0.320804020101062 0.0337931034482752 0
0.323668341708018 0.00120689655172416 0
0.323668341708058 0.00241379310344887 0
0.323668341708097 0.00362068965517371 0
0.323668341708137 0.0048275862068984 0
0.323668341708177 0.00603448275862171 0
0.323668341708217 0.00724137931034521 0
0.323668341708256 0.0084482758620685 0
0.323668341708296 0.00965517241379189 0
0.323668341708336 0.0108620689655152 0
0.323668341708376 0.0120689655172388 0
0.323668341708416 0.0132758620689621 0
0.323668341708455 0.0144827586206854 0
0.323668341708495 0.0156896551724091 0
0.323668341708535 0.0168965517241326 0
0.323668341708575 0.0181034482758557 0
0.323668341708615 0.0193103448275799 0
0.323668341708654 0.020517241379305 0
0.323668341708694 0.0217241379310288 0
0.323668341708734 0.0229310344827526 0
0.323668341708774 0.0241379310344778 0
0.323668341708813 0.0253448275862016 0
0.323668341708853 0.0265517241379259 0
0.323668341708893 0.0277586206896507 0
0.323668341708933 0.028965517241375 0
0.323668341708973 0.0301724137930987 0
0.323668341709012 0.0313793103448245 0
0.323668341709052 0.0325862068965502 0
0.323668341709092 0.0337931034482752 0
0.326532663316067 0.00120689655172413 0
0.326532663316106 0.00241379310344881 0
0.326532663316146 0.00362068965517362 0
0.326532663316185 0.00482758620689828 0
0.326532663316224 0.00603448275862156 0
0.326532663316263 0.00724137931034502 0
0.326532663316302 0.00844827586206827 0
0.326532663316342 0.00965517241379163 0
0.326532663316381 0.0108620689655149 0
0.32653266331642 0.0120689655172385 0
0.326532663316459 0.0132758620689617 0
0.326532663316498 0.014482758620685 0
0.326532663316538 0.0156896551724087 0
0.326532663316577 0.0168965517241322 0
0.326532663316616 0.0181034482758553 0
0.326532663316655 0.0193103448275795 0
0.326532663316694 0.0205172413793046 0
0.326532663316734 0.0217241379310285 0
0.326532663316773 0.0229310344827523 0
0.326532663316812 0.0241379310344775 0
0.326532663316851 0.0253448275862014 0
0.32653266331689 0.0265517241379257 0
0.326532663316929 0.0277586206896505 0
0.326532663316969 0.0289655172413748 0
0.326532663317008 0.0301724137930986 0
0.326532663317047 0.0313793103448244 0
0.326532663317086 0.0325862068965501 0
0.326532663317125 0.0337931034482752 0
0.329396984924117 0.0012068965517241 0
0.329396984924156 0.00241379310344875 0
0.329396984924194 0.00362068965517353 0
0.329396984924233 0.00482758620689817 0
0.329396984924272 0.00603448275862141 0
0.329396984924311 0.00724137931034484 0
0.329396984924349 0.00844827586206806 0
0.329396984924388 0.00965517241379138 0
0.329396984924427 0.0108620689655146 0
0.329396984924465 0.0120689655172382 0
0.329396984924504 0.0132758620689614 0
0.329396984924543 0.0144827586206846 0
0.329396984924581 0.0156896551724083 0
0.32939698492462 0.0168965517241317 0
0.329396984924659 0.0181034482758548 0
0.329396984924697 0.019310344827579 0
0.329396984924736 0.0205172413793042 0
0.329396984924775 0.0217241379310281 0
0.329396984924814 0.022931034482752 0
0.329396984924852 0.0241379310344772 0
0.329396984924891 0.0253448275862011 0
0.32939698492493 0.0265517241379255 0
0.329396984924968 0.0277586206896503 0
0.329396984925007 0.0289655172413746 0
0.329396984925046 0.0301724137930985 0
0.329396984925085 0.0313793103448243 0
0.329396984925123 0.03258620689655 0
0.329396984925162 0.0337931034482751 0
0.332261306532167 0.00120689655172408 0
0.332261306532205 0.00241379310344869 0
0.332261306532243 0.00362068965517345 0
0.332261306532281 0.00482758620689805 0
0.33226130653232 0.00603448275862126 0
0.332261306532358 0.00724137931034466 0
0.332261306532396 0.00844827586206784 0
0.332261306532434 0.00965517241379113 0
0.332261306532472 0.0108620689655143 0
0.332261306532511 0.0120689655172378 0
0.332261306532549 0.013275862068961 0
0.332261306532587 0.0144827586206843 0
0.332261306532625 0.0156896551724079 0
0.332261306532664 0.0168965517241313 0
0.332261306532702 0.0181034482758544 0
0.33226130653274 0.0193103448275786 0
0.332261306532778 0.0205172413793039 0
0.332261306532816 0.0217241379310278 0
0.332261306532855 0.0229310344827517 0
0.332261306532893 0.024137931034477 0
0.332261306532931 0.0253448275862008 0
0.332261306532969 0.0265517241379252 0
0.332261306533008 0.0277586206896501 0
0.332261306533046 0.0289655172413745 0
0.332261306533084 0.0301724137930983 0
0.332261306533122 0.0313793103448243 0
0.33226130653316 0.03258620689655 0
0.332261306533199 0.0337931034482751 0
0.335125628140217 0.00120689655172405 0
0.335125628140254 0.00241379310344863 0
0.335125628140292 0.00362068965517336 0
0.335125628140329 0.00482758620689793 0
0.335125628140367 0.00603448275862111 0
0.335125628140405 0.00724137931034447 0
0.335125628140443 0.00844827586206761 0
0.335125628140481 0.00965517241379088 0
0.335125628140518 0.0108620689655141 0
0.335125628140556 0.0120689655172375 0
0.335125628140594 0.0132758620689607 0
0.335125628140631 0.0144827586206839 0
0.335125628140669 0.0156896551724075 0
0.335125628140707 0.0168965517241308 0
0.335125628140745 0.0181034482758539 0
0.335125628140782 0.0193103448275782 0
0.33512562814082 0.0205172413793035 0
0.335125628140858 0.0217241379310274 0
0.335125628140896 0.0229310344827513 0
0.335125628140933 0.0241379310344767 0
0.335125628140971 0.0253448275862006 0
0.335125628141009 0.026551724137925 0
0.335125628141047 0.0277586206896499 0
0.335125628141084 0.0289655172413743 0
0.335125628141122 0.0301724137930982 0
0.33512562814116 0.0313793103448241 0
0.335125628141198 0.0325862068965499 0
0.335125628141235 0.0337931034482751 0
0.337989949748266 0.00120689655172402 0
0.337989949748303 0.00241379310344857 0
0.337989949748341 0.00362068965517328 0
0.337989949748378 0.00482758620689782 0
0.337989949748415 0.00603448275862096 0
0.337989949748452 0.00724137931034429 0
0.337989949748489 0.00844827586206739 0
0.337989949748527 0.00965517241379062 0
0.337989949748564 0.0108620689655138 0
0.337989949748601 0.0120689655172372 0
0.337989949748639 0.0132758620689603 0
0.337989949748676 0.0144827586206835 0
0.337989949748713 0.015689655172407 0
0.33798994974875 0.0168965517241304 0
0.337989949748788 0.0181034482758535 0
0.337989949748825 0.0193103448275778 0
0.337989949748862 0.0205172413793031 0
0.337989949748899 0.0217241379310271 0
0.337989949748937 0.022931034482751 0
0.337989949748974 0.0241379310344764 0
0.337989949749011 0.0253448275862003 0
0.337989949749048 0.0265517241379248 0
0.337989949749086 0.0277586206896498 0
0.337989949749123 0.0289655172413742 0
0.33798994974916 0.0301724137930981 0
0.337989949749197 0.0313793103448241 0
0.337989949749235 0.0325862068965498 0
0.337989949749272 0.0337931034482751 0
0.340854271356316 0.001206896551724 0
0.340854271356352 0.00241379310344851 0
0.340854271356389 0.00362068965517319 0
0.340854271356425 0.0048275862068977 0
0.340854271356462 0.00603448275862081 0
0.340854271356498 0.0072413793103441 0
0.340854271356535 0.00844827586206717 0
0.340854271356571 0.00965517241379037 0
0.340854271356608 0.0108620689655135 0
0.340854271356645 0.0120689655172369 0
0.340854271356681 0.0132758620689599 0
0.340854271356718 0.0144827586206831 0
0.340854271356754 0.0156896551724066 0
0.340854271356791 0.0168965517241299 0
0.340854271356827 0.018103448275853 0
0.340854271356864 0.0193103448275774 0
0.340854271356901 0.0205172413793027 0
0.340854271356937 0.0217241379310267 0
0.340854271356974 0.0229310344827507 0
0.34085427135701 0.0241379310344761 0
0.340854271357047 0.0253448275862001 0
0.340854271357084 0.0265517241379246 0
0.34085427135712 0.0277586206896496 0
0.340854271357157 0.028965517241374 0
0.340854271357193 0.030172413793098 0
0.34085427135723 0.031379310344824 0
0.340854271357266 0.0325862068965498 0
0.340854271357303 0.033793103448275 0
0.343718592964365 0.00120689655172397 0
0.343718592964401 0.00241379310344845 0
0.343718592964437 0.00362068965517311 0
0.343718592964472 0.00482758620689758 0
0.343718592964508 0.00603448275862066 0
0.343718592964544 0.00724137931034391 0
0.34371859296458 0.00844827586206695 0
0.343718592964616 0.00965517241379012 0
0.343718592964652 0.0108620689655132 0
0.343718592964688 0.0120689655172365 0
0.343718592964724 0.0132758620689596 0
0.343718592964759 0.0144827586206827 0
0.343718592964795 0.0156896551724062 0
0.343718592964831 0.0168965517241295 0
0.343718592964867 0.0181034482758526 0
0.343718592964903 0.0193103448275769 0
0.343718592964939 0.0205172413793023 0
0.343718592964974 0.0217241379310264 0
0.34371859296501 0.0229310344827504 0
0.343718592965046 0.0241379310344758 0
0.343718592965082 0.0253448275861998 0
0.343718592965118 0.0265517241379244 0
0.343718592965154 0.0277586206896494 0
0.343718592965189 0.0289655172413739 0
0.343718592965225 0.0301724137930979 0
0.343718592965261 0.0313793103448239 0
0.343718592965297 0.0325862068965497 0
0.343718592965333 0.033793103448275 0
0.346582914572414 0.00120689655172394 0
0.346582914572449 0.00241379310344838 0
0.346582914572485 0.00362068965517302 0
0.34658291457252 0.00482758620689747 0
0.346582914572555 0.00603448275862051 0
0.34658291457259 0.00724137931034373 0
0.346582914572625 0.00844827586206673 0
0.34658291457266 0.00965517241378987 0
0.346582914572695 0.0108620689655129 0
0.34658291457273 0.0120689655172362 0
0.346582914572766 0.0132758620689592 0
0.346582914572801 0.0144827586206823 0
0.346582914572836 0.0156896551724058 0
0.346582914572871 0.016896551724129 0
0.346582914572906 0.0181034482758521 0
0.346582914572941 0.0193103448275765 0
0.346582914572976 0.0205172413793019 0
0.346582914573011 0.021724137931026 0
0.346582914573047 0.0229310344827501 0
0.346582914573082 0.0241379310344755 0
0.346582914573117 0.0253448275861996 0
0.346582914573152 0.0265517241379241 0
0.346582914573187 0.0277586206896492 0
0.346582914573222 0.0289655172413737 0
0.346582914573257 0.0301724137930978 0
0.346582914573292 0.0313793103448238 0
0.346582914573328 0.0325862068965497 0
0.346582914573363 0.033793103448275 0
0.349447236180464 0.00120689655172392 0
0.349447236180498 0.00241379310344832 0
0.349447236180533 0.00362068965517294 0
0.349447236180567 0.00482758620689735 0
0.349447236180602 0.00603448275862036 0
0.349447236180636 0.00724137931034355 0
0.34944723618067 0.00844827586206651 0
0.349447236180705 0.00965517241378962 0
0.349447236180739 0.0108620689655126 0
0.349447236180774 0.0120689655172359 0
0.349447236180808 0.0132758620689589 0
0.349447236180842 0.0144827586206819 0
0.349447236180877 0.0156896551724054 0
0.349447236180911 0.0168965517241286 0
0.349447236180945 0.0181034482758517 0
0.34944723618098 0.0193103448275761 0
0.349447236181014 0.0205172413793015 0
0.349447236181049 0.0217241379310257 0
0.349447236181083 0.0229310344827497 0
0.349447236181117 0.0241379310344752 0
0.349447236181152 0.0253448275861993 0
0.349447236181186 0.0265517241379239 0
0.349447236181221 0.027758620689649 0
0.349447236181255 0.0289655172413736 0
0.349447236181289 0.0301724137930976 0
0.349447236181324 0.0313793103448237 0
0.349447236181358 0.0325862068965496 0
0.349447236181393 0.033793103448275 0
0.352311557788513 0.00120689655172389 0
0.352311557788547 0.00241379310344826 0
0.352311557788581 0.00362068965517285 0
0.352311557788614 0.00482758620689723 0
0.352311557788648 0.00603448275862021 0
0.352311557788682 0.00724137931034336 0
0.352311557788715 0.00844827586206629 0
0.352311557788749 0.00965517241378937 0
0.352311557788783 0.0108620689655123 0
0.352311557788816 0.0120689655172356 0
0.35231155778885 0.0132758620689585 0
0.352311557788884 0.0144827586206815 0
0.352311557788917 0.0156896551724049 0
0.352311557788951 0.0168965517241281 0
0.352311557788985 0.0181034482758512 0
0.352311557789019 0.0193103448275757 0
0.352311557789052 0.0205172413793011 0
0.352311557789086 0.0217241379310253 0
0.352311557789119 0.0229310344827494 0
0.352311557789153 0.0241379310344749 0
0.352311557789187 0.0253448275861991 0
0.352311557789221 0.0265517241379237 0
0.352311557789254 0.0277586206896488 0
0.352311557789288 0.0289655172413734 0
0.352311557789321 0.0301724137930975 0
0.352311557789355 0.0313793103448236 0
0.352311557789389 0.0325862068965495 0
0.352311557789423 0.0337931034482749 0
0.355175879396563 0.00120689655172386 0
0.355175879396596 0.0024137931034482 0
0.355175879396628 0.00362068965517276 0
0.355175879396662 0.00482758620689712 0
0.355175879396694 0.00603448275862006 0
0.355175879396728 0.00724137931034318 0
0.35517587939676 0.00844827586206606 0
0.355175879396794 0.00965517241378912 0
0.355175879396826 0.010862068965512 0
0.355175879396859 0.0120689655172353 0
0.355175879396892 0.0132758620689582 0
0.355175879396925 0.0144827586206811 0
0.355175879396958 0.0156896551724045 0
0.355175879396991 0.0168965517241277 0
0.355175879397024 0.0181034482758507 0
0.355175879397057 0.0193103448275752 0
0.35517587939709 0.0205172413793007 0
0.355175879397123 0.0217241379310249 0
0.355175879397156 0.0229310344827491 0
0.355175879397189 0.0241379310344746 0
0.355175879397222 0.0253448275861988 0
0.355175879397255 0.0265517241379235 0
0.355175879397288 0.0277586206896486 0
0.355175879397321 0.0289655172413733 0
0.355175879397354 0.0301724137930974 0
0.355175879397387 0.0313793103448235 0
0.35517587939742 0.0325862068965494 0
0.355175879397452 0.0337931034482749 0
0.358040201004612 0.00120689655172384 0
0.358040201004644 0.00241379310344814 0
0.358040201004677 0.00362068965517268 0
0.358040201004709 0.004827586206897 0
0.358040201004741 0.00603448275861991 0
0.358040201004773 0.00724137931034299 0
0.358040201004805 0.00844827586206584 0
0.358040201004838 0.00965517241378886 0
0.35804020100487 0.0108620689655118 0
0.358040201004902 0.0120689655172349 0
0.358040201004934 0.0132758620689578 0
0.358040201004967 0.0144827586206807 0
0.358040201004999 0.0156896551724041 0
0.358040201005031 0.0168965517241272 0
0.358040201005063 0.0181034482758503 0
0.358040201005096 0.0193103448275748 0
0.358040201005128 0.0205172413793003 0
0.35804020100516 0.0217241379310246 0
0.358040201005192 0.0229310344827488 0
0.358040201005225 0.0241379310344743 0
0.358040201005257 0.0253448275861986 0
0.358040201005289 0.0265517241379232 0
0.358040201005321 0.0277586206896484 0
0.358040201005353 0.0289655172413731 0
0.358040201005386 0.0301724137930973 0
0.358040201005418 0.0313793103448234 0
0.35804020100545 0.0325862068965494 0
0.358040201005482 0.0337931034482749 0
0.360904522612661 0.00120689655172381 0
0.360904522612693 0.00241379310344808 0
0.360904522612724 0.00362068965517259 0
0.360904522612756 0.00482758620689688 0
0.360904522612787 0.00603448275861976 0
0.360904522612819 0.00724137931034281 0
0.360904522612851 0.00844827586206562 0
0.360904522612882 0.00965517241378861 0
0.360904522612914 0.0108620689655115 0
0.360904522612945 0.0120689655172346 0
0.360904522612977 0.0132758620689575 0
0.360904522613008 0.0144827586206803 0
0.36090452261304 0.0156896551724037 0
0.360904522613071 0.0168965517241268 0
0.360904522613103 0.0181034482758498 0
0.360904522613134 0.0193103448275744 0
0.360904522613166 0.0205172413792999 0
0.360904522613197 0.0217241379310242 0
0.360904522613229 0.0229310344827485 0
0.36090452261326 0.024137931034474 0
0.360904522613292 0.0253448275861983 0
0.360904522613323 0.026551724137923 0
0.360904522613355 0.0277586206896482 0
0.360904522613386 0.0289655172413729 0
0.360904522613418 0.0301724137930972 0
0.360904522613449 0.0313793103448233 0
0.360904522613481 0.0325862068965493 0
0.360904522613513 0.0337931034482749 0
0.363768844220711 0.00120689655172378 0
0.363768844220742 0.00241379310344802 0
0.363768844220773 0.00362068965517251 0
0.363768844220804 0.00482758620689677 0
0.363768844220834 0.00603448275861961 0
0.363768844220865 0.00724137931034262 0
0.363768844220896 0.0084482758620654 0
0.363768844220927 0.00965517241378836 0
0.363768844220957 0.0108620689655112 0
0.363768844220988 0.0120689655172343 0
0.363768844221019 0.0132758620689571 0
0.36376884422105 0.01448275862068 0
0.363768844221081 0.0156896551724032 0
0.363768844221111 0.0168965517241263 0
0.363768844221142 0.0181034482758494 0
0.363768844221173 0.019310344827574 0
0.363768844221204 0.0205172413792995 0
0.363768844221234 0.0217241379310239 0
0.363768844221265 0.0229310344827482 0
0.363768844221296 0.0241379310344738 0
0.363768844221327 0.0253448275861981 0
0.363768844221358 0.0265517241379228 0
0.363768844221388 0.027758620689648 0
0.363768844221419 0.0289655172413728 0
0.36376884422145 0.030172413793097 0
0.36376884422148 0.0313793103448233 0
0.363768844221511 0.0325862068965492 0
0.363768844221542 0.0337931034482748 0
0.36663316582876 0.00120689655172376 0
0.366633165828791 0.00241379310344796 0
0.366633165828821 0.00362068965517242 0
0.366633165828851 0.00482758620689665 0
0.366633165828881 0.00603448275861946 0
0.366633165828911 0.00724137931034244 0
0.366633165828941 0.00844827586206518 0
0.366633165828971 0.00965517241378811 0
0.366633165829001 0.0108620689655109 0
0.366633165829031 0.012068965517234 0
0.366633165829061 0.0132758620689568 0
0.366633165829091 0.0144827586206796 0
0.366633165829121 0.0156896551724028 0
0.366633165829151 0.0168965517241258 0
0.366633165829181 0.0181034482758489 0
0.366633165829212 0.0193103448275736 0
0.366633165829241 0.0205172413792991 0
0.366633165829272 0.0217241379310235 0
0.366633165829302 0.0229310344827478 0
0.366633165829332 0.0241379310344735 0
0.366633165829362 0.0253448275861978 0
0.366633165829392 0.0265517241379226 0
0.366633165829422 0.0277586206896478 0
0.366633165829452 0.0289655172413726 0
0.366633165829482 0.0301724137930969 0
0.366633165829512 0.0313793103448232 0
0.366633165829542 0.0325862068965492 0
0.366633165829572 0.0337931034482748 0
0.36949748743681 0.00120689655172373 0
0.369497487436839 0.0024137931034479 0
0.369497487436869 0.00362068965517234 0
0.369497487436898 0.00482758620689653 0
0.369497487436927 0.00603448275861931 0
0.369497487436957 0.00724137931034225 0
0.369497487436986 0.00844827586206496 0
0.369497487437015 0.00965517241378785 0
0.369497487437045 0.0108620689655106 0
0.369497487437074 0.0120689655172336 0
0.369497487437103 0.0132758620689564 0
0.369497487437133 0.0144827586206792 0
0.369497487437162 0.0156896551724024 0
0.369497487437191 0.0168965517241254 0
0.369497487437221 0.0181034482758485 0
0.36949748743725 0.0193103448275731 0
0.369497487437279 0.0205172413792987 0
0.369497487437309 0.0217241379310232 0
0.369497487437338 0.0229310344827475 0
0.369497487437367 0.0241379310344732 0
0.369497487437397 0.0253448275861976 0
0.369497487437426 0.0265517241379223 0
0.369497487437455 0.0277586206896476 0
0.369497487437485 0.0289655172413725 0
0.369497487437514 0.0301724137930968 0
0.369497487437543 0.0313793103448231 0
0.369497487437573 0.0325862068965491 0
0.369497487437602 0.0337931034482748 0
0.372361809044853 0.0012068965517237 0
0.372361809044882 0.00241379310344784 0
0.372361809044911 0.00362068965517225 0
0.372361809044939 0.00482758620689641 0
0.372361809044968 0.00603448275861916 0
0.372361809044997 0.00724137931034207 0
0.372361809045026 0.00844827586206474 0
0.372361809045055 0.0096551724137876 0
0.372361809045084 0.0108620689655103 0
0.372361809045113 0.0120689655172333 0
0.372361809045141 0.0132758620689561 0
0.37236180904517 0.0144827586206788 0
0.372361809045199 0.015689655172402 0
0.372361809045228 0.016896551724125 0
0.372361809045257 0.018103448275848 0
0.372361809045286 0.0193103448275727 0
0.372361809045315 0.0205172413792983 0
0.372361809045343 0.0217241379310228 0
0.372361809045372 0.0229310344827472 0
0.372361809045401 0.0241379310344729 0
0.37236180904543 0.0253448275861973 0
0.372361809045459 0.0265517241379221 0
0.372361809045487 0.0277586206896474 0
0.372361809045516 0.0289655172413723 0
0.372361809045545 0.0301724137930967 0
0.372361809045574 0.031379310344823 0
0.372361809045603 0.032586206896549 0
0.372361809045632 0.0337931034482747 0
0.375226130652893 0.00120689655172368 0
0.375226130652921 0.00241379310344778 0
0.37522613065295 0.00362068965517217 0
0.375226130652979 0.0048275862068963 0
0.375226130653007 0.00603448275861901 0
0.375226130653036 0.00724137931034188 0
0.375226130653064 0.00844827586206452 0
0.375226130653093 0.00965517241378736 0
0.375226130653121 0.01086206896551 0
0.37522613065315 0.012068965517233 0
0.375226130653179 0.0132758620689557 0
0.375226130653207 0.0144827586206784 0
0.375226130653236 0.0156896551724016 0
0.375226130653264 0.0168965517241245 0
0.375226130653293 0.0181034482758476 0
0.375226130653321 0.0193103448275723 0
0.37522613065335 0.0205172413792979 0
0.375226130653379 0.0217241379310225 0
0.375226130653407 0.0229310344827469 0
0.375226130653436 0.0241379310344726 0
0.375226130653464 0.0253448275861971 0
0.375226130653493 0.0265517241379219 0
0.375226130653521 0.0277586206896473 0
0.37522613065355 0.0289655172413722 0
0.375226130653578 0.0301724137930966 0
0.375226130653607 0.0313793103448229 0
0.375226130653635 0.032586206896549 0
0.375226130653664 0.0337931034482747 0
0.378090452260929 0.00120689655172365 0
0.378090452260958 0.00241379310344772 0
0.378090452260986 0.00362068965517208 0
0.378090452261015 0.00482758620689618 0
0.378090452261043 0.00603448275861886 0
0.378090452261072 0.0072413793103417 0
0.378090452261101 0.00844827586206429 0
0.378090452261129 0.00965517241378711 0
0.378090452261158 0.0108620689655098 0
0.378090452261186 0.0120689655172327 0
0.378090452261215 0.0132758620689554 0
0.378090452261243 0.014482758620678 0
0.378090452261272 0.0156896551724011 0
0.378090452261301 0.0168965517241241 0
0.378090452261329 0.0181034482758471 0
0.378090452261358 0.0193103448275719 0
0.378090452261386 0.0205172413792975 0
0.378090452261415 0.0217241379310221 0
0.378090452261443 0.0229310344827466 0
0.378090452261472 0.0241379310344723 0
0.3780904522615 0.0253448275861968 0
0.378090452261529 0.0265517241379217 0
0.378090452261557 0.0277586206896471 0
0.378090452261586 0.028965517241372 0
0.378090452261615 0.0301724137930965 0
0.378090452261643 0.0313793103448228 0
0.378090452261672 0.0325862068965489 0
0.3780904522617 0.0337931034482747 0
0.380954773868965 0.00120689655172362 0
0.380954773868994 0.00241379310344766 0
0.380954773869023 0.00362068965517199 0
0.380954773869051 0.00482758620689606 0
0.38095477386908 0.00603448275861871 0
0.380954773869108 0.00724137931034151 0
0.380954773869137 0.00844827586206407 0
0.380954773869165 0.00965517241378685 0
0.380954773869194 0.0108620689655095 0
0.380954773869222 0.0120689655172324 0
0.380954773869251 0.013275862068955 0
0.38095477386928 0.0144827586206776 0
0.380954773869308 0.0156896551724007 0
0.380954773869337 0.0168965517241236 0
0.380954773869365 0.0181034482758467 0
0.380954773869394 0.0193103448275714 0
0.380954773869422 0.0205172413792971 0
0.380954773869451 0.0217241379310218 0
0.380954773869479 0.0229310344827462 0
0.380954773869508 0.024137931034472 0
0.380954773869537 0.0253448275861966 0
0.380954773869565 0.0265517241379215 0
0.380954773869594 0.0277586206896469 0
0.380954773869622 0.0289655172413718 0
0.380954773869651 0.0301724137930963 0
0.380954773869679 0.0313793103448227 0
0.380954773869708 0.0325862068965488 0
0.380954773869736 0.0337931034482747 0
0.383819095477002 0.0012068965517236 0
0.38381909547703 0.0024137931034476 0
0.383819095477059 0.00362068965517191 0
0.383819095477087 0.00482758620689594 0
0.383819095477116 0.00603448275861857 0
0.383819095477144 0.00724137931034133 0
0.383819095477173 0.00844827586206385 0
0.383819095477202 0.0096551724137866 0
0.38381909547723 0.0108620689655092 0
0.383819095477259 0.012068965517232 0
0.383819095477287 0.0132758620689547 0
0.383819095477316 0.0144827586206772 0
0.383819095477344 0.0156896551724003 0
0.383819095477373 0.0168965517241231 0
0.383819095477401 0.0181034482758462 0
0.38381909547743 0.019310344827571 0
0.383819095477459 0.0205172413792967 0
0.383819095477487 0.0217241379310214 0
0.383819095477516 0.0229310344827459 0
0.383819095477544 0.0241379310344717 0
0.383819095477573 0.0253448275861963 0
0.383819095477601 0.0265517241379212 0
0.38381909547763 0.0277586206896467 0
0.383819095477658 0.0289655172413717 0
0.383819095477687 0.0301724137930962 0
0.383819095477715 0.0313793103448226 0
0.383819095477744 0.0325862068965488 0
0.383819095477772 0.0337931034482746 0
0.386683417085038 0.00120689655172357 0
0.386683417085066 0.00241379310344754 0
0.386683417085095 0.00362068965517182 0
0.386683417085124 0.00482758620689583 0
0.386683417085152 0.00603448275861842 0
0.386683417085181 0.00724137931034114 0
0.386683417085209 0.00844827586206363 0
0.386683417085238 0.00965517241378635 0
0.386683417085266 0.0108620689655089 0
0.386683417085295 0.0120689655172317 0
0.386683417085323 0.0132758620689543 0
0.386683417085352 0.0144827586206769 0
0.386683417085381 0.0156896551723999 0
0.386683417085409 0.0168965517241227 0
0.386683417085438 0.0181034482758458 0
0.386683417085466 0.0193103448275706 0
0.386683417085495 0.0205172413792963 0
0.386683417085523 0.0217241379310211 0
0.386683417085552 0.0229310344827456 0
0.38668341708558 0.0241379310344714 0
0.386683417085609 0.0253448275861961 0
0.386683417085637 0.026551724137921 0
0.386683417085666 0.0277586206896465 0
0.386683417085694 0.0289655172413715 0
0.386683417085723 0.0301724137930961 0
0.386683417085751 0.0313793103448225 0
0.38668341708578 0.0325862068965487 0
0.386683417085809 0.0337931034482746 0
0.389547738693079 0.00120689655172354 0
0.389547738693107 0.00241379310344748 0
0.389547738693136 0.00362068965517174 0
0.389547738693164 0.00482758620689571 0
0.389547738693193 0.00603448275861826 0
0.389547738693221 0.00724137931034096 0
0.389547738693249 0.00844827586206341 0
0.389547738693278 0.0096551724137861 0
0.389547738693306 0.0108620689655086 0
0.389547738693334 0.0120689655172314 0
0.389547738693363 0.0132758620689539 0
0.389547738693391 0.0144827586206765 0
0.389547738693419 0.0156896551723994 0
0.389547738693448 0.0168965517241222 0
0.389547738693476 0.0181034482758453 0
0.389547738693505 0.0193103448275702 0
0.389547738693533 0.020517241379296 0
0.389547738693561 0.0217241379310207 0
0.38954773869359 0.0229310344827453 0
0.389547738693618 0.0241379310344711 0
0.389547738693647 0.0253448275861958 0
0.389547738693675 0.0265517241379208 0
0.389547738693703 0.0277586206896463 0
0.389547738693731 0.0289655172413714 0
0.38954773869376 0.030172413793096 0
0.389547738693788 0.0313793103448224 0
0.389547738693816 0.0325862068965486 0
0.389547738693845 0.0337931034482746 0
0.392412060301124 0.00120689655172352 0
0.392412060301151 0.00241379310344742 0
0.392412060301179 0.00362068965517165 0
0.392412060301208 0.00482758620689559 0
0.392412060301235 0.00603448275861812 0
0.392412060301264 0.00724137931034077 0
0.392412060301291 0.00844827586206319 0
0.392412060301319 0.00965517241378584 0
0.392412060301348 0.0108620689655083 0
0.392412060301376 0.0120689655172311 0
0.392412060301404 0.0132758620689536 0
0.392412060301432 0.0144827586206761 0
0.39241206030146 0.015689655172399 0
0.392412060301488 0.0168965517241218 0
0.392412060301516 0.0181034482758449 0
0.392412060301544 0.0193103448275698 0
0.392412060301572 0.0205172413792955 0
0.3924120603016 0.0217241379310203 0
0.392412060301628 0.022931034482745 0
0.392412060301656 0.0241379310344708 0
0.392412060301684 0.0253448275861956 0
0.392412060301712 0.0265517241379206 0
0.39241206030174 0.0277586206896461 0
0.392412060301768 0.0289655172413712 0
0.392412060301796 0.0301724137930959 0
0.392412060301824 0.0313793103448223 0
0.392412060301852 0.0325862068965486 0
0.39241206030188 0.0337931034482745 0
0.395276381909173 0.00120689655172349 0
0.3952763819092 0.00241379310344736 0
0.395276381909227 0.00362068965517157 0
0.395276381909255 0.00482758620689548 0
0.395276381909282 0.00603448275861797 0
0.395276381909309 0.00724137931034059 0
0.395276381909337 0.00844827586206297 0
0.395276381909364 0.00965517241378559 0
0.395276381909391 0.010862068965508 0
0.395276381909419 0.0120689655172308 0
0.395276381909446 0.0132758620689532 0
0.395276381909473 0.0144827586206757 0
0.3952763819095 0.0156896551723986 0
0.395276381909528 0.0168965517241213 0
0.395276381909555 0.0181034482758444 0
0.395276381909582 0.0193103448275693 0
0.39527638190961 0.0205172413792951 0
0.395276381909637 0.02172413793102 0
0.395276381909664 0.0229310344827446 0
0.395276381909692 0.0241379310344705 0
0.395276381909719 0.0253448275861953 0
0.395276381909746 0.0265517241379204 0
0.395276381909773 0.0277586206896459 0
0.395276381909801 0.0289655172413711 0
0.395276381909828 0.0301724137930957 0
0.395276381909855 0.0313793103448223 0
0.395276381909883 0.0325862068965485 0
0.39527638190991 0.0337931034482745 0
0.398140703517222 0.00120689655172346 0
0.398140703517249 0.0024137931034473 0
0.398140703517275 0.00362068965517148 0
0.398140703517302 0.00482758620689536 0
0.398140703517329 0.00603448275861782 0
0.398140703517355 0.0072413793103404 0
0.398140703517382 0.00844827586206275 0
0.398140703517408 0.00965517241378534 0
0.398140703517435 0.0108620689655078 0
0.398140703517462 0.0120689655172304 0
0.398140703517488 0.0132758620689529 0
0.398140703517515 0.0144827586206753 0
0.398140703517541 0.0156896551723982 0
0.398140703517568 0.0168965517241209 0
0.398140703517595 0.018103448275844 0
0.398140703517621 0.0193103448275689 0
0.398140703517648 0.0205172413792948 0
0.398140703517674 0.0217241379310196 0
0.398140703517701 0.0229310344827443 0
0.398140703517727 0.0241379310344703 0
0.398140703517754 0.0253448275861951 0
0.398140703517781 0.0265517241379201 0
0.398140703517807 0.0277586206896457 0
0.398140703517834 0.0289655172413709 0
0.39814070351786 0.0301724137930956 0
0.398140703517887 0.0313793103448222 0
0.398140703517913 0.0325862068965484 0
0.39814070351794 0.0337931034482745 0
0.401005025125272 0.00120689655172344 0
0.401005025125298 0.00241379310344723 0
0.401005025125323 0.00362068965517139 0
0.401005025125349 0.00482758620689524 0
0.401005025125375 0.00603448275861767 0
0.401005025125401 0.00724137931034022 0
0.401005025125427 0.00844827586206253 0
0.401005025125453 0.00965517241378509 0
0.401005025125478 0.0108620689655075 0
0.401005025125504 0.0120689655172301 0
0.40100502512553 0.0132758620689525 0
0.401005025125556 0.0144827586206749 0
0.401005025125582 0.0156896551723977 0
0.401005025125608 0.0168965517241204 0
0.401005025125634 0.0181034482758435 0
0.40100502512566 0.0193103448275685 0
0.401005025125685 0.0205172413792944 0
0.401005025125711 0.0217241379310193 0
0.401005025125737 0.022931034482744 0
0.401005025125763 0.02413793103447 0
0.401005025125789 0.0253448275861948 0
0.401005025125815 0.0265517241379199 0
0.401005025125841 0.0277586206896455 0
0.401005025125866 0.0289655172413707 0
0.401005025125892 0.0301724137930955 0
0.401005025125918 0.0313793103448221 0
0.401005025125944 0.0325862068965484 0
0.40100502512597 0.0337931034482745 0
0.403869346733321 0.00120689655172341 0
0.403869346733346 0.00241379310344717 0
0.403869346733371 0.00362068965517131 0
0.403869346733397 0.00482758620689513 0
0.403869346733422 0.00603448275861752 0
0.403869346733447 0.00724137931034004 0
0.403869346733472 0.0084482758620623 0
0.403869346733497 0.00965517241378484 0
0.403869346733522 0.0108620689655072 0
0.403869346733547 0.0120689655172298 0
0.403869346733573 0.0132758620689522 0
0.403869346733598 0.0144827586206745 0
0.403869346733623 0.0156896551723973 0
0.403869346733648 0.01689655172412 0
0.403869346733673 0.0181034482758431 0
0.403869346733698 0.0193103448275681 0
0.403869346733723 0.020517241379294 0
0.403869346733748 0.0217241379310189 0
0.403869346733774 0.0229310344827437 0
0.403869346733799 0.0241379310344697 0
0.403869346733824 0.0253448275861946 0
0.403869346733849 0.0265517241379197 0
0.403869346733874 0.0277586206896453 0
0.403869346733899 0.0289655172413706 0
0.403869346733924 0.0301724137930954 0
0.40386934673395 0.031379310344822 0
0.403869346733975 0.0325862068965483 0
0.403869346734 0.0337931034482744 0
0.40673366834137 0.00120689655172338 0
0.406733668341395 0.00241379310344711 0
0.406733668341419 0.00362068965517122 0
0.406733668341444 0.00482758620689501 0
0.406733668341468 0.00603448275861737 0
0.406733668341493 0.00724137931033985 0
0.406733668341517 0.00844827586206208 0
0.406733668341542 0.00965517241378458 0
0.406733668341566 0.0108620689655069 0
0.40673366834159 0.0120689655172294 0
0.406733668341615 0.0132758620689518 0
0.406733668341639 0.0144827586206741 0
0.406733668341664 0.0156896551723969 0
0.406733668341688 0.0168965517241195 0
0.406733668341712 0.0181034482758426 0
0.406733668341737 0.0193103448275676 0
0.406733668341761 0.0205172413792936 0
0.406733668341786 0.0217241379310186 0
0.40673366834181 0.0229310344827434 0
0.406733668341834 0.0241379310344694 0
0.406733668341859 0.0253448275861943 0
0.406733668341883 0.0265517241379195 0
0.406733668341908 0.0277586206896451 0
0.406733668341932 0.0289655172413705 0
0.406733668341957 0.0301724137930953 0
0.406733668341981 0.0313793103448219 0
0.406733668342005 0.0325862068965482 0
0.40673366834203 0.0337931034482744 0
0.40959798994942 0.00120689655172336 0
0.409597989949444 0.00241379310344705 0
0.409597989949467 0.00362068965517114 0
0.409597989949491 0.00482758620689489 0
0.409597989949515 0.00603448275861722 0
0.409597989949539 0.00724137931033967 0
0.409597989949562 0.00844827586206187 0
0.409597989949586 0.00965517241378433 0
0.409597989949609 0.0108620689655066 0
0.409597989949633 0.0120689655172291 0
0.409597989949657 0.0132758620689515 0
0.409597989949681 0.0144827586206737 0
0.409597989949704 0.0156896551723965 0
0.409597989949728 0.0168965517241191 0
0.409597989949752 0.0181034482758422 0
0.409597989949775 0.0193103448275672 0
0.409597989949799 0.0205172413792932 0
0.409597989949823 0.0217241379310182 0
0.409597989949846 0.022931034482743 0
0.40959798994987 0.0241379310344691 0
0.409597989949894 0.0253448275861941 0
0.409597989949917 0.0265517241379192 0
0.409597989949941 0.0277586206896449 0
0.409597989949965 0.0289655172413703 0
0.409597989949989 0.0301724137930952 0
0.409597989950012 0.0313793103448218 0
0.409597989950036 0.0325862068965482 0
0.40959798995006 0.0337931034482744 0
0.412462311557469 0.00120689655172333 0
0.412462311557493 0.00241379310344699 0
0.412462311557515 0.00362068965517105 0
0.412462311557538 0.00482758620689478 0
0.412462311557561 0.00603448275861707 0
0.412462311557584 0.00724137931033948 0
0.412462311557607 0.00844827586206165 0
0.41246231155763 0.00965517241378408 0
0.412462311557653 0.0108620689655063 0
0.412462311557676 0.0120689655172288 0
0.412462311557699 0.0132758620689511 0
0.412462311557722 0.0144827586206733 0
0.412462311557745 0.015689655172396 0
0.412462311557768 0.0168965517241186 0
0.412462311557791 0.0181034482758417 0
0.412462311557814 0.0193103448275668 0
0.412462311557837 0.0205172413792928 0
0.41246231155786 0.0217241379310179 0
0.412462311557883 0.0229310344827427 0
0.412462311557906 0.0241379310344688 0
0.412462311557929 0.0253448275861938 0
0.412462311557952 0.026551724137919 0
0.412462311557975 0.0277586206896447 0
0.412462311557998 0.0289655172413701 0
0.412462311558021 0.030172413793095 0
0.412462311558044 0.0313793103448217 0
0.412462311558067 0.0325862068965481 0
0.412462311558089 0.0337931034482744 0
0.415326633165519 0.0012068965517233 0
0.415326633165541 0.00241379310344693 0
0.415326633165564 0.00362068965517097 0
0.415326633165586 0.00482758620689466 0
0.415326633165608 0.00603448275861692 0
0.41532663316563 0.0072413793103393 0
0.415326633165652 0.00844827586206142 0
0.415326633165675 0.00965517241378383 0
0.415326633165697 0.010862068965506 0
0.415326633165719 0.0120689655172285 0
0.415326633165741 0.0132758620689508 0
0.415326633165764 0.014482758620673 0
0.415326633165786 0.0156896551723956 0
0.415326633165808 0.0168965517241182 0
0.41532663316583 0.0181034482758413 0
0.415326633165853 0.0193103448275664 0
0.415326633165875 0.0205172413792924 0
0.415326633165897 0.0217241379310175 0
0.415326633165919 0.0229310344827424 0
0.415326633165941 0.0241379310344685 0
0.415326633165964 0.0253448275861936 0
0.415326633165986 0.0265517241379188 0
0.415326633166008 0.0277586206896446 0
0.415326633166031 0.02896551724137 0
0.415326633166053 0.0301724137930949 0
0.415326633166075 0.0313793103448216 0
0.415326633166097 0.032586206896548 0
0.41532663316612 0.0337931034482743 0
0.418190954773568 0.00120689655172328 0
0.41819095477359 0.00241379310344687 0
0.418190954773611 0.00362068965517088 0
0.418190954773633 0.00482758620689454 0
0.418190954773654 0.00603448275861677 0
0.418190954773676 0.00724137931033911 0
0.418190954773697 0.0084482758620612 0
0.418190954773719 0.00965517241378358 0
0.418190954773741 0.0108620689655058 0
0.418190954773762 0.0120689655172282 0
0.418190954773783 0.0132758620689504 0
0.418190954773805 0.0144827586206726 0
0.418190954773827 0.0156896551723952 0
0.418190954773848 0.0168965517241177 0
0.41819095477387 0.0181034482758408 0
0.418190954773891 0.019310344827566 0
0.418190954773913 0.020517241379292 0
0.418190954773934 0.0217241379310172 0
0.418190954773956 0.0229310344827421 0
0.418190954773977 0.0241379310344682 0
0.418190954773999 0.0253448275861933 0
0.41819095477402 0.0265517241379186 0
0.418190954774042 0.0277586206896444 0
0.418190954774063 0.0289655172413698 0
0.418190954774085 0.0301724137930948 0
0.418190954774106 0.0313793103448215 0
0.418190954774128 0.032586206896548 0
0.418190954774149 0.0337931034482743 0
0.421055276381618 0.00120689655172325 0
0.421055276381639 0.00241379310344681 0
0.42105527638166 0.0036206896551708 0
0.421055276381681 0.00482758620689442 0
0.421055276381702 0.00603448275861662 0
0.421055276381723 0.00724137931033893 0
0.421055276381744 0.00844827586206098 0
0.421055276381765 0.00965517241378333 0
0.421055276381786 0.0108620689655055 0
0.421055276381807 0.0120689655172278 0
0.421055276381828 0.0132758620689501 0
0.421055276381849 0.0144827586206722 0
0.42105527638187 0.0156896551723948 0
0.421055276381891 0.0168965517241173 0
0.421055276381912 0.0181034482758404 0
0.421055276381933 0.0193103448275655 0
0.421055276381954 0.0205172413792916 0
0.421055276381975 0.0217241379310168 0
0.421055276381996 0.0229310344827418 0
0.421055276382017 0.0241379310344679 0
0.421055276382038 0.0253448275861931 0
0.421055276382059 0.0265517241379184 0
0.42105527638208 0.0277586206896442 0
0.421055276382101 0.0289655172413697 0
0.421055276382122 0.0301724137930947 0
0.421055276382143 0.0313793103448214 0
0.421055276382164 0.0325862068965479 0
0.421055276382185 0.0337931034482743 0
0.423919597989668 0.00120689655172322 0
0.423919597989688 0.00241379310344675 0
0.423919597989709 0.00362068965517071 0
0.423919597989729 0.00482758620689431 0
0.42391959798975 0.00603448275861647 0
0.42391959798977 0.00724137931033874 0
0.423919597989791 0.00844827586206076 0
0.423919597989811 0.00965517241378307 0
0.423919597989832 0.0108620689655052 0
0.423919597989853 0.0120689655172275 0
0.423919597989873 0.0132758620689497 0
0.423919597989893 0.0144827586206718 0
0.423919597989914 0.0156896551723944 0
0.423919597989935 0.0168965517241168 0
0.423919597989955 0.0181034482758399 0
0.423919597989976 0.0193103448275651 0
0.423919597989996 0.0205172413792912 0
0.423919597990017 0.0217241379310165 0
0.423919597990037 0.0229310344827415 0
0.423919597990058 0.0241379310344676 0
0.423919597990078 0.0253448275861928 0
0.423919597990099 0.0265517241379181 0
0.423919597990119 0.027758620689644 0
0.42391959799014 0.0289655172413695 0
0.42391959799016 0.0301724137930946 0
0.423919597990181 0.0313793103448214 0
0.423919597990201 0.0325862068965478 0
0.423919597990222 0.0337931034482742 0
0.426783919597717 0.0012068965517232 0
0.426783919597737 0.00241379310344669 0
0.426783919597758 0.00362068965517063 0
0.426783919597778 0.00482758620689419 0
0.426783919597797 0.00603448275861632 0
0.426783919597818 0.00724137931033856 0
0.426783919597838 0.00844827586206054 0
0.426783919597858 0.00965517241378282 0
0.426783919597878 0.0108620689655049 0
0.426783919597898 0.0120689655172272 0
0.426783919597918 0.0132758620689494 0
0.426783919597938 0.0144827586206714 0
0.426783919597958 0.0156896551723939 0
0.426783919597978 0.0168965517241164 0
0.426783919597998 0.0181034482758394 0
0.426783919598018 0.0193103448275647 0
0.426783919598038 0.0205172413792908 0
0.426783919598058 0.0217241379310161 0
0.426783919598078 0.0229310344827411 0
0.426783919598098 0.0241379310344673 0
0.426783919598118 0.0253448275861925 0
0.426783919598138 0.0265517241379179 0
0.426783919598158 0.0277586206896438 0
0.426783919598178 0.0289655172413694 0
0.426783919598198 0.0301724137930944 0
0.426783919598218 0.0313793103448213 0
0.426783919598238 0.0325862068965478 0
0.426783919598259 0.0337931034482742 0
0.429648241205767 0.00120689655172317 0
0.429648241205787 0.00241379310344663 0
0.429648241205806 0.00362068965517054 0
0.429648241205826 0.00482758620689407 0
0.429648241205845 0.00603448275861617 0
0.429648241205865 0.00724137931033837 0
0.429648241205885 0.00844827586206032 0
0.429648241205904 0.00965517241378257 0
0.429648241205923 0.0108620689655046 0
0.429648241205943 0.0120689655172269 0
0.429648241205963 0.013275862068949 0
0.429648241205982 0.014482758620671 0
0.429648241206002 0.0156896551723935 0
0.429648241206021 0.0168965517241159 0
0.429648241206041 0.018103448275839 0
0.42964824120606 0.0193103448275643 0
0.42964824120608 0.0205172413792904 0
0.4296482412061 0.0217241379310158 0
0.429648241206119 0.0229310344827408 0
0.429648241206139 0.024137931034467 0
0.429648241206158 0.0253448275861923 0
0.429648241206178 0.0265517241379177 0
0.429648241206197 0.0277586206896436 0
0.429648241206217 0.0289655172413692 0
0.429648241206236 0.0301724137930943 0
0.429648241206256 0.0313793103448212 0
0.429648241206275 0.0325862068965477 0
0.429648241206295 0.0337931034482742 0
0.432512562813817 0.00120689655172314 0
0.432512562813836 0.00241379310344657 0
0.432512562813855 0.00362068965517045 0
0.432512562813874 0.00482758620689396 0
0.432512562813893 0.00603448275861602 0
0.432512562813912 0.00724137931033819 0
0.432512562813931 0.0084482758620601 0
0.43251256281395 0.00965517241378232 0
0.432512562813969 0.0108620689655043 0
0.432512562813988 0.0120689655172266 0
0.432512562814007 0.0132758620689486 0
0.432512562814027 0.0144827586206706 0
0.432512562814046 0.0156896551723931 0
0.432512562814065 0.0168965517241155 0
0.432512562814084 0.0181034482758385 0
0.432512562814103 0.0193103448275639 0
0.432512562814122 0.02051724137929 0
0.432512562814141 0.0217241379310154 0
0.43251256281416 0.0229310344827405 0
0.432512562814179 0.0241379310344668 0
0.432512562814198 0.0253448275861921 0
0.432512562814217 0.0265517241379175 0
0.432512562814236 0.0277586206896434 0
0.432512562814255 0.028965517241369 0
0.432512562814274 0.0301724137930942 0
0.432512562814294 0.0313793103448211 0
0.432512562814313 0.0325862068965476 0
0.432512562814332 0.0337931034482742 0
0.435376884421866 0.00120689655172312 0
0.435376884421885 0.00241379310344651 0
0.435376884421904 0.00362068965517037 0
0.435376884421922 0.00482758620689384 0
0.435376884421941 0.00603448275861587 0
0.435376884421959 0.007241379310338 0
0.435376884421978 0.00844827586205987 0
0.435376884421997 0.00965517241378207 0
0.435376884422015 0.010862068965504 0
0.435376884422034 0.0120689655172262 0
0.435376884422052 0.0132758620689483 0
0.435376884422071 0.0144827586206702 0
0.435376884422089 0.0156896551723927 0
0.435376884422108 0.016896551724115 0
0.435376884422127 0.0181034482758381 0
0.435376884422145 0.0193103448275634 0
0.435376884422164 0.0205172413792896 0
0.435376884422182 0.0217241379310151 0
0.435376884422201 0.0229310344827402 0
0.43537688442222 0.0241379310344665 0
0.435376884422238 0.0253448275861918 0
0.435376884422257 0.0265517241379172 0
0.435376884422275 0.0277586206896432 0
0.435376884422294 0.0289655172413689 0
0.435376884422313 0.0301724137930941 0
0.435376884422331 0.031379310344821 0
0.43537688442235 0.0325862068965476 0
0.435376884422368 0.0337931034482741 0
0.438241206029916 0.00120689655172309 0
0.438241206029934 0.00241379310344645 0
0.438241206029952 0.00362068965517028 0
0.438241206029971 0.00482758620689372 0
0.438241206029989 0.00603448275861572 0
0.438241206030007 0.00724137931033782 0
0.438241206030025 0.00844827586205965 0
0.438241206030043 0.00965517241378182 0
0.438241206030061 0.0108620689655038 0
0.438241206030079 0.0120689655172259 0
0.438241206030097 0.0132758620689479 0
0.438241206030115 0.0144827586206698 0
0.438241206030134 0.0156896551723922 0
0.438241206030152 0.0168965517241146 0
0.43824120603017 0.0181034482758376 0
0.438241206030188 0.019310344827563 0
0.438241206030206 0.0205172413792892 0
0.438241206030224 0.0217241379310147 0
0.438241206030242 0.0229310344827399 0
0.43824120603026 0.0241379310344662 0
0.438241206030278 0.0253448275861916 0
0.438241206030296 0.026551724137917 0
0.438241206030315 0.027758620689643 0
0.438241206030333 0.0289655172413687 0
0.438241206030351 0.030172413793094 0
0.438241206030369 0.0313793103448209 0
0.438241206030387 0.0325862068965475 0
0.438241206030405 0.0337931034482741 0
0.441105527637966 0.00120689655172306 0
0.441105527637983 0.00241379310344639 0
0.441105527638001 0.0036206896551702 0
0.441105527638019 0.0048275862068936 0
0.441105527638036 0.00603448275861557 0
0.441105527638054 0.00724137931033763 0
0.441105527638071 0.00844827586205943 0
0.441105527638089 0.00965517241378157 0
0.441105527638107 0.0108620689655035 0
0.441105527638124 0.0120689655172256 0
0.441105527638142 0.0132758620689476 0
0.44110552763816 0.0144827586206694 0
0.441105527638177 0.0156896551723918 0
0.441105527638195 0.0168965517241141 0
0.441105527638212 0.0181034482758372 0
0.44110552763823 0.0193103448275626 0
0.441105527638248 0.0205172413792888 0
0.441105527638265 0.0217241379310143 0
0.441105527638283 0.0229310344827395 0
0.4411055276383 0.0241379310344659 0
0.441105527638318 0.0253448275861913 0
0.441105527638335 0.0265517241379168 0
0.441105527638353 0.0277586206896428 0
0.441105527638371 0.0289655172413686 0
0.441105527638388 0.0301724137930939 0
0.441105527638406 0.0313793103448208 0
0.441105527638423 0.0325862068965474 0
0.441105527638441 0.0337931034482741 0
0.443969849246015 0.00120689655172304 0
0.443969849246032 0.00241379310344633 0
0.443969849246049 0.00362068965517011 0
0.443969849246066 0.00482758620689349 0
0.443969849246083 0.00603448275861542 0
0.4439698492461 0.00724137931033745 0
0.443969849246117 0.00844827586205921 0
0.443969849246133 0.00965517241378131 0
0.44396984924615 0.0108620689655032 0
0.443969849246167 0.0120689655172253 0
0.443969849246184 0.0132758620689472 0
0.443969849246201 0.0144827586206691 0
0.443969849246218 0.0156896551723914 0
0.443969849246235 0.0168965517241137 0
0.443969849246252 0.0181034482758367 0
0.443969849246268 0.0193103448275622 0
0.443969849246285 0.0205172413792884 0
0.443969849246302 0.021724137931014 0
0.443969849246319 0.0229310344827392 0
0.443969849246336 0.0241379310344656 0
0.443969849246353 0.0253448275861911 0
0.44396984924637 0.0265517241379166 0
0.443969849246387 0.0277586206896426 0
0.443969849246403 0.0289655172413684 0
0.44396984924642 0.0301724137930937 0
0.443969849246437 0.0313793103448207 0
0.443969849246454 0.0325862068965474 0
0.443969849246471 0.0337931034482741 0
0.446834170854065 0.00120689655172301 0
0.446834170854081 0.00241379310344627 0
0.446834170854097 0.00362068965517002 0
0.446834170854113 0.00482758620689337 0
0.446834170854129 0.00603448275861527 0
0.446834170854146 0.00724137931033726 0
0.446834170854162 0.00844827586205899 0
0.446834170854178 0.00965517241378106 0
0.446834170854194 0.0108620689655029 0
0.44683417085421 0.0120689655172249 0
0.446834170854226 0.0132758620689469 0
0.446834170854242 0.0144827586206687 0
0.446834170854259 0.015689655172391 0
0.446834170854275 0.0168965517241132 0
0.446834170854291 0.0181034482758363 0
0.446834170854307 0.0193103448275617 0
0.446834170854323 0.020517241379288 0
0.446834170854339 0.0217241379310136 0
0.446834170854356 0.0229310344827389 0
0.446834170854372 0.0241379310344653 0
0.446834170854388 0.0253448275861908 0
0.446834170854404 0.0265517241379164 0
0.44683417085442 0.0277586206896424 0
0.446834170854436 0.0289655172413683 0
0.446834170854452 0.0301724137930936 0
0.446834170854469 0.0313793103448206 0
0.446834170854485 0.0325862068965473 0
0.446834170854501 0.033793103448274 0
0.449698492462114 0.00120689655172298 0
0.44969849246213 0.00241379310344621 0
0.449698492462145 0.00362068965516994 0
0.44969849246216 0.00482758620689326 0
0.449698492462176 0.00603448275861512 0
0.449698492462191 0.00724137931033708 0
0.449698492462207 0.00844827586205877 0
0.449698492462222 0.00965517241378081 0
0.449698492462238 0.0108620689655026 0
0.449698492462253 0.0120689655172246 0
0.449698492462268 0.0132758620689465 0
0.449698492462284 0.0144827586206683 0
0.449698492462299 0.0156896551723906 0
0.449698492462315 0.0168965517241128 0
0.44969849246233 0.0181034482758358 0
0.449698492462346 0.0193103448275613 0
0.449698492462361 0.0205172413792876 0
0.449698492462376 0.0217241379310133 0
0.449698492462392 0.0229310344827386 0
0.449698492462407 0.024137931034465 0
0.449698492462423 0.0253448275861906 0
0.449698492462438 0.0265517241379161 0
0.449698492462454 0.0277586206896422 0
0.449698492462469 0.0289655172413681 0
0.449698492462484 0.0301724137930935 0
0.4496984924625 0.0313793103448205 0
0.449698492462515 0.0325862068965472 0
0.449698492462531 0.033793103448274 0
0.452562814070164 0.00120689655172296 0
0.452562814070179 0.00241379310344614 0
0.452562814070194 0.00362068965516985 0
0.452562814070209 0.00482758620689314 0
0.452562814070223 0.00603448275861497 0
0.452562814070239 0.00724137931033689 0
0.452562814070254 0.00844827586205855 0
0.452562814070268 0.00965517241378056 0
0.452562814070283 0.0108620689655023 0
0.452562814070298 0.0120689655172243 0
0.452562814070313 0.0132758620689462 0
0.452562814070328 0.0144827586206679 0
0.452562814070343 0.0156896551723901 0
0.452562814070358 0.0168965517241123 0
0.452562814070373 0.0181034482758354 0
0.452562814070388 0.0193103448275609 0
0.452562814070403 0.0205172413792872 0
0.452562814070418 0.0217241379310129 0
0.452562814070433 0.0229310344827383 0
0.452562814070448 0.0241379310344647 0
0.452562814070463 0.0253448275861903 0
0.452562814070478 0.0265517241379159 0
0.452562814070492 0.027758620689642 0
0.452562814070508 0.0289655172413679 0
0.452562814070523 0.0301724137930934 0
0.452562814070537 0.0313793103448205 0
0.452562814070552 0.0325862068965471 0
0.452562814070567 0.033793103448274 0
0.455427135678214 0.00120689655172293 0
0.455427135678228 0.00241379310344609 0
0.455427135678243 0.00362068965516977 0
0.455427135678257 0.00482758620689302 0
0.455427135678271 0.00603448275861482 0
0.455427135678286 0.00724137931033671 0
0.4554271356783 0.00844827586205833 0
0.455427135678315 0.00965517241378031 0
0.455427135678329 0.010862068965502 0
0.455427135678344 0.012068965517224 0
0.455427135678358 0.0132758620689458 0
0.455427135678373 0.0144827586206675 0
0.455427135678387 0.0156896551723897 0
0.455427135678401 0.0168965517241118 0
0.455427135678416 0.0181034482758349 0
0.455427135678431 0.0193103448275605 0
0.455427135678445 0.0205172413792868 0
0.455427135678459 0.0217241379310126 0
0.455427135678474 0.0229310344827379 0
0.455427135678488 0.0241379310344644 0
0.455427135678503 0.02534482758619 0
0.455427135678517 0.0265517241379157 0
0.455427135678532 0.0277586206896419 0
0.455427135678546 0.0289655172413678 0
0.455427135678561 0.0301724137930933 0
0.455427135678575 0.0313793103448204 0
0.45542713567859 0.0325862068965471 0
0.455427135678604 0.033793103448274 0
0.458291457286263 0.0012068965517229 0
0.458291457286277 0.00241379310344602 0
0.458291457286291 0.00362068965516968 0
0.458291457286305 0.0048275862068929 0
0.458291457286319 0.00603448275861467 0
0.458291457286333 0.00724137931033652 0
0.458291457286347 0.00844827586205811 0
0.458291457286361 0.00965517241378006 0
0.458291457286375 0.0108620689655017 0
0.458291457286389 0.0120689655172237 0
0.458291457286403 0.0132758620689455 0
0.458291457286417 0.0144827586206671 0
0.458291457286431 0.0156896551723893 0
0.458291457286445 0.0168965517241114 0
0.458291457286459 0.0181034482758345 0
0.458291457286473 0.01931034482756 0
0.458291457286487 0.0205172413792865 0
0.458291457286501 0.0217241379310122 0
0.458291457286515 0.0229310344827376 0
0.458291457286529 0.0241379310344641 0
0.458291457286543 0.0253448275861898 0
0.458291457286557 0.0265517241379155 0
0.458291457286571 0.0277586206896417 0
0.458291457286585 0.0289655172413676 0
0.458291457286599 0.0301724137930931 0
0.458291457286613 0.0313793103448203 0
0.458291457286627 0.032586206896547 0
0.458291457286641 0.0337931034482739 0
0.461155778894313 0.00120689655172288 0
0.461155778894327 0.00241379310344596 0
0.46115577889434 0.0036206896551696 0
0.461155778894353 0.00482758620689279 0
0.461155778894367 0.00603448275861452 0
0.46115577889438 0.00724137931033634 0
0.461155778894394 0.00844827586205788 0
0.461155778894407 0.00965517241377981 0
0.461155778894421 0.0108620689655015 0
0.461155778894434 0.0120689655172233 0
0.461155778894448 0.0132758620689451 0
0.461155778894461 0.0144827586206667 0
0.461155778894475 0.0156896551723889 0
0.461155778894488 0.0168965517241109 0
0.461155778894502 0.018103448275834 0
0.461155778894515 0.0193103448275596 0
0.461155778894529 0.020517241379286 0
0.461155778894542 0.0217241379310119 0
0.461155778894556 0.0229310344827373 0
0.461155778894569 0.0241379310344638 0
0.461155778894583 0.0253448275861895 0
0.461155778894596 0.0265517241379152 0
0.46115577889461 0.0277586206896415 0
0.461155778894623 0.0289655172413675 0
0.461155778894637 0.030172413793093 0
0.46115577889465 0.0313793103448202 0
0.461155778894664 0.0325862068965469 0
0.461155778894677 0.0337931034482739 0
0.46402010050236 0.00120689655172285 0
0.464020100502374 0.0024137931034459 0
0.464020100502387 0.00362068965516951 0
0.4640201005024 0.00482758620689267 0
0.464020100502413 0.00603448275861437 0
0.464020100502426 0.00724137931033616 0
0.464020100502439 0.00844827586205766 0
0.464020100502452 0.00965517241377955 0
0.464020100502465 0.0108620689655012 0
0.464020100502478 0.012068965517223 0
0.464020100502491 0.0132758620689448 0
0.464020100502504 0.0144827586206663 0
0.464020100502518 0.0156896551723884 0
0.464020100502531 0.0168965517241105 0
0.464020100502544 0.0181034482758336 0
0.464020100502557 0.0193103448275592 0
0.46402010050257 0.0205172413792857 0
0.464020100502583 0.0217241379310115 0
0.464020100502596 0.022931034482737 0
0.464020100502609 0.0241379310344635 0
0.464020100502622 0.0253448275861893 0
0.464020100502635 0.026551724137915 0
0.464020100502648 0.0277586206896413 0
0.464020100502662 0.0289655172413673 0
0.464020100502675 0.0301724137930929 0
0.464020100502688 0.0313793103448201 0
0.464020100502701 0.0325862068965469 0
0.464020100502714 0.0337931034482739 0
0.466884422110403 0.00120689655172282 0
0.466884422110416 0.00241379310344584 0
0.466884422110429 0.00362068965516943 0
0.466884422110442 0.00482758620689255 0
0.466884422110455 0.00603448275861422 0
0.466884422110468 0.00724137931033597 0
0.46688442211048 0.00844827586205745 0
0.466884422110493 0.0096551724137793 0
0.466884422110506 0.0108620689655009 0
0.466884422110519 0.0120689655172227 0
0.466884422110532 0.0132758620689444 0
0.466884422110545 0.0144827586206659 0
0.466884422110558 0.015689655172388 0
0.466884422110571 0.01689655172411 0
0.466884422110583 0.0181034482758331 0
0.466884422110596 0.0193103448275588 0
0.466884422110609 0.0205172413792853 0
0.466884422110622 0.0217241379310112 0
0.466884422110635 0.0229310344827366 0
0.466884422110648 0.0241379310344632 0
0.46688442211066 0.025344827586189 0
0.466884422110673 0.0265517241379148 0
0.466884422110686 0.0277586206896411 0
0.466884422110699 0.0289655172413672 0
0.466884422110712 0.0301724137930928 0
0.466884422110725 0.03137931034482 0
0.466884422110737 0.0325862068965468 0
0.46688442211075 0.0337931034482738 0
0.469748743718441 0.0012068965517228 0
0.469748743718454 0.00241379310344578 0
0.469748743718467 0.00362068965516934 0
0.46974874371848 0.00482758620689244 0
0.469748743718492 0.00603448275861407 0
0.469748743718505 0.00724137931033579 0
0.469748743718518 0.00844827586205722 0
0.469748743718531 0.00965517241377905 0
0.469748743718544 0.0108620689655006 0
0.469748743718557 0.0120689655172224 0
0.469748743718569 0.013275862068944 0
0.469748743718582 0.0144827586206656 0
0.469748743718595 0.0156896551723876 0
0.469748743718607 0.0168965517241096 0
0.46974874371862 0.0181034482758327 0
0.469748743718633 0.0193103448275584 0
0.469748743718646 0.0205172413792849 0
0.469748743718659 0.0217241379310108 0
0.469748743718671 0.0229310344827363 0
0.469748743718684 0.024137931034463 0
0.469748743718697 0.0253448275861888 0
0.46974874371871 0.0265517241379146 0
0.469748743718722 0.0277586206896409 0
0.469748743718735 0.028965517241367 0
0.469748743718748 0.0301724137930927 0
0.469748743718761 0.0313793103448199 0
0.469748743718774 0.0325862068965468 0
0.469748743718786 0.0337931034482738 0
0.472613065326478 0.00120689655172277 0
0.47261306532649 0.00241379310344572 0
0.472613065326503 0.00362068965516926 0
0.472613065326516 0.00482758620689232 0
0.472613065326529 0.00603448275861392 0
0.472613065326542 0.0072413793103356 0
0.472613065326554 0.008448275862057 0
0.472613065326567 0.0096551724137788 0
0.47261306532658 0.0108620689655003 0
0.472613065326592 0.012068965517222 0
0.472613065326605 0.0132758620689437 0
0.472613065326618 0.0144827586206652 0
0.472613065326631 0.0156896551723872 0
0.472613065326644 0.0168965517241091 0
0.472613065326656 0.0181034482758322 0
0.472613065326669 0.0193103448275579 0
0.472613065326682 0.0205172413792845 0
0.472613065326695 0.0217241379310104 0
0.472613065326707 0.022931034482736 0
0.47261306532672 0.0241379310344627 0
0.472613065326733 0.0253448275861885 0
0.472613065326746 0.0265517241379143 0
0.472613065326759 0.0277586206896407 0
0.472613065326771 0.0289655172413669 0
0.472613065326784 0.0301724137930925 0
0.472613065326797 0.0313793103448198 0
0.47261306532681 0.0325862068965467 0
0.472613065326823 0.0337931034482738 0
0.475477386934514 0.00120689655172274 0
0.475477386934527 0.00241379310344566 0
0.475477386934539 0.00362068965516917 0
0.475477386934552 0.0048275862068922 0
0.475477386934565 0.00603448275861377 0
0.475477386934578 0.00724137931033542 0
0.475477386934591 0.00844827586205678 0
0.475477386934603 0.00965517241377855 0
0.475477386934616 0.0108620689655 0
0.475477386934629 0.0120689655172217 0
0.475477386934641 0.0132758620689433 0
0.475477386934654 0.0144827586206648 0
0.475477386934667 0.0156896551723868 0
0.47547738693468 0.0168965517241087 0
0.475477386934693 0.0181034482758318 0
0.475477386934705 0.0193103448275575 0
0.475477386934718 0.0205172413792841 0
0.475477386934731 0.0217241379310101 0
0.475477386934744 0.0229310344827357 0
0.475477386934756 0.0241379310344624 0
0.475477386934769 0.0253448275861883 0
0.475477386934782 0.0265517241379141 0
0.475477386934795 0.0277586206896405 0
0.475477386934808 0.0289655172413667 0
0.47547738693482 0.0301724137930924 0
0.475477386934833 0.0313793103448197 0
0.475477386934846 0.0325862068965466 0
0.475477386934859 0.0337931034482738 0
0.47834170854255 0.00120689655172272 0
0.478341708542563 0.0024137931034456 0
0.478341708542576 0.00362068965516909 0
0.478341708542588 0.00482758620689209 0
0.478341708542601 0.00603448275861362 0
0.478341708542614 0.00724137931033523 0
0.478341708542627 0.00844827586205656 0
0.478341708542639 0.00965517241377829 0
0.478341708542652 0.0108620689654997 0
0.478341708542665 0.0120689655172214 0
0.478341708542678 0.013275862068943 0
0.47834170854269 0.0144827586206644 0
0.478341708542703 0.0156896551723863 0
0.478341708542716 0.0168965517241082 0
0.478341708542729 0.0181034482758313 0
0.478341708542742 0.0193103448275571 0
0.478341708542754 0.0205172413792837 0
0.478341708542767 0.0217241379310097 0
0.47834170854278 0.0229310344827354 0
0.478341708542793 0.0241379310344621 0
0.478341708542806 0.025344827586188 0
0.478341708542818 0.0265517241379139 0
0.478341708542831 0.0277586206896403 0
0.478341708542844 0.0289655172413666 0
0.478341708542857 0.0301724137930923 0
0.478341708542869 0.0313793103448196 0
0.478341708542882 0.0325862068965465 0
0.478341708542895 0.0337931034482737 0
0.481206030150587 0.00120689655172269 0
0.481206030150599 0.00241379310344554 0
0.481206030150612 0.003620689655169 0
0.481206030150625 0.00482758620689197 0
0.481206030150638 0.00603448275861347 0
0.481206030150651 0.00724137931033505 0
0.481206030150663 0.00844827586205634 0
0.481206030150676 0.00965517241377804 0
0.481206030150689 0.0108620689654995 0
0.481206030150702 0.0120689655172211 0
0.481206030150714 0.0132758620689426 0
0.481206030150727 0.014482758620664 0
0.48120603015074 0.0156896551723859 0
0.481206030150752 0.0168965517241078 0
0.481206030150765 0.0181034482758309 0
0.481206030150778 0.0193103448275567 0
0.481206030150791 0.0205172413792833 0
0.481206030150803 0.0217241379310094 0
0.481206030150816 0.0229310344827351 0
0.481206030150829 0.0241379310344618 0
0.481206030150842 0.0253448275861878 0
0.481206030150855 0.0265517241379137 0
0.481206030150867 0.0277586206896401 0
0.48120603015088 0.0289655172413664 0
0.481206030150893 0.0301724137930922 0
0.481206030150906 0.0313793103448195 0
0.481206030150918 0.0325862068965465 0
0.481206030150931 0.0337931034482737 0
0.48407035175863 0.00120689655172266 0
0.484070351758642 0.00241379310344548 0
0.484070351758655 0.00362068965516891 0
0.484070351758667 0.00482758620689185 0
0.48407035175868 0.00603448275861332 0
0.484070351758692 0.00724137931033486 0
0.484070351758705 0.00844827586205612 0
0.484070351758717 0.00965517241377779 0
0.48407035175873 0.0108620689654992 0
0.484070351758742 0.0120689655172207 0
0.484070351758755 0.0132758620689423 0
0.484070351758767 0.0144827586206636 0
0.48407035175878 0.0156896551723855 0
0.484070351758792 0.0168965517241073 0
0.484070351758805 0.0181034482758304 0
0.484070351758818 0.0193103448275562 0
0.48407035175883 0.0205172413792829 0
0.484070351758842 0.021724137931009 0
0.484070351758855 0.0229310344827347 0
0.484070351758867 0.0241379310344615 0
0.48407035175888 0.0253448275861875 0
0.484070351758893 0.0265517241379135 0
0.484070351758905 0.0277586206896399 0
0.484070351758917 0.0289655172413662 0
0.48407035175893 0.0301724137930921 0
0.484070351758942 0.0313793103448195 0
0.484070351758955 0.0325862068965464 0
0.484070351758968 0.0337931034482737 0
0.486934673366677 0.00120689655172264 0
0.486934673366688 0.00241379310344542 0
0.486934673366701 0.00362068965516883 0
0.486934673366713 0.00482758620689174 0
0.486934673366725 0.00603448275861317 0
0.486934673366737 0.00724137931033468 0
0.486934673366749 0.0084482758620559 0
0.486934673366761 0.00965517241377754 0
0.486934673366773 0.0108620689654989 0
0.486934673366786 0.0120689655172204 0
0.486934673366798 0.0132758620689419 0
0.48693467336681 0.0144827586206632 0
0.486934673366822 0.0156896551723851 0
0.486934673366834 0.0168965517241069 0
0.486934673366846 0.01810344827583 0
0.486934673366858 0.0193103448275558 0
0.486934673366871 0.0205172413792825 0
0.486934673366883 0.0217241379310087 0
0.486934673366895 0.0229310344827344 0
0.486934673366907 0.0241379310344612 0
0.486934673366919 0.0253448275861873 0
0.486934673366931 0.0265517241379132 0
0.486934673366943 0.0277586206896397 0
0.486934673366956 0.0289655172413661 0
0.486934673366968 0.030172413793092 0
0.48693467336698 0.0313793103448194 0
0.486934673366992 0.0325862068965463 0
0.486934673367004 0.0337931034482737 0
0.489798994974726 0.00120689655172261 0
0.489798994974738 0.00241379310344536 0
0.489798994974749 0.00362068965516874 0
0.489798994974761 0.00482758620689162 0
0.489798994974773 0.00603448275861302 0
0.489798994974784 0.00724137931033449 0
0.489798994974796 0.00844827586205568 0
0.489798994974808 0.00965517241377729 0
0.489798994974819 0.0108620689654986 0
0.489798994974831 0.0120689655172201 0
0.489798994974843 0.0132758620689416 0
0.489798994974854 0.0144827586206628 0
0.489798994974866 0.0156896551723846 0
0.489798994974878 0.0168965517241064 0
0.489798994974889 0.0181034482758295 0
0.489798994974901 0.0193103448275554 0
0.489798994974913 0.0205172413792821 0
0.489798994974924 0.0217241379310083 0
0.489798994974936 0.0229310344827341 0
0.489798994974948 0.0241379310344609 0
0.489798994974959 0.025344827586187 0
0.489798994974971 0.026551724137913 0
0.489798994974983 0.0277586206896395 0
0.489798994974994 0.0289655172413659 0
0.489798994975006 0.0301724137930919 0
0.489798994975018 0.0313793103448193 0
0.489798994975029 0.0325862068965463 0
0.489798994975041 0.0337931034482736 0
0.492663316582776 0.00120689655172258 0
0.492663316582787 0.0024137931034453 0
0.492663316582798 0.00362068965516866 0
0.492663316582809 0.0048275862068915 0
0.49266331658282 0.00603448275861287 0
0.492663316582832 0.00724137931033431 0
0.492663316582843 0.00844827586205545 0
0.492663316582854 0.00965517241377704 0
0.492663316582865 0.0108620689654983 0
0.492663316582876 0.0120689655172198 0
0.492663316582887 0.0132758620689412 0
0.492663316582899 0.0144827586206624 0
0.49266331658291 0.0156896551723842 0
0.492663316582921 0.016896551724106 0
0.492663316582932 0.0181034482758291 0
0.492663316582943 0.019310344827555 0
0.492663316582954 0.0205172413792817 0
0.492663316582966 0.021724137931008 0
0.492663316582977 0.0229310344827338 0
0.492663316582988 0.0241379310344606 0
0.492663316582999 0.0253448275861868 0
0.49266331658301 0.0265517241379128 0
0.492663316583021 0.0277586206896393 0
0.492663316583033 0.0289655172413658 0
0.492663316583044 0.0301724137930917 0
0.492663316583055 0.0313793103448192 0
0.492663316583066 0.0325862068965462 0
0.492663316583077 0.0337931034482736 0
0.495527638190825 0.00120689655172256 0
0.495527638190836 0.00241379310344524 0
0.495527638190847 0.00362068965516857 0
0.495527638190857 0.00482758620689138 0
0.495527638190868 0.00603448275861272 0
0.495527638190879 0.00724137931033412 0
0.495527638190889 0.00844827586205523 0
0.495527638190899 0.00965517241377679 0
0.49552763819091 0.010862068965498 0
0.495527638190921 0.0120689655172195 0
0.495527638190931 0.0132758620689409 0
0.495527638190942 0.014482758620662 0
0.495527638190952 0.0156896551723838 0
0.495527638190963 0.0168965517241055 0
0.495527638190974 0.0181034482758286 0
0.495527638190984 0.0193103448275546 0
0.495527638190995 0.0205172413792813 0
0.495527638191005 0.0217241379310076 0
0.495527638191016 0.0229310344827335 0
0.495527638191026 0.0241379310344603 0
0.495527638191037 0.0253448275861865 0
0.495527638191048 0.0265517241379126 0
0.495527638191058 0.0277586206896391 0
0.495527638191069 0.0289655172413656 0
0.495527638191079 0.0301724137930916 0
0.49552763819109 0.0313793103448191 0
0.495527638191101 0.0325862068965461 0
0.495527638191111 0.0337931034482736 0
0.498391959798875 0.00120689655172253 0
0.498391959798885 0.00241379310344518 0
0.498391959798895 0.00362068965516848 0
0.498391959798904 0.00482758620689127 0
0.498391959798914 0.00603448275861258 0
0.498391959798924 0.00724137931033394 0
0.498391959798934 0.00844827586205501 0
0.498391959798944 0.00965517241377653 0
0.498391959798954 0.0108620689654977 0
0.498391959798964 0.0120689655172191 0
0.498391959798973 0.0132758620689405 0
0.498391959798983 0.0144827586206617 0
0.498391959798993 0.0156896551723834 0
0.498391959799003 0.0168965517241051 0
0.498391959799013 0.0181034482758281 0
0.498391959799023 0.0193103448275541 0
0.498391959799033 0.0205172413792809 0
0.498391959799042 0.0217241379310073 0
0.498391959799052 0.0229310344827331 0
0.498391959799062 0.0241379310344601 0
0.498391959799072 0.0253448275861863 0
0.498391959799082 0.0265517241379124 0
0.498391959799092 0.027758620689639 0
0.498391959799102 0.0289655172413655 0
0.498391959799111 0.0301724137930915 0
0.498391959799121 0.031379310344819 0
0.498391959799131 0.0325862068965461 0
0.498391959799141 0.0337931034482735 0
0.501256281406919 0.0012068965517225 0
0.501256281406928 0.00241379310344512 0
0.501256281406937 0.0036206896551684 0
0.501256281406946 0.00482758620689115 0
0.501256281406956 0.00603448275861242 0
0.501256281406965 0.00724137931033375 0
0.501256281406975 0.00844827586205479 0
0.501256281406984 0.00965517241377628 0
0.501256281406993 0.0108620689654974 0
0.501256281407003 0.0120689655172188 0
0.501256281407012 0.0132758620689402 0
0.501256281407021 0.0144827586206613 0
0.501256281407031 0.0156896551723829 0
0.50125628140704 0.0168965517241046 0
0.50125628140705 0.0181034482758277 0
0.501256281407059 0.0193103448275537 0
0.501256281407068 0.0205172413792805 0
0.501256281407077 0.0217241379310069 0
0.501256281407087 0.0229310344827328 0
0.501256281407096 0.0241379310344598 0
0.501256281407106 0.025344827586186 0
0.501256281407115 0.0265517241379121 0
0.501256281407124 0.0277586206896388 0
0.501256281407134 0.0289655172413653 0
0.501256281407143 0.0301724137930914 0
0.501256281407152 0.0313793103448189 0
0.501256281407161 0.032586206896546 0
0.501256281407171 0.0337931034482735 0
0.504120603014964 0.00120689655172248 0
0.504120603014972 0.00241379310344506 0
0.504120603014981 0.00362068965516831 0
0.50412060301499 0.00482758620689103 0
0.504120603014999 0.00603448275861227 0
0.504120603015008 0.00724137931033357 0
0.504120603015017 0.00844827586205457 0
0.504120603015025 0.00965517241377603 0
0.504120603015034 0.0108620689654972 0
0.504120603015043 0.0120689655172185 0
0.504120603015052 0.0132758620689398 0
0.504120603015061 0.0144827586206609 0
0.50412060301507 0.0156896551723825 0
0.504120603015078 0.0168965517241042 0
0.504120603015087 0.0181034482758272 0
0.504120603015096 0.0193103448275533 0
0.504120603015105 0.0205172413792801 0
0.504120603015114 0.0217241379310066 0
0.504120603015123 0.0229310344827325 0
0.504120603015132 0.0241379310344595 0
0.504120603015141 0.0253448275861858 0
0.50412060301515 0.0265517241379119 0
0.504120603015158 0.0277586206896386 0
0.504120603015167 0.0289655172413651 0
0.504120603015176 0.0301724137930913 0
0.504120603015185 0.0313793103448188 0
0.504120603015194 0.0325862068965459 0
0.504120603015203 0.0337931034482735 0
0.506984924623013 0.00120689655172245 0
0.506984924623021 0.002413793103445 0
0.50698492462303 0.00362068965516823 0
0.506984924623038 0.00482758620689092 0
0.506984924623046 0.00603448275861212 0
0.506984924623055 0.00724137931033338 0
0.506984924623063 0.00844827586205435 0
0.506984924623072 0.00965517241377578 0
0.50698492462308 0.0108620689654969 0
0.506984924623089 0.0120689655172182 0
0.506984924623097 0.0132758620689395 0
0.506984924623105 0.0144827586206605 0
0.506984924623114 0.0156896551723821 0
0.506984924623122 0.0168965517241037 0
0.50698492462313 0.0181034482758268 0
0.506984924623139 0.0193103448275529 0
0.506984924623147 0.0205172413792797 0
0.506984924623155 0.0217241379310062 0
0.506984924623164 0.0229310344827322 0
0.506984924623172 0.0241379310344592 0
0.506984924623181 0.0253448275861855 0
0.506984924623189 0.0265517241379117 0
0.506984924623198 0.0277586206896384 0
0.506984924623206 0.028965517241365 0
0.506984924623214 0.0301724137930911 0
0.506984924623223 0.0313793103448187 0
0.506984924623231 0.0325862068965459 0
0.506984924623239 0.0337931034482735 0
0.509849246231063 0.00120689655172242 0
0.509849246231071 0.00241379310344493 0
0.509849246231079 0.00362068965516814 0
0.509849246231086 0.0048275862068908 0
0.509849246231094 0.00603448275861197 0
0.509849246231102 0.0072413793103332 0
0.50984924623111 0.00844827586205413 0
0.509849246231118 0.00965517241377553 0
0.509849246231126 0.0108620689654966 0
0.509849246231134 0.0120689655172178 0
0.509849246231142 0.0132758620689391 0
0.50984924623115 0.0144827586206601 0
0.509849246231157 0.0156896551723817 0
0.509849246231165 0.0168965517241033 0
0.509849246231173 0.0181034482758263 0
0.509849246231181 0.0193103448275525 0
0.509849246231189 0.0205172413792793 0
0.509849246231197 0.0217241379310058 0
0.509849246231205 0.0229310344827319 0
0.509849246231213 0.0241379310344589 0
0.509849246231221 0.0253448275861853 0
0.509849246231228 0.0265517241379115 0
0.509849246231237 0.0277586206896382 0
0.509849246231245 0.0289655172413648 0
0.509849246231252 0.030172413793091 0
0.50984924623126 0.0313793103448187 0
0.509849246231268 0.0325862068965458 0
0.509849246231276 0.0337931034482734 0
0.51271356783911 0.0012068965517224 0
0.512713567839117 0.00241379310344488 0
0.512713567839124 0.00362068965516806 0
0.512713567839132 0.00482758620689068 0
0.51271356783914 0.00603448275861183 0
0.512713567839147 0.00724137931033301 0
0.512713567839155 0.00844827586205391 0
0.512713567839162 0.00965517241377527 0
0.51271356783917 0.0108620689654963 0
0.512713567839177 0.0120689655172175 0
0.512713567839185 0.0132758620689387 0
0.512713567839192 0.0144827586206597 0
0.5127135678392 0.0156896551723813 0
0.512713567839207 0.0168965517241028 0
0.512713567839215 0.0181034482758259 0
0.512713567839222 0.019310344827552 0
0.51271356783923 0.0205172413792789 0
0.512713567839237 0.0217241379310055 0
0.512713567839245 0.0229310344827315 0
0.512713567839252 0.0241379310344586 0
0.51271356783926 0.025344827586185 0
0.512713567839267 0.0265517241379112 0
0.512713567839275 0.027758620689638 0
0.512713567839282 0.0289655172413647 0
0.51271356783929 0.0301724137930909 0
0.512713567839297 0.0313793103448186 0
0.512713567839305 0.0325862068965457 0
0.512713567839313 0.0337931034482734 0
0.515577889447146 0.00120689655172237 0
0.515577889447153 0.00241379310344481 0
0.515577889447161 0.00362068965516797 0
0.515577889447168 0.00482758620689056 0
0.515577889447176 0.00603448275861168 0
0.515577889447184 0.00724137931033283 0
0.515577889447191 0.00844827586205369 0
0.515577889447198 0.00965517241377502 0
0.515577889447206 0.010862068965496 0
0.515577889447213 0.0120689655172172 0
0.515577889447221 0.0132758620689384 0
0.515577889447228 0.0144827586206593 0
0.515577889447236 0.0156896551723808 0
0.515577889447243 0.0168965517241024 0
0.515577889447251 0.0181034482758254 0
0.515577889447259 0.0193103448275516 0
0.515577889447266 0.0205172413792785 0
0.515577889447274 0.0217241379310051 0
0.515577889447281 0.0229310344827312 0
0.515577889447289 0.0241379310344583 0
0.515577889447296 0.0253448275861848 0
0.515577889447304 0.026551724137911 0
0.515577889447311 0.0277586206896378 0
0.515577889447319 0.0289655172413645 0
0.515577889447326 0.0301724137930908 0
0.515577889447334 0.0313793103448185 0
0.515577889447341 0.0325862068965457 0
0.515577889447349 0.0337931034482734 0
0.518442211055182 0.00120689655172234 0
0.51844221105519 0.00241379310344475 0
0.518442211055197 0.00362068965516789 0
0.518442211055204 0.00482758620689045 0
0.518442211055212 0.00603448275861153 0
0.51844221105522 0.00724137931033264 0
0.518442211055227 0.00844827586205346 0
0.518442211055235 0.00965517241377477 0
0.518442211055242 0.0108620689654957 0
0.51844221105525 0.0120689655172169 0
0.518442211055257 0.0132758620689381 0
0.518442211055265 0.0144827586206589 0
0.518442211055272 0.0156896551723804 0
0.51844221105528 0.0168965517241019 0
0.518442211055287 0.018103448275825 0
0.518442211055295 0.0193103448275512 0
0.518442211055302 0.0205172413792781 0
0.51844221105531 0.0217241379310048 0
0.518442211055317 0.0229310344827309 0
0.518442211055325 0.024137931034458 0
0.518442211055332 0.0253448275861845 0
0.51844221105534 0.0265517241379108 0
0.518442211055347 0.0277586206896376 0
0.518442211055355 0.0289655172413644 0
0.518442211055362 0.0301724137930907 0
0.51844221105537 0.0313793103448184 0
0.518442211055377 0.0325862068965456 0
0.518442211055385 0.0337931034482733 0
0.521306532663218 0.00120689655172232 0
0.521306532663226 0.00241379310344469 0
0.521306532663233 0.0036206896551678 0
0.521306532663241 0.00482758620689033 0
0.521306532663248 0.00603448275861138 0
0.521306532663256 0.00724137931033246 0
0.521306532663263 0.00844827586205324 0
0.521306532663271 0.00965517241377452 0
0.521306532663278 0.0108620689654954 0
0.521306532663286 0.0120689655172166 0
0.521306532663293 0.0132758620689377 0
0.521306532663301 0.0144827586206585 0
0.521306532663308 0.01568965517238 0
0.521306532663316 0.0168965517241015 0
0.521306532663323 0.0181034482758245 0
0.521306532663331 0.0193103448275508 0
0.521306532663338 0.0205172413792777 0
0.521306532663346 0.0217241379310044 0
0.521306532663353 0.0229310344827306 0
0.521306532663361 0.0241379310344577 0
0.521306532663368 0.0253448275861843 0
0.521306532663376 0.0265517241379106 0
0.521306532663384 0.0277586206896374 0
0.521306532663391 0.0289655172413642 0
0.521306532663398 0.0301724137930905 0
0.521306532663406 0.0313793103448183 0
0.521306532663414 0.0325862068965455 0
0.521306532663421 0.0337931034482733 0
0.524170854271255 0.00120689655172229 0
0.524170854271262 0.00241379310344463 0
0.524170854271269 0.00362068965516772 0
0.524170854271277 0.00482758620689021 0
0.524170854271285 0.00603448275861122 0
0.524170854271292 0.00724137931033227 0
0.5241708542713 0.00844827586205302 0
0.524170854271307 0.00965517241377427 0
0.524170854271314 0.0108620689654951 0
0.524170854271322 0.0120689655172162 0
0.52417085427133 0.0132758620689373 0
0.524170854271337 0.0144827586206581 0
0.524170854271345 0.0156896551723796 0
0.524170854271352 0.016896551724101 0
0.52417085427136 0.0181034482758241 0
0.524170854271367 0.0193103448275503 0
0.524170854271375 0.0205172413792774 0
0.524170854271382 0.0217241379310041 0
0.52417085427139 0.0229310344827303 0
0.524170854271397 0.0241379310344574 0
0.524170854271405 0.025344827586184 0
0.524170854271412 0.0265517241379103 0
0.52417085427142 0.0277586206896372 0
0.524170854271427 0.0289655172413641 0
0.524170854271435 0.0301724137930904 0
0.524170854271442 0.0313793103448182 0
0.52417085427145 0.0325862068965455 0
0.524170854271457 0.0337931034482733 0
0.527035175879291 0.00120689655172226 0
0.527035175879298 0.00241379310344457 0
0.527035175879306 0.00362068965516763 0
0.527035175879313 0.0048275862068901 0
0.527035175879321 0.00603448275861108 0
0.527035175879328 0.00724137931033209 0
0.527035175879336 0.0084482758620528 0
0.527035175879343 0.00965517241377402 0
0.527035175879351 0.0108620689654949 0
0.527035175879358 0.0120689655172159 0
0.527035175879366 0.013275862068937 0
0.527035175879373 0.0144827586206578 0
0.527035175879381 0.0156896551723791 0
0.527035175879388 0.0168965517241005 0
0.527035175879396 0.0181034482758236 0
0.527035175879403 0.0193103448275499 0
0.527035175879411 0.0205172413792769 0
0.527035175879418 0.0217241379310037 0
0.527035175879426 0.0229310344827299 0
0.527035175879433 0.0241379310344571 0
0.527035175879441 0.0253448275861838 0
0.527035175879448 0.0265517241379101 0
0.527035175879456 0.027758620689637 0
0.527035175879463 0.0289655172413639 0
0.527035175879471 0.0301724137930903 0
0.527035175879478 0.0313793103448181 0
0.527035175879486 0.0325862068965454 0
0.527035175879493 0.0337931034482733 0
0.529899497487327 0.00120689655172224 0
0.529899497487334 0.00241379310344451 0
0.529899497487342 0.00362068965516755 0
0.529899497487349 0.00482758620688998 0
0.529899497487357 0.00603448275861093 0
0.529899497487364 0.00724137931033191 0
0.529899497487372 0.00844827586205258 0
0.52989949748738 0.00965517241377377 0
0.529899497487387 0.0108620689654946 0
0.529899497487394 0.0120689655172156 0
0.529899497487402 0.0132758620689366 0
0.529899497487409 0.0144827586206574 0
0.529899497487417 0.0156896551723787 0
0.529899497487424 0.0168965517241001 0
0.529899497487432 0.0181034482758232 0
0.529899497487439 0.0193103448275495 0
0.529899497487447 0.0205172413792766 0
0.529899497487455 0.0217241379310034 0
0.529899497487462 0.0229310344827296 0
0.529899497487469 0.0241379310344568 0
0.529899497487477 0.0253448275861835 0
0.529899497487485 0.0265517241379099 0
0.529899497487492 0.0277586206896368 0
0.529899497487499 0.0289655172413637 0
0.529899497487507 0.0301724137930902 0
0.529899497487515 0.031379310344818 0
0.529899497487522 0.0325862068965453 0
0.52989949748753 0.0337931034482732 0
0.532763819095363 0.00120689655172221 0
0.53276381909537 0.00241379310344445 0
0.532763819095378 0.00362068965516746 0
0.532763819095386 0.00482758620688986 0
0.532763819095393 0.00603448275861078 0
0.532763819095401 0.00724137931033172 0
0.532763819095408 0.00844827586205236 0
0.532763819095416 0.00965517241377351 0
0.532763819095423 0.0108620689654943 0
0.532763819095431 0.0120689655172153 0
0.532763819095438 0.0132758620689363 0
0.532763819095446 0.014482758620657 0
0.532763819095453 0.0156896551723783 0
0.53276381909546 0.0168965517240996 0
0.532763819095468 0.0181034482758227 0
0.532763819095476 0.0193103448275491 0
0.532763819095483 0.0205172413792762 0
0.532763819095491 0.021724137931003 0
0.532763819095498 0.0229310344827293 0
0.532763819095506 0.0241379310344565 0
0.532763819095513 0.0253448275861833 0
0.532763819095521 0.0265517241379097 0
0.532763819095528 0.0277586206896367 0
0.532763819095536 0.0289655172413636 0
0.532763819095543 0.0301724137930901 0
0.532763819095551 0.0313793103448179 0
0.532763819095558 0.0325862068965452 0
0.532763819095566 0.0337931034482732 0
0.535628140703405 0.00120689655172218 0
0.535628140703413 0.00241379310344439 0
0.53562814070342 0.00362068965516737 0
0.535628140703427 0.00482758620688974 0
0.535628140703434 0.00603448275861063 0
0.535628140703442 0.00724137931033153 0
0.535628140703449 0.00844827586205214 0
0.535628140703456 0.00965517241377326 0
0.535628140703464 0.010862068965494 0
0.535628140703471 0.012068965517215 0
0.535628140703478 0.0132758620689359 0
0.535628140703485 0.0144827586206566 0
0.535628140703493 0.0156896551723779 0
0.5356281407035 0.0168965517240992 0
0.535628140703507 0.0181034482758223 0
0.535628140703515 0.0193103448275487 0
0.535628140703522 0.0205172413792758 0
0.535628140703529 0.0217241379310027 0
0.535628140703536 0.022931034482729 0
0.535628140703544 0.0241379310344563 0
0.535628140703551 0.025344827586183 0
0.535628140703558 0.0265517241379095 0
0.535628140703566 0.0277586206896365 0
0.535628140703573 0.0289655172413634 0
0.53562814070358 0.0301724137930899 0
0.535628140703588 0.0313793103448178 0
0.535628140703595 0.0325862068965452 0
0.535628140703602 0.0337931034482732 0
0.538492462311455 0.00120689655172216 0
0.538492462311462 0.00241379310344433 0
0.538492462311469 0.00362068965516729 0
0.538492462311475 0.00482758620688963 0
0.538492462311482 0.00603448275861048 0
0.538492462311489 0.00724137931033135 0
0.538492462311496 0.00844827586205192 0
0.538492462311502 0.00965517241377301 0
0.538492462311509 0.0108620689654937 0
0.538492462311516 0.0120689655172146 0
0.538492462311523 0.0132758620689356 0
0.53849246231153 0.0144827586206562 0
0.538492462311537 0.0156896551723775 0
0.538492462311543 0.0168965517240987 0
0.53849246231155 0.0181034482758218 0
0.538492462311557 0.0193103448275482 0
0.538492462311564 0.0205172413792754 0
0.538492462311571 0.0217241379310023 0
0.538492462311577 0.0229310344827287 0
0.538492462311584 0.024137931034456 0
0.538492462311591 0.0253448275861827 0
0.538492462311598 0.0265517241379092 0
0.538492462311605 0.0277586206896363 0
0.538492462311612 0.0289655172413633 0
0.538492462311618 0.0301724137930898 0
0.538492462311625 0.0313793103448177 0
0.538492462311632 0.0325862068965451 0
0.538492462311639 0.0337931034482732 0
0.541356783919505 0.00120689655172213 0
0.541356783919511 0.00241379310344427 0
0.541356783919517 0.0036206896551672 0
0.541356783919524 0.00482758620688951 0
0.54135678391953 0.00603448275861033 0
0.541356783919536 0.00724137931033117 0
0.541356783919543 0.00844827586205169 0
0.541356783919549 0.00965517241377276 0
0.541356783919555 0.0108620689654934 0
0.541356783919561 0.0120689655172143 0
0.541356783919568 0.0132758620689352 0
0.541356783919574 0.0144827586206558 0
0.541356783919581 0.015689655172377 0
0.541356783919587 0.0168965517240983 0
0.541356783919593 0.0181034482758214 0
0.5413567839196 0.0193103448275478 0
0.541356783919606 0.020517241379275 0
0.541356783919612 0.021724137931002 0
0.541356783919618 0.0229310344827283 0
0.541356783919625 0.0241379310344557 0
0.541356783919631 0.0253448275861825 0
0.541356783919637 0.026551724137909 0
0.541356783919644 0.0277586206896361 0
0.54135678391965 0.0289655172413631 0
0.541356783919656 0.0301724137930897 0
0.541356783919663 0.0313793103448176 0
0.541356783919669 0.0325862068965451 0
0.541356783919675 0.0337931034482731 0
0.544221105527554 0.0012068965517221 0
0.54422110552756 0.00241379310344421 0
0.544221105527566 0.00362068965516712 0
0.544221105527572 0.00482758620688939 0
0.544221105527578 0.00603448275861018 0
0.544221105527583 0.00724137931033098 0
0.544221105527589 0.00844827586205148 0
0.544221105527595 0.00965517241377251 0
0.544221105527601 0.0108620689654931 0
0.544221105527607 0.012068965517214 0
0.544221105527613 0.0132758620689349 0
0.544221105527618 0.0144827586206554 0
0.544221105527624 0.0156896551723766 0
0.54422110552763 0.0168965517240978 0
0.544221105527636 0.0181034482758209 0
0.544221105527642 0.0193103448275474 0
0.544221105527648 0.0205172413792746 0
0.544221105527654 0.0217241379310016 0
0.544221105527659 0.022931034482728 0
0.544221105527665 0.0241379310344554 0
0.544221105527671 0.0253448275861822 0
0.544221105527677 0.0265517241379088 0
0.544221105527683 0.0277586206896359 0
0.544221105527689 0.028965517241363 0
0.544221105527695 0.0301724137930896 0
0.5442211055277 0.0313793103448176 0
0.544221105527706 0.032586206896545 0
0.544221105527712 0.0337931034482731 0
0.547085427135604 0.00120689655172208 0
0.547085427135609 0.00241379310344415 0
0.547085427135615 0.00362068965516703 0
0.54708542713562 0.00482758620688928 0
0.547085427135625 0.00603448275861003 0
0.547085427135631 0.0072413793103308 0
0.547085427135636 0.00844827586205125 0
0.547085427135641 0.00965517241377226 0
0.547085427135647 0.0108620689654929 0
0.547085427135652 0.0120689655172137 0
0.547085427135658 0.0132758620689345 0
0.547085427135663 0.014482758620655 0
0.547085427135668 0.0156896551723762 0
0.547085427135674 0.0168965517240974 0
0.547085427135679 0.0181034482758205 0
0.547085427135684 0.019310344827547 0
0.54708542713569 0.0205172413792742 0
0.547085427135695 0.0217241379310012 0
0.5470854271357 0.0229310344827277 0
0.547085427135706 0.0241379310344551 0
0.547085427135711 0.025344827586182 0
0.547085427135716 0.0265517241379086 0
0.547085427135722 0.0277586206896357 0
0.547085427135727 0.0289655172413628 0
0.547085427135733 0.0301724137930895 0
0.547085427135738 0.0313793103448175 0
0.547085427135743 0.0325862068965449 0
0.547085427135749 0.0337931034482731 0
0.549949748743654 0.00120689655172205 0
0.549949748743659 0.00241379310344409 0
0.549949748743663 0.00362068965516694 0
0.549949748743668 0.00482758620688916 0
0.549949748743673 0.00603448275860988 0
0.549949748743678 0.00724137931033061 0
0.549949748743683 0.00844827586205104 0
0.549949748743688 0.009655172413772 0
0.549949748743693 0.0108620689654926 0
0.549949748743697 0.0120689655172133 0
0.549949748743703 0.0132758620689342 0
0.549949748743707 0.0144827586206546 0
0.549949748743712 0.0156896551723758 0
0.549949748743717 0.0168965517240969 0
0.549949748743722 0.01810344827582 0
0.549949748743727 0.0193103448275465 0
0.549949748743732 0.0205172413792738 0
0.549949748743736 0.0217241379310009 0
0.549949748743741 0.0229310344827274 0
0.549949748743746 0.0241379310344548 0
0.549949748743751 0.0253448275861817 0
0.549949748743756 0.0265517241379084 0
0.549949748743761 0.0277586206896355 0
0.549949748743766 0.0289655172413626 0
0.549949748743771 0.0301724137930894 0
0.549949748743776 0.0313793103448174 0
0.549949748743781 0.0325862068965448 0
0.549949748743785 0.0337931034482731 0
0.552814070351703 0.00120689655172202 0
0.552814070351707 0.00241379310344403 0
0.552814070351712 0.00362068965516686 0
0.552814070351716 0.00482758620688904 0
0.552814070351721 0.00603448275860973 0
0.552814070351725 0.00724137931033042 0
0.552814070351729 0.00844827586205081 0
0.552814070351734 0.00965517241377175 0
0.552814070351738 0.0108620689654923 0
0.552814070351743 0.012068965517213 0
0.552814070351747 0.0132758620689338 0
0.552814070351751 0.0144827586206543 0
0.552814070351756 0.0156896551723753 0
0.55281407035176 0.0168965517240965 0
0.552814070351765 0.0181034482758195 0
0.552814070351769 0.0193103448275461 0
0.552814070351774 0.0205172413792734 0
0.552814070351778 0.0217241379310005 0
0.552814070351782 0.0229310344827271 0
0.552814070351787 0.0241379310344545 0
0.552814070351791 0.0253448275861815 0
0.552814070351796 0.0265517241379081 0
0.5528140703518 0.0277586206896353 0
0.552814070351804 0.0289655172413625 0
0.552814070351809 0.0301724137930892 0
0.552814070351813 0.0313793103448173 0
0.552814070351817 0.0325862068965448 0
0.552814070351822 0.033793103448273 0
0.555678391959753 0.001206896551722 0
0.555678391959757 0.00241379310344397 0
0.555678391959761 0.00362068965516677 0
0.555678391959765 0.00482758620688893 0
0.555678391959768 0.00603448275860958 0
0.555678391959772 0.00724137931033024 0
0.555678391959777 0.00844827586205059 0
0.55567839195978 0.0096551724137715 0
0.555678391959784 0.010862068965492 0
0.555678391959788 0.0120689655172127 0
0.555678391959792 0.0132758620689335 0
0.555678391959796 0.0144827586206539 0
0.5556783919598 0.0156896551723749 0
0.555678391959804 0.016896551724096 0
0.555678391959808 0.0181034482758191 0
0.555678391959812 0.0193103448275457 0
0.555678391959815 0.020517241379273 0
0.555678391959819 0.0217241379310002 0
0.555678391959823 0.0229310344827268 0
0.555678391959827 0.0241379310344542 0
0.555678391959831 0.0253448275861812 0
0.555678391959835 0.0265517241379079 0
0.555678391959839 0.0277586206896351 0
0.555678391959843 0.0289655172413623 0
0.555678391959847 0.0301724137930891 0
0.555678391959851 0.0313793103448172 0
0.555678391959855 0.0325862068965447 0
0.555678391959859 0.033793103448273 0
0.558542713567803 0.00120689655172197 0
0.558542713567806 0.00241379310344391 0
0.55854271356781 0.00362068965516669 0
0.558542713567813 0.00482758620688881 0
0.558542713567816 0.00603448275860943 0
0.55854271356782 0.00724137931033006 0
0.558542713567823 0.00844827586205037 0
0.558542713567827 0.00965517241377125 0
0.55854271356783 0.0108620689654917 0
0.558542713567834 0.0120689655172124 0
0.558542713567837 0.0132758620689331 0
0.55854271356784 0.0144827586206535 0
0.558542713567844 0.0156896551723745 0
0.558542713567847 0.0168965517240956 0
0.558542713567851 0.0181034482758187 0
0.558542713567854 0.0193103448275453 0
0.558542713567858 0.0205172413792726 0
0.558542713567861 0.0217241379309998 0
0.558542713567864 0.0229310344827264 0
0.558542713567868 0.0241379310344539 0
0.558542713567871 0.025344827586181 0
0.558542713567875 0.0265517241379077 0
0.558542713567878 0.0277586206896349 0
0.558542713567882 0.0289655172413622 0
0.558542713567885 0.030172413793089 0
0.558542713567888 0.0313793103448171 0
0.558542713567892 0.0325862068965446 0
0.558542713567895 0.033793103448273 0
0.561407035175852 0.00120689655172194 0
0.561407035175855 0.00241379310344385 0
0.561407035175858 0.0036206896551666 0
0.561407035175861 0.00482758620688869 0
0.561407035175864 0.00603448275860928 0
0.561407035175867 0.00724137931032987 0
0.56140703517587 0.00844827586205015 0
0.561407035175873 0.009655172413771 0
0.561407035175876 0.0108620689654914 0
0.561407035175878 0.0120689655172121 0
0.561407035175881 0.0132758620689327 0
0.561407035175884 0.0144827586206531 0
0.561407035175887 0.0156896551723741 0
0.56140703517589 0.0168965517240951 0
0.561407035175893 0.0181034482758182 0
0.561407035175896 0.0193103448275448 0
0.561407035175899 0.0205172413792722 0
0.561407035175902 0.0217241379309995 0
0.561407035175904 0.0229310344827261 0
0.561407035175907 0.0241379310344536 0
0.56140703517591 0.0253448275861807 0
0.561407035175913 0.0265517241379075 0
0.561407035175916 0.0277586206896347 0
0.561407035175919 0.028965517241362 0
0.561407035175922 0.0301724137930889 0
0.561407035175925 0.031379310344817 0
0.561407035175927 0.0325862068965446 0
0.56140703517593 0.033793103448273 0
0.564271356783901 0.00120689655172192 0
0.564271356783903 0.00241379310344378 0
0.564271356783905 0.00362068965516652 0
0.564271356783907 0.00482758620688857 0
0.564271356783909 0.00603448275860913 0
0.564271356783911 0.00724137931032969 0
0.564271356783913 0.00844827586204993 0
0.564271356783915 0.00965517241377075 0
0.564271356783917 0.0108620689654911 0
0.564271356783919 0.0120689655172117 0
0.564271356783921 0.0132758620689324 0
0.564271356783923 0.0144827586206527 0
0.564271356783925 0.0156896551723737 0
0.564271356783927 0.0168965517240947 0
0.564271356783929 0.0181034482758178 0
0.564271356783931 0.0193103448275444 0
0.564271356783932 0.0205172413792718 0
0.564271356783934 0.0217241379309991 0
0.564271356783936 0.0229310344827258 0
0.564271356783938 0.0241379310344533 0
0.56427135678394 0.0253448275861805 0
0.564271356783942 0.0265517241379072 0
0.564271356783944 0.0277586206896345 0
0.564271356783946 0.0289655172413619 0
0.564271356783948 0.0301724137930888 0
0.56427135678395 0.0313793103448169 0
0.564271356783952 0.0325862068965445 0
0.564271356783954 0.0337931034482729 0
0.567135678391951 0.00120689655172189 0
0.567135678391952 0.00241379310344372 0
0.567135678391953 0.00362068965516643 0
0.567135678391954 0.00482758620688846 0
0.567135678391955 0.00603448275860898 0
0.567135678391956 0.0072413793103295 0
0.567135678391957 0.00844827586204971 0
0.567135678391957 0.00965517241377049 0
0.567135678391959 0.0108620689654908 0
0.567135678391959 0.0120689655172114 0
0.56713567839196 0.013275862068932 0
0.567135678391961 0.0144827586206523 0
0.567135678391962 0.0156896551723732 0
0.567135678391963 0.0168965517240942 0
0.567135678391965 0.0181034482758173 0
0.567135678391965 0.019310344827544 0
0.567135678391966 0.0205172413792714 0
0.567135678391967 0.0217241379309988 0
0.567135678391968 0.0229310344827255 0
0.567135678391969 0.024137931034453 0
0.56713567839197 0.0253448275861802 0
0.567135678391971 0.026551724137907 0
0.567135678391972 0.0277586206896343 0
0.567135678391973 0.0289655172413617 0
0.567135678391974 0.0301724137930886 0
0.567135678391975 0.0313793103448168 0
0.567135678391976 0.0325862068965444 0
0.567135678391977 0.0337931034482729 0

Quadrilaterals
5771
1 5 457 456 1
456 457 458 455 1
455 458 459 454 1
454 459 460 453 1
453 460 461 452 1
452 461 462 451 1
451 462 463 450 1
450 463 464 449 1
449 464 465 448 1
448 465 466 447 1
447 466 467 446 1
446 467 468 445 1
445 468 469 444 1
444 469 470 443 1
443 470 471 442 1
442 471 472 441 1
441 472 473 440 1
440 473 474 439 1
439 474 475 438 1
438 475 476 437 1
437 476 477 436 1
436 477 478 435 1
435 478 479 434 1
434 479 480 433 1
433 480 481 432 1
432 481 482 431 1
431 482 483 430 1
430 483 484 429 1
429 484 428 4 1
5 6 485 457 1
457 485 486 458 1
458 486 487 459 1
459 487 488 460 1
460 488 489 461 1
461 489 490 462 1
462 490 491 463 1
463 491 492 464 1
464 492 493 465 1
465 493 494 466 1
466 494 495 467 1
467 495 496 468 1
468 496 497 469 1
469 497 498 470 1
470 498 499 471 1
471 499 500 472 1
472 500 501 473 1
473 501 502 474 1
474 502 503 475 1
475 503 504 476 1
476 504 505 477 1
477 505 506 478 1
478 506 507 479 1
479 507 508 480 1
480 508 509 481 1
481 509 510 482 1
482 510 511 483 1
483 511 512 484 1
484 512 427 428 1
6 7 513 485 1
485 513 514 486 1
486 514 515 487 1
487 515 516 488 1
488 516 517 489 1
489 517 518 490 1
490 518 519 491 1
491 519 520 492 1
492 520 521 493 1
493 521 522 494 1
494 522 523 495 1
495 523 524 496 1
496 524 525 497 1
497 525 526 498 1
498 526 527 499 1
499 527 528 500 1
500 528 529 501 1
501 529 530 502 1
502 530 531 503 1
503 531 532 504 1
504 532 533 505 1
505 533 534 506 1
506 534 535 507 1
507 535 536 508 1
508 536 537 509 1
509 537 538 510 1
510 538 539 511 1
511 539 540 512 1
512 540 426 427 1
7 8 541 513 1
513 541 542 514 1
514 542 543 515 1
515 543 544 516 1
516 544 545 517 1
517 545 546 518 1
518 546 547 519 1
519 547 548 520 1
520 548 549 521 1
521 549 550 522 1
522 550 551 523 1
523 551 552 524 1
524 552 553 525 1
525 553 554 526 1
526 554 555 527 1
527 555 556 528 1
528 556 557 529 1
529 557 558 530 1
530 558 559 531 1
531 559 560 532 1
532 560 561 533 1
533 561 562 534 1
534 562 563 535 1
535 563 564 536 1
536 564 565 537 1
537 565 566 538 1
538 566 567 539 1
539 567 568 540 1
540 568 425 426 1
8 9 569 541 1
541 569 570 542 1
542 570 571 543 1
543 571 572 544 1
544 572 573 545 1
545 573 574 546 1
546 574 575 547 1
547 575 576 548 1
548 576 577 549 1
549 577 578 550 1
550 578 579 551 1
551 579 580 552 1
552 580 581 553 1
553 581 582 554 1
554 582 583 555 1
555 583 584 556 1
556 584 585 557 1
557 585 586 558 1
558 586 587 559 1
559 587 588 560 1
560 588 589 561 1
561 589 590 562 1
562 590 591 563 1
563 591 592 564 1
564 592 593 565 1
565 593 594 566 1
566 594 595 567 1
567 595 596 568 1
568 596 424 425 1
9 10 597 569 1
569 597 598 570 1
570 598 599 571 1
571 599 600 572 1
572 600 601 573 1
573 601 602 574 1
574 602 603 575 1
575 603 604 576 1
576 604 605 577 1
577 605 606 578 1
578 606 607 579 1
579 607 608 580 1
580 608 609 581 1
581 609 610 582 1
582 610 611 583 1
583 611 612 584 1
584 612 613 585 1
585 613 614 586 1
586 614 615 587 1
587 615 616 588 1
588 616 617 589 1
589 617 618 590 1
590 618 619 591 1
591 619 620 592 1
592 620 621 593 1
593 621 622 594 1
594 622 623 595 1
595 623 624 596 1
596 624 423 424 1
10 11 625 597 1
597 625 626 598 1
598 626 627 599 1
599 627 628 600 1
600 628 629 601 1
601 629 630 602 1
602 630 631 603 1
603 631 632 604 1
604 632 633 605 1
605 633 634 606 1
606 634 635 607 1
607 635 636 608 1
608 636 637 609 1
609 637 638 610 1
610 638 639 611 1
611 639 640 612 1
612 640 641 613 1
613 641 642 614 1
614 642 643 615 1
615 643 644 616 1
616 644 645 617 1
617 645 646 618 1
618 646 647 619 1
619 647 648 620 1
620 648 649 621 1
621 649 650 622 1
622 650 651 623 1
623 651 652 624 1
624 652 422 423 1
11 12 653 625 1
625 653 654 626 1
626 654 655 627 1
627 655 656 628 1
628 656 657 629 1
629 657 658 630 1
630 658 659 631 1
631 659 660 632 1
632 660 661 633 1
633 661 662 634 1
634 662 663 635 1
635 663 664 636 1
636 664 665 637 1
637 665 666 638 1
638 666 667 639 1
639 667 668 640 1
640 668 669 641 1
641 669 670 642 1
642 670 671 643 1
643 671 672 644 1
644 672 673 645 1
645 673 674 646 1
646 674 675 647 1
647 675 676 648 1
648 676 677 649 1
649 677 678 650 1
650 678 679 651 1
651 679 680 652 1
652 680 421 422 1
12 13 681 653 1
653 681 682 654 1
654 682 683 655 1
655 683 684 656 1
656 684 685 657 1
657 685 686 658 1
658 686 687 659 1
659 687 688 660 1
660 688 689 661 1
661 689 690 662 1
662 690 691 663 1
663 691 692 664 1
664 692 693 665 1
665 693 694 666 1
666 694 695 667 1
667 695 696 668 1
668 696 697 669 1
669 697 698 670 1
670 698 699 671 1
671 699 700 672 1
672 700 701 673 1
673 701 702 674 1
674 702 703 675 1
675 703 704 676 1
676 704 705 677 1
677 705 706 678 1
678 706 707 679 1
679 707 708 680 1
680 708 420 421 1
13 14 709 681 1
681 709 710 682 1
682 710 711 683 1
683 711 712 684 1
684 712 713 685 1
685 713 714 686 1
686 714 715 687 1
687 715 716 688 1
688 716 717 689 1
689 717 718 690 1
690 718 719 691 1
691 719 720 692 1
692 720 721 693 1
693 721 722 694 1
694 722 723 695 1
695 723 724 696 1
696 724 725 697 1
697 725 726 698 1
698 726 727 699 1
699 727 728 700 1
700 728 729 701 1
701 729 730 702 1
702 730 731 703 1
703 731 732 704 1
704 732 733 705 1
705 733 734 706 1
706 734 735 707 1
707 735 736 708 1
708 736 419 420 1
14 15 737 709 1
709 737 738 710 1
710 738 739 711 1
711 739 740 712 1
712 740 741 713 1
713 741 742 714 1
714 742 743 715 1
715 743 744 716 1
716 744 745 717 1
717 745 746 718 1
718 746 747 719 1
719 747 748 720 1
720 748 749 721 1
721 749 750 722 1
722 750 751 723 1
723 751 752 724 1
724 752 753 725 1
725 753 754 726 1
726 754 755 727 1
727 755 756 728 1
728 756 757 729 1
729 757 758 730 1
730 758 759 731 1
731 759 760 732 1
732 760 761 733 1
733 761 762 734 1
734 762 763 735 1
735 763 764 736 1
736 764 418 419 1
15 16 765 737 1
737 765 766 738 1
738 766 767 739 1
739 767 768 740 1
740 768 769 741 1
741 769 770 742 1
742 770 771 743 1
743 771 772 744 1
744 772 773 745 1
745 773 774 746 1
746 774 775 747 1
747 775 776 748 1
748 776 777 749 1
749 777 778 750 1
750 778 779 751 1
751 779 780 752 1
752 780 781 753 1
753 781 782 754 1
754 782 783 755 1
755 783 784 756 1
756 784 785 757 1
757 785 786 758 1
758 786 787 759 1
759 787 788 760 1
760 788 789 761 1
761 789 790 762 1
762 790 791 763 1
763 791 792 764 1
764 792 417 418 1
16 17 793 765 1
765 793 794 766 1
766 794 795 767 1
767 795 796 768 1
768 796 797 769 1
769 797 798 770 1
770 798 799 771 1
771 799 800 772 1
772 800 801 773 1
773 801 802 774 1
774 802 803 775 1
775 803 804 776 1
776 804 805 777 1
777 805 806 778 1
778 806 807 779 1
779 807 808 780 1
780 808 809 781 1
781 809 810 782 1
782 810 811 783 1
783 811 812 784 1
784 812 813 785 1
785 813 814 786 1
786 814 815 787 1
787 815 816 788 1
788 816 817 789 1
789 817 818 790 1
790 818 819 791 1
791 819 820 792 1
792 820 416 417 1
17 18 821 793 1
793 821 822 794 1
794 822 823 795 1
795 823 824 796 1
796 824 825 797 1
797 825 826 798 1
798 826 827 799 1
799 827 828 800 1
800 828 829 801 1
801 829 830 802 1
802 830 831 803 1
803 831 832 804 1
804 832 833 805 1
805 833 834 806 1
806 834 835 807 1
807 835 836 808 1
808 836 837 809 1
809 837 838 810 1
810 838 839 811 1
811 839 840 812 1
812 840 841 813 1
813 841 842 814 1
814 842 843 815 1
815 843 844 816 1
816 844 845 817 1
817 845 846 818 1
818 846 847 819 1
819 847 848 820 1
820 848 415 416 1
18 19 849 821 1
821 849 850 822 1
822 850 851 823 1
823 851 852 824 1
824 852 853 825 1
825 853 854 826 1
826 854 855 827 1
827 855 856 828 1
828 856 857 829 1
829 857 858 830 1
830 858 859 831 1
831 859 860 832 1
832 860 861 833 1
833 861 862 834 1
834 862 863 835 1
835 863 864 836 1
836 864 865 837 1
837 865 866 838 1
838 866 867 839 1
839 867 868 840 1
840 868 869 841 1
841 869 870 842 1
842 870 871 843 1
843 871 872 844 1
844 872 873 845 1
845 873 874 846 1
846 874 875 847 1
847 875 876 848 1
848 876 414 415 1
19 20 877 849 1
849 877 878 850 1
850 878 879 851 1
851 879 880 852 1
852 880 881 853 1
853 881 882 854 1
854 882 883 855 1
855 883 884 856 1
856 884 885 857 1
857 885 886 858 1
858 886 887 859 1
859 887 888 860 1
860 888 889 861 1
861 889 890 862 1
862 890 891 863 1
863 891 892 864 1
864 892 893 865 1
865 893 894 866 1
866 894 895 867 1
867 895 896 868 1
868 896 897 869 1
869 897 898 870 1
870 898 899 871 1
871 899 900 872 1
872 900 901 873 1
873 901 902 874 1
874 902 903 875 1
875 903 904 876 1
876 904 413 414 1
20 21 905 877 1
877 905 906 878 1
878 906 907 879 1
879 907 908 880 1
880 908 909 881 1
881 909 910 882 1
882 910 911 883 1
883 911 912 884 1
884 912 913 885 1
885 913 914 886 1
886 914 915 887 1
887 915 916 888 1
888 916 917 889 1
889 917 918 890 1
890 918 919 891 1
891 919 920 892 1
892 920 921 893 1
893 921 922 894 1
894 922 923 895 1
895 923 924 896 1
896 924 925 897 1
897 925 926 898 1
898 926 927 899 1
899 927 928 900 1
900 928 929 901 1
901 929 930 902 1
902 930 931 903 1
903 931 932 904 1
904 932 412 413 1
21 22 933 905 1
905 933 934 906 1
906 934 935 907 1
907 935 936 908 1
908 936 937 909 1
909 937 938 910 1
910 938 939 911 1
911 939 940 912 1
912 940 941 913 1
913 941 942 914 1
914 942 943 915 1
915 943 944 916 1
916 944 945 917 1
917 945 946 918 1
918 946 947 919 1
919 947 948 920 1
920 948 949 921 1
921 949 950 922 1
922 950 951 923 1
923 951 952 924 1
924 952 953 925 1
925 953 954 926 1
926 954 955 927 1
927 955 956 928 1
928 956 957 929 1
929 957 958 930 1
930 958 959 931 1
931 959 960 932 1
932 960 411 412 1
22 23 961 933 1
933 961 962 934 1
934 962 963 935 1
935 963 964 936 1
936 964 965 937 1
937 965 966 938 1
938 966 967 939 1
939 967 968 940 1
940 968 969 941 1
941 969 970 942 1
942 970 971 943 1
943 971 972 944 1
944 972 973 945 1
945 973 974 946 1
946 974 975 947 1
947 975 976 948 1
948 976 977 949 1
949 977 978 950 1
950 978 979 951 1
951 979 980 952 1
952 980 981 953 1
953 981 982 954 1
954 982 983 955 1
955 983 984 956 1
956 984 985 957 1
957 985 986 958 1
958 986 987 959 1
959 987 988 960 1
960 988 410 411 1
23 24 989 961 1
961 989 990 962 1
962 990 991 963 1
963 991 992 964 1
964 992 993 965 1
965 993 994 966 1
966 994 995 967 1
967 995 996 968 1
968 996 997 969 1
969 997 998 970 1
970 998 999 971 1
971 999 1000 972 1
972 1000 1001 973 1
973 1001 1002 974 1
974 1002 1003 975 1
975 1003 1004 976 1
976 1004 1005 977 1
977 1005 1006 978 1
978 1006 1007 979 1
979 1007 1008 980 1
980 1008 1009 981 1
981 1009 1010 982 1
982 1010 1011 983 1
983 1011 1012 984 1
984 1012 1013 985 1
985 1013 1014 986 1
986 1014 1015 987 1
987 1015 1016 988 1
988 1016 409 410 1
24 25 1017 989 1
989 1017 1018 990 1
990 1018 1019 991 1
991 1019 1020 992 1
992 1020 1021 993 1
993 1021 1022 994 1
994 1022 1023 995 1
995 1023 1024 996 1
996 1024 1025 997 1
997 1025 1026 998 1
998 1026 1027 999 1
999 1027 1028 1000 1
1000 1028 1029 1001 1
1001 1029 1030 1002 1
1002 1030 1031 1003 1
1003 1031 1032 1004 1
1004 1032 1033 1005 1
1005 1033 1034 1006 1
1006 1034 1035 1007 1
1007 1035 1036 1008 1
1008 1036 1037 1009 1
1009 1037 1038 1010 1
1010 1038 1039 1011 1
1011 1039 1040 1012 1
1012 1040 1041 1013 1
1013 1041 1042 1014 1
1014 1042 1043 1015 1
1015 1043 1044 1016 1
1016 1044 408 409 1
25 26 1045 1017 1
1017 1045 1046 1018 1
1018 1046 1047 1019 1
1019 1047 1048 1020 1
1020 1048 1049 1021 1
1021 1049 1050 1022 1
1022 1050 1051 1023 1
1023 1051 1052 1024 1
1024 1052 1053 1025 1
1025 1053 1054 1026 1
1026 1054 1055 1027 1
1027 1055 1056 1028 1
1028 1056 1057 1029 1
1029 1057 1058 1030 1
1030 1058 1059 1031 1
1031 1059 1060 1032 1
1032 1060 1061 1033 1
1033 1061 1062 1034 1
1034 1062 1063 1035 1
1035 1063 1064 1036 1
1036 1064 1065 1037 1
1037 1065 1066 1038 1
1038 1066 1067 1039 1
1039 1067 1068 1040 1
1040 1068 1069 1041 1
1041 1069 1070 1042 1
1042 1070 1071 1043 1
1043 1071 1072 1044 1
1044 1072 407 408 1
26 27 1073 1045 1
1045 1073 1074 1046 1
1046 1074 1075 1047 1
1047 1075 1076 1048 1
1048 1076 1077 1049 1
1049 1077 1078 1050 1
1050 1078 1079 1051 1
1051 1079 1080 1052 1
1052 1080 1081 1053 1
1053 1081 1082 1054 1
1054 1082 1083 1055 1
1055 1083 1084 1056 1
1056 1084 1085 1057 1
1057 1085 1086 1058 1
1058 1086 1087 1059 1
1059 1087 1088 1060 1
1060 1088 1089 1061 1
1061 1089 1090 1062 1
1062 1090 1091 1063 1
1063 1091 1092 1064 1
1064 1092 1093 1065 1
1065 1093 1094 1066 1
1066 1094 1095 1067 1
1067 1095 1096 1068 1
1068 1096 1097 1069 1
1069 1097 1098 1070 1
1070 1098 1099 1071 1
1071 1099 1100 1072 1
1072 1100 406 407 1
27 28 1101 1073 1
1073 1101 1102 1074 1
1074 1102 1103 1075 1
1075 1103 1104 1076 1
1076 1104 1105 1077 1
1077 1105 1106 1078 1
1078 1106 1107 1079 1
1079 1107 1108 1080 1
1080 1108 1109 1081 1
1081 1109 1110 1082 1
1082 1110 1111 1083 1
1083 1111 1112 1084 1
1084 1112 1113 1085 1
1085 1113 1114 1086 1
1086 1114 1115 1087 1
1087 1115 1116 1088 1
1088 1116 1117 1089 1
1089 1117 1118 1090 1
1090 1118 1119 1091 1
1091 1119 1120 1092 1
1092 1120 1121 1093 1
1093 1121 1122 1094 1
1094 1122 1123 1095 1
1095 1123 1124 1096 1
1096 1124 1125 1097 1
1097 1125 1126 1098 1
1098 1126 1127 1099 1
1099 1127 1128 1100 1
1100 1128 405 406 1
28 29 1129 1101 1
1101 1129 1130 1102 1
1102 1130 1131 1103 1
1103 1131 1132 1104 1
1104 1132 1133 1105 1
1105 1133 1134 1106 1
1106 1134 1135 1107 1
1107 1135 1136 1108 1
1108 1136 1137 1109 1
1109 1137 1138 1110 1
1110 1138 1139 1111 1
1111 1139 1140 1112 1
1112 1140 1141 1113 1
1113 1141 1142 1114 1
1114 1142 1143 1115 1
1115 1143 1144 1116 1
1116 1144 1145 1117 1
1117 1145 1146 1118 1
1118 1146 1147 1119 1
1119 1147 1148 1120 1
1120 1148 1149 1121 1
1121 1149 1150 1122 1
1122 1150 1151 1123 1
1123 1151 1152 1124 1
1124 1152 1153 1125 1
1125 1153 1154 1126 1
1126 1154 1155 1127 1
1127 1155 1156 1128 1
1128 1156 404 405 1
29 30 1157 1129 1
1129 1157 1158 1130 1
1130 1158 1159 1131 1
1131 1159 1160 1132 1
1132 1160 1161 1133 1
1133 1161 1162 1134 1
1134 1162 1163 1135 1
1135 1163 1164 1136 1
1136 1164 1165 1137 1
1137 1165 1166 1138 1
1138 1166 1167 1139 1
1139 1167 1168 1140 1
1140 1168 1169 1141 1
1141 1169 1170 1142 1
1142 1170 1171 1143 1
1143 1171 1172 1144 1
1144 1172 1173 1145 1
1145 1173 1174 1146 1
1146 1174 1175 1147 1
1147 1175 1176 1148 1
1148 1176 1177 1149 1
1149 1177 1178 1150 1
1150 1178 1179 1151 1
1151 1179 1180 1152 1
1152 1180 1181 1153 1
1153 1181 1182 1154 1
1154 1182 1183 1155 1
1155 1183 1184 1156 1
1156 1184 403 404 1
30 31 1185 1157 1
1157 1185 1186 1158 1
1158 1186 1187 1159 1
1159 1187 1188 1160 1
1160 1188 1189 1161 1
1161 1189 1190 1162 1
1162 1190 1191 1163 1
1163 1191 1192 1164 1
1164 1192 1193 1165 1
1165 1193 1194 1166 1
1166 1194 1195 1167 1
1167 1195 1196 1168 1
1168 1196 1197 1169 1
1169 1197 1198 1170 1
1170 1198 1199 1171 1
1171 1199 1200 1172 1
1172 1200 1201 1173 1
1173 1201 1202 1174 1
1174 1202 1203 1175 1
1175 1203 1204 1176 1
1176 1204 1205 1177 1
1177 1205 1206 1178 1
1178 1206 1207 1179 1
1179 1207 1208 1180 1
1180 1208 1209 1181 1
1181 1209 1210 1182 1
1182 1210 1211 1183 1
1183 1211 1212 1184 1
1184 1212 402 403 1
31 32 1213 1185 1
1185 1213 1214 1186 1
1186 1214 1215 1187 1
1187 1215 1216 1188 1
1188 1216 1217 1189 1
1189 1217 1218 1190 1
1190 1218 1219 1191 1
1191 1219 1220 1192 1
1192 1220 1221 1193 1
1193 1221 1222 1194 1
1194 1222 1223 1195 1
1195 1223 1224 1196 1
1196 1224 1225 1197 1
1197 1225 1226 1198 1
1198 1226 1227 1199 1
1199 1227 1228 1200 1
1200 1228 1229 1201 1
1201 1229 1230 1202 1
1202 1230 1231 1203 1
1203 1231 1232 1204 1
1204 1232 1233 1205 1
1205 1233 1234 1206 1
1206 1234 1235 1207 1
1207 1235 1236 1208 1
1208 1236 1237 1209 1
1209 1237 1238 1210 1
1210 1238 1239 1211 1
1211 1239 1240 1212 1
1212 1240 401 402 1
32 33 1241 1213 1
1213 1241 1242 1214 1
1214 1242 1243 1215 1
1215 1243 1244 1216 1
1216 1244 1245 1217 1
1217 1245 1246 1218 1
1218 1246 1247 1219 1
1219 1247 1248 1220 1
1220 1248 1249 1221 1
1221 1249 1250 1222 1
1222 1250 1251 1223 1
1223 1251 1252 1224 1
1224 1252 1253 1225 1
1225 1253 1254 1226 1
1226 1254 1255 1227 1
1227 1255 1256 1228 1
1228 1256 1257 1229 1
1229 1257 1258 1230 1
1230 1258 1259 1231 1
1231 1259 1260 1232 1
1232 1260 1261 1233 1
1233 1261 1262 1234 1
1234 1262 1263 1235 1
1235 1263 1264 1236 1
1236 1264 1265 1237 1
1237 1265 1266 1238 1
1238 1266 1267 1239 1
1239 1267 1268 1240 1
1240 1268 400 401 1
33 34 1269 1241 1
1241 1269 1270 1242 1
1242 1270 1271 1243 1
1243 1271 1272 1244 1
1244 1272 1273 1245 1
1245 1273 1274 1246 1
1246 1274 1275 1247 1
1247 1275 1276 1248 1
1248 1276 1277 1249 1
1249 1277 1278 1250 1
1250 1278 1279 1251 1
1251 1279 1280 1252 1
1252 1280 1281 1253 1
1253 1281 1282 1254 1
1254 1282 1283 1255 1
1255 1283 1284 1256 1
1256 1284 1285 1257 1
1257 1285 1286 1258 1
1258 1286 1287 1259 1
1259 1287 1288 1260 1
1260 1288 1289 1261 1
1261 1289 1290 1262 1
1262 1290 1291 1263 1
1263 1291 1292 1264 1
1264 1292 1293 1265 1
1265 1293 1294 1266 1
1266 1294 1295 1267 1
1267 1295 1296 1268 1
1268 1296 399 400 1
34 35 1297 1269 1
1269 1297 1298 1270 1
1270 1298 1299 1271 1
1271 1299 1300 1272 1
1272 1300 1301 1273 1
1273 1301 1302 1274 1
1274 1302 1303 1275 1
1275 1303 1304 1276 1
1276 1304 1305 1277 1
1277 1305 1306 1278 1
1278 1306 1307 1279 1
1279 1307 1308 1280 1
1280 1308 1309 1281 1
1281 1309 1310 1282 1
1282 1310 1311 1283 1
1283 1311 1312 1284 1
1284 1312 1313 1285 1
1285 1313 1314 1286 1
1286 1314 1315 1287 1
1287 1315 1316 1288 1
1288 1316 1317 1289 1
1289 1317 1318 1290 1
1290 1318 1319 1291 1
1291 1319 1320 1292 1
1292 1320 1321 1293 1
1293 1321 1322 1294 1
1294 1322 1323 1295 1
1295 1323 1324 1296 1
1296 1324 398 399 1
35 36 1325 1297 1
1297 1325 1326 1298 1
1298 1326 1327 1299 1
1299 1327 1328 1300 1
1300 1328 1329 1301 1
1301 1329 1330 1302 1
1302 1330 1331 1303 1
1303 1331 1332 1304 1
1304 1332 1333 1305 1
1305 1333 1334 1306 1
1306 1334 1335 1307 1
1307 1335 1336 1308 1
1308 1336 1337 1309 1
1309 1337 1338 1310 1
1310 1338 1339 1311 1
1311 1339 1340 1312 1
1312 1340 1341 1313 1
1313 1341 1342 1314 1
1314 1342 1343 1315 1
1315 1343 1344 1316 1
1316 1344 1345 1317 1
1317 1345 1346 1318 1
1318 1346 1347 1319 1
1319 1347 1348 1320 1
1320 1348 1349 1321 1
1321 1349 1350 1322 1
1322 1350 1351 1323 1
1323 1351 1352 1324 1
1324 1352 397 398 1
36 37 1353 1325 1
1325 1353 1354 1326 1
1326 1354 1355 1327 1
1327 1355 1356 1328 1
1328 1356 1357 1329 1
1329 1357 1358 1330 1
1330 1358 1359 1331 1
1331 1359 1360 1332 1
1332 1360 1361 1333 1
1333 1361 1362 1334 1
1334 1362 1363 1335 1
1335 1363 1364 1336 1
1336 1364 1365 1337 1
1337 1365 1366 1338 1
1338 1366 1367 1339 1
1339 1367 1368 1340 1
1340 1368 1369 1341 1
1341 1369 1370 1342 1
1342 1370 1371 1343 1
1343 1371 1372 1344 1
1344 1372 1373 1345 1
1345 1373 1374 1346 1
1346 1374 1375 1347 1
1347 1375 1376 1348 1
1348 1376 1377 1349 1
1349 1377 1378 1350 1
1350 1378 1379 1351 1
1351 1379 1380 1352 1
1352 1380 396 397 1
37 38 1381 1353 1
1353 1381 1382 1354 1
1354 1382 1383 1355 1
1355 1383 1384 1356 1
1356 1384 1385 1357 1
1357 1385 1386 1358 1
1358 1386 1387 1359 1
1359 1387 1388 1360 1
1360 1388 1389 1361 1
1361 1389 1390 1362 1
1362 1390 1391 1363 1
1363 1391 1392 1364 1
1364 1392 1393 1365 1
1365 1393 1394 1366 1
1366 1394 1395 1367 1
1367 1395 1396 1368 1
1368 1396 1397 1369 1
1369 1397 1398 1370 1
1370 1398 1399 1371 1
1371 1399 1400 1372 1
1372 1400 1401 1373 1
1373 1401 1402 1374 1
1374 1402 1403 1375 1
1375 1403 1404 1376 1
1376 1404 1405 1377 1
1377 1405 1406 1378 1
1378 1406 1407 1379 1
1379 1407 1408 1380 1
1380 1408 395 396 1
38 39 1409 1381 1
1381 1409 1410 1382 1
1382 1410 1411 1383 1
1383 1411 1412 1384 1
1384 1412 1413 1385 1
1385 1413 1414 1386 1
1386 1414 1415 1387 1
1387 1415 1416 1388 1
1388 1416 1417 1389 1
1389 1417 1418 1390 1
1390 1418 1419 1391 1
1391 1419 1420 1392 1
1392 1420 1421 1393 1
1393 1421 1422 1394 1
1394 1422 1423 1395 1
1395 1423 1424 1396 1
1396 1424 1425 1397 1
1397 1425 1426 1398 1
1398 1426 1427 1399 1
1399 1427 1428 1400 1
1400 1428 1429 1401 1
1401 1429 1430 1402 1
1402 1430 1431 1403 1
1403 1431 1432 1404 1
1404 1432 1433 1405 1
1405 1433 1434 1406 1
1406 1434 1435 1407 1
1407 1435 1436 1408 1
1408 1436 394 395 1
39 40 1437 1409 1
1409 1437 1438 1410 1
1410 1438 1439 1411 1
1411 1439 1440 1412 1
1412 1440 1441 1413 1
1413 1441 1442 1414 1
1414 1442 1443 1415 1
1415 1443 1444 1416 1
1416 1444 1445 1417 1
1417 1445 1446 1418 1
1418 1446 1447 1419 1
1419 1447 1448 1420 1
1420 1448 1449 1421 1
1421 1449 1450 1422 1
1422 1450 1451 1423 1
1423 1451 1452 1424 1
1424 1452 1453 1425 1
1425 1453 1454 1426 1
1426 1454 1455 1427 1
1427 1455 1456 1428 1
1428 1456 1457 1429 1
1429 1457 1458 1430 1
1430 1458 1459 1431 1
1431 1459 1460 1432 1
1432 1460 1461 1433 1
1433 1461 1462 1434 1
1434 1462 1463 1435 1
1435 1463 1464 1436 1
1436 1464 393 394 1
40 41 1465 1437 1
1437 1465 1466 1438 1
1438 1466 1467 1439 1
1439 1467 1468 1440 1
1440 1468 1469 1441 1
1441 1469 1470 1442 1
1442 1470 1471 1443 1
1443 1471 1472 1444 1
1444 1472 1473 1445 1
1445 1473 1474 1446 1
1446 1474 1475 1447 1
1447 1475 1476 1448 1
1448 1476 1477 1449 1
1449 1477 1478 1450 1
1450 1478 1479 1451 1
1451 1479 1480 1452 1
1452 1480 1481 1453 1
1453 1481 1482 1454 1
1454 1482 1483 1455 1
1455 1483 1484 1456 1
1456 1484 1485 1457 1
1457 1485 1486 1458 1
1458 1486 1487 1459 1
1459 1487 1488 1460 1
1460 1488 1489 1461 1
1461 1489 1490 1462 1
1462 1490 1491 1463 1
1463 1491 1492 1464 1
1464 1492 392 393 1
41 42 1493 1465 1
1465 1493 1494 1466 1
1466 1494 1495 1467 1
1467 1495 1496 1468 1
1468 1496 1497 1469 1
1469 1497 1498 1470 1
1470 1498 1499 1471 1
1471 1499 1500 1472 1
1472 1500 1501 1473 1
1473 1501 1502 1474 1
1474 1502 1503 1475 1
1475 1503 1504 1476 1
1476 1504 1505 1477 1
1477 1505 1506 1478 1
1478 1506 1507 1479 1
1479 1507 1508 1480 1
1480 1508 1509 1481 1
1481 1509 1510 1482 1
1482 1510 1511 1483 1
1483 1511 1512 1484 1
1484 1512 1513 1485 1
1485 1513 1514 1486 1
1486 1514 1515 1487 1
1487 1515 1516 1488 1
1488 1516 1517 1489 1
1489 1517 1518 1490 1
1490 1518 1519 1491 1
1491 1519 1520 1492 1
1492 1520 391 392 1
42 43 1521 1493 1
1493 1521 1522 1494 1
1494 1522 1523 1495 1
1495 1523 1524 1496 1
1496 1524 1525 1497 1
1497 1525 1526 1498 1
1498 1526 1527 1499 1
1499 1527 1528 1500 1
1500 1528 1529 1501 1
1501 1529 1530 1502 1
1502 1530 1531 1503 1
1503 1531 1532 1504 1
1504 1532 1533 1505 1
1505 1533 1534 1506 1
1506 1534 1535 1507 1
1507 1535 1536 1508 1
1508 1536 1537 1509 1
1509 1537 1538 1510 1
1510 1538 1539 1511 1
1511 1539 1540 1512 1
1512 1540 1541 1513 1
1513 1541 1542 1514 1
1514 1542 1543 1515 1
1515 1543 1544 1516 1
1516 1544 1545 1517 1
1517 1545 1546 1518 1
1518 1546 1547 1519 1
1519 1547 1548 1520 1
1520 1548 390 391 1
43 44 1549 1521 1
1521 1549 1550 1522 1
1522 1550 1551 1523 1
1523 1551 1552 1524 1
1524 1552 1553 1525 1
1525 1553 1554 1526 1
1526 1554 1555 1527 1
1527 1555 1556 1528 1
1528 1556 1557 1529 1
1529 1557 1558 1530 1
1530 1558 1559 1531 1
1531 1559 1560 1532 1
1532 1560 1561 1533 1
1533 1561 1562 1534 1
1534 1562 1563 1535 1
1535 1563 1564 1536 1
1536 1564 1565 1537 1
1537 1565 1566 1538 1
1538 1566 1567 1539 1
1539 1567 1568 1540 1
1540 1568 1569 1541 1
1541 1569 1570 1542 1
1542 1570 1571 1543 1
1543 1571 1572 1544 1
1544 1572 1573 1545 1
1545 1573 1574 1546 1
1546 1574 1575 1547 1
1547 1575 1576 1548 1
1548 1576 389 390 1
44 45 1577 1549 1
1549 1577 1578 1550 1
1550 1578 1579 1551 1
1551 1579 1580 1552 1
1552 1580 1581 1553 1
1553 1581 1582 1554 1
1554 1582 1583 1555 1
1555 1583 1584 1556 1
1556 1584 1585 1557 1
1557 1585 1586 1558 1
1558 1586 1587 1559 1
1559 1587 1588 1560 1
1560 1588 1589 1561 1
1561 1589 1590 1562 1
1562 1590 1591 1563 1
1563 1591 1592 1564 1
1564 1592 1593 1565 1
1565 1593 1594 1566 1
1566 1594 1595 1567 1
1567 1595 1596 1568 1
1568 1596 1597 1569 1
1569 1597 1598 1570 1
1570 1598 1599 1571 1
1571 1599 1600 1572 1
1572 1600 1601 1573 1
1573 1601 1602 1574 1
1574 1602 1603 1575 1
1575 1603 1604 1576 1
1576 1604 388 389 1
45 46 1605 1577 1
1577 1605 1606 1578 1
1578 1606 1607 1579 1
1579 1607 1608 1580 1
1580 1608 1609 1581 1
1581 1609 1610 1582 1
1582 1610 1611 1583 1
1583 1611 1612 1584 1
1584 1612 1613 1585 1
1585 1613 1614 1586 1
1586 1614 1615 1587 1
1587 1615 1616 1588 1
1588 1616 1617 1589 1
1589 1617 1618 1590 1
1590 1618 1619 1591 1
1591 1619 1620 1592 1
1592 1620 1621 1593 1
1593 1621 1622 1594 1
1594 1622 1623 1595 1
1595 1623 1624 1596 1
1596 1624 1625 1597 1
1597 1625 1626 1598 1
1598 1626 1627 1599 1
1599 1627 1628 1600 1
1600 1628 1629 1601 1
1601 1629 1630 1602 1
1602 1630 1631 1603 1
1603 1631 1632 1604 1
1604 1632 387 388 1
46 47 1633 1605 1
1605 1633 1634 1606 1
1606 1634 1635 1607 1
1607 1635 1636 1608 1
1608 1636 1637 1609 1
1609 1637 1638 1610 1
1610 1638 1639 1611 1
1611 1639 1640 1612 1
1612 1640 1641 1613 1
1613 1641 1642 1614 1
1614 1642 1643 1615 1
1615 1643 1644 1616 1
1616 1644 1645 1617 1
1617 1645 1646 1618 1
1618 1646 1647 1619 1
1619 1647 1648 1620 1
1620 1648 1649 1621 1
1621 1649 1650 1622 1
1622 1650 1651 1623 1
1623 1651 1652 1624 1
1624 1652 1653 1625 1
1625 1653 1654 1626 1
1626 1654 1655 1627 1
1627 1655 1656 1628 1
1628 1656 1657 1629 1
1629 1657 1658 1630 1
1630 1658 1659 1631 1
1631 1659 1660 1632 1
1632 1660 386 387 1
47 48 1661 1633 1
1633 1661 1662 1634 1
1634 1662 1663 1635 1
1635 1663 1664 1636 1
1636 1664 1665 1637 1
1637 1665 1666 1638 1
1638 1666 1667 1639 1
1639 1667 1668 1640 1
1640 1668 1669 1641 1
1641 1669 1670 1642 1
1642 1670 1671 1643 1
1643 1671 1672 1644 1
1644 1672 1673 1645 1
1645 1673 1674 1646 1
1646 1674 1675 1647 1
1647 1675 1676 1648 1
1648 1676 1677 1649 1
1649 1677 1678 1650 1
1650 1678 1679 1651 1
1651 1679 1680 1652 1
1652 1680 1681 1653 1
1653 1681 1682 1654 1
1654 1682 1683 1655 1
1655 1683 1684 1656 1
1656 1684 1685 1657 1
1657 1685 1686 1658 1
1658 1686 1687 1659 1
1659 1687 1688 1660 1
1660 1688 385 386 1
48 49 1689 1661 1
1661 1689 1690 1662 1
1662 1690 1691 1663 1
1663 1691 1692 1664 1
1664 1692 1693 1665 1
1665 1693 1694 1666 1
1666 1694 1695 1667 1
1667 1695 1696 1668 1
1668 1696 1697 1669 1
1669 1697 1698 1670 1
1670 1698 1699 1671 1
1671 1699 1700 1672 1
1672 1700 1701 1673 1
1673 1701 1702 1674 1
1674 1702 1703 1675 1
1675 1703 1704 1676 1
1676 1704 1705 1677 1
1677 1705 1706 1678 1
1678 1706 1707 1679 1
1679 1707 1708 1680 1
1680 1708 1709 1681 1
1681 1709 1710 1682 1
1682 1710 1711 1683 1
1683 1711 1712 1684 1
1684 1712 1713 1685 1
1685 1713 1714 1686 1
1686 1714 1715 1687 1
1687 1715 1716 1688 1
1688 1716 384 385 1
49 50 1717 1689 1
1689 1717 1718 1690 1
1690 1718 1719 1691 1
1691 1719 1720 1692 1
1692 1720 1721 1693 1
1693 1721 1722 1694 1
1694 1722 1723 1695 1
1695 1723 1724 1696 1
1696 1724 1725 1697 1
1697 1725 1726 1698 1
1698 1726 1727 1699 1
1699 1727 1728 1700 1
1700 1728 1729 1701 1
1701 1729 1730 1702 1
1702 1730 1731 1703 1
1703 1731 1732 1704 1
1704 1732 1733 1705 1
1705 1733 1734 1706 1
1706 1734 1735 1707 1
1707 1735 1736 1708 1
1708 1736 1737 1709 1
1709 1737 1738 1710 1
1710 1738 1739 1711 1
1711 1739 1740 1712 1
1712 1740 1741 1713 1
1713 1741 1742 1714 1
1714 1742 1743 1715 1
1715 1743 1744 1716 1
1716 1744 383 384 1
50 51 1745 1717 1
1717 1745 1746 1718 1
1718 1746 1747 1719 1
1719 1747 1748 1720 1
1720 1748 1749 1721 1
1721 1749 1750 1722 1
1722 1750 1751 1723 1
1723 1751 1752 1724 1
1724 1752 1753 1725 1
1725 1753 1754 1726 1
1726 1754 1755 1727 1
1727 1755 1756 1728 1
1728 1756 1757 1729 1
1729 1757 1758 1730 1
1730 1758 1759 1731 1
1731 1759 1760 1732 1
1732 1760 1761 1733 1
1733 1761 1762 1734 1
1734 1762 1763 1735 1
1735 1763 1764 1736 1
1736 1764 1765 1737 1
1737 1765 1766 1738 1
1738 1766 1767 1739 1
1739 1767 1768 1740 1
1740 1768 1769 1741 1
1741 1769 1770 1742 1
1742 1770 1771 1743 1
1743 1771 1772 1744 1
1744 1772 382 383 1
51 52 1773 1745 1
1745 1773 1774 1746 1
1746 1774 1775 1747 1
1747 1775 1776 1748 1
1748 1776 1777 1749 1
1749 1777 1778 1750 1
1750 1778 1779 1751 1
1751 1779 1780 1752 1
1752 1780 1781 1753 1
1753 1781 1782 1754 1
1754 1782 1783 1755 1
1755 1783 1784 1756 1
1756 1784 1785 1757 1
1757 1785 1786 1758 1
1758 1786 1787 1759 1
1759 1787 1788 1760 1
1760 1788 1789 1761 1
1761 1789 1790 1762 1
1762 1790 1791 1763 1
1763 1791 1792 1764 1
1764 1792 1793 1765 1
1765 1793 1794 1766 1
1766 1794 1795 1767 1
1767 1795 1796 1768 1
1768 1796 1797 1769 1
1769 1797 1798 1770 1
1770 1798 1799 1771 1
1771 1799 1800 1772 1
1772 1800 381 382 1
52 53 1801 1773 1
1773 1801 1802 1774 1
1774 1802 1803 1775 1
1775 1803 1804 1776 1
1776 1804 1805 1777 1
1777 1805 1806 1778 1
1778 1806 1807 1779 1
1779 1807 1808 1780 1
1780 1808 1809 1781 1
1781 1809 1810 1782 1
1782 1810 1811 1783 1
1783 1811 1812 1784 1
1784 1812 1813 1785 1
1785 1813 1814 1786 1
1786 1814 1815 1787 1
1787 1815 1816 1788 1
1788 1816 1817 1789 1
1789 1817 1818 1790 1
1790 1818 1819 1791 1
1791 1819 1820 1792 1
1792 1820 1821 1793 1
1793 1821 1822 1794 1
1794 1822 1823 1795 1
1795 1823 1824 1796 1
1796 1824 1825 1797 1
1797 1825 1826 1798 1
1798 1826 1827 1799 1
1799 1827 1828 1800 1
1800 1828 380 381 1
53 54 1829 1801 1
1801 1829 1830 1802 1
1802 1830 1831 1803 1
1803 1831 1832 1804 1
1804 1832 1833 1805 1
1805 1833 1834 1806 1
1806 1834 1835 1807 1
1807 1835 1836 1808 1
1808 1836 1837 1809 1
1809 1837 1838 1810 1
1810 1838 1839 1811 1
1811 1839 1840 1812 1
1812 1840 1841 1813 1
1813 1841 1842 1814 1
1814 1842 1843 1815 1
1815 1843 1844 1816 1
1816 1844 1845 1817 1
1817 1845 1846 1818 1
1818 1846 1847 1819 1
1819 1847 1848 1820 1
1820 1848 1849 1821 1
1821 1849 1850 1822 1
1822 1850 1851 1823 1
1823 1851 1852 1824 1
1824 1852 1853 1825 1
1825 1853 1854 1826 1
1826 1854 1855 1827 1
1827 1855 1856 1828 1
1828 1856 379 380 1
54 55 1857 1829 1
1829 1857 1858 1830 1
1830 1858 1859 1831 1
1831 1859 1860 1832 1
1832 1860 1861 1833 1
1833 1861 1862 1834 1
1834 1862 1863 1835 1
1835 1863 1864 1836 1
1836 1864 1865 1837 1
1837 1865 1866 1838 1
1838 1866 1867 1839 1
1839 1867 1868 1840 1
1840 1868 1869 1841 1
1841 1869 1870 1842 1
1842 1870 1871 1843 1
1843 1871 1872 1844 1
1844 1872 1873 1845 1
1845 1873 1874 1846 1
1846 1874 1875 1847 1
1847 1875 1876 1848 1
1848 1876 1877 1849 1
1849 1877 1878 1850 1
1850 1878 1879 1851 1
1851 1879 1880 1852 1
1852 1880 1881 1853 1
1853 1881 1882 1854 1
1854 1882 1883 1855 1
1855 1883 1884 1856 1
1856 1884 378 379 1
55 56 1885 1857 1
1857 1885 1886 1858 1
1858 1886 1887 1859 1
1859 1887 1888 1860 1
1860 1888 1889 1861 1
1861 1889 1890 1862 1
1862 1890 1891 1863 1
1863 1891 1892 1864 1
1864 1892 1893 1865 1
1865 1893 1894 1866 1
1866 1894 1895 1867 1
1867 1895 1896 1868 1
1868 1896 1897 1869 1
1869 1897 1898 1870 1
1870 1898 1899 1871 1
1871 1899 1900 1872 1
1872 1900 1901 1873 1
1873 1901 1902 1874 1
1874 1902 1903 1875 1
1875 1903 1904 1876 1
1876 1904 1905 1877 1
1877 1905 1906 1878 1
1878 1906 1907 1879 1
1879 1907 1908 1880 1
1880 1908 1909 1881 1
1881 1909 1910 1882 1
1882 1910 1911 1883 1
1883 1911 1912 1884 1
1884 1912 377 378 1
56 57 1913 1885 1
1885 1913 1914 1886 1
1886 1914 1915 1887 1
1887 1915 1916 1888 1
1888 1916 1917 1889 1
1889 1917 1918 1890 1
1890 1918 1919 1891 1
1891 1919 1920 1892 1
1892 1920 1921 1893 1
1893 1921 1922 1894 1
1894 1922 1923 1895 1
1895 1923 1924 1896 1
1896 1924 1925 1897 1
1897 1925 1926 1898 1
1898 1926 1927 1899 1
1899 1927 1928 1900 1
1900 1928 1929 1901 1
1901 1929 1930 1902 1
1902 1930 1931 1903 1
1903 1931 1932 1904 1
1904 1932 1933 1905 1
1905 1933 1934 1906 1
1906 1934 1935 1907 1
1907 1935 1936 1908 1
1908 1936 1937 1909 1
1909 1937 1938 1910 1
1910 1938 1939 1911 1
1911 1939 1940 1912 1
1912 1940 376 377 1
57 58 1941 1913 1
1913 1941 1942 1914 1
1914 1942 1943 1915 1
1915 1943 1944 1916 1
1916 1944 1945 1917 1
1917 1945 1946 1918 1
1918 1946 1947 1919 1
1919 1947 1948 1920 1
1920 1948 1949 1921 1
1921 1949 1950 1922 1
1922 1950 1951 1923 1
1923 1951 1952 1924 1
1924 1952 1953 1925 1
1925 1953 1954 1926 1
1926 1954 1955 1927 1
1927 1955 1956 1928 1
1928 1956 1957 1929 1
1929 1957 1958 1930 1
1930 1958 1959 1931 1
1931 1959 1960 1932 1
1932 1960 1961 1933 1
1933 1961 1962 1934 1
1934 1962 1963 1935 1
1935 1963 1964 1936 1
1936 1964 1965 1937 1
1937 1965 1966 1938 1
1938 1966 1967 1939 1
1939 1967 1968 1940 1
1940 1968 375 376 1
58 59 1969 1941 1
1941 1969 1970 1942 1
1942 1970 1971 1943 1
1943 1971 1972 1944 1
1944 1972 1973 1945 1
1945 1973 1974 1946 1
1946 1974 1975 1947 1
1947 1975 1976 1948 1
1948 1976 1977 1949 1
1949 1977 1978 1950 1
1950 1978 1979 1951 1
1951 1979 1980 1952 1
1952 1980 1981 1953 1
1953 1981 1982 1954 1
1954 1982 1983 1955 1
1955 1983 1984 1956 1
1956 1984 1985 1957 1
1957 1985 1986 1958 1
1958 1986 1987 1959 1
1959 1987 1988 1960 1
1960 1988 1989 1961 1
1961 1989 1990 1962 1
1962 1990 1991 1963 1
1963 1991 1992 1964 1
1964 1992 1993 1965 1
1965 1993 1994 1966 1
1966 1994 1995 1967 1
1967 1995 1996 1968 1
1968 1996 374 375 1
59 60 1997 1969 1
1969 1997 1998 1970 1
1970 1998 1999 1971 1
1971 1999 2000 1972 1
1972 2000 2001 1973 1
1973 2001 2002 1974 1
1974 2002 2003 1975 1
1975 2003 2004 1976 1
1976 2004 2005 1977 1
1977 2005 2006 1978 1
1978 2006 2007 1979 1
1979 2007 2008 1980 1
1980 2008 2009 1981 1
1981 2009 2010 1982 1
1982 2010 2011 1983 1
1983 2011 2012 1984 1
1984 2012 2013 1985 1
1985 2013 2014 1986 1
1986 2014 2015 1987 1
1987 2015 2016 1988 1
1988 2016 2017 1989 1
1989 2017 2018 1990 1
1990 2018 2019 1991 1
1991 2019 2020 1992 1
1992 2020 2021 1993 1
1993 2021 2022 1994 1
1994 2022 2023 1995 1
1995 2023 2024 1996 1
1996 2024 373 374 1
60 61 2025 1997 1
1997 2025 2026 1998 1
1998 2026 2027 1999 1
1999 2027 2028 2000 1
2000 2028 2029 2001 1
2001 2029 2030 2002 1
2002 2030 2031 2003 1
2003 2031 2032 2004 1
2004 2032 2033 2005 1
2005 2033 2034 2006 1
2006 2034 2035 2007 1
2007 2035 2036 2008 1
2008 2036 2037 2009 1
2009 2037 2038 2010 1
2010 2038 2039 2011 1
2011 2039 2040 2012 1
2012 2040 2041 2013 1
2013 2041 2042 2014 1
2014 2042 2043 2015 1
2015 2043 2044 2016 1
2016 2044 2045 2017 1
2017 2045 2046 2018 1
2018 2046 2047 2019 1
2019 2047 2048 2020 1
2020 2048 2049 2021 1
2021 2049 2050 2022 1
2022 2050 2051 2023 1
2023 2051 2052 2024 1
2024 2052 372 373 1
61 62 2053 2025 1
2025 2053 2054 2026 1
2026 2054 2055 2027 1
2027 2055 2056 2028 1
2028 2056 2057 2029 1
2029 2057 2058 2030 1
2030 2058 2059 2031 1
2031 2059 2060 2032 1
2032 2060 2061 2033 1
2033 2061 2062 2034 1
2034 2062 2063 2035 1
2035 2063 2064 2036 1
2036 2064 2065 2037 1
2037 2065 2066 2038 1
2038 2066 2067 2039 1
2039 2067 2068 2040 1
2040 2068 2069 2041 1
2041 2069 2070 2042 1
2042 2070 2071 2043 1
2043 2071 2072 2044 1
2044 2072 2073 2045 1
2045 2073 2074 2046 1
2046 2074 2075 2047 1
2047 2075 2076 2048 1
2048 2076 2077 2049 1
2049 2077 2078 2050 1
2050 2078 2079 2051 1
2051 2079 2080 2052 1
2052 2080 371 372 1
62 63 2081 2053 1
2053 2081 2082 2054 1
2054 2082 2083 2055 1
2055 2083 2084 2056 1
2056 2084 2085 2057 1
2057 2085 2086 2058 1
2058 2086 2087 2059 1
2059 2087 2088 2060 1
2060 2088 2089 2061 1
2061 2089 2090 2062 1
2062 2090 2091 2063 1
2063 2091 2092 2064 1
2064 2092 2093 2065 1
2065 2093 2094 2066 1
2066 2094 2095 2067 1
2067 2095 2096 2068 1
2068 2096 2097 2069 1
2069 2097 2098 2070 1
2070 2098 2099 2071 1
2071 2099 2100 2072 1
2072 2100 2101 2073 1
2073 2101 2102 2074 1
2074 2102 2103 2075 1
2075 2103 2104 2076 1
2076 2104 2105 2077 1
2077 2105 2106 2078 1
2078 2106 2107 2079 1
2079 2107 2108 2080 1
2080 2108 370 371 1
63 64 2109 2081 1
2081 2109 2110 2082 1
2082 2110 2111 2083 1
2083 2111 2112 2084 1
2084 2112 2113 2085 1
2085 2113 2114 2086 1
2086 2114 2115 2087 1
2087 2115 2116 2088 1
2088 2116 2117 2089 1
2089 2117 2118 2090 1
2090 2118 2119 2091 1
2091 2119 2120 2092 1
2092 2120 2121 2093 1
2093 2121 2122 2094 1
2094 2122 2123 2095 1
2095 2123 2124 2096 1
2096 2124 2125 2097 1
2097 2125 2126 2098 1
2098 2126 2127 2099 1
2099 2127 2128 2100 1
2100 2128 2129 2101 1
2101 2129 2130 2102 1
2102 2130 2131 2103 1
2103 2131 2132 2104 1
2104 2132 2133 2105 1
2105 2133 2134 2106 1
2106 2134 2135 2107 1
2107 2135 2136 2108 1
2108 2136 369 370 1
64 65 2137 2109 1
2109 2137 2138 2110 1
2110 2138 2139 2111 1
2111 2139 2140 2112 1
2112 2140 2141 2113 1
2113 2141 2142 2114 1
2114 2142 2143 2115 1
2115 2143 2144 2116 1
2116 2144 2145 2117 1
2117 2145 2146 2118 1
2118 2146 2147 2119 1
2119 2147 2148 2120 1
2120 2148 2149 2121 1
2121 2149 2150 2122 1
2122 2150 2151 2123 1
2123 2151 2152 2124 1
2124 2152 2153 2125 1
2125 2153 2154 2126 1
2126 2154 2155 2127 1
2127 2155 2156 2128 1
2128 2156 2157 2129 1
2129 2157 2158 2130 1
2130 2158 2159 2131 1
2131 2159 2160 2132 1
2132 2160 2161 2133 1
2133 2161 2162 2134 1
2134 2162 2163 2135 1
2135 2163 2164 2136 1
2136 2164 368 369 1
65 66 2165 2137 1
2137 2165 2166 2138 1
2138 2166 2167 2139 1
2139 2167 2168 2140 1
2140 2168 2169 2141 1
2141 2169 2170 2142 1
2142 2170 2171 2143 1
2143 2171 2172 2144 1
2144 2172 2173 2145 1
2145 2173 2174 2146 1
2146 2174 2175 2147 1
2147 2175 2176 2148 1
2148 2176 2177 2149 1
2149 2177 2178 2150 1
2150 2178 2179 2151 1
2151 2179 2180 2152 1
2152 2180 2181 2153 1
2153 2181 2182 2154 1
2154 2182 2183 2155 1
2155 2183 2184 2156 1
2156 2184 2185 2157 1
2157 2185 2186 2158 1
2158 2186 2187 2159 1
2159 2187 2188 2160 1
2160 2188 2189 2161 1
2161 2189 2190 2162 1
2162 2190 2191 2163 1
2163 2191 2192 2164 1
2164 2192 367 368 1
66 67 2193 2165 1
2165 2193 2194 2166 1
2166 2194 2195 2167 1
2167 2195 2196 2168 1
2168 2196 2197 2169 1
2169 2197 2198 2170 1
2170 2198 2199 2171 1
2171 2199 2200 2172 1
2172 2200 2201 2173 1
2173 2201 2202 2174 1
2174 2202 2203 2175 1
2175 2203 2204 2176 1
2176 2204 2205 2177 1
2177 2205 2206 2178 1
2178 2206 2207 2179 1
2179 2207 2208 2180 1
2180 2208 2209 2181 1
2181 2209 2210 2182 1
2182 2210 2211 2183 1
2183 2211 2212 2184 1
2184 2212 2213 2185 1
2185 2213 2214 2186 1
2186 2214 2215 2187 1
2187 2215 2216 2188 1
2188 2216 2217 2189 1
2189 2217 2218 2190 1
2190 2218 2219 2191 1
2191 2219 2220 2192 1
2192 2220 366 367 1
67 68 2221 2193 1
2193 2221 2222 2194 1
2194 2222 2223 2195 1
2195 2223 2224 2196 1
2196 2224 2225 2197 1
2197 2225 2226 2198 1
2198 2226 2227 2199 1
2199 2227 2228 2200 1
2200 2228 2229 2201 1
2201 2229 2230 2202 1
2202 2230 2231 2203 1
2203 2231 2232 2204 1
2204 2232 2233 2205 1
2205 2233 2234 2206 1
2206 2234 2235 2207 1
2207 2235 2236 2208 1
2208 2236 2237 2209 1
2209 2237 2238 2210 1
2210 2238 2239 2211 1
2211 2239 2240 2212 1
2212 2240 2241 2213 1
2213 2241 2242 2214 1
2214 2242 2243 2215 1
2215 2243 2244 2216 1
2216 2244 2245 2217 1
2217 2245 2246 2218 1
2218 2246 2247 2219 1
2219 2247 2248 2220 1
2220 2248 365 366 1
68 69 2249 2221 1
2221 2249 2250 2222 1
2222 2250 2251 2223 1
2223 2251 2252 2224 1
2224 2252 2253 2225 1
2225 2253 2254 2226 1
2226 2254 2255 2227 1
2227 2255 2256 2228 1
2228 2256 2257 2229 1
2229 2257 2258 2230 1
2230 2258 2259 2231 1
2231 2259 2260 2232 1
2232 2260 2261 2233 1
2233 2261 2262 2234 1
2234 2262 2263 2235 1
2235 2263 2264 2236 1
2236 2264 2265 2237 1
2237 2265 2266 2238 1
2238 2266 2267 2239 1
2239 2267 2268 2240 1
2240 2268 2269 2241 1
2241 2269 2270 2242 1
2242 2270 2271 2243 1
2243 2271 2272 2244 1
2244 2272 2273 2245 1
2245 2273 2274 2246 1
2246 2274 2275 2247 1
2247 2275 2276 2248 1
2248 2276 364 365 1
69 70 2277 2249 1
2249 2277 2278 2250 1
2250 2278 2279 2251 1
2251 2279 2280 2252 1
2252 2280 2281 2253 1
2253 2281 2282 2254 1
2254 2282 2283 2255 1
2255 2283 2284 2256 1
2256 2284 2285 2257 1
2257 2285 2286 2258 1
2258 2286 2287 2259 1
2259 2287 2288 2260 1
2260 2288 2289 2261 1
2261 2289 2290 2262 1
2262 2290 2291 2263 1
2263 2291 2292 2264 1
2264 2292 2293 2265 1
2265 2293 2294 2266 1
2266 2294 2295 2267 1
2267 2295 2296 2268 1
2268 2296 2297 2269 1
2269 2297 2298 2270 1
2270 2298 2299 2271 1
2271 2299 2300 2272 1
2272 2300 2301 2273 1
2273 2301 2302 2274 1
2274 2302 2303 2275 1
2275 2303 2304 2276 1
2276 2304 363 364 1
70 71 2305 2277 1
2277 2305 2306 2278 1
2278 2306 2307 2279 1
2279 2307 2308 2280 1
2280 2308 2309 2281 1
2281 2309 2310 2282 1
2282 2310 2311 2283 1
2283 2311 2312 2284 1
2284 2312 2313 2285 1
2285 2313 2314 2286 1
2286 2314 2315 2287 1
2287 2315 2316 2288 1
2288 2316 2317 2289 1
2289 2317 2318 2290 1
2290 2318 2319 2291 1
2291 2319 2320 2292 1
2292 2320 2321 2293 1
2293 2321 2322 2294 1
2294 2322 2323 2295 1
2295 2323 2324 2296 1
2296 2324 2325 2297 1
2297 2325 2326 2298 1
2298 2326 2327 2299 1
2299 2327 2328 2300 1
2300 2328 2329 2301 1
2301 2329 2330 2302 1
2302 2330 2331 2303 1
2303 2331 2332 2304 1
2304 2332 362 363 1
71 72 2333 2305 1
2305 2333 2334 2306 1
2306 2334 2335 2307 1
2307 2335 2336 2308 1
2308 2336 2337 2309 1
2309 2337 2338 2310 1
2310 2338 2339 2311 1
2311 2339 2340 2312 1
2312 2340 2341 2313 1
2313 2341 2342 2314 1
2314 2342 2343 2315 1
2315 2343 2344 2316 1
2316 2344 2345 2317 1
2317 2345 2346 2318 1
2318 2346 2347 2319 1
2319 2347 2348 2320 1
2320 2348 2349 2321 1
2321 2349 2350 2322 1
2322 2350 2351 2323 1
2323 2351 2352 2324 1
2324 2352 2353 2325 1
2325 2353 2354 2326 1
2326 2354 2355 2327 1
2327 2355 2356 2328 1
2328 2356 2357 2329 1
2329 2357 2358 2330 1
2330 2358 2359 2331 1
2331 2359 2360 2332 1
2332 2360 361 362 1
72 73 2361 2333 1
2333 2361 2362 2334 1
2334 2362 2363 2335 1
2335 2363 2364 2336 1
2336 2364 2365 2337 1
2337 2365 2366 2338 1
2338 2366 2367 2339 1
2339 2367 2368 2340 1
2340 2368 2369 2341 1
2341 2369 2370 2342 1
2342 2370 2371 2343 1
2343 2371 2372 2344 1
2344 2372 2373 2345 1
2345 2373 2374 2346 1
2346 2374 2375 2347 1
2347 2375 2376 2348 1
2348 2376 2377 2349 1
2349 2377 2378 2350 1
2350 2378 2379 2351 1
2351 2379 2380 2352 1
2352 2380 2381 2353 1
2353 2381 2382 2354 1
2354 2382 2383 2355 1
2355 2383 2384 2356 1
2356 2384 2385 2357 1
2357 2385 2386 2358 1
2358 2386 2387 2359 1
2359 2387 2388 2360 1
2360 2388 360 361 1
73 74 2389 2361 1
2361 2389 2390 2362 1
2362 2390 2391 2363 1
2363 2391 2392 2364 1
2364 2392 2393 2365 1
2365 2393 2394 2366 1
2366 2394 2395 2367 1
2367 2395 2396 2368 1
2368 2396 2397 2369 1
2369 2397 2398 2370 1
2370 2398 2399 2371 1
2371 2399 2400 2372 1
2372 2400 2401 2373 1
2373 2401 2402 2374 1
2374 2402 2403 2375 1
2375 2403 2404 2376 1
2376 2404 2405 2377 1
2377 2405 2406 2378 1
2378 2406 2407 2379 1
2379 2407 2408 2380 1
2380 2408 2409 2381 1
2381 2409 2410 2382 1
2382 2410 2411 2383 1
2383 2411 2412 2384 1
2384 2412 2413 2385 1
2385 2413 2414 2386 1
2386 2414 2415 2387 1
2387 2415 2416 2388 1
2388 2416 359 360 1
74 75 2417 2389 1
2389 2417 2418 2390 1
2390 2418 2419 2391 1
2391 2419 2420 2392 1
2392 2420 2421 2393 1
2393 2421 2422 2394 1
2394 2422 2423 2395 1
2395 2423 2424 2396 1
2396 2424 2425 2397 1
2397 2425 2426 2398 1
2398 2426 2427 2399 1
2399 2427 2428 2400 1
2400 2428 2429 2401 1
2401 2429 2430 2402 1
2402 2430 2431 2403 1
2403 2431 2432 2404 1
2404 2432 2433 2405 1
2405 2433 2434 2406 1
2406 2434 2435 2407 1
2407 2435 2436 2408 1
2408 2436 2437 2409 1
2409 2437 2438 2410 1
2410 2438 2439 2411 1
2411 2439 2440 2412 1
2412 2440 2441 2413 1
2413 2441 2442 2414 1
2414 2442 2443 2415 1
2415 2443 2444 2416 1
2416 2444 358 359 1
75 76 2445 2417 1
2417 2445 2446 2418 1
2418 2446 2447 2419 1
2419 2447 2448 2420 1
2420 2448 2449 2421 1
2421 2449 2450 2422 1
2422 2450 2451 2423 1
2423 2451 2452 2424 1
2424 2452 2453 2425 1
2425 2453 2454 2426 1
2426 2454 2455 2427 1
2427 2455 2456 2428 1
2428 2456 2457 2429 1
2429 2457 2458 2430 1
2430 2458 2459 2431 1
2431 2459 2460 2432 1
2432 2460 2461 2433 1
2433 2461 2462 2434 1
2434 2462 2463 2435 1
2435 2463 2464 2436 1
2436 2464 2465 2437 1
2437 2465 2466 2438 1
2438 2466 2467 2439 1
2439 2467 2468 2440 1
2440 2468 2469 2441 1
2441 2469 2470 2442 1
2442 2470 2471 2443 1
2443 2471 2472 2444 1
2444 2472 357 358 1
76 77 2473 2445 1
2445 2473 2474 2446 1
2446 2474 2475 2447 1
2447 2475 2476 2448 1
2448 2476 2477 2449 1
2449 2477 2478 2450 1
2450 2478 2479 2451 1
2451 2479 2480 2452 1
2452 2480 2481 2453 1
2453 2481 2482 2454 1
2454 2482 2483 2455 1
2455 2483 2484 2456 1
2456 2484 2485 2457 1
2457 2485 2486 2458 1
2458 2486 2487 2459 1
2459 2487 2488 2460 1
2460 2488 2489 2461 1
2461 2489 2490 2462 1
2462 2490 2491 2463 1
2463 2491 2492 2464 1
2464 2492 2493 2465 1
2465 2493 2494 2466 1
2466 2494 2495 2467 1
2467 2495 2496 2468 1
2468 2496 2497 2469 1
2469 2497 2498 2470 1
2470 2498 2499 2471 1
2471 2499 2500 2472 1
2472 2500 356 357 1
77 78 2501 2473 1
2473 2501 2502 2474 1
2474 2502 2503 2475 1
2475 2503 2504 2476 1
2476 2504 2505 2477 1
2477 2505 2506 2478 1
2478 2506 2507 2479 1
2479 2507 2508 2480 1
2480 2508 2509 2481 1
2481 2509 2510 2482 1
2482 2510 2511 2483 1
2483 2511 2512 2484 1
2484 2512 2513 2485 1
2485 2513 2514 2486 1
2486 2514 2515 2487 1
2487 2515 2516 2488 1
2488 2516 2517 2489 1
2489 2517 2518 2490 1
2490 2518 2519 2491 1
2491 2519 2520 2492 1
2492 2520 2521 2493 1
2493 2521 2522 2494 1
2494 2522 2523 2495 1
2495 2523 2524 2496 1
2496 2524 2525 2497 1
2497 2525 2526 2498 1
2498 2526 2527 2499 1
2499 2527 2528 2500 1
2500 2528 355 356 1
78 79 2529 2501 1
2501 2529 2530 2502 1
2502 2530 2531 2503 1
2503 2531 2532 2504 1
2504 2532 2533 2505 1
2505 2533 2534 2506 1
2506 2534 2535 2507 1
2507 2535 2536 2508 1
2508 2536 2537 2509 1
2509 2537 2538 2510 1
2510 2538 2539 2511 1
2511 2539 2540 2512 1
2512 2540 2541 2513 1
2513 2541 2542 2514 1
2514 2542 2543 2515 1
2515 2543 2544 2516 1
2516 2544 2545 2517 1
2517 2545 2546 2518 1
2518 2546 2547 2519 1
2519 2547 2548 2520 1
2520 2548 2549 2521 1
2521 2549 2550 2522 1
2522 2550 2551 2523 1
2523 2551 2552 2524 1
2524 2552 2553 2525 1
2525 2553 2554 2526 1
2526 2554 2555 2527 1
2527 2555 2556 2528 1
2528 2556 354 355 1
79 80 2557 2529 1
2529 2557 2558 2530 1
2530 2558 2559 2531 1
2531 2559 2560 2532 1
2532 2560 2561 2533 1
2533 2561 2562 2534 1
2534 2562 2563 2535 1
2535 2563 2564 2536 1
2536 2564 2565 2537 1
2537 2565 2566 2538 1
2538 2566 2567 2539 1
2539 2567 2568 2540 1
2540 2568 2569 2541 1
2541 2569 2570 2542 1
2542 2570 2571 2543 1
2543 2571 2572 2544 1
2544 2572 2573 2545 1
2545 2573 2574 2546 1
2546 2574 2575 2547 1
2547 2575 2576 2548 1
2548 2576 2577 2549 1
2549 2577 2578 2550 1
2550 2578 2579 2551 1
2551 2579 2580 2552 1
2552 2580 2581 2553 1
2553 2581 2582 2554 1
2554 2582 2583 2555 1
2555 2583 2584 2556 1
2556 2584 353 354 1
80 81 2585 2557 1
2557 2585 2586 2558 1
2558 2586 2587 2559 1
2559 2587 2588 2560 1
2560 2588 2589 2561 1
2561 2589 2590 2562 1
2562 2590 2591 2563 1
2563 2591 2592 2564 1
2564 2592 2593 2565 1
2565 2593 2594 2566 1
2566 2594 2595 2567 1
2567 2595 2596 2568 1
2568 2596 2597 2569 1
2569 2597 2598 2570 1
2570 2598 2599 2571 1
2571 2599 2600 2572 1
2572 2600 2601 2573 1
2573 2601 2602 2574 1
2574 2602 2603 2575 1
2575 2603 2604 2576 1
2576 2604 2605 2577 1
2577 2605 2606 2578 1
2578 2606 2607 2579 1
2579 2607 2608 2580 1
2580 2608 2609 2581 1
2581 2609 2610 2582 1
2582 2610 2611 2583 1
2583 2611 2612 2584 1
2584 2612 352 353 1
81 82 2613 2585 1
2585 2613 2614 2586 1
2586 2614 2615 2587 1
2587 2615 2616 2588 1
2588 2616 2617 2589 1
2589 2617 2618 2590 1
2590 2618 2619 2591 1
2591 2619 2620 2592 1
2592 2620 2621 2593 1
2593 2621 2622 2594 1
2594 2622 2623 2595 1
2595 2623 2624 2596 1
2596 2624 2625 2597 1
2597 2625 2626 2598 1
2598 2626 2627 2599 1
2599 2627 2628 2600 1
2600 2628 2629 2601 1
2601 2629 2630 2602 1
2602 2630 2631 2603 1
2603 2631 2632 2604 1
2604 2632 2633 2605 1
2605 2633 2634 2606 1
2606 2634 2635 2607 1
2607 2635 2636 2608 1
2608 2636 2637 2609 1
2609 2637 2638 2610 1
2610 2638 2639 2611 1
2611 2639 2640 2612 1
2612 2640 351 352 1
82 83 2641 2613 1
2613 2641 2642 2614 1
2614 2642 2643 2615 1
2615 2643 2644 2616 1
2616 2644 2645 2617 1
2617 2645 2646 2618 1
2618 2646 2647 2619 1
2619 2647 2648 2620 1
2620 2648 2649 2621 1
2621 2649 2650 2622 1
2622 2650 2651 2623 1
2623 2651 2652 2624 1
2624 2652 2653 2625 1
2625 2653 2654 2626 1
2626 2654 2655 2627 1
2627 2655 2656 2628 1
2628 2656 2657 2629 1
2629 2657 2658 2630 1
2630 2658 2659 2631 1
2631 2659 2660 2632 1
2632 2660 2661 2633 1
2633 2661 2662 2634 1
2634 2662 2663 2635 1
2635 2663 2664 2636 1
2636 2664 2665 2637 1
2637 2665 2666 2638 1
2638 2666 2667 2639 1
2639 2667 2668 2640 1
2640 2668 350 351 1
83 84 2669 2641 1
2641 2669 2670 2642 1
2642 2670 2671 2643 1
2643 2671 2672 2644 1
2644 2672 2673 2645 1
2645 2673 2674 2646 1
2646 2674 2675 2647 1
2647 2675 2676 2648 1
2648 2676 2677 2649 1
2649 2677 2678 2650 1
2650 2678 2679 2651 1
2651 2679 2680 2652 1
2652 2680 2681 2653 1
2653 2681 2682 2654 1
2654 2682 2683 2655 1
2655 2683 2684 2656 1
2656 2684 2685 2657 1
2657 2685 2686 2658 1
2658 2686 2687 2659 1
2659 2687 2688 2660 1
2660 2688 2689 2661 1
2661 2689 2690 2662 1
2662 2690 2691 2663 1
2663 2691 2692 2664 1
2664 2692 2693 2665 1
2665 2693 2694 2666 1
2666 2694 2695 2667 1
2667 2695 2696 2668 1
2668 2696 349 350 1
84 85 2697 2669 1
2669 2697 2698 2670 1
2670 2698 2699 2671 1
2671 2699 2700 2672 1
2672 2700 2701 2673 1
2673 2701 2702 2674 1
2674 2702 2703 2675 1
2675 2703 2704 2676 1
2676 2704 2705 2677 1
2677 2705 2706 2678 1
2678 2706 2707 2679 1
2679 2707 2708 2680 1
2680 2708 2709 2681 1
2681 2709 2710 2682 1
2682 2710 2711 2683 1
2683 2711 2712 2684 1
2684 2712 2713 2685 1
2685 2713 2714 2686 1
2686 2714 2715 2687 1
2687 2715 2716 2688 1
2688 2716 2717 2689 1
2689 2717 2718 2690 1
2690 2718 2719 2691 1
2691 2719 2720 2692 1
2692 2720 2721 2693 1
2693 2721 2722 2694 1
2694 2722 2723 2695 1
2695 2723 2724 2696 1
2696 2724 348 349 1
85 86 2725 2697 1
2697 2725 2726 2698 1
2698 2726 2727 2699 1
2699 2727 2728 2700 1
2700 2728 2729 2701 1
2701 2729 2730 2702 1
2702 2730 2731 2703 1
2703 2731 2732 2704 1
2704 2732 2733 2705 1
2705 2733 2734 2706 1
2706 2734 2735 2707 1
2707 2735 2736 2708 1
2708 2736 2737 2709 1
2709 2737 2738 2710 1
2710 2738 2739 2711 1
2711 2739 2740 2712 1
2712 2740 2741 2713 1
2713 2741 2742 2714 1
2714 2742 2743 2715 1
2715 2743 2744 2716 1
2716 2744 2745 2717 1
2717 2745 2746 2718 1
2718 2746 2747 2719 1
2719 2747 2748 2720 1
2720 2748 2749 2721 1
2721 2749 2750 2722 1
2722 2750 2751 2723 1
2723 2751 2752 2724 1
2724 2752 347 348 1
86 87 2753 2725 1
2725 2753 2754 2726 1
2726 2754 2755 2727 1
2727 2755 2756 2728 1
2728 2756 2757 2729 1
2729 2757 2758 2730 1
2730 2758 2759 2731 1
2731 2759 2760 2732 1
2732 2760 2761 2733 1
2733 2761 2762 2734 1
2734 2762 2763 2735 1
2735 2763 2764 2736 1
2736 2764 2765 2737 1
2737 2765 2766 2738 1
2738 2766 2767 2739 1
2739 2767 2768 2740 1
2740 2768 2769 2741 1
2741 2769 2770 2742 1
2742 2770 2771 2743 1
2743 2771 2772 2744 1
2744 2772 2773 2745 1
2745 2773 2774 2746 1
2746 2774 2775 2747 1
2747 2775 2776 2748 1
2748 2776 2777 2749 1
2749 2777 2778 2750 1
2750 2778 2779 2751 1
2751 2779 2780 2752 1
2752 2780 346 347 1
87 88 2781 2753 1
2753 2781 2782 2754 1
2754 2782 2783 2755 1
2755 2783 2784 2756 1
2756 2784 2785 2757 1
2757 2785 2786 2758 1
2758 2786 2787 2759 1
2759 2787 2788 2760 1
2760 2788 2789 2761 1
2761 2789 2790 2762 1
2762 2790 2791 2763 1
2763 2791 2792 2764 1
2764 2792 2793 2765 1
2765 2793 2794 2766 1
2766 2794 2795 2767 1
2767 2795 2796 2768 1
2768 2796 2797 2769 1
2769 2797 2798 2770 1
2770 2798 2799 2771 1
2771 2799 2800 2772 1
2772 2800 2801 2773 1
2773 2801 2802 2774 1
2774 2802 2803 2775 1
2775 2803 2804 2776 1
2776 2804 2805 2777 1
2777 2805 2806 2778 1
2778 2806 2807 2779 1
2779 2807 2808 2780 1
2780 2808 345 346 1
88 89 2809 2781 1
2781 2809 2810 2782 1
2782 2810 2811 2783 1
2783 2811 2812 2784 1
2784 2812 2813 2785 1
2785 2813 2814 2786 1
2786 2814 2815 2787 1
2787 2815 2816 2788 1
2788 2816 2817 2789 1
2789 2817 2818 2790 1
2790 2818 2819 2791 1
2791 2819 2820 2792 1
2792 2820 2821 2793 1
2793 2821 2822 2794 1
2794 2822 2823 2795 1
2795 2823 2824 2796 1
2796 2824 2825 2797 1
2797 2825 2826 2798 1
2798 2826 2827 2799 1
2799 2827 2828 2800 1
2800 2828 2829 2801 1
2801 2829 2830 2802 1
2802 2830 2831 2803 1
2803 2831 2832 2804 1
2804 2832 2833 2805 1
2805 2833 2834 2806 1
2806 2834 2835 2807 1
2807 2835 2836 2808 1
2808 2836 344 345 1
89 90 2837 2809 1
2809 2837 2838 2810 1
2810 2838 2839 2811 1
2811 2839 2840 2812 1
2812 2840 2841 2813 1
2813 2841 2842 2814 1
2814 2842 2843 2815 1
2815 2843 2844 2816 1
2816 2844 2845 2817 1
2817 2845 2846 2818 1
2818 2846 2847 2819 1
2819 2847 2848 2820 1
2820 2848 2849 2821 1
2821 2849 2850 2822 1
2822 2850 2851 2823 1
2823 2851 2852 2824 1
2824 2852 2853 2825 1
2825 2853 2854 2826 1
2826 2854 2855 2827 1
2827 2855 2856 2828 1
2828 2856 2857 2829 1
2829 2857 2858 2830 1
2830 2858 2859 2831 1
2831 2859 2860 2832 1
2832 2860 2861 2833 1
2833 2861 2862 2834 1
2834 2862 2863 2835 1
2835 2863 2864 2836 1
2836 2864 343 344 1
90 91 2865 2837 1
2837 2865 2866 2838 1
2838 2866 2867 2839 1
2839 2867 2868 2840 1
2840 2868 2869 2841 1
2841 2869 2870 2842 1
2842 2870 2871 2843 1
2843 2871 2872 2844 1
2844 2872 2873 2845 1
2845 2873 2874 2846 1
2846 2874 2875 2847 1
2847 2875 2876 2848 1
2848 2876 2877 2849 1
2849 2877 2878 2850 1
2850 2878 2879 2851 1
2851 2879 2880 2852 1
2852 2880 2881 2853 1
2853 2881 2882 2854 1
2854 2882 2883 2855 1
2855 2883 2884 2856 1
2856 2884 2885 2857 1
2857 2885 2886 2858 1
2858 2886 2887 2859 1
2859 2887 2888 2860 1
2860 2888 2889 2861 1
2861 2889 2890 2862 1
2862 2890 2891 2863 1
2863 2891 2892 2864 1
2864 2892 342 343 1
91 92 2893 2865 1
2865 2893 2894 2866 1
2866 2894 2895 2867 1
2867 2895 2896 2868 1
2868 2896 2897 2869 1
2869 2897 2898 2870 1
2870 2898 2899 2871 1
2871 2899 2900 2872 1
2872 2900 2901 2873 1
2873 2901 2902 2874 1
2874 2902 2903 2875 1
2875 2903 2904 2876 1
2876 2904 2905 2877 1
2877 2905 2906 2878 1
2878 2906 2907 2879 1
2879 2907 2908 2880 1
2880 2908 2909 2881 1
2881 2909 2910 2882 1
2882 2910 2911 2883 1
2883 2911 2912 2884 1
2884 2912 2913 2885 1
2885 2913 2914 2886 1
2886 2914 2915 2887 1
2887 2915 2916 2888 1
2888 2916 2917 2889 1
2889 2917 2918 2890 1
2890 2918 2919 2891 1
2891 2919 2920 2892 1
2892 2920 341 342 1
92 93 2921 2893 1
2893 2921 2922 2894 1
2894 2922 2923 2895 1
2895 2923 2924 2896 1
2896 2924 2925 2897 1
2897 2925 2926 2898 1
2898 2926 2927 2899 1
2899 2927 2928 2900 1
2900 2928 2929 2901 1
2901 2929 2930 2902 1
2902 2930 2931 2903 1
2903 2931 2932 2904 1
2904 2932 2933 2905 1
2905 2933 2934 2906 1
2906 2934 2935 2907 1
2907 2935 2936 2908 1
2908 2936 2937 2909 1
2909 2937 2938 2910 1
2910 2938 2939 2911 1
2911 2939 2940 2912 1
2912 2940 2941 2913 1
2913 2941 2942 2914 1
2914 2942 2943 2915 1
2915 2943 2944 2916 1
2916 2944 2945 2917 1
2917 2945 2946 2918 1
2918 2946 2947 2919 1
2919 2947 2948 2920 1
2920 2948 340 341 1
93 94 2949 2921 1
2921 2949 2950 2922 1
2922 2950 2951 2923 1
2923 2951 2952 2924 1
2924 2952 2953 2925 1
2925 2953 2954 2926 1
2926 2954 2955 2927 1
2927 2955 2956 2928 1
2928 2956 2957 2929 1
2929 2957 2958 2930 1
2930 2958 2959 2931 1
2931 2959 2960 2932 1
2932 2960 2961 2933 1
2933 2961 2962 2934 1
2934 2962 2963 2935 1
2935 2963 2964 2936 1
2936 2964 2965 2937 1
2937 2965 2966 2938 1
2938 2966 2967 2939 1
2939 2967 2968 2940 1
2940 2968 2969 2941 1
2941 2969 2970 2942 1
2942 2970 2971 2943 1
2943 2971 2972 2944 1
2944 2972 2973 2945 1
2945 2973 2974 2946 1
2946 2974 2975 2947 1
2947 2975 2976 2948 1
2948 2976 339 340 1
94 95 2977 2949 1
2949 2977 2978 2950 1
2950 2978 2979 2951 1
2951 2979 2980 2952 1
2952 2980 2981 2953 1
2953 2981 2982 2954 1
2954 2982 2983 2955 1
2955 2983 2984 2956 1
2956 2984 2985 2957 1
2957 2985 2986 2958 1
2958 2986 2987 2959 1
2959 2987 2988 2960 1
2960 2988 2989 2961 1
2961 2989 2990 2962 1
2962 2990 2991 2963 1
2963 2991 2992 2964 1
2964 2992 2993 2965 1
2965 2993 2994 2966 1
2966 2994 2995 2967 1
2967 2995 2996 2968 1
2968 2996 2997 2969 1
2969 2997 2998 2970 1
2970 2998 2999 2971 1
2971 2999 3000 2972 1
2972 3000 3001 2973 1
2973 3001 3002 2974 1
2974 3002 3003 2975 1
2975 3003 3004 2976 1
2976 3004 338 339 1
95 96 3005 2977 1
2977 3005 3006 2978 1
2978 3006 3007 2979 1
2979 3007 3008 2980 1
2980 3008 3009 2981 1
2981 3009 3010 2982 1
2982 3010 3011 2983 1
2983 3011 3012 2984 1
2984 3012 3013 2985 1
2985 3013 3014 2986 1
2986 3014 3015 2987 1
2987 3015 3016 2988 1
2988 3016 3017 2989 1
2989 3017 3018 2990 1
2990 3018 3019 2991 1
2991 3019 3020 2992 1
2992 3020 3021 2993 1
2993 3021 3022 2994 1
2994 3022 3023 2995 1
2995 3023 3024 2996 1
2996 3024 3025 2997 1
2997 3025 3026 2998 1
2998 3026 3027 2999 1
2999 3027 3028 3000 1
3000 3028 3029 3001 1
3001 3029 3030 3002 1
3002 3030 3031 3003 1
3003 3031 3032 3004 1
3004 3032 337 338 1
96 97 3033 3005 1
3005 3033 3034 3006 1
3006 3034 3035 3007 1
3007 3035 3036 3008 1
3008 3036 3037 3009 1
3009 3037 3038 3010 1
3010 3038 3039 3011 1
3011 3039 3040 3012 1
3012 3040 3041 3013 1
3013 3041 3042 3014 1
3014 3042 3043 3015 1
3015 3043 3044 3016 1
3016 3044 3045 3017 1
3017 3045 3046 3018 1
3018 3046 3047 3019 1
3019 3047 3048 3020 1
3020 3048 3049 3021 1
3021 3049 3050 3022 1
3022 3050 3051 3023 1
3023 3051 3052 3024 1
3024 3052 3053 3025 1
3025 3053 3054 3026 1
3026 3054 3055 3027 1
3027 3055 3056 3028 1
3028 3056 3057 3029 1
3029 3057 3058 3030 1
3030 3058 3059 3031 1
3031 3059 3060 3032 1
3032 3060 336 337 1
97 98 3061 3033 1
3033 3061 3062 3034 1
3034 3062 3063 3035 1
3035 3063 3064 3036 1
3036 3064 3065 3037 1
3037 3065 3066 3038 1
3038 3066 3067 3039 1
3039 3067 3068 3040 1
3040 3068 3069 3041 1
3041 3069 3070 3042 1
3042 3070 3071 3043 1
3043 3071 3072 3044 1
3044 3072 3073 3045 1
3045 3073 3074 3046 1
3046 3074 3075 3047 1
3047 3075 3076 3048 1
3048 3076 3077 3049 1
3049 3077 3078 3050 1
3050 3078 3079 3051 1
3051 3079 3080 3052 1
3052 3080 3081 3053 1
3053 3081 3082 3054 1
3054 3082 3083 3055 1
3055 3083 3084 3056 1
3056 3084 3085 3057 1
3057 3085 3086 3058 1
3058 3086 3087 3059 1
3059 3087 3088 3060 1
3060 3088 335 336 1
98 99 3089 3061 1
3061 3089 3090 3062 1
3062 3090 3091 3063 1
3063 3091 3092 3064 1
3064 3092 3093 3065 1
3065 3093 3094 3066 1
3066 3094 3095 3067 1
3067 3095 3096 3068 1
3068 3096 3097 3069 1
3069 3097 3098 3070 1
3070 3098 3099 3071 1
3071 3099 3100 3072 1
3072 3100 3101 3073 1
3073 3101 3102 3074 1
3074 3102 3103 3075 1
3075 3103 3104 3076 1
3076 3104 3105 3077 1
3077 3105 3106 3078 1
3078 3106 3107 3079 1
3079 3107 3108 3080 1
3080 3108 3109 3081 1
3081 3109 3110 3082 1
3082 3110 3111 3083 1
3083 3111 3112 3084 1
3084 3112 3113 3085 1
3085 3113 3114 3086 1
3086 3114 3115 3087 1
3087 3115 3116 3088 1
3088 3116 334 335 1
99 100 3117 3089 1
3089 3117 3118 3090 1
3090 3118 3119 3091 1
3091 3119 3120 3092 1
3092 3120 3121 3093 1
3093 3121 3122 3094 1
3094 3122 3123 3095 1
3095 3123 3124 3096 1
3096 3124 3125 3097 1
3097 3125 3126 3098 1
3098 3126 3127 3099 1
3099 3127 3128 3100 1
3100 3128 3129 3101 1
3101 3129 3130 3102 1
3102 3130 3131 3103 1
3103 3131 3132 3104 1
3104 3132 3133 3105 1
3105 3133 3134 3106 1
3106 3134 3135 3107 1
3107 3135 3136 3108 1
3108 3136 3137 3109 1
3109 3137 3138 3110 1
3110 3138 3139 3111 1
3111 3139 3140 3112 1
3112 3140 3141 3113 1
3113 3141 3142 3114 1
3114 3142 3143 3115 1
3115 3143 3144 3116 1
3116 3144 333 334 1
100 101 3145 3117 1
3117 3145 3146 3118 1
3118 3146 3147 3119 1
3119 3147 3148 3120 1
3120 3148 3149 3121 1
3121 3149 3150 3122 1
3122 3150 3151 3123 1
3123 3151 3152 3124 1
3124 3152 3153 3125 1
3125 3153 3154 3126 1
3126 3154 3155 3127 1
3127 3155 3156 3128 1
3128 3156 3157 3129 1
3129 3157 3158 3130 1
3130 3158 3159 3131 1
3131 3159 3160 3132 1
3132 3160 3161 3133 1
3133 3161 3162 3134 1
3134 3162 3163 3135 1
3135 3163 3164 3136 1
3136 3164 3165 3137 1
3137 3165 3166 3138 1
3138 3166 3167 3139 1
3139 3167 3168 3140 1
3140 3168 3169 3141 1
3141 3169 3170 3142 1
3142 3170 3171 3143 1
3143 3171 3172 3144 1
3144 3172 332 333 1
101 102 3173 3145 1
3145 3173 3174 3146 1
3146 3174 3175 3147 1
3147 3175 3176 3148 1
3148 3176 3177 3149 1
3149 3177 3178 3150 1
3150 3178 3179 3151 1
3151 3179 3180 3152 1
3152 3180 3181 3153 1
3153 3181 3182 3154 1
3154 3182 3183 3155 1
3155 3183 3184 3156 1
3156 3184 3185 3157 1
3157 3185 3186 3158 1
3158 3186 3187 3159 1
3159 3187 3188 3160 1
3160 3188 3189 3161 1
3161 3189 3190 3162 1
3162 3190 3191 3163 1
3163 3191 3192 3164 1
3164 3192 3193 3165 1
3165 3193 3194 3166 1
3166 3194 3195 3167 1
3167 3195 3196 3168 1
3168 3196 3197 3169 1
3169 3197 3198 3170 1
3170 3198 3199 3171 1
3171 3199 3200 3172 1
3172 3200 331 332 1
102 103 3201 3173 1
3173 3201 3202 3174 1
3174 3202 3203 3175 1
3175 3203 3204 3176 1
3176 3204 3205 3177 1
3177 3205 3206 3178 1
3178 3206 3207 3179 1
3179 3207 3208 3180 1
3180 3208 3209 3181 1
3181 3209 3210 3182 1
3182 3210 3211 3183 1
3183 3211 3212 3184 1
3184 3212 3213 3185 1
3185 3213 3214 3186 1
3186 3214 3215 3187 1
3187 3215 3216 3188 1
3188 3216 3217 3189 1
3189 3217 3218 3190 1
3190 3218 3219 3191 1
3191 3219 3220 3192 1
3192 3220 3221 3193 1
3193 3221 3222 3194 1
3194 3222 3223 3195 1
3195 3223 3224 3196 1
3196 3224 3225 3197 1
3197 3225 3226 3198 1
3198 3226 3227 3199 1
3199 3227 3228 3200 1
3200 3228 330 331 1
103 104 3229 3201 1
3201 3229 3230 3202 1
3202 3230 3231 3203 1
3203 3231 3232 3204 1
3204 3232 3233 3205 1
3205 3233 3234 3206 1
3206 3234 3235 3207 1
3207 3235 3236 3208 1
3208 3236 3237 3209 1
3209 3237 3238 3210 1
3210 3238 3239 3211 1
3211 3239 3240 3212 1
3212 3240 3241 3213 1
3213 3241 3242 3214 1
3214 3242 3243 3215 1
3215 3243 3244 3216 1
3216 3244 3245 3217 1
3217 3245 3246 3218 1
3218 3246 3247 3219 1
3219 3247 3248 3220 1
3220 3248 3249 3221 1
3221 3249 3250 3222 1
3222 3250 3251 3223 1
3223 3251 3252 3224 1
3224 3252 3253 3225 1
3225 3253 3254 3226 1
3226 3254 3255 3227 1
3227 3255 3256 3228 1
3228 3256 329 330 1
104 105 3257 3229 1
3229 3257 3258 3230 1
3230 3258 3259 3231 1
3231 3259 3260 3232 1
3232 3260 3261 3233 1
3233 3261 3262 3234 1
3234 3262 3263 3235 1
3235 3263 3264 3236 1
3236 3264 3265 3237 1
3237 3265 3266 3238 1
3238 3266 3267 3239 1
3239 3267 3268 3240 1
3240 3268 3269 3241 1
3241 3269 3270 3242 1
3242 3270 3271 3243 1
3243 3271 3272 3244 1
3244 3272 3273 3245 1
3245 3273 3274 3246 1
3246 3274 3275 3247 1
3247 3275 3276 3248 1
3248 3276 3277 3249 1
3249 3277 3278 3250 1
3250 3278 3279 3251 1
3251 3279 3280 3252 1
3252 3280 3281 3253 1
3253 3281 3282 3254 1
3254 3282 3283 3255 1
3255 3283 3284 3256 1
3256 3284 328 329 1
105 106 3285 3257 1
3257 3285 3286 3258 1
3258 3286 3287 3259 1
3259 3287 3288 3260 1
3260 3288 3289 3261 1
3261 3289 3290 3262 1
3262 3290 3291 3263 1
3263 3291 3292 3264 1
3264 3292 3293 3265 1
3265 3293 3294 3266 1
3266 3294 3295 3267 1
3267 3295 3296 3268 1
3268 3296 3297 3269 1
3269 3297 3298 3270 1
3270 3298 3299 3271 1
3271 3299 3300 3272 1
3272 3300 3301 3273 1
3273 3301 3302 3274 1
3274 3302 3303 3275 1
3275 3303 3304 3276 1
3276 3304 3305 3277 1
3277 3305 3306 3278 1
3278 3306 3307 3279 1
3279 3307 3308 3280 1
3280 3308 3309 3281 1
3281 3309 3310 3282 1
3282 3310 3311 3283 1
3283 3311 3312 3284 1
3284 3312 327 328 1
106 107 3313 3285 1
3285 3313 3314 3286 1
3286 3314 3315 3287 1
3287 3315 3316 3288 1
3288 3316 3317 3289 1
3289 3317 3318 3290 1
3290 3318 3319 3291 1
3291 3319 3320 3292 1
3292 3320 3321 3293 1
3293 3321 3322 3294 1
3294 3322 3323 3295 1
3295 3323 3324 3296 1
3296 3324 3325 3297 1
3297 3325 3326 3298 1
3298 3326 3327 3299 1
3299 3327 3328 3300 1
3300 3328 3329 3301 1
3301 3329 3330 3302 1
3302 3330 3331 3303 1
3303 3331 3332 3304 1
3304 3332 3333 3305 1
3305 3333 3334 3306 1
3306 3334 3335 3307 1
3307 3335 3336 3308 1
3308 3336 3337 3309 1
3309 3337 3338 3310 1
3310 3338 3339 3311 1
3311 3339 3340 3312 1
3312 3340 326 327 1
107 108 3341 3313 1
3313 3341 3342 3314 1
3314 3342 3343 3315 1
3315 3343 3344 3316 1
3316 3344 3345 3317 1
3317 3345 3346 3318 1
3318 3346 3347 3319 1
3319 3347 3348 3320 1
3320 3348 3349 3321 1
3321 3349 3350 3322 1
3322 3350 3351 3323 1
3323 3351 3352 3324 1
3324 3352 3353 3325 1
3325 3353 3354 3326 1
3326 3354 3355 3327 1
3327 3355 3356 3328 1
3328 3356 3357 3329 1
3329 3357 3358 3330 1
3330 3358 3359 3331 1
3331 3359 3360 3332 1
3332 3360 3361 3333 1
3333 3361 3362 3334 1
3334 3362 3363 3335 1
3335 3363 3364 3336 1
3336 3364 3365 3337 1
3337 3365 3366 3338 1
3338 3366 3367 3339 1
3339 3367 3368 3340 1
3340 3368 325 326 1
108 109 3369 3341 1
3341 3369 3370 3342 1
3342 3370 3371 3343 1
3343 3371 3372 3344 1
3344 3372 3373 3345 1
3345 3373 3374 3346 1
3346 3374 3375 3347 1
3347 3375 3376 3348 1
3348 3376 3377 3349 1
3349 3377 3378 3350 1
3350 3378 3379 3351 1
3351 3379 3380 3352 1
3352 3380 3381 3353 1
3353 3381 3382 3354 1
3354 3382 3383 3355 1
3355 3383 3384 3356 1
3356 3384 3385 3357 1
3357 3385 3386 3358 1
3358 3386 3387 3359 1
3359 3387 3388 3360 1
3360 3388 3389 3361 1
3361 3389 3390 3362 1
3362 3390 3391 3363 1
3363 3391 3392 3364 1
3364 3392 3393 3365 1
3365 3393 3394 3366 1
3366 3394 3395 3367 1
3367 3395 3396 3368 1
3368 3396 324 325 1
109 110 3397 3369 1
3369 3397 3398 3370 1
3370 3398 3399 3371 1
3371 3399 3400 3372 1
3372 3400 3401 3373 1
3373 3401 3402 3374 1
3374 3402 3403 3375 1
3375 3403 3404 3376 1
3376 3404 3405 3377 1
3377 3405 3406 3378 1
3378 3406 3407 3379 1
3379 3407 3408 3380 1
3380 3408 3409 3381 1
3381 3409 3410 3382 1
3382 3410 3411 3383 1
3383 3411 3412 3384 1
3384 3412 3413 3385 1
3385 3413 3414 3386 1
3386 3414 3415 3387 1
3387 3415 3416 3388 1
3388 3416 3417 3389 1
3389 3417 3418 3390 1
3390 3418 3419 3391 1
3391 3419 3420 3392 1
3392 3420 3421 3393 1
3393 3421 3422 3394 1
3394 3422 3423 3395 1
3395 3423 3424 3396 1
3396 3424 323 324 1
110 111 3425 3397 1
3397 3425 3426 3398 1
3398 3426 3427 3399 1
3399 3427 3428 3400 1
3400 3428 3429 3401 1
3401 3429 3430 3402 1
3402 3430 3431 3403 1
3403 3431 3432 3404 1
3404 3432 3433 3405 1
3405 3433 3434 3406 1
3406 3434 3435 3407 1
3407 3435 3436 3408 1
3408 3436 3437 3409 1
3409 3437 3438 3410 1
3410 3438 3439 3411 1
3411 3439 3440 3412 1
3412 3440 3441 3413 1
3413 3441 3442 3414 1
3414 3442 3443 3415 1
3415 3443 3444 3416 1
3416 3444 3445 3417 1
3417 3445 3446 3418 1
3418 3446 3447 3419 1
3419 3447 3448 3420 1
3420 3448 3449 3421 1
3421 3449 3450 3422 1
3422 3450 3451 3423 1
3423 3451 3452 3424 1
3424 3452 322 323 1
111 112 3453 3425 1
3425 3453 3454 3426 1
3426 3454 3455 3427 1
3427 3455 3456 3428 1
3428 3456 3457 3429 1
3429 3457 3458 3430 1
3430 3458 3459 3431 1
3431 3459 3460 3432 1
3432 3460 3461 3433 1
3433 3461 3462 3434 1
3434 3462 3463 3435 1
3435 3463 3464 3436 1
3436 3464 3465 3437 1
3437 3465 3466 3438 1
3438 3466 3467 3439 1
3439 3467 3468 3440 1
3440 3468 3469 3441 1
3441 3469 3470 3442 1
3442 3470 3471 3443 1
3443 3471 3472 3444 1
3444 3472 3473 3445 1
3445 3473 3474 3446 1
3446 3474 3475 3447 1
3447 3475 3476 3448 1
3448 3476 3477 3449 1
3449 3477 3478 3450 1
3450 3478 3479 3451 1
3451 3479 3480 3452 1
3452 3480 321 322 1
112 113 3481 3453 1
3453 3481 3482 3454 1
3454 3482 3483 3455 1
3455 3483 3484 3456 1
3456 3484 3485 3457 1
3457 3485 3486 3458 1
3458 3486 3487 3459 1
3459 3487 3488 3460 1
3460 3488 3489 3461 1
3461 3489 3490 3462 1
3462 3490 3491 3463 1
3463 3491 3492 3464 1
3464 3492 3493 3465 1
3465 3493 3494 3466 1
3466 3494 3495 3467 1
3467 3495 3496 3468 1
3468 3496 3497 3469 1
3469 3497 3498 3470 1
3470 3498 3499 3471 1
3471 3499 3500 3472 1
3472 3500 3501 3473 1
3473 3501 3502 3474 1
3474 3502 3503 3475 1
3475 3503 3504 3476 1
3476 3504 3505 3477 1
3477 3505 3506 3478 1
3478 3506 3507 3479 1
3479 3507 3508 3480 1
3480 3508 320 321 1
113 114 3509 3481 1
3481 3509 3510 3482 1
3482 3510 3511 3483 1
3483 3511 3512 3484 1
3484 3512 3513 3485 1
3485 3513 3514 3486 1
3486 3514 3515 3487 1
3487 3515 3516 3488 1
3488 3516 3517 3489 1
3489 3517 3518 3490 1
3490 3518 3519 3491 1
3491 3519 3520 3492 1
3492 3520 3521 3493 1
3493 3521 3522 3494 1
3494 3522 3523 3495 1
3495 3523 3524 3496 1
3496 3524 3525 3497 1
3497 3525 3526 3498 1
3498 3526 3527 3499 1
3499 3527 3528 3500 1
3500 3528 3529 3501 1
3501 3529 3530 3502 1
3502 3530 3531 3503 1
3503 3531 3532 3504 1
3504 3532 3533 3505 1
3505 3533 3534 3506 1
3506 3534 3535 3507 1
3507 3535 3536 3508 1
3508 3536 319 320 1
114 115 3537 3509 1
3509 3537 3538 3510 1
3510 3538 3539 3511 1
3511 3539 3540 3512 1
3512 3540 3541 3513 1
3513 3541 3542 3514 1
3514 3542 3543 3515 1
3515 3543 3544 3516 1
3516 3544 3545 3517 1
3517 3545 3546 3518 1
3518 3546 3547 3519 1
3519 3547 3548 3520 1
3520 3548 3549 3521 1
3521 3549 3550 3522 1
3522 3550 3551 3523 1
3523 3551 3552 3524 1
3524 3552 3553 3525 1
3525 3553 3554 3526 1
3526 3554 3555 3527 1
3527 3555 3556 3528 1
3528 3556 3557 3529 1
3529 3557 3558 3530 1
3530 3558 3559 3531 1
3531 3559 3560 3532 1
3532 3560 3561 3533 1
3533 3561 3562 3534 1
3534 3562 3563 3535 1
3535 3563 3564 3536 1
3536 3564 318 319 1
115 116 3565 3537 1
3537 3565 3566 3538 1
3538 3566 3567 3539 1
3539 3567 3568 3540 1
3540 3568 3569 3541 1
3541 3569 3570 3542 1
3542 3570 3571 3543 1
3543 3571 3572 3544 1
3544 3572 3573 3545 1
3545 3573 3574 3546 1
3546 3574 3575 3547 1
3547 3575 3576 3548 1
3548 3576 3577 3549 1
3549 3577 3578 3550 1
3550 3578 3579 3551 1
3551 3579 3580 3552 1
3552 3580 3581 3553 1
3553 3581 3582 3554 1
3554 3582 3583 3555 1
3555 3583 3584 3556 1
3556 3584 3585 3557 1
3557 3585 3586 3558 1
3558 3586 3587 3559 1
3559 3587 3588 3560 1
3560 3588 3589 3561 1
3561 3589 3590 3562 1
3562 3590 3591 3563 1
3563 3591 3592 3564 1
3564 3592 317 318 1
116 117 3593 3565 1
3565 3593 3594 3566 1
3566 3594 3595 3567 1
3567 3595 3596 3568 1
3568 3596 3597 3569 1
3569 3597 3598 3570 1
3570 3598 3599 3571 1
3571 3599 3600 3572 1
3572 3600 3601 3573 1
3573 3601 3602 3574 1
3574 3602 3603 3575 1
3575 3603 3604 3576 1
3576 3604 3605 3577 1
3577 3605 3606 3578 1
3578 3606 3607 3579 1
3579 3607 3608 3580 1
3580 3608 3609 3581 1
3581 3609 3610 3582 1
3582 3610 3611 3583 1
3583 3611 3612 3584 1
3584 3612 3613 3585 1
3585 3613 3614 3586 1
3586 3614 3615 3587 1
3587 3615 3616 3588 1
3588 3616 3617 3589 1
3589 3617 3618 3590 1
3590 3618 3619 3591 1
3591 3619 3620 3592 1
3592 3620 316 317 1
117 118 3621 3593 1
3593 3621 3622 3594 1
3594 3622 3623 3595 1
3595 3623 3624 3596 1
3596 3624 3625 3597 1
3597 3625 3626 3598 1
3598 3626 3627 3599 1
3599 3627 3628 3600 1
3600 3628 3629 3601 1
3601 3629 3630 3602 1
3602 3630 3631 3603 1
3603 3631 3632 3604 1
3604 3632 3633 3605 1
3605 3633 3634 3606 1
3606 3634 3635 3607 1
3607 3635 3636 3608 1
3608 3636 3637 3609 1
3609 3637 3638 3610 1
3610 3638 3639 3611 1
3611 3639 3640 3612 1
3612 3640 3641 3613 1
3613 3641 3642 3614 1
3614 3642 3643 3615 1
3615 3643 3644 3616 1
3616 3644 3645 3617 1
3617 3645 3646 3618 1
3618 3646 3647 3619 1
3619 3647 3648 3620 1
3620 3648 315 316 1
118 119 3649 3621 1
3621 3649 3650 3622 1
3622 3650 3651 3623 1
3623 3651 3652 3624 1
3624 3652 3653 3625 1
3625 3653 3654 3626 1
3626 3654 3655 3627 1
3627 3655 3656 3628 1
3628 3656 3657 3629 1
3629 3657 3658 3630 1
3630 3658 3659 3631 1
3631 3659 3660 3632 1
3632 3660 3661 3633 1
3633 3661 3662 3634 1
3634 3662 3663 3635 1
3635 3663 3664 3636 1
3636 3664 3665 3637 1
3637 3665 3666 3638 1
3638 3666 3667 3639 1
3639 3667 3668 3640 1
3640 3668 3669 3641 1
3641 3669 3670 3642 1
3642 3670 3671 3643 1
3643 3671 3672 3644 1
3644 3672 3673 3645 1
3645 3673 3674 3646 1
3646 3674 3675 3647 1
3647 3675 3676 3648 1
3648 3676 314 315 1
119 120 3677 3649 1
3649 3677 3678 3650 1
3650 3678 3679 3651 1
3651 3679 3680 3652 1
3652 3680 3681 3653 1
3653 3681 3682 3654 1
3654 3682 3683 3655 1
3655 3683 3684 3656 1
3656 3684 3685 3657 1
3657 3685 3686 3658 1
3658 3686 3687 3659 1
3659 3687 3688 3660 1
3660 3688 3689 3661 1
3661 3689 3690 3662 1
3662 3690 3691 3663 1
3663 3691 3692 3664 1
3664 3692 3693 3665 1
3665 3693 3694 3666 1
3666 3694 3695 3667 1
3667 3695 3696 3668 1
3668 3696 3697 3669 1
3669 3697 3698 3670 1
3670 3698 3699 3671 1
3671 3699 3700 3672 1
3672 3700 3701 3673 1
3673 3701 3702 3674 1
3674 3702 3703 3675 1
3675 3703 3704 3676 1
3676 3704 313 314 1
120 121 3705 3677 1
3677 3705 3706 3678 1
3678 3706 3707 3679 1
3679 3707 3708 3680 1
3680 3708 3709 3681 1
3681 3709 3710 3682 1
3682 3710 3711 3683 1
3683 3711 3712 3684 1
3684 3712 3713 3685 1
3685 3713 3714 3686 1
3686 3714 3715 3687 1
3687 3715 3716 3688 1
3688 3716 3717 3689 1
3689 3717 3718 3690 1
3690 3718 3719 3691 1
3691 3719 3720 3692 1
3692 3720 3721 3693 1
3693 3721 3722 3694 1
3694 3722 3723 3695 1
3695 3723 3724 3696 1
3696 3724 3725 3697 1
3697 3725 3726 3698 1
3698 3726 3727 3699 1
3699 3727 3728 3700 1
3700 3728 3729 3701 1
3701 3729 3730 3702 1
3702 3730 3731 3703 1
3703 3731 3732 3704 1
3704 3732 312 313 1
121 122 3733 3705 1
3705 3733 3734 3706 1
3706 3734 3735 3707 1
3707 3735 3736 3708 1
3708 3736 3737 3709 1
3709 3737 3738 3710 1
3710 3738 3739 3711 1
3711 3739 3740 3712 1
3712 3740 3741 3713 1
3713 3741 3742 3714 1
3714 3742 3743 3715 1
3715 3743 3744 3716 1
3716 3744 3745 3717 1
3717 3745 3746 3718 1
3718 3746 3747 3719 1
3719 3747 3748 3720 1
3720 3748 3749 3721 1
3721 3749 3750 3722 1
3722 3750 3751 3723 1
3723 3751 3752 3724 1
3724 3752 3753 3725 1
3725 3753 3754 3726 1
3726 3754 3755 3727 1
3727 3755 3756 3728 1
3728 3756 3757 3729 1
3729 3757 3758 3730 1
3730 3758 3759 3731 1
3731 3759 3760 3732 1
3732 3760 311 312 1
122 123 3761 3733 1
3733 3761 3762 3734 1
3734 3762 3763 3735 1
3735 3763 3764 3736 1
3736 3764 3765 3737 1
3737 3765 3766 3738 1
3738 3766 3767 3739 1
3739 3767 3768 3740 1
3740 3768 3769 3741 1
3741 3769 3770 3742 1
3742 3770 3771 3743 1
3743 3771 3772 3744 1
3744 3772 3773 3745 1
3745 3773 3774 3746 1
3746 3774 3775 3747 1
3747 3775 3776 3748 1
3748 3776 3777 3749 1
3749 3777 3778 3750 1
3750 3778 3779 3751 1
3751 3779 3780 3752 1
3752 3780 3781 3753 1
3753 3781 3782 3754 1
3754 3782 3783 3755 1
3755 3783 3784 3756 1
3756 3784 3785 3757 1
3757 3785 3786 3758 1
3758 3786 3787 3759 1
3759 3787 3788 3760 1
3760 3788 310 311 1
123 124 3789 3761 1
3761 3789 3790 3762 1
3762 3790 3791 3763 1
3763 3791 3792 3764 1
3764 3792 3793 3765 1
3765 3793 3794 3766 1
3766 3794 3795 3767 1
3767 3795 3796 3768 1
3768 3796 3797 3769 1
3769 3797 3798 3770 1
3770 3798 3799 3771 1
3771 3799 3800 3772 1
3772 3800 3801 3773 1
3773 3801 3802 3774 1
3774 3802 3803 3775 1
3775 3803 3804 3776 1
3776 3804 3805 3777 1
3777 3805 3806 3778 1
3778 3806 3807 3779 1
3779 3807 3808 3780 1
3780 3808 3809 3781 1
3781 3809 3810 3782 1
3782 3810 3811 3783 1
3783 3811 3812 3784 1
3784 3812 3813 3785 1
3785 3813 3814 3786 1
3786 3814 3815 3787 1
3787 3815 3816 3788 1
3788 3816 309 310 1
124 125 3817 3789 1
3789 3817 3818 3790 1
3790 3818 3819 3791 1
3791 3819 3820 3792 1
3792 3820 3821 3793 1
3793 3821 3822 3794 1
3794 3822 3823 3795 1
3795 3823 3824 3796 1
3796 3824 3825 3797 1
3797 3825 3826 3798 1
3798 3826 3827 3799 1
3799 3827 3828 3800 1
3800 3828 3829 3801 1
3801 3829 3830 3802 1
3802 3830 3831 3803 1
3803 3831 3832 3804 1
3804 3832 3833 3805 1
3805 3833 3834 3806 1
3806 3834 3835 3807 1
3807 3835 3836 3808 1
3808 3836 3837 3809 1
3809 3837 3838 3810 1
3810 3838 3839 3811 1
3811 3839 3840 3812 1
3812 3840 3841 3813 1
3813 3841 3842 3814 1
3814 3842 3843 3815 1
3815 3843 3844 3816 1
3816 3844 308 309 1
125 126 3845 3817 1
3817 3845 3846 3818 1
3818 3846 3847 3819 1
3819 3847 3848 3820 1
3820 3848 3849 3821 1
3821 3849 3850 3822 1
3822 3850 3851 3823 1
3823 3851 3852 3824 1
3824 3852 3853 3825 1
3825 3853 3854 3826 1
3826 3854 3855 3827 1
3827 3855 3856 3828 1
3828 3856 3857 3829 1
3829 3857 3858 3830 1
3830 3858 3859 3831 1
3831 3859 3860 3832 1
3832 3860 3861 3833 1
3833 3861 3862 3834 1
3834 3862 3863 3835 1
3835 3863 3864 3836 1
3836 3864 3865 3837 1
3837 3865 3866 3838 1
3838 3866 3867 3839 1
3839 3867 3868 3840 1
3840 3868 3869 3841 1
3841 3869 3870 3842 1
3842 3870 3871 3843 1
3843 3871 3872 3844 1
3844 3872 307 308 1
126 127 3873 3845 1
3845 3873 3874 3846 1
3846 3874 3875 3847 1
3847 3875 3876 3848 1
3848 3876 3877 3849 1
3849 3877 3878 3850 1
3850 3878 3879 3851 1
3851 3879 3880 3852 1
3852 3880 3881 3853 1
3853 3881 3882 3854 1
3854 3882 3883 3855 1
3855 3883 3884 3856 1
3856 3884 3885 3857 1
3857 3885 3886 3858 1
3858 3886 3887 3859 1
3859 3887 3888 3860 1
3860 3888 3889 3861 1
3861 3889 3890 3862 1
3862 3890 3891 3863 1
3863 3891 3892 3864 1
3864 3892 3893 3865 1
3865 3893 3894 3866 1
3866 3894 3895 3867 1
3867 3895 3896 3868 1
3868 3896 3897 3869 1
3869 3897 3898 3870 1
3870 3898 3899 3871 1
3871 3899 3900 3872 1
3872 3900 306 307 1
127 128 3901 3873 1
3873 3901 3902 3874 1
3874 3902 3903 3875 1
3875 3903 3904 3876 1
3876 3904 3905 3877 1
3877 3905 3906 3878 1
3878 3906 3907 3879 1
3879 3907 3908 3880 1
3880 3908 3909 3881 1
3881 3909 3910 3882 1
3882 3910 3911 3883 1
3883 3911 3912 3884 1
3884 3912 3913 3885 1
3885 3913 3914 3886 1
3886 3914 3915 3887 1
3887 3915 3916 3888 1
3888 3916 3917 3889 1
3889 3917 3918 3890 1
3890 3918 3919 3891 1
3891 3919 3920 3892 1
3892 3920 3921 3893 1
3893 3921 3922 3894 1
3894 3922 3923 3895 1
3895 3923 3924 3896 1
3896 3924 3925 3897 1
3897 3925 3926 3898 1
3898 3926 3927 3899 1
3899 3927 3928 3900 1
3900 3928 305 306 1
128 129 3929 3901 1
3901 3929 3930 3902 1
3902 3930 3931 3903 1
3903 3931 3932 3904 1
3904 3932 3933 3905 1
3905 3933 3934 3906 1
3906 3934 3935 3907 1
3907 3935 3936 3908 1
3908 3936 3937 3909 1
3909 3937 3938 3910 1
3910 3938 3939 3911 1
3911 3939 3940 3912 1
3912 3940 3941 3913 1
3913 3941 3942 3914 1
3914 3942 3943 3915 1
3915 3943 3944 3916 1
3916 3944 3945 3917 1
3917 3945 3946 3918 1
3918 3946 3947 3919 1
3919 3947 3948 3920 1
3920 3948 3949 3921 1
3921 3949 3950 3922 1
3922 3950 3951 3923 1
3923 3951 3952 3924 1
3924 3952 3953 3925 1
3925 3953 3954 3926 1
3926 3954 3955 3927 1
3927 3955 3956 3928 1
3928 3956 304 305 1
129 130 3957 3929 1
3929 3957 3958 3930 1
3930 3958 3959 3931 1
3931 3959 3960 3932 1
3932 3960 3961 3933 1
3933 3961 3962 3934 1
3934 3962 3963 3935 1
3935 3963 3964 3936 1
3936 3964 3965 3937 1
3937 3965 3966 3938 1
3938 3966 3967 3939 1
3939 3967 3968 3940 1
3940 3968 3969 3941 1
3941 3969 3970 3942 1
3942 3970 3971 3943 1
3943 3971 3972 3944 1
3944 3972 3973 3945 1
3945 3973 3974 3946 1
3946 3974 3975 3947 1
3947 3975 3976 3948 1
3948 3976 3977 3949 1
3949 3977 3978 3950 1
3950 3978 3979 3951 1
3951 3979 3980 3952 1
3952 3980 3981 3953 1
3953 3981 3982 3954 1
3954 3982 3983 3955 1
3955 3983 3984 3956 1
3956 3984 303 304 1
130 131 3985 3957 1
3957 3985 3986 3958 1
3958 3986 3987 3959 1
3959 3987 3988 3960 1
3960 3988 3989 3961 1
3961 3989 3990 3962 1
3962 3990 3991 3963 1
3963 3991 3992 3964 1
3964 3992 3993 3965 1
3965 3993 3994 3966 1
3966 3994 3995 3967 1
3967 3995 3996 3968 1
3968 3996 3997 3969 1
3969 3997 3998 3970 1
3970 3998 3999 3971 1
3971 3999 4000 3972 1
3972 4000 4001 3973 1
3973 4001 4002 3974 1
3974 4002 4003 3975 1
3975 4003 4004 3976 1
3976 4004 4005 3977 1
3977 4005 4006 3978 1
3978 4006 4007 3979 1
3979 4007 4008 3980 1
3980 4008 4009 3981 1
3981 4009 4010 3982 1
3982 4010 4011 3983 1
3983 4011 4012 3984 1
3984 4012 302 303 1
131 132 4013 3985 1
3985 4013 4014 3986 1
3986 4014 4015 3987 1
3987 4015 4016 3988 1
3988 4016 4017 3989 1
3989 4017 4018 3990 1
3990 4018 4019 3991 1
3991 4019 4020 3992 1
3992 4020 4021 3993 1
3993 4021 4022 3994 1
3994 4022 4023 3995 1
3995 4023 4024 3996 1
3996 4024 4025 3997 1
3997 4025 4026 3998 1
3998 4026 4027 3999 1
3999 4027 4028 4000 1
4000 4028 4029 4001 1
4001 4029 4030 4002 1
4002 4030 4031 4003 1
4003 4031 4032 4004 1
4004 4032 4033 4005 1
4005 4033 4034 4006 1
4006 4034 4035 4007 1
4007 4035 4036 4008 1
4008 4036 4037 4009 1
4009 4037 4038 4010 1
4010 4038 4039 4011 1
4011 4039 4040 4012 1
4012 4040 301 302 1
132 133 4041 4013 1
4013 4041 4042 4014 1
4014 4042 4043 4015 1
4015 4043 4044 4016 1
4016 4044 4045 4017 1
4017 4045 4046 4018 1
4018 4046 4047 4019 1
4019 4047 4048 4020 1
4020 4048 4049 4021 1
4021 4049 4050 4022 1
4022 4050 4051 4023 1
4023 4051 4052 4024 1
4024 4052 4053 4025 1
4025 4053 4054 4026 1
4026 4054 4055 4027 1
4027 4055 4056 4028 1
4028 4056 4057 4029 1
4029 4057 4058 4030 1
4030 4058 4059 4031 1
4031 4059 4060 4032 1
4032 4060 4061 4033 1
4033 4061 4062 4034 1
4034 4062 4063 4035 1
4035 4063 4064 4036 1
4036 4064 4065 4037 1
4037 4065 4066 4038 1
4038 4066 4067 4039 1
4039 4067 4068 4040 1
4040 4068 300 301 1
133 134 4069 4041 1
4041 4069 4070 4042 1
4042 4070 4071 4043 1
4043 4071 4072 4044 1
4044 4072 4073 4045 1
4045 4073 4074 4046 1
4046 4074 4075 4047 1
4047 4075 4076 4048 1
4048 4076 4077 4049 1
4049 4077 4078 4050 1
4050 4078 4079 4051 1
4051 4079 4080 4052 1
4052 4080 4081 4053 1
4053 4081 4082 4054 1
4054 4082 4083 4055 1
4055 4083 4084 4056 1
4056 4084 4085 4057 1
4057 4085 4086 4058 1
4058 4086 4087 4059 1
4059 4087 4088 4060 1
4060 4088 4089 4061 1
4061 4089 4090 4062 1
4062 4090 4091 4063 1
4063 4091 4092 4064 1
4064 4092 4093 4065 1
4065 4093 4094 4066 1
4066 4094 4095 4067 1
4067 4095 4096 4068 1
4068 4096 299 300 1
134 135 4097 4069 1
4069 4097 4098 4070 1
4070 4098 4099 4071 1
4071 4099 4100 4072 1
4072 4100 4101 4073 1
4073 4101 4102 4074 1
4074 4102 4103 4075 1
4075 4103 4104 4076 1
4076 4104 4105 4077 1
4077 4105 4106 4078 1
4078 4106 4107 4079 1
4079 4107 4108 4080 1
4080 4108 4109 4081 1
4081 4109 4110 4082 1
4082 4110 4111 4083 1
4083 4111 4112 4084 1
4084 4112 4113 4085 1
4085 4113 4114 4086 1
4086 4114 4115 4087 1
4087 4115 4116 4088 1
4088 4116 4117 4089 1
4089 4117 4118 4090 1
4090 4118 4119 4091 1
4091 4119 4120 4092 1
4092 4120 4121 4093 1
4093 4121 4122 4094 1
4094 4122 4123 4095 1
4095 4123 4124 4096 1
4096 4124 298 299 1
135 136 4125 4097 1
4097 4125 4126 4098 1
4098 4126 4127 4099 1
4099 4127 4128 4100 1
4100 4128 4129 4101 1
4101 4129 4130 4102 1
4102 4130 4131 4103 1
4103 4131 4132 4104 1
4104 4132 4133 4105 1
4105 4133 4134 4106 1
4106 4134 4135 4107 1
4107 4135 4136 4108 1
4108 4136 4137 4109 1
4109 4137 4138 4110 1
4110 4138 4139 4111 1
4111 4139 4140 4112 1
4112 4140 4141 4113 1
4113 4141 4142 4114 1
4114 4142 4143 4115 1
4115 4143 4144 4116 1
4116 4144 4145 4117 1
4117 4145 4146 4118 1
4118 4146 4147 4119 1
4119 4147 4148 4120 1
4120 4148 4149 4121 1
4121 4149 4150 4122 1
4122 4150 4151 4123 1
4123 4151 4152 4124 1
4124 4152 297 298 1
136 137 4153 4125 1
4125 4153 4154 4126 1
4126 4154 4155 4127 1
4127 4155 4156 4128 1
4128 4156 4157 4129 1
4129 4157 4158 4130 1
4130 4158 4159 4131 1
4131 4159 4160 4132 1
4132 4160 4161 4133 1
4133 4161 4162 4134 1
4134 4162 4163 4135 1
4135 4163 4164 4136 1
4136 4164 4165 4137 1
4137 4165 4166 4138 1
4138 4166 4167 4139 1
4139 4167 4168 4140 1
4140 4168 4169 4141 1
4141 4169 4170 4142 1
4142 4170 4171 4143 1
4143 4171 4172 4144 1
4144 4172 4173 4145 1
4145 4173 4174 4146 1
4146 4174 4175 4147 1
4147 4175 4176 4148 1
4148 4176 4177 4149 1
4149 4177 4178 4150 1
4150 4178 4179 4151 1
4151 4179 4180 4152 1
4152 4180 296 297 1
137 138 4181 4153 1
4153 4181 4182 4154 1
4154 4182 4183 4155 1
4155 4183 4184 4156 1
4156 4184 4185 4157 1
4157 4185 4186 4158 1
4158 4186 4187 4159 1
4159 4187 4188 4160 1
4160 4188 4189 4161 1
4161 4189 4190 4162 1
4162 4190 4191 4163 1
4163 4191 4192 4164 1
4164 4192 4193 4165 1
4165 4193 4194 4166 1
4166 4194 4195 4167 1
4167 4195 4196 4168 1
4168 4196 4197 4169 1
4169 4197 4198 4170 1
4170 4198 4199 4171 1
4171 4199 4200 4172 1
4172 4200 4201 4173 1
4173 4201 4202 4174 1
4174 4202 4203 4175 1
4175 4203 4204 4176 1
4176 4204 4205 4177 1
4177 4205 4206 4178 1
4178 4206 4207 4179 1
4179 4207 4208 4180 1
4180 4208 295 296 1
138 139 4209 4181 1
4181 4209 4210 4182 1
4182 4210 4211 4183 1
4183 4211 4212 4184 1
4184 4212 4213 4185 1
4185 4213 4214 4186 1
4186 4214 4215 4187 1
4187 4215 4216 4188 1
4188 4216 4217 4189 1
4189 4217 4218 4190 1
4190 4218 4219 4191 1
4191 4219 4220 4192 1
4192 4220 4221 4193 1
4193 4221 4222 4194 1
4194 4222 4223 4195 1
4195 4223 4224 4196 1
4196 4224 4225 4197 1
4197 4225 4226 4198 1
4198 4226 4227 4199 1
4199 4227 4228 4200 1
4200 4228 4229 4201 1
4201 4229 4230 4202 1
4202 4230 4231 4203 1
4203 4231 4232 4204 1
4204 4232 4233 4205 1
4205 4233 4234 4206 1
4206 4234 4235 4207 1
4207 4235 4236 4208 1
4208 4236 294 295 1
139 140 4237 4209 1
4209 4237 4238 4210 1
4210 4238 4239 4211 1
4211 4239 4240 4212 1
4212 4240 4241 4213 1
4213 4241 4242 4214 1
4214 4242 4243 4215 1
4215 4243 4244 4216 1
4216 4244 4245 4217 1
4217 4245 4246 4218 1
4218 4246 4247 4219 1
4219 4247 4248 4220 1
4220 4248 4249 4221 1
4221 4249 4250 4222 1
4222 4250 4251 4223 1
4223 4251 4252 4224 1
4224 4252 4253 4225 1
4225 4253 4254 4226 1
4226 4254 4255 4227 1
4227 4255 4256 4228 1
4228 4256 4257 4229 1
4229 4257 4258 4230 1
4230 4258 4259 4231 1
4231 4259 4260 4232 1
4232 4260 4261 4233 1
4233 4261 4262 4234 1
4234 4262 4263 4235 1
4235 4263 4264 4236 1
4236 4264 293 294 1
140 141 4265 4237 1
4237 4265 4266 4238 1
4238 4266 4267 4239 1
4239 4267 4268 4240 1
4240 4268 4269 4241 1
4241 4269 4270 4242 1
4242 4270 4271 4243 1
4243 4271 4272 4244 1
4244 4272 4273 4245 1
4245 4273 4274 4246 1
4246 4274 4275 4247 1
4247 4275 4276 4248 1
4248 4276 4277 4249 1
4249 4277 4278 4250 1
4250 4278 4279 4251 1
4251 4279 4280 4252 1
4252 4280 4281 4253 1
4253 4281 4282 4254 1
4254 4282 4283 4255 1
4255 4283 4284 4256 1
4256 4284 4285 4257 1
4257 4285 4286 4258 1
4258 4286 4287 4259 1
4259 4287 4288 4260 1
4260 4288 4289 4261 1
4261 4289 4290 4262 1
4262 4290 4291 4263 1
4263 4291 4292 4264 1
4264 4292 292 293 1
141 142 4293 4265 1
4265 4293 4294 4266 1
4266 4294 4295 4267 1
4267 4295 4296 4268 1
4268 4296 4297 4269 1
4269 4297 4298 4270 1
4270 4298 4299 4271 1
4271 4299 4300 4272 1
4272 4300 4301 4273 1
4273 4301 4302 4274 1
4274 4302 4303 4275 1
4275 4303 4304 4276 1
4276 4304 4305 4277 1
4277 4305 4306 4278 1
4278 4306 4307 4279 1
4279 4307 4308 4280 1
4280 4308 4309 4281 1
4281 4309 4310 4282 1
4282 4310 4311 4283 1
4283 4311 4312 4284 1
4284 4312 4313 4285 1
4285 4313 4314 4286 1
4286 4314 4315 4287 1
4287 4315 4316 4288 1
4288 4316 4317 4289 1
4289 4317 4318 4290 1
4290 4318 4319 4291 1
4291 4319 4320 4292 1
4292 4320 291 292 1
142 143 4321 4293 1
4293 4321 4322 4294 1
4294 4322 4323 4295 1
4295 4323 4324 4296 1
4296 4324 4325 4297 1
4297 4325 4326 4298 1
4298 4326 4327 4299 1
4299 4327 4328 4300 1
4300 4328 4329 4301 1
4301 4329 4330 4302 1
4302 4330 4331 4303 1
4303 4331 4332 4304 1
4304 4332 4333 4305 1
4305 4333 4334 4306 1
4306 4334 4335 4307 1
4307 4335 4336 4308 1
4308 4336 4337 4309 1
4309 4337 4338 4310 1
4310 4338 4339 4311 1
4311 4339 4340 4312 1
4312 4340 4341 4313 1
4313 4341 4342 4314 1
4314 4342 4343 4315 1
4315 4343 4344 4316 1
4316 4344 4345 4317 1
4317 4345 4346 4318 1
4318 4346 4347 4319 1
4319 4347 4348 4320 1
4320 4348 290 291 1
143 144 4349 4321 1
4321 4349 4350 4322 1
4322 4350 4351 4323 1
4323 4351 4352 4324 1
4324 4352 4353 4325 1
4325 4353 4354 4326 1
4326 4354 4355 4327 1
4327 4355 4356 4328 1
4328 4356 4357 4329 1
4329 4357 4358 4330 1
4330 4358 4359 4331 1
4331 4359 4360 4332 1
4332 4360 4361 4333 1
4333 4361 4362 4334 1
4334 4362 4363 4335 1
4335 4363 4364 4336 1
4336 4364 4365 4337 1
4337 4365 4366 4338 1
4338 4366 4367 4339 1
4339 4367 4368 4340 1
4340 4368 4369 4341 1
4341 4369 4370 4342 1
4342 4370 4371 4343 1
4343 4371 4372 4344 1
4344 4372 4373 4345 1
4345 4373 4374 4346 1
4346 4374 4375 4347 1
4347 4375 4376 4348 1
4348 4376 289 290 1
144 145 4377 4349 1
4349 4377 4378 4350 1
4350 4378 4379 4351 1
4351 4379 4380 4352 1
4352 4380 4381 4353 1
4353 4381 4382 4354 1
4354 4382 4383 4355 1
4355 4383 4384 4356 1
4356 4384 4385 4357 1
4357 4385 4386 4358 1
4358 4386 4387 4359 1
4359 4387 4388 4360 1
4360 4388 4389 4361 1
4361 4389 4390 4362 1
4362 4390 4391 4363 1
4363 4391 4392 4364 1
4364 4392 4393 4365 1
4365 4393 4394 4366 1
4366 4394 4395 4367 1
4367 4395 4396 4368 1
4368 4396 4397 4369 1
4369 4397 4398 4370 1
4370 4398 4399 4371 1
4371 4399 4400 4372 1
4372 4400 4401 4373 1
4373 4401 4402 4374 1
4374 4402 4403 4375 1
4375 4403 4404 4376 1
4376 4404 288 289 1
145 146 4405 4377 1
4377 4405 4406 4378 1
4378 4406 4407 4379 1
4379 4407 4408 4380 1
4380 4408 4409 4381 1
4381 4409 4410 4382 1
4382 4410 4411 4383 1
4383 4411 4412 4384 1
4384 4412 4413 4385 1
4385 4413 4414 4386 1
4386 4414 4415 4387 1
4387 4415 4416 4388 1
4388 4416 4417 4389 1
4389 4417 4418 4390 1
4390 4418 4419 4391 1
4391 4419 4420 4392 1
4392 4420 4421 4393 1
4393 4421 4422 4394 1
4394 4422 4423 4395 1
4395 4423 4424 4396 1
4396 4424 4425 4397 1
4397 4425 4426 4398 1
4398 4426 4427 4399 1
4399 4427 4428 4400 1
4400 4428 4429 4401 1
4401 4429 4430 4402 1
4402 4430 4431 4403 1
4403 4431 4432 4404 1
4404 4432 287 288 1
146 147 4433 4405 1
4405 4433 4434 4406 1
4406 4434 4435 4407 1
4407 4435 4436 4408 1
4408 4436 4437 4409 1
4409 4437 4438 4410 1
4410 4438 4439 4411 1
4411 4439 4440 4412 1
4412 4440 4441 4413 1
4413 4441 4442 4414 1
4414 4442 4443 4415 1
4415 4443 4444 4416 1
4416 4444 4445 4417 1
4417 4445 4446 4418 1
4418 4446 4447 4419 1
4419 4447 4448 4420 1
4420 4448 4449 4421 1
4421 4449 4450 4422 1
4422 4450 4451 4423 1
4423 4451 4452 4424 1
4424 4452 4453 4425 1
4425 4453 4454 4426 1
4426 4454 4455 4427 1
4427 4455 4456 4428 1
4428 4456 4457 4429 1
4429 4457 4458 4430 1
4430 4458 4459 4431 1
4431 4459 4460 4432 1
4432 4460 286 287 1
147 148 4461 4433 1
4433 4461 4462 4434 1
4434 4462 4463 4435 1
4435 4463 4464 4436 1
4436 4464 4465 4437 1
4437 4465 4466 4438 1
4438 4466 4467 4439 1
4439 4467 4468 4440 1
4440 4468 4469 4441 1
4441 4469 4470 4442 1
4442 4470 4471 4443 1
4443 4471 4472 4444 1
4444 4472 4473 4445 1
4445 4473 4474 4446 1
4446 4474 4475 4447 1
4447 4475 4476 4448 1
4448 4476 4477 4449 1
4449 4477 4478 4450 1
4450 4478 4479 4451 1
4451 4479 4480 4452 1
4452 4480 4481 4453 1
4453 4481 4482 4454 1
4454 4482 4483 4455 1
4455 4483 4484 4456 1
4456 4484 4485 4457 1
4457 4485 4486 4458 1
4458 4486 4487 4459 1
4459 4487 4488 4460 1
4460 4488 285 286 1
148 149 4489 4461 1
4461 4489 4490 4462 1
4462 4490 4491 4463 1
4463 4491 4492 4464 1
4464 4492 4493 4465 1
4465 4493 4494 4466 1
4466 4494 4495 4467 1
4467 4495 4496 4468 1
4468 4496 4497 4469 1
4469 4497 4498 4470 1
4470 4498 4499 4471 1
4471 4499 4500 4472 1
4472 4500 4501 4473 1
4473 4501 4502 4474 1
4474 4502 4503 4475 1
4475 4503 4504 4476 1
4476 4504 4505 4477 1
4477 4505 4506 4478 1
4478 4506 4507 4479 1
4479 4507 4508 4480 1
4480 4508 4509 4481 1
4481 4509 4510 4482 1
4482 4510 4511 4483 1
4483 4511 4512 4484 1
4484 4512 4513 4485 1
4485 4513 4514 4486 1
4486 4514 4515 4487 1
4487 4515 4516 4488 1
4488 4516 284 285 1
149 150 4517 4489 1
4489 4517 4518 4490 1
4490 4518 4519 4491 1
4491 4519 4520 4492 1
4492 4520 4521 4493 1
4493 4521 4522 4494 1
4494 4522 4523 4495 1
4495 4523 4524 4496 1
4496 4524 4525 4497 1
4497 4525 4526 4498 1
4498 4526 4527 4499 1
4499 4527 4528 4500 1
4500 4528 4529 4501 1
4501 4529 4530 4502 1
4502 4530 4531 4503 1
4503 4531 4532 4504 1
4504 4532 4533 4505 1
4505 4533 4534 4506 1
4506 4534 4535 4507 1
4507 4535 4536 4508 1
4508 4536 4537 4509 1
4509 4537 4538 4510 1
4510 4538 4539 4511 1
4511 4539 4540 4512 1
4512 4540 4541 4513 1
4513 4541 4542 4514 1
4514 4542 4543 4515 1
4515 4543 4544 4516 1
4516 4544 283 284 1
150 151 4545 4517 1
4517 4545 4546 4518 1
4518 4546 4547 4519 1
4519 4547 4548 4520 1
4520 4548 4549 4521 1
4521 4549 4550 4522 1
4522 4550 4551 4523 1
4523 4551 4552 4524 1
4524 4552 4553 4525 1
4525 4553 4554 4526 1
4526 4554 4555 4527 1
4527 4555 4556 4528 1
4528 4556 4557 4529 1
4529 4557 4558 4530 1
4530 4558 4559 4531 1
4531 4559 4560 4532 1
4532 4560 4561 4533 1
4533 4561 4562 4534 1
4534 4562 4563 4535 1
4535 4563 4564 4536 1
4536 4564 4565 4537 1
4537 4565 4566 4538 1
4538 4566 4567 4539 1
4539 4567 4568 4540 1
4540 4568 4569 4541 1
4541 4569 4570 4542 1
4542 4570 4571 4543 1
4543 4571 4572 4544 1
4544 4572 282 283 1
151 152 4573 4545 1
4545 4573 4574 4546 1
4546 4574 4575 4547 1
4547 4575 4576 4548 1
4548 4576 4577 4549 1
4549 4577 4578 4550 1
4550 4578 4579 4551 1
4551 4579 4580 4552 1
4552 4580 4581 4553 1
4553 4581 4582 4554 1
4554 4582 4583 4555 1
4555 4583 4584 4556 1
4556 4584 4585 4557 1
4557 4585 4586 4558 1
4558 4586 4587 4559 1
4559 4587 4588 4560 1
4560 4588 4589 4561 1
4561 4589 4590 4562 1
4562 4590 4591 4563 1
4563 4591 4592 4564 1
4564 4592 4593 4565 1
4565 4593 4594 4566 1
4566 4594 4595 4567 1
4567 4595 4596 4568 1
4568 4596 4597 4569 1
4569 4597 4598 4570 1
4570 4598 4599 4571 1
4571 4599 4600 4572 1
4572 4600 281 282 1
152 153 4601 4573 1
4573 4601 4602 4574 1
4574 4602 4603 4575 1
4575 4603 4604 4576 1
4576 4604 4605 4577 1
4577 4605 4606 4578 1
4578 4606 4607 4579 1
4579 4607 4608 4580 1
4580 4608 4609 4581 1
4581 4609 4610 4582 1
4582 4610 4611 4583 1
4583 4611 4612 4584 1
4584 4612 4613 4585 1
4585 4613 4614 4586 1
4586 4614 4615 4587 1
4587 4615 4616 4588 1
4588 4616 4617 4589 1
4589 4617 4618 4590 1
4590 4618 4619 4591 1
4591 4619 4620 4592 1
4592 4620 4621 4593 1
4593 4621 4622 4594 1
4594 4622 4623 4595 1
4595 4623 4624 4596 1
4596 4624 4625 4597 1
4597 4625 4626 4598 1
4598 4626 4627 4599 1
4599 4627 4628 4600 1
4600 4628 280 281 1
153 154 4629 4601 1
4601 4629 4630 4602 1
4602 4630 4631 4603 1
4603 4631 4632 4604 1
4604 4632 4633 4605 1
4605 4633 4634 4606 1
4606 4634 4635 4607 1
4607 4635 4636 4608 1
4608 4636 4637 4609 1
4609 4637 4638 4610 1
4610 4638 4639 4611 1
4611 4639 4640 4612 1
4612 4640 4641 4613 1
4613 4641 4642 4614 1
4614 4642 4643 4615 1
4615 4643 4644 4616 1
4616 4644 4645 4617 1
4617 4645 4646 4618 1
4618 4646 4647 4619 1
4619 4647 4648 4620 1
4620 4648 4649 4621 1
4621 4649 4650 4622 1
4622 4650 4651 4623 1
4623 4651 4652 4624 1
4624 4652 4653 4625 1
4625 4653 4654 4626 1
4626 4654 4655 4627 1
4627 4655 4656 4628 1
4628 4656 279 280 1
154 155 4657 4629 1
4629 4657 4658 4630 1
4630 4658 4659 4631 1
4631 4659 4660 4632 1
4632 4660 4661 4633 1
4633 4661 4662 4634 1
4634 4662 4663 4635 1
4635 4663 4664 4636 1
4636 4664 4665 4637 1
4637 4665 4666 4638 1
4638 4666 4667 4639 1
4639 4667 4668 4640 1
4640 4668 4669 4641 1
4641 4669 4670 4642 1
4642 4670 4671 4643 1
4643 4671 4672 4644 1
4644 4672 4673 4645 1
4645 4673 4674 4646 1
4646 4674 4675 4647 1
4647 4675 4676 4648 1
4648 4676 4677 4649 1
4649 4677 4678 4650 1
4650 4678 4679 4651 1
4651 4679 4680 4652 1
4652 4680 4681 4653 1
4653 4681 4682 4654 1
4654 4682 4683 4655 1
4655 4683 4684 4656 1
4656 4684 278 279 1
155 156 4685 4657 1
4657 4685 4686 4658 1
4658 4686 4687 4659 1
4659 4687 4688 4660 1
4660 4688 4689 4661 1
4661 4689 4690 4662 1
4662 4690 4691 4663 1
4663 4691 4692 4664 1
4664 4692 4693 4665 1
4665 4693 4694 4666 1
4666 4694 4695 4667 1
4667 4695 4696 4668 1
4668 4696 4697 4669 1
4669 4697 4698 4670 1
4670 4698 4699 4671 1
4671 4699 4700 4672 1
4672 4700 4701 4673 1
4673 4701 4702 4674 1
4674 4702 4703 4675 1
4675 4703 4704 4676 1
4676 4704 4705 4677 1
4677 4705 4706 4678 1
4678 4706 4707 4679 1
4679 4707 4708 4680 1
4680 4708 4709 4681 1
4681 4709 4710 4682 1
4682 4710 4711 4683 1
4683 4711 4712 4684 1
4684 4712 277 278 1
156 157 4713 4685 1
4685 4713 4714 4686 1
4686 4714 4715 4687 1
4687 4715 4716 4688 1
4688 4716 4717 4689 1
4689 4717 4718 4690 1
4690 4718 4719 4691 1
4691 4719 4720 4692 1
4692 4720 4721 4693 1
4693 4721 4722 4694 1
4694 4722 4723 4695 1
4695 4723 4724 4696 1
4696 4724 4725 4697 1
4697 4725 4726 4698 1
4698 4726 4727 4699 1
4699 4727 4728 4700 1
4700 4728 4729 4701 1
4701 4729 4730 4702 1
4702 4730 4731 4703 1
4703 4731 4732 4704 1
4704 4732 4733 4705 1
4705 4733 4734 4706 1
4706 4734 4735 4707 1
4707 4735 4736 4708 1
4708 4736 4737 4709 1
4709 4737 4738 4710 1
4710 4738 4739 4711 1
4711 4739 4740 4712 1
4712 4740 276 277 1
157 158 4741 4713 1
4713 4741 4742 4714 1
4714 4742 4743 4715 1
4715 4743 4744 4716 1
4716 4744 4745 4717 1
4717 4745 4746 4718 1
4718 4746 4747 4719 1
4719 4747 4748 4720 1
4720 4748 4749 4721 1
4721 4749 4750 4722 1
4722 4750 4751 4723 1
4723 4751 4752 4724 1
4724 4752 4753 4725 1
4725 4753 4754 4726 1
4726 4754 4755 4727 1
4727 4755 4756 4728 1
4728 4756 4757 4729 1
4729 4757 4758 4730 1
4730 4758 4759 4731 1
4731 4759 4760 4732 1
4732 4760 4761 4733 1
4733 4761 4762 4734 1
4734 4762 4763 4735 1
4735 4763 4764 4736 1
4736 4764 4765 4737 1
4737 4765 4766 4738 1
4738 4766 4767 4739 1
4739 4767 4768 4740 1
4740 4768 275 276 1
158 159 4769 4741 1
4741 4769 4770 4742 1
4742 4770 4771 4743 1
4743 4771 4772 4744 1
4744 4772 4773 4745 1
4745 4773 4774 4746 1
4746 4774 4775 4747 1
4747 4775 4776 4748 1
4748 4776 4777 4749 1
4749 4777 4778 4750 1
4750 4778 4779 4751 1
4751 4779 4780 4752 1
4752 4780 4781 4753 1
4753 4781 4782 4754 1
4754 4782 4783 4755 1
4755 4783 4784 4756 1
4756 4784 4785 4757 1
4757 4785 4786 4758 1
4758 4786 4787 4759 1
4759 4787 4788 4760 1
4760 4788 4789 4761 1
4761 4789 4790 4762 1
4762 4790 4791 4763 1
4763 4791 4792 4764 1
4764 4792 4793 4765 1
4765 4793 4794 4766 1
4766 4794 4795 4767 1
4767 4795 4796 4768 1
4768 4796 274 275 1
159 160 4797 4769 1
4769 4797 4798 4770 1
4770 4798 4799 4771 1
4771 4799 4800 4772 1
4772 4800 4801 4773 1
4773 4801 4802 4774 1
4774 4802 4803 4775 1
4775 4803 4804 4776 1
4776 4804 4805 4777 1
4777 4805 4806 4778 1
4778 4806 4807 4779 1
4779 4807 4808 4780 1
4780 4808 4809 4781 1
4781 4809 4810 4782 1
4782 4810 4811 4783 1
4783 4811 4812 4784 1
4784 4812 4813 4785 1
4785 4813 4814 4786 1
4786 4814 4815 4787 1
4787 4815 4816 4788 1
4788 4816 4817 4789 1
4789 4817 4818 4790 1
4790 4818 4819 4791 1
4791 4819 4820 4792 1
4792 4820 4821 4793 1
4793 4821 4822 4794 1
4794 4822 4823 4795 1
4795 4823 4824 4796 1
4796 4824 273 274 1
160 161 4825 4797 1
4797 4825 4826 4798 1
4798 4826 4827 4799 1
4799 4827 4828 4800 1
4800 4828 4829 4801 1
4801 4829 4830 4802 1
4802 4830 4831 4803 1
4803 4831 4832 4804 1
4804 4832 4833 4805 1
4805 4833 4834 4806 1
4806 4834 4835 4807 1
4807 4835 4836 4808 1
4808 4836 4837 4809 1
4809 4837 4838 4810 1
4810 4838 4839 4811 1
4811 4839 4840 4812 1
4812 4840 4841 4813 1
4813 4841 4842 4814 1
4814 4842 4843 4815 1
4815 4843 4844 4816 1
4816 4844 4845 4817 1
4817 4845 4846 4818 1
4818 4846 4847 4819 1
4819 4847 4848 4820 1
4820 4848 4849 4821 1
4821 4849 4850 4822 1
4822 4850 4851 4823 1
4823 4851 4852 4824 1
4824 4852 272 273 1
161 162 4853 4825 1
4825 4853 4854 4826 1
4826 4854 4855 4827 1
4827 4855 4856 4828 1
4828 4856 4857 4829 1
4829 4857 4858 4830 1
4830 4858 4859 4831 1
4831 4859 4860 4832 1
4832 4860 4861 4833 1
4833 4861 4862 4834 1
4834 4862 4863 4835 1
4835 4863 4864 4836 1
4836 4864 4865 4837 1
4837 4865 4866 4838 1
4838 4866 4867 4839 1
4839 4867 4868 4840 1
4840 4868 4869 4841 1
4841 4869 4870 4842 1
4842 4870 4871 4843 1
4843 4871 4872 4844 1
4844 4872 4873 4845 1
4845 4873 4874 4846 1
4846 4874 4875 4847 1
4847 4875 4876 4848 1
4848 4876 4877 4849 1
4849 4877 4878 4850 1
4850 4878 4879 4851 1
4851 4879 4880 4852 1
4852 4880 271 272 1
162 163 4881 4853 1
4853 4881 4882 4854 1
4854 4882 4883 4855 1
4855 4883 4884 4856 1
4856 4884 4885 4857 1
4857 4885 4886 4858 1
4858 4886 4887 4859 1
4859 4887 4888 4860 1
4860 4888 4889 4861 1
4861 4889 4890 4862 1
4862 4890 4891 4863 1
4863 4891 4892 4864 1
4864 4892 4893 4865 1
4865 4893 4894 4866 1
4866 4894 4895 4867 1
4867 4895 4896 4868 1
4868 4896 4897 4869 1
4869 4897 4898 4870 1
4870 4898 4899 4871 1
4871 4899 4900 4872 1
4872 4900 4901 4873 1
4873 4901 4902 4874 1
4874 4902 4903 4875 1
4875 4903 4904 4876 1
4876 4904 4905 4877 1
4877 4905 4906 4878 1
4878 4906 4907 4879 1
4879 4907 4908 4880 1
4880 4908 270 271 1
163 164 4909 4881 1
4881 4909 4910 4882 1
4882 4910 4911 4883 1
4883 4911 4912 4884 1
4884 4912 4913 4885 1
4885 4913 4914 4886 1
4886 4914 4915 4887 1
4887 4915 4916 4888 1
4888 4916 4917 4889 1
4889 4917 4918 4890 1
4890 4918 4919 4891 1
4891 4919 4920 4892 1
4892 4920 4921 4893 1
4893 4921 4922 4894 1
4894 4922 4923 4895 1
4895 4923 4924 4896 1
4896 4924 4925 4897 1
4897 4925 4926 4898 1
4898 4926 4927 4899 1
4899 4927 4928 4900 1
4900 4928 4929 4901 1
4901 4929 4930 4902 1
4902 4930 4931 4903 1
4903 4931 4932 4904 1
4904 4932 4933 4905 1
4905 4933 4934 4906 1
4906 4934 4935 4907 1
4907 4935 4936 4908 1
4908 4936 269 270 1
164 165 4937 4909 1
4909 4937 4938 4910 1
4910 4938 4939 4911 1
4911 4939 4940 4912 1
4912 4940 4941 4913 1
4913 4941 4942 4914 1
4914 4942 4943 4915 1
4915 4943 4944 4916 1
4916 4944 4945 4917 1
4917 4945 4946 4918 1
4918 4946 4947 4919 1
4919 4947 4948 4920 1
4920 4948 4949 4921 1
4921 4949 4950 4922 1
4922 4950 4951 4923 1
4923 4951 4952 4924 1
4924 4952 4953 4925 1
4925 4953 4954 4926 1
4926 4954 4955 4927 1
4927 4955 4956 4928 1
4928 4956 4957 4929 1
4929 4957 4958 4930 1
4930 4958 4959 4931 1
4931 4959 4960 4932 1
4932 4960 4961 4933 1
4933 4961 4962 4934 1
4934 4962 4963 4935 1
4935 4963 4964 4936 1
4936 4964 268 269 1
165 166 4965 4937 1
4937 4965 4966 4938 1
4938 4966 4967 4939 1
4939 4967 4968 4940 1
4940 4968 4969 4941 1
4941 4969 4970 4942 1
4942 4970 4971 4943 1
4943 4971 4972 4944 1
4944 4972 4973 4945 1
4945 4973 4974 4946 1
4946 4974 4975 4947 1
4947 4975 4976 4948 1
4948 4976 4977 4949 1
4949 4977 4978 4950 1
4950 4978 4979 4951 1
4951 4979 4980 4952 1
4952 4980 4981 4953 1
4953 4981 4982 4954 1
4954 4982 4983 4955 1
4955 4983 4984 4956 1
4956 4984 4985 4957 1
4957 4985 4986 4958 1
4958 4986 4987 4959 1
4959 4987 4988 4960 1
4960 4988 4989 4961 1
4961 4989 4990 4962 1
4962 4990 4991 4963 1
4963 4991 4992 4964 1
4964 4992 267 268 1
166 167 4993 4965 1
4965 4993 4994 4966 1
4966 4994 4995 4967 1
4967 4995 4996 4968 1
4968 4996 4997 4969 1
4969 4997 4998 4970 1
4970 4998 4999 4971 1
4971 4999 5000 4972 1
4972 5000 5001 4973 1
4973 5001 5002 4974 1
4974 5002 5003 4975 1
4975 5003 5004 4976 1
4976 5004 5005 4977 1
4977 5005 5006 4978 1
4978 5006 5007 4979 1
4979 5007 5008 4980 1
4980 5008 5009 4981 1
4981 5009 5010 4982 1
4982 5010 5011 4983 1
4983 5011 5012 4984 1
4984 5012 5013 4985 1
4985 5013 5014 4986 1
4986 5014 5015 4987 1
4987 5015 5016 4988 1
4988 5016 5017 4989 1
4989 5017 5018 4990 1
4990 5018 5019 4991 1
4991 5019 5020 4992 1
4992 5020 266 267 1
167 168 5021 4993 1
4993 5021 5022 4994 1
4994 5022 5023 4995 1
4995 5023 5024 4996 1
4996 5024 5025 4997 1
4997 5025 5026 4998 1
4998 5026 5027 4999 1
4999 5027 5028 5000 1
5000 5028 5029 5001 1
5001 5029 5030 5002 1
5002 5030 5031 5003 1
5003 5031 5032 5004 1
5004 5032 5033 5005 1
5005 5033 5034 5006 1
5006 5034 5035 5007 1
5007 5035 5036 5008 1
5008 5036 5037 5009 1
5009 5037 5038 5010 1
5010 5038 5039 5011 1
5011 5039 5040 5012 1
5012 5040 5041 5013 1
5013 5041 5042 5014 1
5014 5042 5043 5015 1
5015 5043 5044 5016 1
5016 5044 5045 5017 1
5017 5045 5046 5018 1
5018 5046 5047 5019 1
5019 5047 5048 5020 1
5020 5048 265 266 1
168 169 5049 5021 1
5021 5049 5050 5022 1
5022 5050 5051 5023 1
5023 5051 5052 5024 1
5024 5052 5053 5025 1
5025 5053 5054 5026 1
5026 5054 5055 5027 1
5027 5055 5056 5028 1
5028 5056 5057 5029 1
5029 5057 5058 5030 1
5030 5058 5059 5031 1
5031 5059 5060 5032 1
5032 5060 5061 5033 1
5033 5061 5062 5034 1
5034 5062 5063 5035 1
5035 5063 5064 5036 1
5036 5064 5065 5037 1
5037 5065 5066 5038 1
5038 5066 5067 5039 1
5039 5067 5068 5040 1
5040 5068 5069 5041 1
5041 5069 5070 5042 1
5042 5070 5071 5043 1
5043 5071 5072 5044 1
5044 5072 5073 5045 1
5045 5073 5074 5046 1
5046 5074 5075 5047 1
5047 5075 5076 5048 1
5048 5076 264 265 1
169 170 5077 5049 1
5049 5077 5078 5050 1
5050 5078 5079 5051 1
5051 5079 5080 5052 1
5052 5080 5081 5053 1
5053 5081 5082 5054 1
5054 5082 5083 5055 1
5055 5083 5084 5056 1
5056 5084 5085 5057 1
5057 5085 5086 5058 1
5058 5086 5087 5059 1
5059 5087 5088 5060 1
5060 5088 5089 5061 1
5061 5089 5090 5062 1
5062 5090 5091 5063 1
5063 5091 5092 5064 1
5064 5092 5093 5065 1
5065 5093 5094 5066 1
5066 5094 5095 5067 1
5067 5095 5096 5068 1
5068 5096 5097 5069 1
5069 5097 5098 5070 1
5070 5098 5099 5071 1
5071 5099 5100 5072 1
5072 5100 5101 5073 1
5073 5101 5102 5074 1
5074 5102 5103 5075 1
5075 5103 5104 5076 1
5076 5104 263 264 1
170 171 5105 5077 1
5077 5105 5106 5078 1
5078 5106 5107 5079 1
5079 5107 5108 5080 1
5080 5108 5109 5081 1
5081 5109 5110 5082 1
5082 5110 5111 5083 1
5083 5111 5112 5084 1
5084 5112 5113 5085 1
5085 5113 5114 5086 1
5086 5114 5115 5087 1
5087 5115 5116 5088 1
5088 5116 5117 5089 1
5089 5117 5118 5090 1
5090 5118 5119 5091 1
5091 5119 5120 5092 1
5092 5120 5121 5093 1
5093 5121 5122 5094 1
5094 5122 5123 5095 1
5095 5123 5124 5096 1
5096 5124 5125 5097 1
5097 5125 5126 5098 1
5098 5126 5127 5099 1
5099 5127 5128 5100 1
5100 5128 5129 5101 1
5101 5129 5130 5102 1
5102 5130 5131 5103 1
5103 5131 5132 5104 1
5104 5132 262 263 1
171 172 5133 5105 1
5105 5133 5134 5106 1
5106 5134 5135 5107 1
5107 5135 5136 5108 1
5108 5136 5137 5109 1
5109 5137 5138 5110 1
5110 5138 5139 5111 1
5111 5139 5140 5112 1
5112 5140 5141 5113 1
5113 5141 5142 5114 1
5114 5142 5143 5115 1
5115 5143 5144 5116 1
5116 5144 5145 5117 1
5117 5145 5146 5118 1
5118 5146 5147 5119 1
5119 5147 5148 5120 1
5120 5148 5149 5121 1
5121 5149 5150 5122 1
5122 5150 5151 5123 1
5123 5151 5152 5124 1
5124 5152 5153 5125 1
5125 5153 5154 5126 1
5126 5154 5155 5127 1
5127 5155 5156 5128 1
5128 5156 5157 5129 1
5129 5157 5158 5130 1
5130 5158 5159 5131 1
5131 5159 5160 5132 1
5132 5160 261 262 1
172 173 5161 5133 1
5133 5161 5162 5134 1
5134 5162 5163 5135 1
5135 5163 5164 5136 1
5136 5164 5165 5137 1
5137 5165 5166 5138 1
5138 5166 5167 5139 1
5139 5167 5168 5140 1
5140 5168 5169 5141 1
5141 5169 5170 5142 1
5142 5170 5171 5143 1
5143 5171 5172 5144 1
5144 5172 5173 5145 1
5145 5173 5174 5146 1
5146 5174 5175 5147 1
5147 5175 5176 5148 1
5148 5176 5177 5149 1
5149 5177 5178 5150 1
5150 5178 5179 5151 1
5151 5179 5180 5152 1
5152 5180 5181 5153 1
5153 5181 5182 5154 1
5154 5182 5183 5155 1
5155 5183 5184 5156 1
5156 5184 5185 5157 1
5157 5185 5186 5158 1
5158 5186 5187 5159 1
5159 5187 5188 5160 1
5160 5188 260 261 1
173 174 5189 5161 1
5161 5189 5190 5162 1
5162 5190 5191 5163 1
5163 5191 5192 5164 1
5164 5192 5193 5165 1
5165 5193 5194 5166 1
5166 5194 5195 5167 1
5167 5195 5196 5168 1
5168 5196 5197 5169 1
5169 5197 5198 5170 1
5170 5198 5199 5171 1
5171 5199 5200 5172 1
5172 5200 5201 5173 1
5173 5201 5202 5174 1
5174 5202 5203 5175 1
5175 5203 5204 5176 1
5176 5204 5205 5177 1
5177 5205 5206 5178 1
5178 5206 5207 5179 1
5179 5207 5208 5180 1
5180 5208 5209 5181 1
5181 5209 5210 5182 1
5182 5210 5211 5183 1
5183 5211 5212 5184 1
5184 5212 5213 5185 1
5185 5213 5214 5186 1
5186 5214 5215 5187 1
5187 5215 5216 5188 1
5188 5216 259 260 1
174 175 5217 5189 1
5189 5217 5218 5190 1
5190 5218 5219 5191 1
5191 5219 5220 5192 1
5192 5220 5221 5193 1
5193 5221 5222 5194 1
5194 5222 5223 5195 1
5195 5223 5224 5196 1
5196 5224 5225 5197 1
5197 5225 5226 5198 1
5198 5226 5227 5199 1
5199 5227 5228 5200 1
5200 5228 5229 5201 1
5201 5229 5230 5202 1
5202 5230 5231 5203 1
5203 5231 5232 5204 1
5204 5232 5233 5205 1
5205 5233 5234 5206 1
5206 5234 5235 5207 1
5207 5235 5236 5208 1
5208 5236 5237 5209 1
5209 5237 5238 5210 1
5210 5238 5239 5211 1
5211 5239 5240 5212 1
5212 5240 5241 5213 1
5213 5241 5242 5214 1
5214 5242 5243 5215 1
5215 5243 5244 5216 1
5216 5244 258 259 1
175 176 5245 5217 1
5217 5245 5246 5218 1
5218 5246 5247 5219 1
5219 5247 5248 5220 1
5220 5248 5249 5221 1
5221 5249 5250 5222 1
5222 5250 5251 5223 1
5223 5251 5252 5224 1
5224 5252 5253 5225 1
5225 5253 5254 5226 1
5226 5254 5255 5227 1
5227 5255 5256 5228 1
5228 5256 5257 5229 1
5229 5257 5258 5230 1
5230 5258 5259 5231 1
5231 5259 5260 5232 1
5232 5260 5261 5233 1
5233 5261 5262 5234 1
5234 5262 5263 5235 1
5235 5263 5264 5236 1
5236 5264 5265 5237 1
5237 5265 5266 5238 1
5238 5266 5267 5239 1
5239 5267 5268 5240 1
5240 5268 5269 5241 1
5241 5269 5270 5242 1
5242 5270 5271 5243 1
5243 5271 5272 5244 1
5244 5272 257 258 1
176 177 5273 5245 1
5245 5273 5274 5246 1
5246 5274 5275 5247 1
5247 5275 5276 5248 1
5248 5276 5277 5249 1
5249 5277 5278 5250 1
5250 5278 5279 5251 1
5251 5279 5280 5252 1
5252 5280 5281 5253 1
5253 5281 5282 5254 1
5254 5282 5283 5255 1
5255 5283 5284 5256 1
5256 5284 5285 5257 1
5257 5285 5286 5258 1
5258 5286 5287 5259 1
5259 5287 5288 5260 1
5260 5288 5289 5261 1
5261 5289 5290 5262 1
5262 5290 5291 5263 1
5263 5291 5292 5264 1
5264 5292 5293 5265 1
5265 5293 5294 5266 1
5266 5294 5295 5267 1
5267 5295 5296 5268 1
5268 5296 5297 5269 1
5269 5297 5298 5270 1
5270 5298 5299 5271 1
5271 5299 5300 5272 1
5272 5300 256 257 1
177 178 5301 5273 1
5273 5301 5302 5274 1
5274 5302 5303 5275 1
5275 5303 5304 5276 1
5276 5304 5305 5277 1
5277 5305 5306 5278 1
5278 5306 5307 5279 1
5279 5307 5308 5280 1
5280 5308 5309 5281 1
5281 5309 5310 5282 1
5282 5310 5311 5283 1
5283 5311 5312 5284 1
5284 5312 5313 5285 1
5285 5313 5314 5286 1
5286 5314 5315 5287 1
5287 5315 5316 5288 1
5288 5316 5317 5289 1
5289 5317 5318 5290 1
5290 5318 5319 5291 1
5291 5319 5320 5292 1
5292 5320 5321 5293 1
5293 5321 5322 5294 1
5294 5322 5323 5295 1
5295 5323 5324 5296 1
5296 5324 5325 5297 1
5297 5325 5326 5298 1
5298 5326 5327 5299 1
5299 5327 5328 5300 1
5300 5328 255 256 1
178 179 5329 5301 1
5301 5329 5330 5302 1
5302 5330 5331 5303 1
5303 5331 5332 5304 1
5304 5332 5333 5305 1
5305 5333 5334 5306 1
5306 5334 5335 5307 1
5307 5335 5336 5308 1
5308 5336 5337 5309 1
5309 5337 5338 5310 1
5310 5338 5339 5311 1
5311 5339 5340 5312 1
5312 5340 5341 5313 1
5313 5341 5342 5314 1
5314 5342 5343 5315 1
5315 5343 5344 5316 1
5316 5344 5345 5317 1
5317 5345 5346 5318 1
5318 5346 5347 5319 1
5319 5347 5348 5320 1
5320 5348 5349 5321 1
5321 5349 5350 5322 1
5322 5350 5351 5323 1
5323 5351 5352 5324 1
5324 5352 5353 5325 1
5325 5353 5354 5326 1
5326 5354 5355 5327 1
5327 5355 5356 5328 1
5328 5356 254 255 1
179 180 5357 5329 1
5329 5357 5358 5330 1
5330 5358 5359 5331 1
5331 5359 5360 5332 1
5332 5360 5361 5333 1
5333 5361 5362 5334 1
5334 5362 5363 5335 1
5335 5363 5364 5336 1
5336 5364 5365 5337 1
5337 5365 5366 5338 1
5338 5366 5367 5339 1
5339 5367 5368 5340 1
5340 5368 5369 5341 1
5341 5369 5370 5342 1
5342 5370 5371 5343 1
5343 5371 5372 5344 1
5344 5372 5373 5345 1
5345 5373 5374 5346 1
5346 5374 5375 5347 1
5347 5375 5376 5348 1
5348 5376 5377 5349 1
5349 5377 5378 5350 1
5350 5378 5379 5351 1
5351 5379 5380 5352 1
5352 5380 5381 5353 1
5353 5381 5382 5354 1
5354 5382 5383 5355 1
5355 5383 5384 5356 1
5356 5384 253 254 1
180 181 5385 5357 1
5357 5385 5386 5358 1
5358 5386 5387 5359 1
5359 5387 5388 5360 1
5360 5388 5389 5361 1
5361 5389 5390 5362 1
5362 5390 5391 5363 1
5363 5391 5392 5364 1
5364 5392 5393 5365 1
5365 5393 5394 5366 1
5366 5394 5395 5367 1
5367 5395 5396 5368 1
5368 5396 5397 5369 1
5369 5397 5398 5370 1
5370 5398 5399 5371 1
5371 5399 5400 5372 1
5372 5400 5401 5373 1
5373 5401 5402 5374 1
5374 5402 5403 5375 1
5375 5403 5404 5376 1
5376 5404 5405 5377 1
5377 5405 5406 5378 1
5378 5406 5407 5379 1
5379 5407 5408 5380 1
5380 5408 5409 5381 1
5381 5409 5410 5382 1
5382 5410 5411 5383 1
5383 5411 5412 5384 1
5384 5412 252 253 1
181 182 5413 5385 1
5385 5413 5414 5386 1
5386 5414 5415 5387 1
5387 5415 5416 5388 1
5388 5416 5417 5389 1
5389 5417 5418 5390 1
5390 5418 5419 5391 1
5391 5419 5420 5392 1
5392 5420 5421 5393 1
5393 5421 5422 5394 1
5394 5422 5423 5395 1
5395 5423 5424 5396 1
5396 5424 5425 5397 1
5397 5425 5426 5398 1
5398 5426 5427 5399 1
5399 5427 5428 5400 1
5400 5428 5429 5401 1
5401 5429 5430 5402 1
5402 5430 5431 5403 1
5403 5431 5432 5404 1
5404 5432 5433 5405 1
5405 5433 5434 5406 1
5406 5434 5435 5407 1
5407 5435 5436 5408 1
5408 5436 5437 5409 1
5409 5437 5438 5410 1
5410 5438 5439 5411 1
5411 5439 5440 5412 1
5412 5440 251 252 1
182 183 5441 5413 1
5413 5441 5442 5414 1
5414 5442 5443 5415 1
5415 5443 5444 5416 1
5416 5444 5445 5417 1
5417 5445 5446 5418 1
5418 5446 5447 5419 1
5419 5447 5448 5420 1
5420 5448 5449 5421 1
5421 5449 5450 5422 1
5422 5450 5451 5423 1
5423 5451 5452 5424 1
5424 5452 5453 5425 1
5425 5453 5454 5426 1
5426 5454 5455 5427 1
5427 5455 5456 5428 1
5428 5456 5457 5429 1
5429 5457 5458 5430 1
5430 5458 5459 5431 1
5431 5459 5460 5432 1
5432 5460 5461 5433 1
5433 5461 5462 5434 1
5434 5462 5463 5435 1
5435 5463 5464 5436 1
5436 5464 5465 5437 1
5437 5465 5466 5438 1
5438 5466 5467 5439 1
5439 5467 5468 5440 1
5440 5468 250 251 1
183 184 5469 5441 1
5441 5469 5470 5442 1
5442 5470 5471 5443 1
5443 5471 5472 5444 1
5444 5472 5473 5445 1
5445 5473 5474 5446 1
5446 5474 5475 5447 1
5447 5475 5476 5448 1
5448 5476 5477 5449 1
5449 5477 5478 5450 1
5450 5478 5479 5451 1
5451 5479 5480 5452 1
5452 5480 5481 5453 1
5453 5481 5482 5454 1
5454 5482 5483 5455 1
5455 5483 5484 5456 1
5456 5484 5485 5457 1
5457 5485 5486 5458 1
5458 5486 5487 5459 1
5459 5487 5488 5460 1
5460 5488 5489 5461 1
5461 5489 5490 5462 1
5462 5490 5491 5463 1
5463 5491 5492 5464 1
5464 5492 5493 5465 1
5465 5493 5494 5466 1
5466 5494 5495 5467 1
5467 5495 5496 5468 1
5468 5496 249 250 1
184 185 5497 5469 1
5469 5497 5498 5470 1
5470 5498 5499 5471 1
5471 5499 5500 5472 1
5472 5500 5501 5473 1
5473 5501 5502 5474 1
5474 5502 5503 5475 1
5475 5503 5504 5476 1
5476 5504 5505 5477 1
5477 5505 5506 5478 1
5478 5506 5507 5479 1
5479 5507 5508 5480 1
5480 5508 5509 5481 1
5481 5509 5510 5482 1
5482 5510 5511 5483 1
5483 5511 5512 5484 1
5484 5512 5513 5485 1
5485 5513 5514 5486 1
5486 5514 5515 5487 1
5487 5515 5516 5488 1
5488 5516 5517 5489 1
5489 5517 5518 5490 1
5490 5518 5519 5491 1
5491 5519 5520 5492 1
5492 5520 5521 5493 1
5493 5521 5522 5494 1
5494 5522 5523 5495 1
5495 5523 5524 5496 1
5496 5524 248 249 1
185 186 5525 5497 1
5497 5525 5526 5498 1
5498 5526 5527 5499 1
5499 5527 5528 5500 1
5500 5528 5529 5501 1
5501 5529 5530 5502 1
5502 5530 5531 5503 1
5503 5531 5532 5504 1
5504 5532 5533 5505 1
5505 5533 5534 5506 1
5506 5534 5535 5507 1
5507 5535 5536 5508 1
5508 5536 5537 5509 1
5509 5537 5538 5510 1
5510 5538 5539 5511 1
5511 5539 5540 5512 1
5512 5540 5541 5513 1
5513 5541 5542 5514 1
5514 5542 5543 5515 1
5515 5543 5544 5516 1
5516 5544 5545 5517 1
5517 5545 5546 5518 1
5518 5546 5547 5519 1
5519 5547 5548 5520 1
5520 5548 5549 5521 1
5521 5549 5550 5522 1
5522 5550 5551 5523 1
5523 5551 5552 5524 1
5524 5552 247 248 1
186 187 5553 5525 1
5525 5553 5554 5526 1
5526 5554 5555 5527 1
5527 5555 5556 5528 1
5528 5556 5557 5529 1
5529 5557 5558 5530 1
5530 5558 5559 5531 1
5531 5559 5560 5532 1
5532 5560 5561 5533 1
5533 5561 5562 5534 1
5534 5562 5563 5535 1
5535 5563 5564 5536 1
5536 5564 5565 5537 1
5537 5565 5566 5538 1
5538 5566 5567 5539 1
5539 5567 5568 5540 1
5540 5568 5569 5541 1
5541 5569 5570 5542 1
5542 5570 5571 5543 1
5543 5571 5572 5544 1
5544 5572 5573 5545 1
5545 5573 5574 5546 1
5546 5574 5575 5547 1
5547 5575 5576 5548 1
5548 5576 5577 5549 1
5549 5577 5578 5550 1
5550 5578 5579 5551 1
5551 5579 5580 5552 1
5552 5580 246 247 1
187 188 5581 5553 1
5553 5581 5582 5554 1
5554 5582 5583 5555 1
5555 5583 5584 5556 1
5556 5584 5585 5557 1
5557 5585 5586 5558 1
5558 5586 5587 5559 1
5559 5587 5588 5560 1
5560 5588 5589 5561 1
5561 5589 5590 5562 1
5562 5590 5591 5563 1
5563 5591 5592 5564 1
5564 5592 5593 5565 1
5565 5593 5594 5566 1
5566 5594 5595 5567 1
5567 5595 5596 5568 1
5568 5596 5597 5569 1
5569 5597 5598 5570 1
5570 5598 5599 5571 1
5571 5599 5600 5572 1
5572 5600 5601 5573 1
5573 5601 5602 5574 1
5574 5602 5603 5575 1
5575 5603 5604 5576 1
5576 5604 5605 5577 1
5577 5605 5606 5578 1
5578 5606 5607 5579 1
5579 5607 5608 5580 1
5580 5608 245 246 1
188 189 5609 5581 1
5581 5609 5610 5582 1
5582 5610 5611 5583 1
5583 5611 5612 5584 1
5584 5612 5613 5585 1
5585 5613 5614 5586 1
5586 5614 5615 5587 1
5587 5615 5616 5588 1
5588 5616 5617 5589 1
5589 5617 5618 5590 1
5590 5618 5619 5591 1
5591 5619 5620 5592 1
5592 5620 5621 5593 1
5593 5621 5622 5594 1
5594 5622 5623 5595 1
5595 5623 5624 5596 1
5596 5624 5625 5597 1
5597 5625 5626 5598 1
5598 5626 5627 5599 1
5599 5627 5628 5600 1
5600 5628 5629 5601 1
5601 5629 5630 5602 1
5602 5630 5631 5603 1
5603 5631 5632 5604 1
5604 5632 5633 5605 1
5605 5633 5634 5606 1
5606 5634 5635 5607 1
5607 5635 5636 5608 1
5608 5636 244 245 1
189 190 5637 5609 1
5609 5637 5638 5610 1
5610 5638 5639 5611 1
5611 5639 5640 5612 1
5612 5640 5641 5613 1
5613 5641 5642 5614 1
5614 5642 5643 5615 1
5615 5643 5644 5616 1
5616 5644 5645 5617 1
5617 5645 5646 5618 1
5618 5646 5647 5619 1
5619 5647 5648 5620 1
5620 5648 5649 5621 1
5621 5649 5650 5622 1
5622 5650 5651 5623 1
5623 5651 5652 5624 1
5624 5652 5653 5625 1
5625 5653 5654 5626 1
5626 5654 5655 5627 1
5627 5655 5656 5628 1
5628 5656 5657 5629 1
5629 5657 5658 5630 1
5630 5658 5659 5631 1
5631 5659 5660 5632 1
5632 5660 5661 5633 1
5633 5661 5662 5634 1
5634 5662 5663 5635 1
5635 5663 5664 5636 1
5636 5664 243 244 1
190 191 5665 5637 1
5637 5665 5666 5638 1
5638 5666 5667 5639 1
5639 5667 5668 5640 1
5640 5668 5669 5641 1
5641 5669 5670 5642 1
5642 5670 5671 5643 1
5643 5671 5672 5644 1
5644 5672 5673 5645 1
5645 5673 5674 5646 1
5646 5674 5675 5647 1
5647 5675 5676 5648 1
5648 5676 5677 5649 1
5649 5677 5678 5650 1
5650 5678 5679 5651 1
5651 5679 5680 5652 1
5652 5680 5681 5653 1
5653 5681 5682 5654 1
5654 5682 5683 5655 1
5655 5683 5684 5656 1
5656 5684 5685 5657 1
5657 5685 5686 5658 1
5658 5686 5687 5659 1
5659 5687 5688 5660 1
5660 5688 5689 5661 1
5661 5689 5690 5662 1
5662 5690 5691 5663 1
5663 5691 5692 5664 1
5664 5692 242 243 1
191 192 5693 5665 1
5665 5693 5694 5666 1
5666 5694 5695 5667 1
5667 5695 5696 5668 1
5668 5696 5697 5669 1
5669 5697 5698 5670 1
5670 5698 5699 5671 1
5671 5699 5700 5672 1
5672 5700 5701 5673 1
5673 5701 5702 5674 1
5674 5702 5703 5675 1
5675 5703 5704 5676 1
5676 5704 5705 5677 1
5677 5705 5706 5678 1
5678 5706 5707 5679 1
5679 5707 5708 5680 1
5680 5708 5709 5681 1
5681 5709 5710 5682 1
5682 5710 5711 5683 1
5683 5711 5712 5684 1
5684 5712 5713 5685 1
5685 5713 5714 5686 1
5686 5714 5715 5687 1
5687 5715 5716 5688 1
5688 5716 5717 5689 1
5689 5717 5718 5690 1
5690 5718 5719 5691 1
5691 5719 5720 5692 1
5692 5720 241 242 1
192 193 5721 5693 1
5693 5721 5722 5694 1
5694 5722 5723 5695 1
5695 5723 5724 5696 1
5696 5724 5725 5697 1
5697 5725 5726 5698 1
5698 5726 5727 5699 1
5699 5727 5728 5700 1
5700 5728 5729 5701 1
5701 5729 5730 5702 1
5702 5730 5731 5703 1
5703 5731 5732 5704 1
5704 5732 5733 5705 1
5705 5733 5734 5706 1
5706 5734 5735 5707 1
5707 5735 5736 5708 1
5708 5736 5737 5709 1
5709 5737 5738 5710 1
5710 5738 5739 5711 1
5711 5739 5740 5712 1
5712 5740 5741 5713 1
5713 5741 5742 5714 1
5714 5742 5743 5715 1
5715 5743 5744 5716 1
5716 5744 5745 5717 1
5717 5745 5746 5718 1
5718 5746 5747 5719 1
5719 5747 5748 5720 1
5720 5748 240 241 1
193 194 5749 5721 1
5721 5749 5750 5722 1
5722 5750 5751 5723 1
5723 5751 5752 5724 1
5724 5752 5753 5725 1
5725 5753 5754 5726 1
5726 5754 5755 5727 1
5727 5755 5756 5728 1
5728 5756 5757 5729 1
5729 5757 5758 5730 1
5730 5758 5759 5731 1
5731 5759 5760 5732 1
5732 5760 5761 5733 1
5733 5761 5762 5734 1
5734 5762 5763 5735 1
5735 5763 5764 5736 1
5736 5764 5765 5737 1
5737 5765 5766 5738 1
5738 5766 5767 5739 1
5739 5767 5768 5740 1
5740 5768 5769 5741 1
5741 5769 5770 5742 1
5742 5770 5771 5743 1
5743 5771 5772 5744 1
5744 5772 5773 5745 1
5745 5773 5774 5746 1
5746 5774 5775 5747 1
5747 5775 5776 5748 1
5748 5776 239 240 1
194 195 5777 5749 1
5749 5777 5778 5750 1
5750 5778 5779 5751 1
5751 5779 5780 5752 1
5752 5780 5781 5753 1
5753 5781 5782 5754 1
5754 5782 5783 5755 1
5755 5783 5784 5756 1
5756 5784 5785 5757 1
5757 5785 5786 5758 1
5758 5786 5787 5759 1
5759 5787 5788 5760 1
5760 5788 5789 5761 1
5761 5789 5790 5762 1
5762 5790 5791 5763 1
5763 5791 5792 5764 1
5764 5792 5793 5765 1
5765 5793 5794 5766 1
5766 5794 5795 5767 1
5767 5795 5796 5768 1
5768 5796 5797 5769 1
5769 5797 5798 5770 1
5770 5798 5799 5771 1
5771 5799 5800 5772 1
5772 5800 5801 5773 1
5773 5801 5802 5774 1
5774 5802 5803 5775 1
5775 5803 5804 5776 1
5776 5804 238 239 1
195 196 5805 5777 1
5777 5805 5806 5778 1
5778 5806 5807 5779 1
5779 5807 5808 5780 1
5780 5808 5809 5781 1
5781 5809 5810 5782 1
5782 5810 5811 5783 1
5783 5811 5812 5784 1
5784 5812 5813 5785 1
5785 5813 5814 5786 1
5786 5814 5815 5787 1
5787 5815 5816 5788 1
5788 5816 5817 5789 1
5789 5817 5818 5790 1
5790 5818 5819 5791 1
5791 5819 5820 5792 1
5792 5820 5821 5793 1
5793 5821 5822 5794 1
5794 5822 5823 5795 1
5795 5823 5824 5796 1
5796 5824 5825 5797 1
5797 5825 5826 5798 1
5798 5826 5827 5799 1
5799 5827 5828 5800 1
5800 5828 5829 5801 1
5801 5829 5830 5802 1
5802 5830 5831 5803 1
5803 5831 5832 5804 1
5804 5832 237 238 1
196 197 5833 5805 1
5805 5833 5834 5806 1
5806 5834 5835 5807 1
5807 5835 5836 5808 1
5808 5836 5837 5809 1
5809 5837 5838 5810 1
5810 5838 5839 5811 1
5811 5839 5840 5812 1
5812 5840 5841 5813 1
5813 5841 5842 5814 1
5814 5842 5843 5815 1
5815 5843 5844 5816 1
5816 5844 5845 5817 1
5817 5845 5846 5818 1
5818 5846 5847 5819 1
5819 5847 5848 5820 1
5820 5848 5849 5821 1
5821 5849 5850 5822 1
5822 5850 5851 5823 1
5823 5851 5852 5824 1
5824 5852 5853 5825 1
5825 5853 5854 5826 1
5826 5854 5855 5827 1
5827 5855 5856 5828 1
5828 5856 5857 5829 1
5829 5857 5858 5830 1
5830 5858 5859 5831 1
5831 5859 5860 5832 1
5832 5860 236 237 1
197 198 5861 5833 1
5833 5861 5862 5834 1
5834 5862 5863 5835 1
5835 5863 5864 5836 1
5836 5864 5865 5837 1
5837 5865 5866 5838 1
5838 5866 5867 5839 1
5839 5867 5868 5840 1
5840 5868 5869 5841 1
5841 5869 5870 5842 1
5842 5870 5871 5843 1
5843 5871 5872 5844 1
5844 5872 5873 5845 1
5845 5873 5874 5846 1
5846 5874 5875 5847 1
5847 5875 5876 5848 1
5848 5876 5877 5849 1
5849 5877 5878 5850 1
5850 5878 5879 5851 1
5851 5879 5880 5852 1
5852 5880 5881 5853 1
5853 5881 5882 5854 1
5854 5882 5883 5855 1
5855 5883 5884 5856 1
5856 5884 5885 5857 1
5857 5885 5886 5858 1
5858 5886 5887 5859 1
5859 5887 5888 5860 1
5860 5888 235 236 1
198 199 5889 5861 1
5861 5889 5890 5862 1
5862 5890 5891 5863 1
5863 5891 5892 5864 1
5864 5892 5893 5865 1
5865 5893 5894 5866 1
5866 5894 5895 5867 1
5867 5895 5896 5868 1
5868 5896 5897 5869 1
5869 5897 5898 5870 1
5870 5898 5899 5871 1
5871 5899 5900 5872 1
5872 5900 5901 5873 1
5873 5901 5902 5874 1
5874 5902 5903 5875 1
5875 5903 5904 5876 1
5876 5904 5905 5877 1
5877 5905 5906 5878 1
5878 5906 5907 5879 1
5879 5907 5908 5880 1
5880 5908 5909 5881 1
5881 5909 5910 5882 1
5882 5910 5911 5883 1
5883 5911 5912 5884 1
5884 5912 5913 5885 1
5885 5913 5914 5886 1
5886 5914 5915 5887 1
5887 5915 5916 5888 1
5888 5916 234 235 1
199 200 5917 5889 1
5889 5917 5918 5890 1
5890 5918 5919 5891 1
5891 5919 5920 5892 1
5892 5920 5921 5893 1
5893 5921 5922 5894 1
5894 5922 5923 5895 1
5895 5923 5924 5896 1
5896 5924 5925 5897 1
5897 5925 5926 5898 1
5898 5926 5927 5899 1
5899 5927 5928 5900 1
5900 5928 5929 5901 1
5901 5929 5930 5902 1
5902 5930 5931 5903 1
5903 5931 5932 5904 1
5904 5932 5933 5905 1
5905 5933 5934 5906 1
5906 5934 5935 5907 1
5907 5935 5936 5908 1
5908 5936 5937 5909 1
5909 5937 5938 5910 1
5910 5938 5939 5911 1
5911 5939 5940 5912 1
5912 5940 5941 5913 1
5913 5941 5942 5914 1
5914 5942 5943 5915 1
5915 5943 5944 5916 1
5916 5944 233 234 1
200 201 5945 5917 1
5917 5945 5946 5918 1
5918 5946 5947 5919 1
5919 5947 5948 5920 1
5920 5948 5949 5921 1
5921 5949 5950 5922 1
5922 5950 5951 5923 1
5923 5951 5952 5924 1
5924 5952 5953 5925 1
5925 5953 5954 5926 1
5926 5954 5955 5927 1
5927 5955 5956 5928 1
5928 5956 5957 5929 1
5929 5957 5958 5930 1
5930 5958 5959 5931 1
5931 5959 5960 5932 1
5932 5960 5961 5933 1
5933 5961 5962 5934 1
5934 5962 5963 5935 1
5935 5963 5964 5936 1
5936 5964 5965 5937 1
5937 5965 5966 5938 1
5938 5966 5967 5939 1
5939 5967 5968 5940 1
5940 5968 5969 5941 1
5941 5969 5970 5942 1
5942 5970 5971 5943 1
5943 5971 5972 5944 1
5944 5972 232 233 1
201 202 5973 5945 1
5945 5973 5974 5946 1
5946 5974 5975 5947 1
5947 5975 5976 5948 1
5948 5976 5977 5949 1
5949 5977 5978 5950 1
5950 5978 5979 5951 1
5951 5979 5980 5952 1
5952 5980 5981 5953 1
5953 5981 5982 5954 1
5954 5982 5983 5955 1
5955 5983 5984 5956 1
5956 5984 5985 5957 1
5957 5985 5986 5958 1
5958 5986 5987 5959 1
5959 5987 5988 5960 1
5960 5988 5989 5961 1
5961 5989 5990 5962 1
5962 5990 5991 5963 1
5963 5991 5992 5964 1
5964 5992 5993 5965 1
5965 5993 5994 5966 1
5966 5994 5995 5967 1
5967 5995 5996 5968 1
5968 5996 5997 5969 1
5969 5997 5998 5970 1
5970 5998 5999 5971 1
5971 5999 6000 5972 1
5972 6000 231 232 1
202 2 203 5973 1
5973 203 204 5974 1
5974 204 205 5975 1
5975 205 206 5976 1
5976 206 207 5977 1
5977 207 208 5978 1
5978 208 209 5979 1
5979 209 210 5980 1
5980 210 211 5981 1
5981 211 212 5982 1
5982 212 213 5983 1
5983 213 214 5984 1
5984 214 215 5985 1
5985 215 216 5986 1
5986 216 217 5987 1
5987 217 218 5988 1
5988 218 219 5989 1
5989 219 220 5990 1
5990 220 221 5991 1
5991 221 222 5992 1
5992 222 223 5993 1
5993 223 224 5994 1
5994 224 225 5995 1
5995 225 226 5996 1
5996 226 227 5997 1
5997 227 228 5998 1
5998 228 229 5999 1
5999 229 230 6000 1
6000 230 3 231 1

Edges
456
1 5 2
5 6 2
6 7 2
7 8 2
8 9 2
9 10 2
10 11 2
11 12 2
12 13 2
13 14 2
14 15 2
15 16 2
16 17 2
17 18 2
18 19 2
19 20 2
20 21 2
21 22 2
22 23 2
23 24 2
24 25 2
25 26 2
26 27 2
27 28 2
28 29 2
29 30 2
30 31 2
31 32 2
32 33 2
33 34 2
34 35 2
35 36 2
36 37 2
37 38 2
38 39 2
39 40 2
40 41 2
41 42 2
42 43 2
43 44 2
44 45 2
45 46 2
46 47 2
47 48 2
48 49 2
49 50 2
50 51 2
51 52 2
52 53 2
53 54 2
54 55 2
55 56 2
56 57 2
57 58 2
58 59 2
59 60 2
60 61 2
61 62 2
62 63 2
63 64 2
64 65 2
65 66 2
66 67 2
67 68 2
68 69 2
69 70 2
70 71 2
71 72 2
72 73 2
73 74 2
74 75 2
75 76 2
76 77 2
77 78 2
78 79 2
79 80 2
80 81 2
81 82 2
82 83 2
83 84 2
84 85 2
85 86 2
86 87 2
87 88 2
88 89 2
89 90 2
90 91 2
91 92 2
92 93 2
93 94 2
94 95 2
95 96 2
96 97 2
97 98 2
98 99 2
99 100 2
100 101 2
101 102 2
102 103 2
103 104 2
104 105 2
105 106 2
106 107 2
107 108 2
108 109 2
109 110 2
110 111 2
111 112 2
112 113 2
113 114 2
114 115 2
115 116 2
116 117 2
117 118 2
118 119 2
119 120 2
120 121 2
121 122 2
122 123 2
123 124 2
124 125 2
125 126 2
126 127 2
127 128 2
128 129 2
129 130 2
130 131 2
131 132 2
132 133 2
133 134 2
134 135 2
135 136 2
136 137 2
137 138 2
138 139 2
139 140 2
140 141 2
141 142 2
142 143 2
143 144 2
144 145 2
145 146 2
146 147 2
147 148 2
148 149 2
149 150 2
150 151 2
151 152 2
152 153 2
153 154 2
154 155 2
155 156 2
156 157 2
157 158 2
158 159 2
159 160 2
160 161 2
161 162 2
162 163 2
163 164 2
164 165 2
165 166 2
166 167 2
167 168 2
168 169 2
169 170 2
170 171 2
171 172 2
172 173 2
173 174 2
174 175 2
175 176 2
176 177 2
177 178 2
178 179 2
179 180 2
180 181 2
181 182 2
182 183 2
183 184 2
184 185 2
185 186 2
186 187 2
187 188 2
188 189 2
189 190 2
190 191 2
191 192 2
192 193 2
193 194 2
194 195 2
195 196 2
196 197 2
197 198 2
198 199 2
199 200 2
200 201 2
201 202 2
202 2 2
2 203 3
203 204 3
204 205 3
205 206 3
206 207 3
207 208 3
208 209 3
209 210 3
210 211 3
211 212 3
212 213 3
213 214 3
214 215 3
215 216 3
216 217 3
217 218 3
218 219 3
219 220 3
220 221 3
221 222 3
222 223 3
223 224 3
224 225 3
225 226 3
226 227 3
227 228 3
228 229 3
229 230 3
230 3 3
3 231 4
231 232 4
232 233 4
233 234 4
234 235 4
235 236 4
236 237 4
237 238 4
238 239 4
239 240 4
240 241 4
241 242 4
242 243 4
243 244 4
244 245 4
245 246 4
246 247 4
247 248 4
248 249 4
249 250 4
250 251 4
251 252 4
252 253 4
253 254 4
254 255 4
255 256 4
256 257 4
257 258 4
258 259 4
259 260 4
260 261 4
261 262 4
262 263 4
263 264 4
264 265 4
265 266 4
266 267 4
267 268 4
268 269 4
269 270 4
270 271 4
271 272 4
272 273 4
273 274 4
274 275 4
275 276 4
276 277 4
277 278 4
278 279 4
279 280 4
280 281 4
281 282 4
282 283 4
283 284 4
284 285 4
285 286 4
286 287 4
287 288 4
288 289 4
289 290 4
290 291 4
291 292 4
292 293 4
293 294 4
294 295 4
295 296 4
296 297 4
297 298 4
298 299 4
299 300 4
300 301 4
301 302 4
302 303 4
303 304 4
304 305 4
305 306 4
306 307 4
307 308 4
308 309 4
309 310 4
310 311 4
311 312 4
312 313 4
313 314 4
314 315 4
315 316 4
316 317 4
317 318 4
318 319 4
319 320 4
320 321 4
321 322 4
322 323 4
323 324 4
324 325 4
325 326 4
326 327 4
327 328 4
328 329 4
329 330 4
330 331 4
331 332 4
332 333 4
333 334 4
334 335 4
335 336 4
336 337 4
337 338 4
338 339 4
339 340 4
340 341 4
341 342 4
342 343 4
343 344 4
344 345 4
345 346 4
346 347 4
347 348 4
348 349 4
349 350 4
350 351 4
351 352 4
352 353 4
353 354 4
354 355 4
355 356 4
356 357 4
357 358 4
358 359 4
359 360 4
360 361 4
361 362 4
362 363 4
363 364 4
364 365 4
365 366 4
366 367 4
367 368 4
368 369 4
369 370 4
370 371 4
371 372 4
372 373 4
373 374 4
374 375 4
375 376 4
376 377 4
377 378 4
378 379 4
379 380 4
380 381 4
381 382 4
382 383 4
383 384 4
384 385 4
385 386 4
386 387 4
387 388 4
388 389 4
389 390 4
390 391 4
391 392 4
392 393 4
393 394 4
394 395 4
395 396 4
396 397 4
397 398 4
398 399 4
399 400 4
400 401 4
401 402 4
402 403 4
403 404 4
404 405 4
405 406 4
406 407 4
407 408 4
408 409 4
409 410 4
410 411 4
411 412 4
412 413 4
413 414 4
414 415 4
415 416 4
416 417 4
417 418 4
418 419 4
419 420 4
420 421 4
421 422 4
422 423 4
423 424 4
424 425 4
425 426 4
426 427 4
427 428 4
428 4 4
4 429 5
429 430 5
430 431 5
431 432 5
432 433 5
433 434 5
434 435 5
435 436 5
436 437 5
437 438 5
438 439 5
439 440 5
440 441 5
441 442 5
442 443 5
443 444 5
444 445 5
445 446 5
446 447 5
447 448 5
448 449 5
449 450 5
450 451 5
451 452 5
452 453 5
453 454 5
454 455 5
455 456 5
456 1 5

End
