MeshVersionFormatted 1

Dimension
2

Vertices
10328
-0.2955 0 0
-0.2955 0.02615 0
-0.0059625 0.02615 0
-0.0059625 0.011925 0
0.0059625 0.011925 0
0.0059625 0.02615 0
0.2955 0.02615 0
0.2955 0 0
-0.2955 0.00103003498640913 0
-0.2955 0.00222235991962425 0
-0.2955 0.00360254518352783 0
-0.2955 0.0052001894313117 0
-0.2955 0.00704955545964813 0
-0.2955 0.00919030357262133 0
-0.2955 0.0116683433415771 0
-0.2955 0.0145368177675279 0
-0.2955 0.017857244097322 0
-0.2955 0.0217008287329699 0
-0.290555532336362 0.02615 0
-0.285678614218963 0.02615 0
-0.280868322713803 0.02615 0
-0.276123748933384 0.02615 0
-0.271443994339064 0.02615 0
-0.266828172473993 0.02615 0
-0.262275408750846 0.02615 0
-0.257784846915702 0.02615 0
-0.253355631395634 0.02615 0
-0.248986925907442 0.02615 0
-0.244677905783892 0.02615 0
-0.240427754380953 0.02615 0
-0.236235668180536 0.02615 0
-0.232100850575494 0.02615 0
-0.228022522203631 0.02615 0
-0.223999910973309 0.02615 0
-0.220032256056979 0.02615 0
-0.216118805381359 0.02615 0
-0.212258819657506 0.02615 0
-0.208451567542619 0.02615 0
-0.204696329148515 0.02615 0
-0.200992393466431 0.02615 0
-0.197339060370723 0.02615 0
-0.193735637604097 0.02615 0
-0.190181443657106 0.02615 0
-0.186675805798378 0.02615 0
-0.183218061575895 0.02615 0
-0.179807555920061 0.02615 0
-0.176443643429118 0.02615 0
-0.173125687597388 0.02615 0
-0.169853060144341 0.02615 0
-0.166625143417697 0.02615 0
-0.16344132508598 0.02615 0
-0.160301002906888 0.02615 0
-0.157203582812235 0.02615 0
-0.154148479243192 0.02615 0
-0.151135113370879 0.02615 0
-0.148162915053176 0.02615 0
-0.145231322126468 0.02615 0
-0.142339779718458 0.02615 0
-0.139487740249549 0.02615 0
-0.136674665220525 0.02615 0
-0.1339000211486 0.02615 0
-0.131163283745214 0.02615 0
-0.128463933959907 0.02615 0
-0.125801463220839 0.02615 0
-0.123175365698749 0.02615 0
-0.120585144572024 0.02615 0
-0.118030311192609 0.02615 0
-0.115510381078438 0.02615 0
-0.113024876829656 0.02615 0
-0.110573329290639 0.02615 0
-0.108155274221613 0.02615 0
-0.105770253109848 0.02615 0
-0.103417816455667 0.02615 0
-0.101097517554825 0.02615 0
-0.0988089173329627 0.02615 0
-0.0965515839040685 0.02615 0
-0.0943250894589039 0.02615 0
-0.0921290126239804 0.02615 0
-0.0899629386894013 0.02615 0
-0.0878264560993451 0.02615 0
-0.0857191620431638 0.02615 0
-0.0836406566073061 0.02615 0
-0.0815905473847637 0.02615 0
-0.0795684454893353 0.02615 0
-0.0775739696438254 0.02615 0
-0.0756067414832724 0.02615 0
-0.0736663892361862 0.02615 0
-0.071752545425149 0.02615 0
-0.0698648478544514 0.02615 0
-0.0680029397775083 0.02615 0
-0.0661664682727416 0.02615 0
-0.0643550861286669 0.02615 0
-0.0625684504716933 0.02615 0
-0.0608062235107009 0.02615 0
-0.0590680712052084 0.02615 0
-0.0573536652147379 0.02615 0
-0.055662681163713 0.02615 0
-0.0539947983141141 0.02615 0
-0.0523497019743882 0.02615 0
-0.0507270803294689 0.02615 0
-0.0491266267009884 0.02615 0
-0.0475480376340476 0.02615 0
-0.045991014795702 0.02615 0
-0.0444552637403642 0.02615 0
-0.0429404937006944 0.02615 0
-0.0414464176010062 0.02615 0
-0.0399727536280749 0.02615 0
-0.0385192220881806 0.02615 0
-0.0370855482200216 0.02615 0
-0.0356714608592961 0.02615 0
-0.0342766924313972 0.02615 0
-0.032900978940546 0.02615 0
-0.0315440599551246 0.02615 0
-0.0302056785889656 0.02615 0
-0.0288855819495196 0.02615 0
-0.0275835202968261 0.02615 0
-0.0262992466761441 0.02615 0
-0.0250325184403681 0.02615 0
-0.0237830962234741 0.02615 0
-0.0225507429572388 0.02615 0
-0.0213352255502325 0.02615 0
-0.0201363143068445 0.02615 0
-0.0189537824374563 0.02615 0
-0.017787405839596 0.02615 0
-0.0166369637747026 0.02615 0
-0.0155022390714383 0.02615 0
-0.0143830166291223 0.02615 0
-0.0132790840246164 0.02615 0
-0.0121902338881247 0.02615 0
-0.0111162588515627 0.02615 0
-0.0100569561203746 0.02615 0
-0.00901212536948083 0.02615 0
-0.00798156859956589 0.02615 0
-0.00696509083138722 0.02615 0
-0.0059625 0.025201666666669 0
-0.0059625 0.0242533333333373 0
-0.0059625 0.0233050000000065 0
-0.0059625 0.0223566666666758 0
-0.0059625 0.0214083333333424 0
-0.0059625 0.0204600000000089 0
-0.0059625 0.0195116666666773 0
-0.0059625 0.0185633333333447 0
-0.0059625 0.0176150000000099 0
-0.0059625 0.0166666666666764 0
-0.0059625 0.0157183333333423 0
-0.0059625 0.0147700000000067 0
-0.0059625 0.0138216666666708 0
-0.0059625 0.0128733333333357 0
-0.00496875000000243 0.011925 0
-0.00397500000000451 0.011925 0
-0.00298125000000746 0.011925 0
-0.00198750000001052 0.011925 0
-0.000993750000013412 0.011925 0
-1.6130208280174e-14 0.011925 0
0.000993749999986125 0.011925 0
0.00198749999998913 0.011925 0
0.00298124999999202 0.011925 0
0.00397499999999503 0.011925 0
0.00496874999999746 0.011925 0
0.0059625 0.012873333333331 0
0.0059625 0.0138216666666626 0
0.0059625 0.0147699999999942 0
0.0059625 0.0157183333333256 0
0.0059625 0.016666666666656 0
0.0059625 0.0176149999999849 0
0.0059625 0.0185633333333134 0
0.0059625 0.0195116666666458 0
0.0059625 0.0204599999999811 0
0.0059625 0.0214083333333195 0
0.0059625 0.0223566666666586 0
0.0059625 0.0233049999999954 0
0.0059625 0.0242533333333314 0
0.0059625 0.0252016666666661 0
0.00696509083138594 0.02615 0
0.0079815685995633 0.02615 0
0.0090121253694769 0.02615 0
0.0100569561203693 0.02615 0
0.0111162588515561 0.02615 0
0.0121902338881166 0.02615 0
0.0132790840246068 0.02615 0
0.014383016629111 0.02615 0
0.0155022390714253 0.02615 0
0.0166369637746875 0.02615 0
0.017787405839579 0.02615 0
0.0189537824374373 0.02615 0
0.0201363143068228 0.02615 0
0.0213352255502062 0.02615 0
0.0225507429572077 0.02615 0
0.0237830962234382 0.02615 0
0.0250325184403279 0.02615 0
0.0262992466760995 0.02615 0
0.027583520296777 0.02615 0
0.0288855819494659 0.02615 0
0.0302056785889071 0.02615 0
0.0315440599550613 0.02615 0
0.0329009789404777 0.02615 0
0.0342766924313241 0.02615 0
0.035671460859218 0.02615 0
0.0370855482199385 0.02615 0
0.0385192220880925 0.02615 0
0.039972753627982 0.02615 0
0.0414464176009092 0.02615 0
0.0429404937005923 0.02615 0
0.0444552637402557 0.02615 0
0.0459910147955871 0.02615 0
0.0475480376339259 0.02615 0
0.0491266267008597 0.02615 0
0.050727080329333 0.02615 0
0.0523497019742446 0.02615 0
0.053994798313963 0.02615 0
0.0556626811635542 0.02615 0
0.0573536652145701 0.02615 0
0.059068071205031 0.02615 0
0.0608062235105135 0.02615 0
0.0625684504714958 0.02615 0
0.064355086128459 0.02615 0
0.0661664682725229 0.02615 0
0.0680029397772788 0.02615 0
0.06986484785421 0.02615 0
0.0717525454248962 0.02615 0
0.0736663892359216 0.02615 0
0.0756067414829959 0.02615 0
0.0775739696435369 0.02615 0
0.0795684454890343 0.02615 0
0.0815905473844498 0.02615 0
0.0836406566069792 0.02615 0
0.0857191620428233 0.02615 0
0.0878264560989909 0.02615 0
0.0899629386890332 0.02615 0
0.092129012623598 0.02615 0
0.0943250894585068 0.02615 0
0.0965515839036556 0.02615 0
0.0988089173325338 0.02615 0
0.101097517554381 0.02615 0
0.103417816455209 0.02615 0
0.105770253109376 0.02615 0
0.108155274221127 0.02615 0
0.110573329290138 0.02615 0
0.113024876829141 0.02615 0
0.115510381077907 0.02615 0
0.118030311192063 0.02615 0
0.120585144571461 0.02615 0
0.12317536569817 0.02615 0
0.125801463220244 0.02615 0
0.128463933959294 0.02615 0
0.131163283744582 0.02615 0
0.133900021147944 0.02615 0
0.136674665219848 0.02615 0
0.139487740248851 0.02615 0
0.142339779717739 0.02615 0
0.145231322125726 0.02615 0
0.148162915052411 0.02615 0
0.151135113370096 0.02615 0
0.154148479242421 0.02615 0
0.157203582811476 0.02615 0
0.160301002906142 0.02615 0
0.163441325085249 0.02615 0
0.16662514341698 0.02615 0
0.16985306014364 0.02615 0
0.173125687596702 0.02615 0
0.176443643428445 0.02615 0
0.179807555919401 0.02615 0
0.183218061575248 0.02615 0
0.186675805797745 0.02615 0
0.190181443656488 0.02615 0
0.193735637603494 0.02615 0
0.197339060370136 0.02615 0
0.200992393465859 0.02615 0
0.204696329147963 0.02615 0
0.208451567542088 0.02615 0
0.212258819656997 0.02615 0
0.216118805380872 0.02615 0
0.220032256056515 0.02615 0
0.223999910972868 0.02615 0
0.228022522203216 0.02615 0
0.232100850575103 0.02615 0
0.236235668180174 0.02615 0
0.240427754380617 0.02615 0
0.244677905783584 0.02615 0
0.248986925907158 0.02615 0
0.253355631395375 0.02615 0
0.257784846915467 0.02615 0
0.262275408750634 0.02615 0
0.266828172473813 0.02615 0
0.271443994338915 0.02615 0
0.276123748933268 0.02615 0
0.280868322713723 0.02615 0
0.285678614218908 0.02615 0
0.290555532336335 0.02615 0
0.2955 0.021700828732999 0
0.2955 0.0178572440973741 0
0.2955 0.0145368177675964 0
0.2955 0.0116683433416407 0
0.2955 0.00919030357266691 0
0.2955 0.00704955545967998 0
0.2955 0.00520018943133274 0
0.2955 0.00360254518354016 0
0.2955 0.00222235991963134 0
0.2955 0.00103003498641213 0
0.294499999999998 0 0
0.293499999999995 0 0
0.292499999999993 0 0
0.29149999999999 0 0
0.290499999999988 0 0
0.289499999999986 0 0
0.288499999999983 0 0
0.287499999999981 0 0
0.286499999999978 0 0
0.285499999999976 0 0
0.284499999999974 0 0
0.283499999999971 0 0
0.282499999999969 0 0
0.281499999999966 0 0
0.280499999999964 0 0
0.279499999999962 0 0
0.278499999999959 0 0
0.277499999999957 0 0
0.276499999999954 0 0
0.275499999999952 0 0
0.27449999999995 0 0
0.273499999999947 0 0
0.272499999999945 0 0
0.271499999999942 0 0
0.27049999999994 0 0
0.269499999999938 0 0
0.268499999999935 0 0
0.267499999999933 0 0
0.26649999999993 0 0
0.265499999999928 0 0
0.264499999999925 0 0
0.263499999999923 0 0
0.262499999999921 0 0
0.261499999999918 0 0
0.260499999999916 0 0
0.259499999999913 0 0
0.258499999999911 0 0
0.257499999999911 0 0
0.256499999999911 0 0
0.255499999999911 0 0
0.254499999999911 0 0
0.253499999999912 0 0
0.252499999999915 0 0
0.251499999999917 0 0
0.25049999999992 0 0
0.249499999999922 0 0
0.248499999999924 0 0
0.247499999999927 0 0
0.246499999999929 0 0
0.245499999999932 0 0
0.244499999999934 0 0
0.243499999999936 0 0
0.242499999999939 0 0
0.241499999999941 0 0
0.240499999999944 0 0
0.239499999999946 0 0
0.238499999999949 0 0
0.237499999999951 0 0
0.236499999999953 0 0
0.235499999999956 0 0
0.234499999999958 0 0
0.233499999999961 0 0
0.232499999999963 0 0
0.231499999999965 0 0
0.230499999999968 0 0
0.22949999999997 0 0
0.228499999999973 0 0
0.227499999999975 0 0
0.226499999999977 0 0
0.22549999999998 0 0
0.224499999999982 0 0
0.223499999999985 0 0
0.222499999999987 0 0
0.221499999999989 0 0
0.220499999999992 0 0
0.219499999999994 0 0
0.218499999999997 0 0
0.217499999999999 0 0
0.216500000000002 0 0
0.215500000000004 0 0
0.214500000000006 0 0
0.213500000000009 0 0
0.212500000000011 0 0
0.211500000000014 0 0
0.210500000000016 0 0
0.209500000000018 0 0
0.208500000000021 0 0
0.207500000000023 0 0
0.206500000000025 0 0
0.205500000000028 0 0
0.20450000000003 0 0
0.203500000000033 0 0
0.202500000000035 0 0
0.201500000000037 0 0
0.20050000000004 0 0
0.199500000000042 0 0
0.198500000000045 0 0
0.197500000000047 0 0
0.19650000000005 0 0
0.195500000000052 0 0
0.194500000000054 0 0
0.193500000000057 0 0
0.192500000000059 0 0
0.191500000000062 0 0
0.190500000000064 0 0
0.189500000000066 0 0
0.188500000000069 0 0
0.187500000000071 0 0
0.186500000000074 0 0
0.185500000000076 0 0
0.184500000000078 0 0
0.183500000000081 0 0
0.182500000000083 0 0
0.181500000000086 0 0
0.180500000000088 0 0
0.179500000000091 0 0
0.178500000000093 0 0
0.177500000000095 0 0
0.176500000000098 0 0
0.1755000000001 0 0
0.174500000000102 0 0
0.173500000000105 0 0
0.172500000000107 0 0
0.17150000000011 0 0
0.170500000000112 0 0
0.169500000000115 0 0
0.168500000000117 0 0
0.167500000000119 0 0
0.166500000000122 0 0
0.165500000000124 0 0
0.164500000000127 0 0
0.163500000000129 0 0
0.162500000000131 0 0
0.161500000000134 0 0
0.160500000000136 0 0
0.159500000000139 0 0
0.158500000000141 0 0
0.157500000000143 0 0
0.156500000000146 0 0
0.155500000000148 0 0
0.154500000000151 0 0
0.153500000000153 0 0
0.152500000000156 0 0
0.151500000000158 0 0
0.15050000000016 0 0
0.149500000000163 0 0
0.148500000000165 0 0
0.147500000000167 0 0
0.14650000000017 0 0
0.145500000000172 0 0
0.144500000000175 0 0
0.143500000000177 0 0
0.14250000000018 0 0
0.141500000000182 0 0
0.140500000000184 0 0
0.139500000000187 0 0
0.138500000000189 0 0
0.137500000000192 0 0
0.136500000000194 0 0
0.135500000000196 0 0
0.134500000000199 0 0
0.133500000000201 0 0
0.132500000000204 0 0
0.131500000000206 0 0
0.130500000000208 0 0
0.129500000000211 0 0
0.128500000000213 0 0
0.127500000000216 0 0
0.126500000000218 0 0
0.12550000000022 0 0
0.124500000000223 0 0
0.123500000000225 0 0
0.122500000000228 0 0
0.12150000000023 0 0
0.120500000000233 0 0
0.119500000000235 0 0
0.118500000000237 0 0
0.11750000000024 0 0
0.116500000000242 0 0
0.115500000000245 0 0
0.114500000000247 0 0
0.113500000000249 0 0
0.112500000000252 0 0
0.111500000000254 0 0
0.110500000000257 0 0
0.109500000000259 0 0
0.108500000000261 0 0
0.107500000000264 0 0
0.106500000000266 0 0
0.105500000000269 0 0
0.104500000000271 0 0
0.103500000000273 0 0
0.102500000000276 0 0
0.101500000000278 0 0
0.100500000000281 0 0
0.099500000000283 0 0
0.0985000000002854 0 0
0.0975000000002878 0 0
0.0965000000002902 0 0
0.0955000000002926 0 0
0.094500000000295 0 0
0.0935000000002974 0 0
0.0925000000002999 0 0
0.0915000000003022 0 0
0.0905000000003047 0 0
0.0895000000003071 0 0
0.0885000000003095 0 0
0.0875000000003119 0 0
0.0865000000003143 0 0
0.0855000000003167 0 0
0.0845000000003191 0 0
0.0835000000003215 0 0
0.0825000000003239 0 0
0.0815000000003263 0 0
0.0805000000003287 0 0
0.0795000000003311 0 0
0.0785000000003336 0 0
0.0775000000003359 0 0
0.0765000000003383 0 0
0.0755000000003408 0 0
0.0745000000003432 0 0
0.0735000000003456 0 0
0.072500000000348 0 0
0.0715000000003504 0 0
0.0705000000003528 0 0
0.0695000000003552 0 0
0.0685000000003576 0 0
0.06750000000036 0 0
0.0665000000003624 0 0
0.0655000000003648 0 0
0.0645000000003672 0 0
0.0635000000003696 0 0
0.062500000000372 0 0
0.0615000000003745 0 0
0.0605000000003768 0 0
0.0595000000003792 0 0
0.0585000000003816 0 0
0.0575000000003841 0 0
0.0565000000003864 0 0
0.0555000000003889 0 0
0.0545000000003913 0 0
0.0535000000003937 0 0
0.0525000000003961 0 0
0.0515000000003985 0 0
0.0505000000004009 0 0
0.0495000000004033 0 0
0.0485000000004057 0 0
0.0475000000004081 0 0
0.0465000000004105 0 0
0.0455000000004129 0 0
0.0445000000004153 0 0
0.0435000000004177 0 0
0.0425000000004202 0 0
0.0415000000004227 0 0
0.0405000000004275 0 0
0.0395000000004323 0 0
0.0385000000004371 0 0
0.037500000000442 0 0
0.0365000000004478 0 0
0.035500000000455 0 0
0.0345000000004623 0 0
0.0335000000004695 0 0
0.0325000000004767 0 0
0.0315000000004839 0 0
0.0305000000004912 0 0
0.0295000000004983 0 0
0.0285000000005056 0 0
0.0275000000005128 0 0
0.02650000000052 0 0
0.0255000000005272 0 0
0.0245000000005344 0 0
0.0235000000005417 0 0
0.0225000000005489 0 0
0.0215000000005562 0 0
0.0205000000005633 0 0
0.0195000000005706 0 0
0.0185000000005778 0 0
0.017500000000585 0 0
0.0165000000005922 0 0
0.0155000000005994 0 0
0.0145000000006066 0 0
0.0135000000006139 0 0
0.0125000000006211 0 0
0.0115000000006284 0 0
0.0105000000006355 0 0
0.00950000000064273 0 0
0.00850000000065 0 0
0.00750000000065717 0 0
0.00650000000066439 0 0
0.0055000000006716 0 0
0.0045000000006786 0 0
0.00350000000068343 0 0
0.0025000000006882 0 0
0.00150000000069298 0 0
0.00050000000069781 0 0
-0.000499999999299803 0 0
-0.0014999999992998 0 0
-0.0024999999992998 0 0
-0.0034999999992998 0 0
-0.00449999999929975 0 0
-0.00549999999930191 0 0
-0.00649999999930429 0 0
-0.00749999999930662 0 0
-0.00849999999930907 0 0
-0.00949999999931146 0 0
-0.0104999999993138 0 0
-0.0114999999993163 0 0
-0.0124999999993187 0 0
-0.0134999999993211 0 0
-0.0144999999993235 0 0
-0.0154999999993259 0 0
-0.0164999999993283 0 0
-0.0174999999993307 0 0
-0.0184999999993332 0 0
-0.0194999999993356 0 0
-0.0204999999993379 0 0
-0.0214999999993403 0 0
-0.0224999999993428 0 0
-0.0234999999993452 0 0
-0.0244999999993476 0 0
-0.02549999999935 0 0
-0.0264999999993524 0 0
-0.0274999999993548 0 0
-0.0284999999993572 0 0
-0.0294999999993597 0 0
-0.030499999999362 0 0
-0.0314999999993644 0 0
-0.0324999999993668 0 0
-0.0334999999993693 0 0
-0.0344999999993717 0 0
-0.0354999999993741 0 0
-0.0364999999993765 0 0
-0.0374999999993789 0 0
-0.0384999999993813 0 0
-0.0394999999993836 0 0
-0.0404999999993861 0 0
-0.0414999999993885 0 0
-0.0424999999993909 0 0
-0.0434999999993933 0 0
-0.0444999999993957 0 0
-0.0454999999993982 0 0
-0.0464999999994006 0 0
-0.0474999999994029 0 0
-0.0484999999994054 0 0
-0.0494999999994077 0 0
-0.0504999999994101 0 0
-0.0514999999994126 0 0
-0.052499999999415 0 0
-0.0534999999994174 0 0
-0.0544999999994198 0 0
-0.0554999999994222 0 0
-0.0564999999994246 0 0
-0.057499999999427 0 0
-0.0584999999994294 0 0
-0.0594999999994319 0 0
-0.0604999999994342 0 0
-0.0614999999994367 0 0
-0.0624999999994391 0 0
-0.0634999999994415 0 0
-0.0644999999994439 0 0
-0.0654999999994463 0 0
-0.0664999999994487 0 0
-0.0674999999994511 0 0
-0.0684999999994535 0 0
-0.069499999999456 0 0
-0.0704999999994583 0 0
-0.0714999999994607 0 0
-0.0724999999994632 0 0
-0.0734999999994655 0 0
-0.0744999999994679 0 0
-0.0754999999994703 0 0
-0.0764999999994728 0 0
-0.0774999999994752 0 0
-0.0784999999994776 0 0
-0.07949999999948 0 0
-0.0804999999994824 0 0
-0.0814999999994848 0 0
-0.0824999999994872 0 0
-0.0834999999994896 0 0
-0.084499999999492 0 0
-0.0854999999994944 0 0
-0.0864999999994968 0 0
-0.0874999999994993 0 0
-0.0884999999995017 0 0
-0.0894999999995041 0 0
-0.0904999999995065 0 0
-0.0914999999995089 0 0
-0.0924999999995113 0 0
-0.0934999999995137 0 0
-0.0944999999995161 0 0
-0.0954999999995185 0 0
-0.0964999999995209 0 0
-0.0974999999995233 0 0
-0.0984999999995258 0 0
-0.0994999999995281 0 0
-0.100499999999531 0 0
-0.101499999999533 0 0
-0.102499999999535 0 0
-0.103499999999538 0 0
-0.10449999999954 0 0
-0.105499999999543 0 0
-0.106499999999545 0 0
-0.107499999999547 0 0
-0.10849999999955 0 0
-0.109499999999552 0 0
-0.110499999999555 0 0
-0.111499999999557 0 0
-0.11249999999956 0 0
-0.113499999999562 0 0
-0.114499999999564 0 0
-0.115499999999567 0 0
-0.116499999999569 0 0
-0.117499999999571 0 0
-0.118499999999574 0 0
-0.119499999999576 0 0
-0.120499999999579 0 0
-0.121499999999581 0 0
-0.122499999999583 0 0
-0.123499999999586 0 0
-0.124499999999588 0 0
-0.125499999999591 0 0
-0.126499999999593 0 0
-0.127499999999595 0 0
-0.128499999999598 0 0
-0.1294999999996 0 0
-0.130499999999603 0 0
-0.131499999999605 0 0
-0.132499999999608 0 0
-0.13349999999961 0 0
-0.134499999999612 0 0
-0.135499999999615 0 0
-0.136499999999617 0 0
-0.13749999999962 0 0
-0.138499999999622 0 0
-0.139499999999624 0 0
-0.140499999999627 0 0
-0.141499999999629 0 0
-0.142499999999632 0 0
-0.143499999999634 0 0
-0.144499999999637 0 0
-0.145499999999639 0 0
-0.146499999999641 0 0
-0.147499999999644 0 0
-0.148499999999646 0 0
-0.149499999999649 0 0
-0.150499999999651 0 0
-0.151499999999653 0 0
-0.152499999999656 0 0
-0.153499999999658 0 0
-0.15449999999966 0 0
-0.155499999999663 0 0
-0.156499999999665 0 0
-0.157499999999668 0 0
-0.15849999999967 0 0
-0.159499999999673 0 0
-0.160499999999675 0 0
-0.161499999999677 0 0
-0.16249999999968 0 0
-0.163499999999682 0 0
-0.164499999999685 0 0
-0.165499999999687 0 0
-0.16649999999969 0 0
-0.167499999999692 0 0
-0.168499999999694 0 0
-0.169499999999697 0 0
-0.170499999999699 0 0
-0.171499999999702 0 0
-0.172499999999704 0 0
-0.173499999999706 0 0
-0.174499999999709 0 0
-0.175499999999711 0 0
-0.176499999999714 0 0
-0.177499999999716 0 0
-0.178499999999718 0 0
-0.179499999999721 0 0
-0.180499999999723 0 0
-0.181499999999726 0 0
-0.182499999999728 0 0
-0.18349999999973 0 0
-0.184499999999733 0 0
-0.185499999999735 0 0
-0.186499999999738 0 0
-0.18749999999974 0 0
-0.188499999999742 0 0
-0.189499999999745 0 0
-0.190499999999747 0 0
-0.19149999999975 0 0
-0.192499999999752 0 0
-0.193499999999754 0 0
-0.194499999999757 0 0
-0.195499999999759 0 0
-0.196499999999762 0 0
-0.197499999999764 0 0
-0.198499999999767 0 0
-0.199499999999769 0 0
-0.200499999999771 0 0
-0.201499999999774 0 0
-0.202499999999776 0 0
-0.203499999999778 0 0
-0.204499999999781 0 0
-0.205499999999783 0 0
-0.206499999999786 0 0
-0.207499999999788 0 0
-0.208499999999791 0 0
-0.209499999999793 0 0
-0.210499999999795 0 0
-0.211499999999798 0 0
-0.2124999999998 0 0
-0.213499999999803 0 0
-0.214499999999805 0 0
-0.215499999999807 0 0
-0.21649999999981 0 0
-0.217499999999812 0 0
-0.218499999999815 0 0
-0.219499999999817 0 0
-0.220499999999819 0 0
-0.221499999999822 0 0
-0.222499999999824 0 0
-0.223499999999827 0 0
-0.224499999999829 0 0
-0.225499999999831 0 0
-0.226499999999834 0 0
-0.227499999999836 0 0
-0.228499999999839 0 0
-0.229499999999841 0 0
-0.230499999999844 0 0
-0.231499999999846 0 0
-0.232499999999848 0 0
-0.233499999999851 0 0
-0.234499999999853 0 0
-0.235499999999856 0 0
-0.236499999999858 0 0
-0.23749999999986 0 0
-0.238499999999863 0 0
-0.239499999999865 0 0
-0.240499999999868 0 0
-0.24149999999987 0 0
-0.242499999999872 0 0
-0.243499999999875 0 0
-0.244499999999877 0 0
-0.24549999999988 0 0
-0.246499999999882 0 0
-0.247499999999885 0 0
-0.248499999999887 0 0
-0.249499999999889 0 0
-0.250499999999892 0 0
-0.251499999999894 0 0
-0.252499999999896 0 0
-0.253499999999899 0 0
-0.254499999999901 0 0
-0.255499999999904 0 0
-0.256499999999906 0 0
-0.257499999999908 0 0
-0.258499999999911 0 0
-0.259499999999913 0 0
-0.260499999999916 0 0
-0.261499999999918 0 0
-0.26249999999992 0 0
-0.263499999999923 0 0
-0.264499999999925 0 0
-0.265499999999928 0 0
-0.26649999999993 0 0
-0.267499999999933 0 0
-0.268499999999935 0 0
-0.269499999999937 0 0
-0.27049999999994 0 0
-0.271499999999942 0 0
-0.272499999999945 0 0
-0.273499999999947 0 0
-0.274499999999949 0 0
-0.275499999999952 0 0
-0.276499999999954 0 0
-0.277499999999957 0 0
-0.278499999999959 0 0
-0.279499999999962 0 0
-0.280499999999964 0 0
-0.281499999999966 0 0
-0.282499999999969 0 0
-0.283499999999971 0 0
-0.284499999999974 0 0
-0.285499999999976 0 0
-0.286499999999978 0 0
-0.287499999999981 0 0
-0.288499999999983 0 0
-0.289499999999986 0 0
-0.290499999999988 0 0
-0.29149999999999 0 0
-0.292499999999993 0 0
-0.293499999999995 0 0
-0.294499999999998 0 0
0.00696090517241181 0.0118838793103449 0
0.00795931034482363 0.0118427586206898 0
0.00895771551723543 0.0118016379310347 0
0.00995612068964724 0.0117605172413796 0
0.0109545258620591 0.0117193965517245 0
0.0119529310344711 0.0116782758620695 0
0.012951336206883 0.0116371551724143 0
0.0139497413792948 0.0115960344827593 0
0.0149481465517066 0.0115549137931042 0
0.0159465517241184 0.0115137931034491 0
0.0169449568965302 0.011472672413794 0
0.0179433620689419 0.0114315517241389 0
0.0189417672413535 0.0113904310344838 0
0.0199401724137652 0.0113493103448287 0
0.0209385775861769 0.0113081896551736 0
0.0219369827585885 0.0112670689655186 0
0.0229353879310002 0.0112259482758635 0
0.0239337931034118 0.0111848275862084 0
0.0249321982758232 0.0111437068965533 0
0.0259306034482345 0.0111025862068982 0
0.0269290086206463 0.0110614655172432 0
0.0279274137930582 0.0110203448275881 0
0.0289258189654702 0.010979224137933 0
0.0299242241378821 0.0109381034482779 0
0.0309226293102941 0.0108969827586228 0
0.0319210344827061 0.0108558620689677 0
0.032919439655118 0.0108147413793126 0
0.0339178448275305 0.0107736206896575 0
0.034916249999943 0.0107325000000023 0
0.0359146551723553 0.0106913793103472 0
0.0369130603447672 0.0106502586206921 0
0.0379114655171792 0.0106091379310371 0
0.0389098706895912 0.0105680172413819 0
0.0399082758620031 0.0105268965517269 0
0.0409066810344151 0.0104857758620718 0
0.041905086206827 0.0104446551724167 0
0.0429034913792381 0.0104035344827616 0
0.0439018965516488 0.0103624137931066 0
0.0449003017240596 0.0103212931034515 0
0.0458987068964703 0.0102801724137965 0
0.0468971120688812 0.0102390517241414 0
0.0478955172412925 0.0101979310344863 0
0.0488939224137039 0.0101568103448313 0
0.0498923275861146 0.0101156896551762 0
0.0508907327585253 0.0100745689655212 0
0.0518891379309361 0.0100334482758661 0
0.0528875431033468 0.00999232758621108 0
0.0538859482757578 0.00995120689655602 0
0.0548843534481691 0.00991008620690095 0
0.0558827586205804 0.00986896551724588 0
0.0568811637929911 0.00982784482759083 0
0.0578795689654019 0.00978672413793579 0
0.0588779741378126 0.00974560344828074 0
0.0598763793102233 0.00970448275862569 0
0.0608747844826341 0.00966336206897065 0
0.0618731896550448 0.0096222413793156 0
0.0628715948274555 0.00958112068966055 0
0.0638699999998663 0.00954000000000551 0
0.0648684051722771 0.00949887931035046 0
0.0658668103446884 0.00945775862069539 0
0.0668652155170997 0.00941663793104032 0
0.0678636206895111 0.00937551724138525 0
0.0688620258619224 0.00933439655173017 0
0.0698604310343338 0.0092932758620751 0
0.0708588362067451 0.00925215517242003 0
0.0718572413791565 0.00921103448276496 0
0.0728556465515678 0.00916991379310989 0
0.0738540517239792 0.00912879310345482 0
0.0748524568963905 0.00908767241379974 0
0.0758508620688018 0.00904655172414467 0
0.0768492672412122 0.00900543103448964 0
0.0778476724136224 0.00896431034483462 0
0.0788460775860325 0.0089231896551796 0
0.0798444827584426 0.00888206896552458 0
0.080842887930853 0.00884094827586954 0
0.0818412931032644 0.00879982758621447 0
0.0828396982756757 0.0087587068965594 0
0.0838381034480871 0.00871758620690433 0
0.0848365086204984 0.00867646551724926 0
0.0858349137929097 0.00863534482759419 0
0.0868333189653211 0.00859422413793911 0
0.0878317241377319 0.00855310344828407 0
0.088830129310142 0.00851198275862905 0
0.0898285344825521 0.00847086206897402 0
0.0908269396549622 0.008429741379319 0
0.0918253448273724 0.00838862068966398 0
0.0928237499997836 0.00834750000000891 0
0.0938221551721949 0.00830637931035384 0
0.0948205603446063 0.00826525862069877 0
0.0958189655170176 0.0082241379310437 0
0.0968173706894289 0.00818301724138863 0
0.0978157758618403 0.00814189655173356 0
0.0988141810342516 0.00810077586207849 0
0.099812586206663 0.00805965517242341 0
0.100810991379074 0.00801853448276834 0
0.101809396551485 0.00797741379311331 0
0.102807801723895 0.00793629310345829 0
0.103806206896305 0.00789517241380327 0
0.104804612068715 0.00785405172414825 0
0.105803017241126 0.00781293103449321 0
0.106801422413537 0.00777181034483814 0
0.107799827585948 0.00773068965518307 0
0.10879823275836 0.007689568965528 0
0.109796637930771 0.00764844827587293 0
0.110795043103182 0.00760732758621785 0
0.111793448275594 0.00756620689656278 0
0.112791853448004 0.00752508620690774 0
0.113790258620414 0.00748396551725272 0
0.114788663792825 0.00744284482759769 0
0.115787068965235 0.00740172413794267 0
0.116785474137645 0.00736060344828765 0
0.117783879310056 0.00731948275863258 0
0.118782284482468 0.00727836206897751 0
0.119780689654879 0.00723724137932244 0
0.12077909482729 0.00719612068966737 0
0.121777499999702 0.0071550000000123 0
0.122775905172113 0.00711387931035722 0
0.123774310344524 0.00707275862070216 0
0.124772715516934 0.00703163793104714 0
0.125771120689344 0.00699051724139212 0
0.126769525861755 0.00694939655173705 0
0.127767931034167 0.00690827586208198 0
0.128766336206578 0.00686715517242691 0
0.129764741378989 0.00682603448277184 0
0.130763146551401 0.00678491379311677 0
0.131761551723812 0.00674379310346169 0
0.132759956896224 0.00670267241380662 0
0.133758362068635 0.00666155172415155 0
0.134756767241046 0.00662043103449648 0
0.135755172413458 0.00657931034484141 0
0.136753577585869 0.00653818965518634 0
0.13775198275828 0.00649706896553126 0
0.138750387930692 0.00645594827587619 0
0.139748793103103 0.00641482758622112 0
0.140747198275514 0.00637370689656605 0
0.141745603447926 0.00633258620691098 0
0.142744008620337 0.00629146551725591 0
0.143742413792748 0.00625034482760084 0
0.144740818965158 0.00620922413794584 0
0.145739224137567 0.00616810344829087 0
0.146737629309977 0.00612698275863585 0
0.147736034482388 0.00608586206898078 0
0.1487344396548 0.00604474137932568 0
0.149732844827214 0.00600362068967051 0
0.150731249999628 0.00596250000001533 0
0.151729655172042 0.00592137931036016 0
0.152728060344455 0.00588025862070499 0
0.153726465516871 0.00583913793104974 0
0.154724870689287 0.00579801724139447 0
0.155723275861705 0.00575689655173915 0
0.156721681034123 0.00571577586208377 0
0.157720086206542 0.00567465517242842 0
0.158718491378958 0.00563353448277315 0
0.159716896551374 0.00559241379311787 0
0.16071530172379 0.0055512931034626 0
0.161713706896206 0.00551017241380733 0
0.162712112068623 0.00546905172415205 0
0.163710517241039 0.00542793103449678 0
0.164708922413455 0.00538681034484151 0
0.165707327585871 0.00534568965518623 0
0.166705732758288 0.00530456896553095 0
0.167704137930707 0.00526344827587557 0
0.168702543103125 0.0052223275862202 0
0.169700948275542 0.00518120689656491 0
0.170699353447958 0.00514008620690964 0
0.171697758620374 0.00509896551725436 0
0.172696163792791 0.00505784482759909 0
0.173694568965207 0.00501672413794382 0
0.174692974137623 0.00497560344828854 0
0.175691379310039 0.00493448275863327 0
0.176689784482456 0.004893362068978 0
0.177688189654872 0.00485224137932272 0
0.178686594827288 0.00481112068966745 0
0.179684999999704 0.00477000000001218 0
0.180683405172119 0.00472887931035696 0
0.181681810344533 0.00468775862070179 0
0.182680215516948 0.00464663793104658 0
0.183678620689364 0.00460551724139131 0
0.18467702586178 0.00456439655173604 0
0.185675431034196 0.00452327586208076 0
0.186673836206613 0.00448215517242549 0
0.187672241379029 0.00444103448277022 0
0.188670646551445 0.00439991379311494 0
0.189669051723861 0.00435879310345967 0
0.190667456896278 0.0043176724138044 0
0.191665862068693 0.00427655172414915 0
0.192664267241107 0.00423543103449397 0
0.193662672413521 0.0041943103448388 0
0.194661077585937 0.00415318965518353 0
0.195659482758353 0.00411206896552826 0
0.19665788793077 0.00407094827587299 0
0.197656293103186 0.00402982758621771 0
0.198654698275602 0.00398870689656244 0
0.199653103448018 0.00394758620690716 0
0.200651508620434 0.00390646551725189 0
0.201649913792851 0.00386534482759662 0
0.202648318965267 0.00382422413794135 0
0.203646724137683 0.00378310344828607 0
0.204645129310099 0.0037419827586308 0
0.205643534482517 0.00370086206897546 0
0.206641939654936 0.00365974137932009 0
0.207640344827354 0.00361862068966475 0
0.20863874999977 0.00357750000000948 0
0.209637155172186 0.0035363793103542 0
0.210635560344603 0.00349525862069893 0
0.211633965517019 0.00345413793104366 0
0.212632370689435 0.00341301724138838 0
0.213630775861851 0.00337189655173311 0
0.214629181034267 0.00333077586207783 0
0.215627586206684 0.00328965517242256 0
0.216625991379101 0.00324853448276726 0
0.217624396551519 0.00320741379311188 0
0.218622801723938 0.00316629310345651 0
0.219621206896354 0.00312517241380124 0
0.220619612068771 0.00308405172414596 0
0.221618017241187 0.00304293103449069 0
0.222616422413603 0.00300181034483542 0
0.223614827586019 0.00296068965518014 0
0.224613232758436 0.00291956896552487 0
0.225611637930852 0.0028784482758696 0
0.226610043103268 0.00283732758621432 0
0.227608448275684 0.00279620689655905 0
0.228606853448103 0.00275508620690368 0
0.229605258620522 0.0027139655172483 0
0.230603663792939 0.002672844827593 0
0.231602068965355 0.00263172413793773 0
0.232600474137771 0.00259060344828245 0
0.233598879310187 0.00254948275862718 0
0.234597284482604 0.00250836206897191 0
0.23559568965502 0.00246724137931664 0
0.236594094827436 0.00242612068966136 0
0.237592499999852 0.00238500000000609 0
0.238590905172268 0.00234387931035082 0
0.239589310344686 0.00230275862069547 0
0.240587715517105 0.0022616379310401 0
0.241586120689523 0.00222051724138476 0
0.242584525861939 0.00217939655172949 0
0.243582931034355 0.00213827586207422 0
0.244581336206772 0.00209715517241895 0
0.245579741379188 0.00205603448276367 0
0.246578146551604 0.0020149137931084 0
0.24757655172402 0.00197379310345312 0
0.248574956896436 0.00193267241379785 0
0.249573362068853 0.00189155172414258 0
0.250571767241269 0.0018504310344873 0
0.251570172413685 0.00180931034483203 0
0.252568577586101 0.00176818965517676 0
0.253566982758515 0.00172706896552159 0
0.254565387930929 0.00168594827586642 0
0.255563793103345 0.00164482758621117 0
0.256562198275761 0.00160370689655589 0
0.257560603448178 0.00156258620690057 0
0.258559008620597 0.00152146551724519 0
0.259557413793016 0.00148034482758982 0
0.260555818965435 0.00143922413793445 0
0.261554224137853 0.00139810344827907 0
0.262552629310272 0.0013569827586237 0
0.263551034482691 0.00131586206896832 0
0.264549439655109 0.00127474137931295 0
0.265547844827528 0.00123362068965757 0
0.266546249999944 0.00119250000000229 0
0.267544655172358 0.00115137931034712 0
0.268543060344772 0.00111025862069195 0
0.269541465517186 0.00106913793103677 0
0.2705398706896 0.0010280172413816 0
0.271538275862018 0.000986896551726241 0
0.272536681034437 0.000945775862070869 0
0.273535086206855 0.000904655172415495 0
0.274533491379274 0.000863534482760119 0
0.275531896551693 0.000822413793104746 0
0.276530301724111 0.000781293103449372 0
0.277528706896529 0.000740172413794022 0
0.278527112068943 0.000699051724138851 0
0.279525517241357 0.000657931034483676 0
0.280523922413771 0.000616810344828504 0
0.281522327586185 0.00057568965517333 0
0.282520732758601 0.000534568965518039 0
0.28351913793102 0.000493448275862665 0
0.284517543103439 0.000452327586207291 0
0.285515948275857 0.000411206896551917 0
0.286514353448276 0.000370086206896556 0
0.28751275862069 0.000328965517241382 0
0.288511163793103 0.000287844827586211 0
0.289509568965513 0.000246724137931199 0
0.290507974137922 0.000205603448276225 0
0.291506379310334 0.000164482758621148 0
0.292504784482747 0.000123362068965974 0
0.293503189655163 8.22413793107479e-05 0
0.294501594827581 4.11206896553757e-05 0
-0.00696090517241181 0.0118838793103449 0
-0.00795931034482363 0.0118427586206898 0
-0.00895771551723543 0.0118016379310347 0
-0.00995612068964724 0.0117605172413796 0
-0.0109545258620591 0.0117193965517245 0
-0.0119529310344711 0.0116782758620695 0
-0.012951336206883 0.0116371551724143 0
-0.0139497413792948 0.0115960344827593 0
-0.0149481465517066 0.0115549137931042 0
-0.0159465517241184 0.0115137931034491 0
-0.0169449568965302 0.011472672413794 0
-0.0179433620689419 0.0114315517241389 0
-0.0189417672413535 0.0113904310344838 0
-0.0199401724137652 0.0113493103448287 0
-0.0209385775861769 0.0113081896551736 0
-0.0219369827585885 0.0112670689655186 0
-0.0229353879310002 0.0112259482758635 0
-0.0239337931034118 0.0111848275862084 0
-0.0249321982758232 0.0111437068965533 0
-0.0259306034482345 0.0111025862068982 0
-0.0269290086206463 0.0110614655172432 0
-0.0279274137930582 0.0110203448275881 0
-0.0289258189654702 0.010979224137933 0
-0.0299242241378821 0.0109381034482779 0
-0.0309226293102941 0.0108969827586228 0
-0.0319210344827061 0.0108558620689677 0
-0.032919439655118 0.0108147413793126 0
-0.0339178448275305 0.0107736206896575 0
-0.034916249999943 0.0107325000000023 0
-0.0359146551723553 0.0106913793103472 0
-0.0369130603447672 0.0106502586206921 0
-0.0379114655171792 0.0106091379310371 0
-0.0389098706895912 0.0105680172413819 0
-0.0399082758620031 0.0105268965517269 0
-0.0409066810344151 0.0104857758620718 0
-0.041905086206827 0.0104446551724167 0
-0.0429034913792381 0.0104035344827616 0
-0.0439018965516488 0.0103624137931066 0
-0.0449003017240596 0.0103212931034515 0
-0.0458987068964703 0.0102801724137965 0
-0.0468971120688812 0.0102390517241414 0
-0.0478955172412925 0.0101979310344863 0
-0.0488939224137039 0.0101568103448313 0
-0.0498923275861146 0.0101156896551762 0
-0.0508907327585253 0.0100745689655212 0
-0.0518891379309361 0.0100334482758661 0
-0.0528875431033468 0.00999232758621108 0
-0.0538859482757578 0.00995120689655602 0
-0.0548843534481691 0.00991008620690095 0
-0.0558827586205804 0.00986896551724588 0
-0.0568811637929911 0.00982784482759083 0
-0.0578795689654019 0.00978672413793579 0
-0.0588779741378126 0.00974560344828074 0
-0.0598763793102233 0.00970448275862569 0
-0.0608747844826341 0.00966336206897065 0
-0.0618731896550448 0.0096222413793156 0
-0.0628715948274555 0.00958112068966055 0
-0.0638699999998663 0.00954000000000551 0
-0.0648684051722771 0.00949887931035046 0
-0.0658668103446884 0.00945775862069539 0
-0.0668652155170997 0.00941663793104032 0
-0.0678636206895111 0.00937551724138525 0
-0.0688620258619224 0.00933439655173017 0
-0.0698604310343338 0.0092932758620751 0
-0.0708588362067451 0.00925215517242003 0
-0.0718572413791565 0.00921103448276496 0
-0.0728556465515678 0.00916991379310989 0
-0.0738540517239792 0.00912879310345482 0
-0.0748524568963905 0.00908767241379974 0
-0.0758508620688018 0.00904655172414467 0
-0.0768492672412122 0.00900543103448964 0
-0.0778476724136224 0.00896431034483462 0
-0.0788460775860325 0.0089231896551796 0
-0.0798444827584426 0.00888206896552458 0
-0.080842887930853 0.00884094827586954 0
-0.0818412931032644 0.00879982758621447 0
-0.0828396982756757 0.0087587068965594 0
-0.0838381034480871 0.00871758620690433 0
-0.0848365086204984 0.00867646551724926 0
-0.0858349137929097 0.00863534482759419 0
-0.0868333189653211 0.00859422413793911 0
-0.0878317241377319 0.00855310344828407 0
-0.088830129310142 0.00851198275862905 0
-0.0898285344825521 0.00847086206897402 0
-0.0908269396549622 0.008429741379319 0
-0.0918253448273724 0.00838862068966398 0
-0.0928237499997836 0.00834750000000891 0
-0.0938221551721949 0.00830637931035384 0
-0.0948205603446063 0.00826525862069877 0
-0.0958189655170176 0.0082241379310437 0
-0.0968173706894289 0.00818301724138863 0
-0.0978157758618403 0.00814189655173356 0
-0.0988141810342516 0.00810077586207849 0
-0.099812586206663 0.00805965517242341 0
-0.100810991379074 0.00801853448276834 0
-0.101809396551485 0.00797741379311331 0
-0.102807801723895 0.00793629310345829 0
-0.103806206896305 0.00789517241380327 0
-0.104804612068715 0.00785405172414825 0
-0.105803017241126 0.00781293103449321 0
-0.106801422413537 0.00777181034483814 0
-0.107799827585948 0.00773068965518307 0
-0.10879823275836 0.007689568965528 0
-0.109796637930771 0.00764844827587293 0
-0.110795043103182 0.00760732758621785 0
-0.111793448275594 0.00756620689656278 0
-0.112791853448004 0.00752508620690774 0
-0.113790258620414 0.00748396551725272 0
-0.114788663792825 0.00744284482759769 0
-0.115787068965235 0.00740172413794267 0
-0.116785474137645 0.00736060344828765 0
-0.117783879310056 0.00731948275863258 0
-0.118782284482468 0.00727836206897751 0
-0.119780689654879 0.00723724137932244 0
-0.12077909482729 0.00719612068966737 0
-0.121777499999702 0.0071550000000123 0
-0.122775905172113 0.00711387931035722 0
-0.123774310344524 0.00707275862070216 0
-0.124772715516934 0.00703163793104714 0
-0.125771120689344 0.00699051724139212 0
-0.126769525861755 0.00694939655173705 0
-0.127767931034167 0.00690827586208198 0
-0.128766336206578 0.00686715517242691 0
-0.129764741378989 0.00682603448277184 0
-0.130763146551401 0.00678491379311677 0
-0.131761551723812 0.00674379310346169 0
-0.132759956896224 0.00670267241380662 0
-0.133758362068635 0.00666155172415155 0
-0.134756767241046 0.00662043103449648 0
-0.135755172413458 0.00657931034484141 0
-0.136753577585869 0.00653818965518634 0
-0.13775198275828 0.00649706896553126 0
-0.138750387930692 0.00645594827587619 0
-0.139748793103103 0.00641482758622112 0
-0.140747198275514 0.00637370689656605 0
-0.141745603447926 0.00633258620691098 0
-0.142744008620337 0.00629146551725591 0
-0.143742413792748 0.00625034482760084 0
-0.144740818965158 0.00620922413794584 0
-0.145739224137567 0.00616810344829087 0
-0.146737629309977 0.00612698275863585 0
-0.147736034482388 0.00608586206898078 0
-0.1487344396548 0.00604474137932568 0
-0.149732844827214 0.00600362068967051 0
-0.150731249999628 0.00596250000001533 0
-0.151729655172042 0.00592137931036016 0
-0.152728060344455 0.00588025862070499 0
-0.153726465516871 0.00583913793104974 0
-0.154724870689287 0.00579801724139447 0
-0.155723275861705 0.00575689655173915 0
-0.156721681034123 0.00571577586208377 0
-0.157720086206542 0.00567465517242842 0
-0.158718491378958 0.00563353448277315 0
-0.159716896551374 0.00559241379311787 0
-0.16071530172379 0.0055512931034626 0
-0.161713706896206 0.00551017241380733 0
-0.162712112068623 0.00546905172415205 0
-0.163710517241039 0.00542793103449678 0
-0.164708922413455 0.00538681034484151 0
-0.165707327585871 0.00534568965518623 0
-0.166705732758288 0.00530456896553095 0
-0.167704137930707 0.00526344827587557 0
-0.168702543103125 0.0052223275862202 0
-0.169700948275542 0.00518120689656491 0
-0.170699353447958 0.00514008620690964 0
-0.171697758620374 0.00509896551725436 0
-0.172696163792791 0.00505784482759909 0
-0.173694568965207 0.00501672413794382 0
-0.174692974137623 0.00497560344828854 0
-0.175691379310039 0.00493448275863327 0
-0.176689784482456 0.004893362068978 0
-0.177688189654872 0.00485224137932272 0
-0.178686594827288 0.00481112068966745 0
-0.179684999999704 0.00477000000001218 0
-0.180683405172119 0.00472887931035696 0
-0.181681810344533 0.00468775862070179 0
-0.182680215516948 0.00464663793104658 0
-0.183678620689364 0.00460551724139131 0
-0.18467702586178 0.00456439655173604 0
-0.185675431034196 0.00452327586208076 0
-0.186673836206613 0.00448215517242549 0
-0.187672241379029 0.00444103448277022 0
-0.188670646551445 0.00439991379311494 0
-0.189669051723861 0.00435879310345967 0
-0.190667456896278 0.0043176724138044 0
-0.191665862068693 0.00427655172414915 0
-0.192664267241107 0.00423543103449397 0
-0.193662672413521 0.0041943103448388 0
-0.194661077585937 0.00415318965518353 0
-0.195659482758353 0.00411206896552826 0
-0.19665788793077 0.00407094827587299 0
-0.197656293103186 0.00402982758621771 0
-0.198654698275602 0.00398870689656244 0
-0.199653103448018 0.00394758620690716 0
-0.200651508620434 0.00390646551725189 0
-0.201649913792851 0.00386534482759662 0
-0.202648318965267 0.00382422413794135 0
-0.203646724137683 0.00378310344828607 0
-0.204645129310099 0.0037419827586308 0
-0.205643534482517 0.00370086206897546 0
-0.206641939654936 0.00365974137932009 0
-0.207640344827354 0.00361862068966475 0
-0.20863874999977 0.00357750000000948 0
-0.209637155172186 0.0035363793103542 0
-0.210635560344603 0.00349525862069893 0
-0.211633965517019 0.00345413793104366 0
-0.212632370689435 0.00341301724138838 0
-0.213630775861851 0.00337189655173311 0
-0.214629181034267 0.00333077586207783 0
-0.215627586206684 0.00328965517242256 0
-0.216625991379101 0.00324853448276726 0
-0.217624396551519 0.00320741379311188 0
-0.218622801723938 0.00316629310345651 0
-0.219621206896354 0.00312517241380124 0
-0.220619612068771 0.00308405172414596 0
-0.221618017241187 0.00304293103449069 0
-0.222616422413603 0.00300181034483542 0
-0.223614827586019 0.00296068965518014 0
-0.224613232758436 0.00291956896552487 0
-0.225611637930852 0.0028784482758696 0
-0.226610043103268 0.00283732758621432 0
-0.227608448275684 0.00279620689655905 0
-0.228606853448103 0.00275508620690368 0
-0.229605258620522 0.0027139655172483 0
-0.230603663792939 0.002672844827593 0
-0.231602068965355 0.00263172413793773 0
-0.232600474137771 0.00259060344828245 0
-0.233598879310187 0.00254948275862718 0
-0.234597284482604 0.00250836206897191 0
-0.23559568965502 0.00246724137931664 0
-0.236594094827436 0.00242612068966136 0
-0.237592499999852 0.00238500000000609 0
-0.238590905172268 0.00234387931035082 0
-0.239589310344686 0.00230275862069547 0
-0.240587715517105 0.0022616379310401 0
-0.241586120689523 0.00222051724138476 0
-0.242584525861939 0.00217939655172949 0
-0.243582931034355 0.00213827586207422 0
-0.244581336206772 0.00209715517241895 0
-0.245579741379188 0.00205603448276367 0
-0.246578146551604 0.0020149137931084 0
-0.24757655172402 0.00197379310345312 0
-0.248574956896436 0.00193267241379785 0
-0.249573362068853 0.00189155172414258 0
-0.250571767241269 0.0018504310344873 0
-0.251570172413685 0.00180931034483203 0
-0.252568577586101 0.00176818965517676 0
-0.253566982758515 0.00172706896552159 0
-0.254565387930929 0.00168594827586642 0
-0.255563793103345 0.00164482758621117 0
-0.256562198275761 0.00160370689655589 0
-0.257560603448178 0.00156258620690057 0
-0.258559008620597 0.00152146551724519 0
-0.259557413793016 0.00148034482758982 0
-0.260555818965435 0.00143922413793445 0
-0.261554224137853 0.00139810344827907 0
-0.262552629310272 0.0013569827586237 0
-0.263551034482691 0.00131586206896832 0
-0.264549439655109 0.00127474137931295 0
-0.265547844827528 0.00123362068965757 0
-0.266546249999944 0.00119250000000229 0
-0.267544655172358 0.00115137931034712 0
-0.268543060344772 0.00111025862069195 0
-0.269541465517186 0.00106913793103677 0
-0.2705398706896 0.0010280172413816 0
-0.271538275862018 0.000986896551726241 0
-0.272536681034437 0.000945775862070869 0
-0.273535086206855 0.000904655172415495 0
-0.274533491379274 0.000863534482760119 0
-0.275531896551693 0.000822413793104746 0
-0.276530301724111 0.000781293103449372 0
-0.277528706896529 0.000740172413794022 0
-0.278527112068943 0.000699051724138851 0
-0.279525517241357 0.000657931034483676 0
-0.280523922413771 0.000616810344828504 0
-0.281522327586185 0.00057568965517333 0
-0.282520732758601 0.000534568965518039 0
-0.28351913793102 0.000493448275862665 0
-0.284517543103439 0.000452327586207291 0
-0.285515948275857 0.000411206896551917 0
-0.286514353448276 0.000370086206896556 0
-0.28751275862069 0.000328965517241382 0
-0.288511163793103 0.000287844827586211 0
-0.289509568965513 0.000246724137931199 0
-0.290507974137922 0.000205603448276225 0
-0.291506379310334 0.000164482758621148 0
-0.292504784482747 0.000123362068965974 0
-0.293503189655163 8.22413793107479e-05 0
-0.294501594827581 4.11206896553757e-05 0
0.283055546906673 0.00137865286327384 0
0.279014705857842 0.00155957697456819 0
0.275067749373685 0.00169411503957008 0
0.271074684837671 0.00187210113913603 0
0.267081064148014 0.00203658389775485 0
0.263085913494963 0.00216391933793931 0
0.259093822768669 0.00236554941500183 0
0.255121355741543 0.00255572254274988 0
0.251107245192516 0.00271063198986049 0
0.247112960699675 0.00285899769086299 0
0.243070580713551 0.00308221644084137 0
0.239111035656067 0.00303755706110515 0
0.235131544509691 0.00346123070628201 0
0.231084613944746 0.00363195489596618 0
0.227113986615048 0.00390788806938408 0
0.223212726367973 0.0038790801103701 0
0.219134085330476 0.00405707738776935 0
0.215152179149328 0.00427610838866306 0
0.211215011020237 0.00440357892847987 0
0.207199534436109 0.00432261498253632 0
0.203270897050695 0.00471787274007006 0
0.199190098124319 0.00484701153236855 0
0.195198995950894 0.00500927026269515 0
0.191202889164982 0.00517676420277487 0
0.187104870682118 0.00539511353491021 0
0.183173008493278 0.00549559319522659 0
0.179122847321826 0.00571396026850313 0
0.175227148049497 0.00580414249171661 0
0.17125479923183 0.00600357822763309 0
0.16724054690636 0.00614865286328671 0
0.163151622839092 0.00639194298412097 0
0.159281637844639 0.00632591868895285 0
0.1552580026044 0.00660125673450508 0
0.15127657450377 0.00688617988016456 0
0.147253299593253 0.00695985685885159 0
0.143269401071931 0.00715919082854583 0
0.139242354744511 0.00732252720722857 0
0.135312586101552 0.00727852508858051 0
0.131358861960876 0.00774513130499955 0
0.127303580142736 0.00777503097218113 0
0.123309669315444 0.00793246922516731 0
0.00673802626714211 0.019003706757764 0
0.0144467393025793 0.0125229437358636 0
0.0184781762170102 0.0122756356218896 0
0.0224717969066568 0.0121111528632693 0
0.02642743342763 0.0117978920118498 0
0.0304735168934117 0.0116409350274528 0
0.0344517284756366 0.0115951121653603 0
0.0385319475682214 0.0114075032727593 0
0.0464328526123843 0.0111080268629299 0
0.0422920336035533 0.0111481382876858 0
0.0504157972245309 0.0107749970207655 0
0.0543838699324335 0.0107490044716497 0
0.059420711124554 0.0107734746949972 0
0.0643478953402966 0.0104732960672203 0
0.0683984348375792 0.0102196011391357 0
0.0723563549047705 0.0101215735021201 0
0.0763856762168694 0.00989063562189423 0
0.0864231481947074 0.00946895639175773 0
0.0804340806789866 0.00974127621481876 0
0.0138744311153285 0.0251897846330588 0
0.0903187673681108 0.00931213028662421 0
0.0943852353384225 0.00910554523645407 0
0.0993489951823197 0.00894485975982894 0
0.1063763594429 0.00866282713265345 0
0.111329043615561 0.00843165651177241 0
0.020747611199123 0.0251355722600337 0
0.116321883113302 0.0082458080356921 0
0.0255892724073613 0.0251184031851216 0
0.0296450349439822 0.024964001468687 0
0.28706887806724 0.00122514997826505 0
0.0336996856602576 0.024957978591824 0
0.0406726116232921 0.0250360115142087 0
0.0172035365688614 0.0251633360154337 0
0.0452977457340798 0.0248848876562126 0
0.293194520412737 0.013180706924498 0
0.0499287218393226 0.0248140366335517 0
0.0833290338921217 0.00961352382289186 0
0.102344210699552 0.00882149769086275 0
0.11938087904807 0.00812521782654962 0
0.0114314799527145 0.0124873485639054 0
0.0564062336788548 0.0248064712348877 0
0.0619286047185793 0.024885898866224 0
0.0671073143628453 0.0248102652571849 0
0.0746164330228233 0.0245965828563674 0
0.0805046570927632 0.024728061174839 0
0.0889159549868127 0.024451629106703 0
0.0975558301659806 0.0239568131230632 0
0.10477860623626 0.0241317900007522 0
0.114202221861601 0.0240489657271092 0
0.010546415939123 0.0252229549323281 0
0.121880255134816 0.0239221260469276 0
0.290045027113518 0.00110644427316552 0
0.129913980580608 0.0238834045055507 0
0.13800618630523 0.0241401854360301 0
0.149186741915794 0.0235135139565615 0
0.00671557864036274 0.0161651119876509 0
0.161764102207591 0.0235084420012506 0
0.17104896633092 0.0233591953787719 0
0.181795400417827 0.0234597156553867 0
0.192063540835257 0.0232184153855601 0
0.202506861347986 0.023073609114291 0
0.214305182592418 0.0225988946654485 0
0.226011216588042 0.0226901132669793 0
0.238331711280396 0.0225443448847778 0
0.250907846141905 0.023094721027094 0
0.00671567688446074 0.0219251651398327 0
0.264109102757935 0.0222447034308484 0
0.278889516614231 0.0221098657146439 0
0.293994903687754 0.0061724090520309 0
0.155839933301732 0.0235334511642717 0
0.143849187129315 0.0237335048507904 0
0.109462554494007 0.0240738076880036 0
0.09317718644834 0.023949421234067 0
0.0847072420654099 0.0246585698781767 0
0.0709121585232012 0.0245968150107356 0
0.0532309832528631 0.0248462864807376 0
0.0365369752458875 0.0250929173311524 0
0.0231695719049965 0.0251330779842841 0
0.00943472059201562 0.0125688681668533 0
0.0164813658721868 0.0123578770011999 0
0.0204749865618335 0.0121933942425795 0
0.0244686072514799 0.0120289114839589 0
0.0323769708209088 0.0118167226525648 0
0.0284612546986405 0.0119417457968259 0
0.0405939000346927 0.0112178972789674 0
0.0364486222637928 0.0115148967796474 0
0.0443925294847084 0.0111539407783928 0
0.0485315263462724 0.0110121099084021 0
0.0522996551584722 0.0108608847502732 0
0.0564493498238773 0.0106557744563744 0
0.0613173219542979 0.0106164642702109 0
0.0703952451824019 0.0101373597598256 0
0.0664215818387142 0.0103962363159462 0
0.0743888658720472 0.00997287700120528 0
0.0783824865616898 0.00980839424258406 0
0.0924187071073484 0.00919944513330782 0
0.0882969330884049 0.0093997340914992 0
0.0961618763337642 0.00902548064501052 0
0.104341021044372 0.0087392563115527 0
0.108475147291427 0.0085393769272504 0
0.113393660732597 0.00854030961011054 0
0.121248322039666 0.00803144578166399 0
0.125306822273567 0.00785854645376067 0
0.129281513278269 0.00773364097005953 0
0.133294771044291 0.00754675631155711 0
0.137288391733937 0.00738227355293679 0
0.141282012423582 0.00721779079431651 0
0.145240433936959 0.00708039882772155 0
0.149230120929641 0.00686708413005676 0
0.153271136827006 0.00658480289981291 0
0.157317579404573 0.00662635661055309 0
0.16122288058016 0.00643505550816957 0
0.16528057800664 0.00628985150325885 0
0.169236109237149 0.00603610985988757 0
0.173230655320782 0.00589409555042366 0
0.177224598630527 0.00573744596673257 0
0.185211840009851 0.00540848044949064 0
0.18122354080941 0.0055769159471605 0
0.189205376648 0.00524195693065307 0
0.193197797191292 0.00504833476914858 0
0.292041763509776 0.0010224074319911 0
0.197172966266692 0.00494731465906907 0
0.205098469186112 0.00457677676894591 0
0.20118483123768 0.00471433523417641 0
0.21306716911764 0.00446928286580319 0
0.209095785960912 0.00442634294499685 0
0.217161905874916 0.00411933468531552 0
0.22118546152842 0.00403886613155807 0
0.225176506620916 0.00377086805962547 0
0.229150768596489 0.00365744673244964 0
0.237128908975506 0.003270204587416 0
0.233135288285842 0.00343468734603706 0
0.28505235725151 0.00129641148396385 0
0.245116887475251 0.00295913626098237 0
0.241122329181972 0.00310085412181662 0
0.249108250844798 0.0027398460538035 0
0.257081181841828 0.00246151372096503 0
0.253170012801127 0.00271069646439572 0
0.261071441189058 0.0023030297735097 0
0.265084253803181 0.00211882527706866 0
0.269068783819391 0.00198990983505805 0
0.273070526555488 0.00176634161759554 0
0.281059484914315 0.00147906414649062 0
0.277117870189234 0.00164362246170772 0
0.00849445430586102 0.0252657331441094 0
0.0067986234648265 0.0142916870425764 0
0.294490204930708 0.00275316782858108 0
0.00672564008510133 0.0237780639155002 0
0.287953420265621 0.0229646805705103 0
0.00748549664976961 0.0127712921821148 0
0.294038003803232 0.000926325277065971 0
0.292524974626613 0.019362323957072 0
0.283369733213388 0.0219067276289698 0
0.280621058707465 0.0183234947451783 0
0.277210951617349 0.018337151506626 0
0.278942736602459 0.015359741405584 0
0.275804541114577 0.0151722303925562 0
0.277632671892097 0.0126841514742284 0
0.274758820711775 0.012075529794485 0
0.280432825583386 0.0127264835281944 0
0.279172033745511 0.010181805924726 0
0.281840945302218 0.0104292154527378 0
0.283111416978355 0.0126425036173624 0
0.284223581463288 0.0103531992735683 0
0.283072676162557 0.00838309449571234 0
0.285199645589661 0.00828598473221199 0
0.272905296138622 0.0147347919060199 0
0.271946254547216 0.0120838892484699 0
0.273303502077982 0.00992943474362365 0
0.27095724575225 0.00941383896850674 0
0.269438875748906 0.0116218670233402 0
0.268590669004156 0.00936496807808055 0
0.267116823063891 0.0111758239033948 0
0.266280134476181 0.0087271207532986 0
0.264874332113979 0.0106988501151272 0
0.264043283868417 0.00864887945798216 0
0.262706538668028 0.0103187379304489 0
0.262015299857293 0.00832909345591598 0
0.260576536162515 0.00993629874451067 0
0.261262541889364 0.0120148858701009 0
0.259054358182207 0.0115503012641922 0
0.258494126042468 0.00913028237541216 0
0.256884885023975 0.0109742749731461 0
0.256258075562189 0.00890384976880041 0
0.254773072431183 0.0104705473781452 0
0.25743971727044 0.0132708170500341 0
0.254432217928179 0.00836368445602116 0
0.252731133130021 0.00957549153068464 0
0.253274982667783 0.012032513375893 0
0.25113135702969 0.0113998647116467 0
0.250596009047749 0.00931544230082393 0
0.249040091167841 0.0108032486338188 0
0.248547181449333 0.00879502688276503 0
0.247026933377558 0.0102031470469759 0
0.247425607806379 0.0122907552583282 0
0.245332517329115 0.011643417069257 0
0.245754600266783 0.0139178064519305 0
0.243499937881404 0.0131794620974752 0
0.243157619150082 0.0106367064745161 0
0.24132957121606 0.0123015989352731 0
0.240862973139492 0.0101039787353118 0
0.239231787674624 0.0114966606250976 0
0.23898083371555 0.00941314551093366 0
0.237321666450253 0.0107126094448459 0
0.237566638178252 0.0128554942707975 0
0.235524852834788 0.0120425204218073 0
0.235656671342435 0.00988552964914101 0
0.233590557683928 0.0108544839163989 0
0.233756102544458 0.0133498778594725 0
0.23173127556622 0.0123362994406807 0
0.231478790263021 0.010196831632639 0
0.229771835705311 0.0113943918140067 0
0.22971320539439 0.00936196060844437 0
0.227993038369259 0.0104413222031006 0
0.228030616890521 0.0124973581863511 0
0.226205741695647 0.0115040214920935 0
0.226206801244818 0.00950126657294239 0
0.224443693722759 0.010501831650422 0
0.224404986443148 0.0125751982334792 0
0.222600107233709 0.0114887799449631 0
0.222498103779816 0.0136555118871254 0
0.220675432863601 0.0124635329559 0
0.22091525321897 0.0102202566611297 0
0.218939714501195 0.0113327305554445 0
0.218554011523712 0.0134154416690728 0
0.216964421317989 0.0121385849678462 0
0.217442633513297 0.0103346606744782 0
0.215465193805115 0.01064803198834 0
0.215085215595451 0.012968431396758 0
0.21347740216812 0.011776298508405 0
0.213120095420124 0.0137787091991379 0
0.211459500571774 0.0126267942907041 0
0.211000564136859 0.0147073138686796 0
0.20937664931202 0.0133423457519116 0
0.209773689259186 0.011481346309339 0
0.207725691397824 0.0120431067301744 0
0.207336009210016 0.0139959962632473 0
0.205777182885455 0.0126553666011907 0
0.206139077365174 0.0106964976047979 0
0.204299452450064 0.0113216292063183 0
0.203833359663518 0.0132927117567488 0
0.202372529014316 0.0119060444456168 0
0.201853229875151 0.0138868892199795 0
0.200368001162672 0.0124684240280781 0
0.199835250502661 0.0144754469610896 0
0.198239351321301 0.0127323012478784 0
0.197753915471686 0.0151023319199648 0
0.19624092197733 0.0135627653007924 0
0.196558670492365 0.0115523257164842 0
0.194785383389897 0.0121625740052557 0
0.194238014532456 0.0141460368814523 0
0.192831534395305 0.0126792997464358 0
0.192215381890881 0.014650967830395 0
0.190802281361804 0.0131569716107849 0
0.190163794091861 0.015140201734704 0
0.188669812728772 0.0133261685337066 0
0.188066884450044 0.0156530249903326 0
0.186643656661808 0.0140524661790216 0
0.187055473907106 0.0120797319908211 0
0.185232855271692 0.012589867347628 0
0.184632616379982 0.0145264727950611 0
0.183254865623404 0.0130063627725232 0
0.18261781610741 0.0149140698262604 0
0.181323452769283 0.013400794388787 0
0.180603872082604 0.0153026931604998 0
0.179264557987177 0.0134920163662131 0
0.1785541394341 0.0156994336422007 0
0.177252606509753 0.0140868718598072 0
0.177645250912157 0.012274390851636 0
0.175911833188276 0.01264885183505 0
0.17528454630672 0.0144530763032915 0
0.174026973832448 0.0129377720651723 0
0.173342547222516 0.0147088036012331 0
0.172099049229802 0.0132160664578172 0
0.171397581488581 0.0149949046092908 0
0.17008267363967 0.0131980901949069 0
0.169439549450023 0.0152727201118577 0
0.168223540298164 0.0137559365247533 0
0.167494651640803 0.0156022796770999 0
0.166317280958431 0.0140394685108229 0
0.166979884088413 0.0123125902110034 0
0.165201080490584 0.012574420711195 0
0.164423489938359 0.0142260632506332 0
0.163363779840272 0.0125037907842519 0
0.162599258083557 0.0143801034205735 0
0.161513704569163 0.0129348513982309 0
0.160820178505127 0.0147099997567885 0
0.15967027043605 0.013168093131819 0
0.158994871521932 0.0149609657508495 0
0.15787580837032 0.0133733264528883 0
0.157099479992418 0.0150201895369615 0
0.156006017437348 0.013246911612515 0
0.155286961697557 0.0152065349706737 0
0.154114139159931 0.0137075579568346 0
0.15343937222299 0.0154672721644581 0
0.152255001181056 0.0139563306360505 0
0.151543218151838 0.0156354318614324 0
0.150449767828983 0.014237190154851 0
0.149685229420811 0.0158319377380669 0
0.148598087161122 0.0144460114213476 0
0.147826028553729 0.0160432200972059 0
0.146649103746322 0.0142521810715416 0
0.145945754614507 0.0161670186912731 0
0.144853543403032 0.01468000140836 0
0.144092588909978 0.0163184184647346 0
0.143040738511247 0.0148592945422039 0
0.143738247797966 0.0132607122524401 0
0.142039181342988 0.0134382860629598 0
0.141244655972332 0.0149788011056961 0
0.140299428174765 0.0133332666647853 0
0.13952009356729 0.0150683637452283 0
0.138559800947854 0.0136661693325325 0
0.137793791144081 0.0152139434057651 0
0.136851722702874 0.0137958777750218 0
0.136075378571461 0.0153349016023833 0
0.135136513245047 0.0139159591991532 0
0.134359769587655 0.0154500461420393 0
0.13342638328568 0.0140351241899432 0
0.132642860191164 0.0154938056261313 0
0.13171519307986 0.0141395773349506 0
0.130885708131099 0.0155623885542739 0
0.129990012939875 0.0142420794303836 0
0.129173447888011 0.0157441679743743 0
0.128286764258854 0.0143678023173933 0
0.127515675030147 0.0158905558629502 0
0.126594411630079 0.0144902599411519 0
0.125825707306867 0.0160086320081207 0
0.124900527313712 0.0146064593366524 0
0.124132279161755 0.0161209921375966 0
0.123183438493941 0.0146960120823026 0
0.122436567205478 0.0162271471892115 0
0.121476392752999 0.0148330642084453 0
0.120745204877829 0.0163359884936867 0
0.119824126041876 0.0149449980447212 0
0.119066297761007 0.0164477734557354 0
0.11814882458147 0.0150969808784311 0
0.117388884784101 0.0165632215593919 0
0.11645619865364 0.0152161059737669 0
0.115711373198147 0.0166732072962975 0
0.114798367241747 0.0152891823358985 0
0.114039078718242 0.0167641796197169 0
0.113109613361203 0.0153671377111928 0
0.11237202183308 0.0168724937977055 0
0.111378396236434 0.0155392341672187 0
0.11070796015454 0.0169838531047018 0
0.109791309983247 0.0156148680582565 0
0.109085499301754 0.0171120032770294 0
0.108154190707632 0.0157218199498059 0
0.107432001799099 0.0172328013162083 0
0.106480057063091 0.0158040188432079 0
0.105754790720731 0.0172904030677667 0
0.10482287754952 0.015931353014651 0
0.104104641624358 0.0173881203498005 0
0.103209686398556 0.0160381116254893 0
0.102471939487133 0.0174983114524987 0
0.101581740218621 0.0161459687661469 0
0.100842913849602 0.0176010668575482 0
0.0999547446827789 0.0162520657408516 0
0.0992181106303626 0.0176989772714628 0
0.0983332355024296 0.0163568720068066 0
0.0976048301853133 0.0177467846131193 0
0.0967405450683004 0.0164374227572469 0
0.0974408999330271 0.0150631936702522 0
0.0958842612942663 0.0151393891070381 0
0.0951912901891191 0.0165060569449349 0
0.0943599096222913 0.0152215662534152 0
0.0936639482322028 0.0165211935638684 0
0.0928736548440221 0.01527570694793 0
0.0921617215837955 0.016565894711323 0
0.0913788515873558 0.0153324294890838 0
0.0906639598021072 0.0166445068689962 0
0.0898789581698588 0.0154503366632575 0
0.0891797898473656 0.0167110700189973 0
0.0883954140003505 0.0155203244229592 0
0.087700027736325 0.0167368720799866 0
0.0869292419526315 0.0155195769479003 0
0.0862300787678112 0.016772978160952 0
0.0854640363082156 0.0155638929045006 0
0.0847647795316942 0.0168466635190575 0
0.0839960146010301 0.0156803890481861 0
0.0833102994871686 0.0169110585030923 0
0.0825427965463019 0.0157480734809771 0
0.0818614651746807 0.0169644994830763 0
0.0810892923863112 0.0157883552487916 0
0.0804184439496768 0.0170107303947761 0
0.0796765621764442 0.0158745541208279 0
0.0789873032151153 0.0170333920716132 0
0.0782575702080616 0.0158882655744908 0
0.0775630091494467 0.0170694629656669 0
0.0768133267175907 0.0159597266164609 0
0.0761405163086894 0.017113409086462 0
0.0753943148758825 0.0160149309600777 0
0.0747276497376528 0.0171544504855383 0
0.0739928759197632 0.0160043070139903 0
0.0733257955234291 0.0172267733277295 0
0.0725945476847135 0.0160498859292058 0
0.071930102996172 0.017275014367934 0
0.071255038562938 0.0161288929920344 0
0.0705504283990615 0.0173243788339828 0
0.0698574168417733 0.0160698113363566 0
0.0691677967632116 0.0173198545545058 0
0.0684298074065576 0.0161864550676841 0
0.0677856800336637 0.0173659163983662 0
0.0670259025082894 0.0162816269563569 0
0.0664133468656874 0.0174340141609451 0
0.0656480064442594 0.0163898802493027 0
0.0650512668316749 0.0174904646022025 0
0.0643261855347724 0.0164103710148018 0
0.0637052642731885 0.0175441171177237 0
0.0630022032657222 0.0164072362684914 0
0.0623660795163952 0.0175786259254645 0
0.0616672881068784 0.0164450641683318 0
0.0610309904761753 0.0176004851505456 0
0.0603314308216054 0.0165603855282717 0
0.059699672854537 0.0176518372683703 0
0.0590057395037248 0.0166199635310599 0
0.0583798633122512 0.0176906998867186 0
0.0576925988294457 0.0165947737446187 0
0.0570666797690771 0.0177180111130559 0
0.0563833832102464 0.0166263138639264 0
0.0557606175041528 0.0177684645292333 0
0.0550972945154205 0.0167215130608164 0
0.0544577695417979 0.0178093810286085 0
0.0537978127068691 0.016804825565694 0
0.0531712907709878 0.0178644783320126 0
0.052496429900457 0.0168472063160592 0
0.051885795896939 0.0179043137491157 0
0.051214268199996 0.016898155288803 0
0.0506087172160732 0.0179389162450398 0
0.0499382950027989 0.0168850464941753 0
0.049337450304778 0.0179580847458897 0
0.0486764321096994 0.0169689587146997 0
0.048078696844016 0.0180046054551549 0
0.0474231623810874 0.0169467354925674 0
0.0468262659746212 0.0180362131902865 0
0.0461743582929944 0.0169769486540059 0
0.0455802242916587 0.0180687699697953 0
0.0449477693829187 0.0170561195519589 0
0.0443380585551162 0.0181003851114944 0
0.0437163618302218 0.0171542247542151 0
0.0431118654912615 0.0181529015619703 0
0.0424691345241198 0.0171675016071182 0
0.0418763989602471 0.018218990046055 0
0.0412438222955137 0.017213870447366 0
0.0406541686437436 0.0182551006827775 0
0.0400292922640756 0.017254924762463 0
0.0394520709145291 0.0182572675203407 0
0.038827052788625 0.0172313801154752 0
0.038309415179891 0.0182435020929039 0
0.0376407126102384 0.01730128971383 0
0.0371186647472073 0.0184442919221543 0
0.0364479538636546 0.0173733634369017 0
0.0358690160979119 0.0183328366049275 0
0.0352553315388174 0.0173426905395802 0
0.034718142190328 0.0183519499277676 0
0.0340823844630555 0.017366660516778 0
0.0335488520656999 0.0183125845139984 0
0.0329189264961793 0.0174169047638673 0
0.0323574632164444 0.0183504336645773 0
0.0317672193065493 0.0174782243313346 0
0.0311978960674235 0.0184503278575084 0
0.0305856955833745 0.0174719897991414 0
0.0300416976198247 0.0184845828111428 0
0.0294424235886678 0.0175108487129228 0
0.0288956808855882 0.0184559083484787 0
0.0282975541391096 0.0175434633046535 0
0.0277571855021674 0.0184748886151761 0
0.0271659203620658 0.0176055823564765 0
0.0266268037323087 0.0185137737380552 0
0.0260392230882882 0.0176462280375342 0
0.0255023357078925 0.0185747823671133 0
0.0249177477628058 0.0176514687354099 0
0.024385409340332 0.0185781079682677 0
0.023804950070957 0.017707725729949 0
0.0232762724142207 0.018653439560343 0
0.022698477370802 0.0177527844791897 0
0.0221728100418943 0.0186905869963732 0
0.0215984416498738 0.017785319005931 0
0.0210752741576823 0.0186899607757991 0
0.0205052731535823 0.0178133340124371 0
0.0199790899307834 0.0187069362655927 0
0.019417963299719 0.0178385350491967 0
0.0188956260305345 0.0187603350257928 0
0.018338459506139 0.017873826228833 0
0.0178251253255567 0.0187763413997361 0
0.017267638815839 0.0178808984943378 0
0.0167563737395028 0.0188040847692876 0
0.0162027460114357 0.017908632963401 0
0.0156956303235795 0.0188239213795445 0
0.0151418695551645 0.0179401468221399 0
0.0146411564461822 0.0188547753631075 0
0.0140946555130733 0.0179710617397209 0
0.0135929693420034 0.0188764957075029 0
0.0130544371586022 0.0180018929175363 0
0.0125576440830864 0.018906441617936 0
0.0120253496443249 0.0180346783589968 0
0.0152041153751256 0.0197063408248332 0
0.0115361793045317 0.0189345562553982 0
0.0120639164340848 0.0198058813205566 0
0.0183784958916059 0.0196617006090077 0
0.0272172460943487 0.0195428378062151 0
0.0216498579381212 0.0195568194341292 0
0.0317281427513745 0.0195000944132882 0
0.011046020679586 0.019834346321607 0
0.0135308330264626 0.0170981313639681 0
0.0475410663809494 0.0191193568692588 0
0.0425484986054589 0.0193256093103072 0
0.0110075544670323 0.0180665631017873 0
0.0388486115020899 0.0193560269870845 0
0.0115756307465206 0.0207027957036197 0
0.0177106216161765 0.0169777035302789 0
0.0589618441579743 0.0188202655460812 0
0.0353076238751514 0.0192804105596746 0
0.0198386997504449 0.0169558227467998 0
0.0277436449342432 0.0166902293490671 0
0.0256108435471889 0.0167520057094973 0
0.0644626318846816 0.0186645907935925 0
0.0156072046313758 0.0170232028817633 0
0.0221729253281867 0.016768092543518 0
0.10067450472442 0.0145913994616343 0
0.0114862101955743 0.0171741790928263 0
0.033443488887294 0.016486788810584 0
0.0300673534441708 0.016585745493096 0
0.0357413746267007 0.0164163407660015 0
0.0239217751196534 0.0194431458682984 0
0.0512249027573827 0.0190375490316006 0
0.0293305522663462 0.0193183731990263 0
0.0393908647562409 0.0161594489146187 0
0.0417323284278843 0.0161965540192298 0
0.103877377310082 0.0145350898351803 0
0.0455144011829818 0.0160528506069444 0
0.0583585069740825 0.0154714892020636 0
0.076867508437085 0.018417741607074 0
0.0449879671953906 0.0191674340233764 0
0.133792251008302 0.0171533959408576 0
0.0538731828788597 0.0189631368607227 0
0.0565554740407818 0.0188828685295742 0
0.110516656289673 0.0143574255537739 0
0.107214370519081 0.014367178578441 0
0.0481471957214533 0.0159179883431314 0
0.0517522591445632 0.0158489187076728 0
0.0556836761055718 0.0156840437078381 0
0.0616682266327951 0.0187300689169998 0
0.140477323777474 0.01636204901282 0
0.0672882763511069 0.0185677696806407 0
0.069787658763707 0.0184586007220722 0
0.0726641153354695 0.0184572860532906 0
0.0796611708998873 0.0181947627921382 0
0.0826257471288826 0.0181659042154589 0
0.0636895529813659 0.0154093096444771 0
0.0854905840550609 0.018017421636921 0
0.115653575153466 0.0139765166455394 0
0.060917401837217 0.0153668399689746 0
0.067536016512643 0.0150049946010981 0
0.0105568856694933 0.0207301988168279 0
0.0818791695654733 0.0145554413551324 0
0.0719293552211414 0.0149869190295506 0
0.0774141458619672 0.0147505799176774 0
0.120682445282849 0.0135150068864444 0
0.0845799774930799 0.014375610482415 0
0.010477435248742 0.0172053628212875 0
0.147667126004091 0.0129097313861492 0
0.0747619680679223 0.0148014353690902 0
0.0875648791635982 0.0143917111179837 0
0.125038738717067 0.0175939963347977 0
0.01095477202829 0.0163217850021168 0
0.0935304332219682 0.0140737285595477 0
0.0915308303957772 0.0178435132665119 0
0.0942685404899597 0.0178246831097643 0
0.123935497005543 0.0132259157695511 0
0.151015091538083 0.0126422764725587 0
0.191444460616153 0.0114661773575214 0
0.181957704241984 0.0115022443368452 0
0.17108976706351 0.0115520142494976 0
0.0905519588041627 0.0141004409200104 0
0.12732770526885 0.0129935372061017 0
0.130827441738417 0.0129590374999683 0
0.118302194976756 0.018005948645558 0
0.154484298752538 0.0120700478310672 0
0.0965628999690543 0.0138414468205528 0
0.0884036937976743 0.0179384273139006 0
0.200913594617455 0.0107706318139176 0
0.158765057280678 0.0118529690769217 0
0.134264584981548 0.0125543423673269 0
0.0110851786906022 0.0215960904766318 0
0.0121125734305762 0.0215772092151344 0
0.174804567051234 0.0113152057351737 0
0.246490707432256 0.0079431425646686 0
0.0100676353106684 0.0216161438239512 0
0.231856747319729 0.0147260167475691 0
0.174476725713075 0.0163318786764433 0
0.185817056462467 0.010796528247818 0
0.137595597964373 0.0122698884528759 0
0.0100004562051693 0.0180890060681201 0
0.213752300792731 0.00972050833875215 0
0.272590375709535 0.00785594778151811 0
0.163658843016977 0.0159766879200341 0
0.195304180581141 0.0103029603285048 0
0.142756435301472 0.0119263076795157 0
0.158189979875027 0.0165754934578943 0
0.161927055448727 0.0113233983701007 0
0.0099568387332041 0.0163484137577531 0
0.137027934436595 0.0170652917346471 0
0.100109376965515 0.0190206984854374 0
0.00954470402247301 0.0207570149898201 0
0.111707581752698 0.0185812788801104 0
0.165892815340918 0.0109580168194721 0
0.204726625288335 0.00947222333115885 0
0.267906648534721 0.00732573393768228 0
0.128426375513353 0.0173535673939871 0
0.106589122694115 0.0187540216742994 0
0.284152326064771 0.00628825124446381 0
0.286136180720441 0.00644160725464302 0
0.282164404481722 0.00655973139101612 0
0.28722394254541 0.00809871308129371 0
0.287971305546626 0.0063063614897396 0
0.289137673733385 0.00786796914288831 0
0.224518851356081 0.00859838800427904 0
0.231238970005506 0.00828192857544202 0
0.206378419728771 0.00891282942933144 0
0.240402689770409 0.00813864313167621 0
0.28839391769067 0.00971689689153759 0
0.152649552493284 0.0171793914724299 0
0.257443443319838 0.00728489697197216 0
0.183979342507881 0.0165072312829339 0
0.0104292749899966 0.0154747571195191 0
0.0114266314291567 0.0154412022872964 0
0.243901403890769 0.0156965019528772 0
0.24988620285537 0.0074401364265084 0
0.238745736645209 0.00752527573361594 0
0.121745755586231 0.0178580383077218 0
0.265611285158736 0.0132049931426728 0
0.214781550072894 0.0152439779770285 0
0.00943644780210221 0.0155070744945785 0
0.115028614159939 0.0183387819905717 0
0.203411450800445 0.0153912655541937 0
0.0116155554070191 0.0224816379076862 0
0.0126544351898529 0.0224615895778705 0
0.224474543296031 0.0148524524124357 0
0.222347150067324 0.0160521247024849 0
0.193673561195446 0.016196619092305 0
0.25167883407661 0.0137482994313892 0
0.263271875839683 0.00681012236183084 0
0.147049390441477 0.017727304874086 0
0.103383157752788 0.0185842103242255 0
0.226088606906247 0.00768264160819019 0
0.274463381324608 0.00803393125845002 0
0.273701133738953 0.00629114543872369 0
0.275558500585345 0.0064379516464227 0
0.27193744254429 0.00606051456487983 0
0.229706216545681 0.00757090004108853 0
0.168759182154445 0.017270691833794 0
0.196875727536563 0.00977043510882107 0
0.187445743832794 0.0103303651763632 0
0.186340688622935 0.0091719119019878 0
0.187921431924068 0.00876622970598763 0
0.167515685678496 0.0107207300268965 0
0.199406879431801 0.0167211161593871 0
0.234120189286169 0.0158293798722896 0
0.23201984964922 0.01732424228215 0
0.0121512690011281 0.0233768617296005 0
0.144323170555455 0.0117624982478342 0
0.261465226629805 0.00652628326564562 0
0.195717443405812 0.0086580210234077 0
0.197275334972748 0.00818373087056701 0
0.0131545970537631 0.0215471204725484 0
0.0137050832580848 0.0224253983488138 0
0.166473837321538 0.00949528038364159 0
0.167975816592644 0.00924198140048758 0
0.143373335510889 0.0105396338366811 0
0.141928986602895 0.0106929011357244 0
0.144839452193248 0.0103549338652759 0
0.184786771901003 0.00949538687744203 0
0.194181900422088 0.00911016270992878 0
0.164990499712814 0.00971368141276422 0
0.0980065791396176 0.0137127509587912 0
0.0972177108724997 0.0125911837193522 0
0.0985402794306692 0.0124741300935264 0
0.00896790165656177 0.0163716762349229 0
0.287004687013626 0.0048651929110043 0
0.288630946649556 0.00469602746658079 0
0.0978042019762946 0.01141736847412 0
0.096586128249702 0.0116016850258584 0
0.00905956610569437 0.0216396110774533 0
0.00957599615157916 0.0224968574256182 0
0.00854336593536168 0.0207833733294274 0
0.240051185937586 0.00642416830506556 0
0.241614517562423 0.00694270323617946 0
0.282967661700929 0.00489290658677648 0
0.281321780562864 0.00495378629987273 0
0.22452334771551 0.00687436238922638 0
0.223100110606689 0.00768181298202027 0
0.280328659885559 0.00646674417435568 0
0.279705518375241 0.00492040173078564 0
0.205057471547624 0.00783464252762169 0
0.203553453483779 0.00834006199116307 0
0.24702607359136 0.0165190314897522 0
0.0990897233158739 0.0113114751860109 0
0.189622457685202 0.0173437289343995 0
0.179973787612561 0.0174063718042669 0
0.244488420996776 0.0184333559616018 0
0.231059805141656 0.00656743225786366 0
0.23254260963085 0.00725064681778075 0
0.00857432499928465 0.0225193093384889 0
0.0998195071367026 0.0123379654379589 0
0.100350406593406 0.0111906675922729 0
0.101077686221827 0.0122077543449465 0
0.206514642375145 0.00729821697779168 0
0.207814251894355 0.00823957823658377 0
0.00902120545753291 0.0199079642518907 0
0.101581137620079 0.011068064274319 0
0.102326899469402 0.0120803234528117 0
0.102828148291444 0.0109424907648129 0
0.103577831405148 0.011940972758952 0
0.0108976331897131 0.0145927393943467 0
0.0118988073383134 0.0145576338943499 0
0.274696802248526 0.0047711698171517 0
0.238588852631025 0.00564075177598545 0
0.237242521519661 0.00682513919710954 0
0.00846982908402009 0.0155460436296399 0
0.00892094998858514 0.0146746635419455 0
0.285964955344472 0.0124818653904851 0
0.262638768524908 0.00519157241543898 0
0.264257729674698 0.00543756562481607 0
0.261060758468619 0.00467516862559552 0
0.241788864943068 0.0175073592049537 0
0.012428823604505 0.0154052651205787 0
0.0129030970087833 0.0145216117237088 0
0.194570381097528 0.00760869331836924 0
0.193191672857979 0.00794772418539266 0
0.0111540749118652 0.0233573456864686 0
0.0134350741826364 0.0153784534870991 0
0.0139140925787886 0.0144856335815729 0
0.0144493243048328 0.0153417796249334 0
0.0149302693029881 0.0144494609758837 0
0.185282580516845 0.00802524843952409 0
0.183854325476866 0.00834946562413309 0
0.00909013368974781 0.0233747561602971 0
0.207861707170145 0.00655480031025485 0
0.209155402515104 0.00760746121550506 0
0.10409185018166 0.0108326308073829 0
0.104825006168306 0.0118238358039066 0
0.10534408967489 0.0107165462197255 0
0.106070271605238 0.0116997931970364 0
0.0142023261610332 0.0215166654096771 0
0.0147664795483682 0.0224044750425347 0
0.142492879829455 0.00943138973067326 0
0.141157684774966 0.00952435667218715 0
0.140587970835344 0.0107410581288462 0
0.139710664678561 0.00939526627671027 0
0.225784781537095 0.00589906010902891 0
0.276466312312473 0.00498039087246718 0
0.290325591807107 0.00959454560917487 0
0.289584592691194 0.0115837462159215 0
0.106582185666404 0.0105548659391666 0
0.107303951630357 0.0115016009202187 0
0.0154682716768997 0.0153159820355021 0
0.0159524823146025 0.0144145911150592 0
0.016492130834492 0.0152777115577594 0
0.0169781172749751 0.0143786333326735 0
0.229314920657296 0.0160765483476396 0
0.0152792914361692 0.0214895385151722 0
0.0158423333185644 0.02238120988429 0
0.0163714049361974 0.0214510275034967 0
0.0169275970913888 0.0223656449810351 0
0.0151896952295432 0.0233072740200738 0
0.166650116937412 0.0175923489896678 0
0.16799907730191 0.0193745846525046 0
0.165330417404206 0.0199775593936812 0
0.170196472787222 0.0189571978462168 0
0.17776777346749 0.0178548704772072 0
0.0175202983354436 0.0152527699172576 0
0.0180091552796681 0.0143444488780532 0
0.0185529942142887 0.0152061457921612 0
0.0190433915327329 0.0143072543478419 0
0.0174345783264623 0.0214287344440026 0
0.0180231499905067 0.0223381196526202 0
0.100887382446736 0.010027754999346 0
0.187365758107843 0.0179244362355165 0
0.0185089271150806 0.021413580191996 0
0.0191268149046894 0.0223173501159917 0
0.019637925834951 0.0213715352815872 0
0.0202480703437178 0.0222883093810805 0
0.018507730556705 0.0232505194553618 0
0.277417101994325 0.00640396178136382 0
0.197164610312449 0.0174283874235242 0
0.198937951983403 0.0191722535211301 0
0.196466826315819 0.0200157809187179 0
0.0195887592753715 0.0151671235148846 0
0.0200812592543236 0.0142709212673895 0
0.0206280839333541 0.0151339216521749 0
0.0211223446308901 0.0142357643019659 0
0.224500292291701 0.0173013503473052 0
0.222197042820288 0.0186838089809252 0
0.219844566729004 0.0171623989127925 0
0.219450336772483 0.0204703754921363 0
0.229612439293981 0.00609086737840059 0
0.284553864536974 0.014876804032403 0
0.287457382469411 0.0149521631995987 0
0.02167066132825 0.0150979238804144 0
0.0221669771887556 0.0142003961725503 0
0.0227167155969913 0.0150654211960187 0
0.0232147602763467 0.0141655668858424 0
0.0237660489402953 0.0150305610342674 0
0.0242662006669036 0.0141305162246438 0
0.2323612517188 0.00552171801840939 0
0.233664872169743 0.0062858463124837 0
0.28215884930092 0.00362748770712138 0
0.283590122741594 0.00331560410501047 0
0.107825494602595 0.0104790166884658 0
0.108541515261603 0.0113757280656095 0
0.109061144715765 0.0103510601578836 0
0.109781986835494 0.0113015758015599 0
0.110301265799315 0.0102322057149584 0
0.111014145733384 0.0111899942975183 0
0.0133755647947617 0.0136296853062481 0
0.0248183826384647 0.0150139943435689 0
0.0253206649256103 0.0140985292503755 0
0.0258748455570635 0.0149685649862954 0
0.0263785331766707 0.0140623554421587 0
0.0269060657450805 0.0149469070516856 0
0.027434573872268 0.0140294382355974 0
0.027911529702601 0.0149142238036241 0
0.0284883050771292 0.0139952311953542 0
0.0289936855231608 0.014870868549077 0
0.0295563225219318 0.0139590312016287 0
0.0301161578657914 0.0148322454201101 0
0.0306365125595586 0.013928289031184 0
0.0311995860486892 0.0148293705666108 0
0.031713533421102 0.013894173966973 0
0.0322629113429339 0.0148008201955 0
0.0327878846580011 0.0138592305168973 0
0.0207574039230884 0.0213416650888452 0
0.0213783593429504 0.0222857187615771 0
0.0218510883878336 0.0213282159393127 0
0.0225198624147478 0.0222667495470122 0
0.0219723442700914 0.0232473081731056 0
0.0231345108569576 0.0232433981493715 0
0.0236922635672184 0.0222259095650078 0
0.0243080800301459 0.0232154534597677 0
0.0248727206790182 0.0221877945373557 0
0.025491927984029 0.023197604721552 0
0.0260643055534761 0.0221508918571918 0
0.0266897464201463 0.0231504033594748 0
0.0272665964330984 0.0221102075211135 0
0.0254443339660178 0.0211478034970653 0
0.0278978844253881 0.0231120175766284 0
0.0284808888464115 0.0220701972626318 0
0.223213556065574 0.00595230551331746 0
0.221816639146454 0.00679828784442407 0
0.28772078355933 0.00324535438035919 0
0.28921470030662 0.00326719335699353 0
0.290153645914594 0.00446966443212917 0
0.290700897503223 0.00297092266874462 0
0.291632518253735 0.00420979003315362 0
0.291236445431438 0.00571803081546089 0
0.286253120246383 0.00350370737270962 0
0.105611516517549 0.012885952397734 0
0.227268322443332 0.00671803245442356 0
0.203883844018947 0.00683559546335049 0
0.202456422837394 0.00726981912768113 0
0.0291153845754757 0.023116135061451 0
0.0297066830318589 0.0220372220999447 0
0.0303500997401797 0.0230591112345455 0
0.0309462280345216 0.0219950303175502 0
0.0315457222858789 0.02303072912244 0
0.0321921587224504 0.0219620221662404 0
0.0328561016636934 0.0231346052959931 0
0.0334591960827556 0.0219417851842909 0
0.0341800945439248 0.022998755713563 0
0.0347482801326256 0.0218871765353173 0
0.0354184450963929 0.0229453148871864 0
0.0360325189465144 0.0218416917286967 0
0.0367062388954777 0.0229107281442752 0
0.0373334291193604 0.0218006729924318 0
0.0380100055703919 0.0229240079437066 0
0.0386483709036459 0.0217683792841538 0
0.0393168851417642 0.0228893531787026 0
0.0399716930938121 0.0217308994240074 0
0.165544293155371 0.00831417720294975 0
0.164180960791258 0.00855675309165935 0
0.24126825634158 0.0051808617928802 0
0.242722159845238 0.00577648070027665 0
0.243184525927752 0.00738262807898362 0
0.24417008262789 0.00613279622597003 0
0.0406485273457008 0.0228306377454018 0
0.0413134554504963 0.0216909440387931 0
0.0420163808004252 0.022813057716655 0
0.0426745972156412 0.0216488511066141 0
0.0433830089393759 0.0228121494818038 0
0.0440314710424086 0.0216199105599298 0
0.0406436807967482 0.0205375858691522 0
0.234477790248338 0.0184909128274758 0
0.236796459982093 0.016753146939341 0
0.231656303183831 0.0202348179696278 0
0.0333386842683374 0.0147426659445811 0
0.0338689463405643 0.0138239376429815 0
0.0344374768677628 0.0147294765951326 0
0.0349527695435515 0.0137909449053507 0
0.201151165097868 0.0183386068228139 0
0.0136415708716985 0.0206363574766993 0
0.0340715145382627 0.0208880782874901 0
0.237028281086102 0.00534848853153813 0
0.292138369220862 0.00299023444146862 0
0.0366558282406356 0.0207855737530744 0
0.18901907395742 0.0197026489784664 0
0.186417011521852 0.0204228152180498 0
0.191287076901356 0.0189097590135551 0
0.0447558325435897 0.0227408283902571 0
0.0454128050397484 0.0215748244282309 0
0.0461436651050753 0.0227100994343091 0
0.0468152867329988 0.0215474591057901 0
0.0474932226639776 0.0226991455571236 0
0.0482167655623062 0.0215130113192957 0
0.0488025946412031 0.0226647207174047 0
0.0496135919930515 0.021458020024897 0
0.0501966611532711 0.0226539847964597 0
0.0510575495916017 0.0214280738181012 0
0.0517304877010067 0.0225948503599142 0
0.0525273799739673 0.0213877197328054 0
0.05327299090196 0.0225393501643458 0
0.0539945136982454 0.0213360657536937 0
0.0547604217648287 0.0225701507979628 0
0.0554769521672964 0.0213365896777882 0
0.217250768126141 0.0184645478112282 0
0.0195314480328504 0.0134345534263221 0
0.198472403244471 0.00942925514996428 0
0.198720768735083 0.00787855923802418 0
0.167169246579322 0.0216635627794984 0
0.0355241856041609 0.0147146275212391 0
0.0360441105439095 0.0137595511688028 0
0.0366135852976705 0.0146506515452535 0
0.0371357609216915 0.0137204832931011 0
0.0377062649479945 0.0146053252898016 0
0.03823076416043 0.0136833091650314 0
0.0354777435463186 0.0128927731973516 0
0.00805410889329351 0.0198980076066147 0
0.00849984920362951 0.0190644955047735 0
0.111703049182428 0.0101225758666183 0
0.112305979360094 0.0111409995443185 0
0.111759913400986 0.0122069427546907 0
0.113039522300537 0.0120479748216994 0
0.113561647164202 0.0109798520120726 0
0.114329176775662 0.0118622956762785 0
0.11483892650374 0.0107267005468136 0
0.115621537183731 0.0117001721896978 0
0.116140890264054 0.0105484754350776 0
0.116913976952373 0.0115669811053582 0
0.117428116146507 0.0103879673014534 0
0.118194499644562 0.0113972563731923 0
0.118660623989408 0.0102409722312369 0
0.11946626681259 0.011223512935158 0
0.119924295185594 0.0100821927070553 0
0.120722192122717 0.0110708693370917 0
0.117912822753295 0.00922389092385177 0
0.121224340610617 0.00988257324506402 0
0.1219962207211 0.0108929290005292 0
0.12248319451 0.00979908590916686 0
0.123249307074342 0.0107443513132446 0
0.123648489806387 0.00966660967799046 0
0.124481259583501 0.0105863910948912 0
0.117777240454124 0.0125959498981228 0
0.0168440699635641 0.0205391586096772 0
0.189075666871438 0.0100291903138466 0
0.189413505950041 0.00833944557684138 0
0.18831845131484 0.00741163719194198 0
0.189855086419148 0.00698201454327681 0
0.190658243247929 0.00789287597078024 0
0.253945977145598 0.0144144535957923 0
0.252273842528575 0.016343521952285 0
0.254956053249629 0.0169566907660441 0
0.0273761516751526 0.0240896478293874 0
0.0983667908659012 0.0103761708575287 0
0.0388023766935265 0.0146215513503819 0
0.0393290149087359 0.0136567428549931 0
0.0399025996615358 0.0145480057048929 0
0.0404309749083848 0.0136170987024981 0
0.0410059996201856 0.0145080811277248 0
0.0415360778800453 0.0135808791668467 0
0.0421124878772197 0.0144669906041141 0
0.0426407717925638 0.0135451293881603 0
0.0432235259302987 0.014483333024434 0
0.0437569332907154 0.0135186053570457 0
0.0443112615018719 0.0144528402158009 0
0.0448678968268617 0.0134846291267309 0
0.109115324710389 0.0125467045939734 0
0.0174754357292682 0.0135219055069881 0
0.179274620937276 0.0196436185602048 0
0.176687864825852 0.0203410036458266 0
0.181708088719263 0.019134882450995 0
0.275833340771167 0.0036637719818504 0
0.27732900539004 0.00366847246950956 0
0.274515891430522 0.00341344180121666 0
0.259902008824456 0.00612122055732628 0
0.259414855931788 0.00446122109097266 0
0.184334856777423 0.00716921536650067 0
0.182965270074074 0.00741878849263639 0
0.182485328152476 0.00861819044698676 0
0.18157142147834 0.00761066068567326 0
0.181116876445962 0.00885280375517659 0
0.180195652162217 0.00784184435227695 0
0.179742570316655 0.00911810198864375 0
0.178783794922775 0.00784970133491427 0
0.17834553847898 0.00933631892540029 0
0.177434164278099 0.00826131717233142 0
0.176943234014135 0.0096203321918814 0
0.176048680776018 0.00851397247511499 0
0.0562473195779175 0.0225655420258033 0
0.056970967161672 0.0212995942453538 0
0.0577505522475239 0.0225021177481782 0
0.0584799782320141 0.0212620192231706 0
0.0592666974054341 0.022456960024593 0
0.060003699081276 0.0212250412394641 0
0.139214877375157 0.0108554530053846 0
0.138306151563718 0.00966745448226712 0
0.0607948280589474 0.0224838465228286 0
0.0615621570882242 0.0211784569684915 0
0.0623459503426812 0.0224011327964352 0
0.0631054475688967 0.0211491742166441 0
0.0639004335107397 0.0224292497011635 0
0.0646552691718917 0.0210710885873573 0
0.0654409457444869 0.0223905598635061 0
0.0662372197496906 0.0210908699497463 0
0.0376454993314878 0.0128762590435454 0
0.0215998486465782 0.0133699338415663 0
0.197745341386028 0.00678163528326826 0
0.1153619992274 0.00964939536341035 0
0.0154538791881296 0.0136368281585805 0
0.0200759207283468 0.0204700092112324 0
0.0386745018649864 0.0240003771041103 0
0.16895273717094 0.0103776437674357 0
0.169380721509992 0.00894368380116553 0
0.168443728623087 0.00798516430399594 0
0.169704577289232 0.00775120710835395 0
0.170749113954455 0.00858306628171527 0
0.0317430514334381 0.0157047676665648 0
0.0670231633414779 0.0223181782995496 0
0.0678317718214636 0.0210373985067707 0
0.0686651918711384 0.0223191205785396 0
0.0695151843341693 0.0209687140076769 0
0.101781364994047 0.0132745098962211 0
0.0427122887651684 0.02394949368233 0
0.0333748080404007 0.0129961524825605 0
0.0373169593126823 0.015458806217221 0
0.239938981197265 0.00510052995133112 0
0.209342459602604 0.00624934933547776 0
0.210482910871341 0.00704478775210234 0
0.21032857462082 0.00848237920159231 0
0.211681507434728 0.00787144062150317 0
0.211831032993139 0.0064666253486165 0
0.213019805099429 0.00723397213773075 0
0.0309042499617833 0.0241772606799978 0
0.211674425916947 0.00935259286336355 0
0.179300262018589 0.0104893050019754 0
0.0117003534393407 0.0240937201930581 0
0.243797651485251 0.00482065260528157 0
0.245223538092108 0.00505414806233064 0
0.0236581908717844 0.013172362360556 0
0.048884747105559 0.0202197197218745 0
0.0431693579763524 0.0126185061801239 0
0.023248970359435 0.0160241830396952 0
0.0586448870356923 0.0235933131879408 0
0.0454228252563259 0.0143812368527726 0
0.0459876455684533 0.0134511142596597 0
0.0465745550239839 0.0143810070990982 0
0.0471155412849377 0.0134175641477002 0
0.04543911438093 0.0126044968931253 0
0.263582012566277 0.00392368694229772 0
0.265139078062244 0.00421406097427588 0
0.265782521114585 0.00550298931007588 0
0.266667161203701 0.00430957596108007 0
0.262250816743501 0.00398700141931698 0
0.224478047496104 0.00561352830097226 0
0.145733442485856 0.011499743840717 0
0.146253104473975 0.0101250978675095 0
0.145337042939914 0.00909972631451778 0
0.146788529808814 0.00874951609356719 0
0.147592683577964 0.00984540572795222 0
0.14815605811036 0.00867793889467814 0
0.148945778518965 0.00959426270853754 0
0.148459702479471 0.0108693579808698 0
0.149818625039378 0.0105638344938651 0
0.150263708078377 0.00928811638819802 0
0.15116454097197 0.0102381618836937 0
0.151582904015113 0.00899958032113064 0
0.152500096917654 0.00996994457178035 0
0.152913099696704 0.00876352222285398 0
0.153810355920707 0.00967976417242401 0
0.154198440414968 0.00838796343354326 0
0.155093420423012 0.00936261492418796 0
0.112637106206331 0.0132617948105911 0
0.288531790924251 0.00212957109165484 0
0.0302935198245128 0.0210057568232333 0
0.0468678982022029 0.0239822723736025 0
0.0702855161634801 0.0223211370037951 0
0.0711732520283033 0.0209623983865127 0
0.0719380927814036 0.0222412964219462 0
0.0727415610083848 0.0209376785092044 0
0.0735788736511088 0.0222019391473573 0
0.0743664428974476 0.0208650413935071 0
0.0752375122039103 0.0221593629465511 0
0.0760498872792369 0.0208444548323047 0
0.0769169852935008 0.0222161192529793 0
0.0777411802187782 0.02083711051716 0
0.0786147145907859 0.0221904485980275 0
0.0794874619585139 0.0207742382238526 0
0.235906254184967 0.00617254922605326 0
0.124976234819531 0.00940307354049618 0
0.125732942462732 0.0104040786157793 0
0.125245959711635 0.0115969017241259 0
0.126297332477552 0.00935640867164784 0
0.126966690064937 0.0102327449897724 0
0.0398581767352752 0.0127901243431773 0
0.275152788571473 0.0212341447254434 0
0.269769007389971 0.0224071748740107 0
0.0278456191185137 0.0211145149153186 0
0.28605595837237 0.0169191983435993 0
0.26968614441591 0.0074956596589282 0
0.268923666807144 0.00577052367397102 0
0.00811774530886735 0.0235365759788083 0
0.00762959782060662 0.020789189906756 0
0.247157618912759 0.0196827157357134 0
0.176504284409914 0.00737244802792727 0
0.175271630493717 0.00757016285349473 0
0.174706726332994 0.00872605300518262 0
0.173869234870395 0.00761871348275883 0
0.173358537322052 0.00883890814509675 0
0.172473323331159 0.00769964886009578 0
0.198271058948923 0.0220636338580539 0
0.0258168079518647 0.0131735538950621 0
0.29294607538358 0.00397333520409157 0
0.0645947488744072 0.0237168090425377 0
0.0752997915389098 0.0194398843155092 0
0.0311462647842166 0.0130250882761494 0
0.0126218620932072 0.0242701277762379 0
0.234002602435269 0.00772893704387001 0
0.188555573998639 0.0228708053914222 0
0.0477011250329443 0.0143753227465491 0
0.0482433099354811 0.0133881940163764 0
0.0488295869021064 0.0142949830127965 0
0.0493737019128986 0.0133470686235289 0
0.0499143634984317 0.0142820866324895 0
0.0504298418485386 0.0132841472216859 0
0.0476453301680931 0.0125460254107977 0
0.0499054120250355 0.0123662999063318 0
0.0510106408422699 0.012335380638645 0
0.0515579537487991 0.0134034327167217 0
0.0521121275677452 0.012287878180564 0
0.0527046016145715 0.0132184266502632 0
0.0532158297889588 0.0122390446725178 0
0.0538278703109362 0.0131682516694582 0
0.0533391451703968 0.0141540177571914 0
0.0544138493040692 0.0141062800359603 0
0.0549539785754921 0.0131005257713717 0
0.149546235397874 0.0118418772986018 0
0.163616575587584 0.00981443094876492 0
0.162684330306545 0.00853073788414887 0
0.0555452574913165 0.0139989751864395 0
0.0561017993640416 0.013034324645553 0
0.0567300045135353 0.0139687691389863 0
0.0572580890492091 0.0129691460746142 0
0.0554937606627019 0.0121930822667654 0
0.0578842553653351 0.0139323776723786 0
0.0584120642125221 0.0129080071238364 0
0.0590363283596993 0.013817718920049 0
0.0595665698245567 0.0128345159648319 0
0.0577973574400894 0.0120242080330087 0
0.0601829785380095 0.0137487869945121 0
0.060722066568472 0.0127665634630954 0
0.0612768386347939 0.0136696821367983 0
0.0618701500857701 0.0126979069462348 0
0.0624338188133396 0.0136114295943478 0
0.0630292033141137 0.0126326997182642 0
0.0636756278865791 0.0135474063313246 0
0.0642053727328168 0.0125670743271373 0
0.0648578471075548 0.013528771379179 0
0.0653762689860472 0.0125090112936308 0
0.0660097717789759 0.0134851104811775 0
0.0665422938708054 0.01244814424174 0
0.0673017320963222 0.0136367084224936 0
0.0677181726363885 0.012420539495063 0
0.0684189907326659 0.013354438455976 0
0.0688815880205748 0.0123250340723052 0
0.0695673688799981 0.013264597069939 0
0.0700671064675951 0.0122508393512418 0
0.0706998772849228 0.013196312535849 0
0.0712374888861547 0.0121832446697619 0
0.0718670903874176 0.0131075843704576 0
0.0723979963777025 0.0121130242686642 0
0.0730420909654937 0.0130689139397785 0
0.0735514612581361 0.0120511421577575 0
0.0742236930330323 0.0130374896361568 0
0.0747364884224419 0.0119906007101459 0
0.0754012706507938 0.0129418372846771 0
0.0759399784589612 0.0119360522280338 0
0.0765886312025943 0.0128753859647995 0
0.0771296279874627 0.0118722307938335 0
0.0777763402255644 0.0128074991121363 0
0.0783180513695859 0.01180221070757 0
0.0789671139799547 0.0127833806211336 0
0.0794869024750788 0.0117438719044334 0
0.0801581231020847 0.0127200875032556 0
0.0806747035956259 0.0116692227953376 0
0.0813454261213312 0.0126265204265855 0
0.0818893930552027 0.011595258802276 0
0.0825425232654868 0.0125612869211832 0
0.0830884680099094 0.0115539791895652 0
0.0837393973873234 0.0125028961403119 0
0.0842856806640944 0.0114942713827017 0
0.0849354500404155 0.0124184252208806 0
0.0854622849386848 0.0114131472589771 0
0.0861323035828926 0.0123759173368679 0
0.0866575231743575 0.0113494444963567 0
0.0873324004507455 0.0123196464961471 0
0.0878789254181963 0.0113087658808508 0
0.0885352765838426 0.0122620104430613 0
0.0890852099751318 0.0112560321060409 0
0.0897388338540522 0.0121963585430134 0
0.0902867237274526 0.0111394240731324 0
0.09094185731899 0.0121009654469316 0
0.0914791145527388 0.0111109308936565 0
0.0921467549832382 0.0120610077943951 0
0.092673153564631 0.0110411830361878 0
0.093352217360542 0.0120022133727477 0
0.093988675201619 0.010820184907284 0
0.0945187205067934 0.0118917876894354 0
0.0848397286060252 0.0105016780801979 0
0.062441429891411 0.0117468968000397 0
0.0796175698611884 0.0137753016856814 0
0.0702079096623853 0.0142240157927423 0
0.083192644600691 0.0136530438903627 0
0.0694032277327103 0.0112830285472525 0
0.0654962201828435 0.0144661025419085 0
0.0951180682501528 0.0108823894050724 0
0.0437385799210794 0.0153749815786037 0
0.0760452063445934 0.0139905958886257 0
0.235598256933358 0.00787515457508056 0
0.192909443372939 0.00919109232014552 0
0.0803072962728354 0.0220865789477829 0
0.0811976863444288 0.0207485597918183 0
0.0822487975221918 0.022374295846088 0
0.082871914779678 0.0207656862447299 0
0.0838005987594945 0.0218543964942871 0
0.0846922057864449 0.0204796169092725 0
0.0852772298348688 0.0219778861403363 0
0.0864781338011416 0.0205693624265194 0
0.0871157190898531 0.0219878913638139 0
0.0882122205837016 0.0205008607144099 0
0.0890340896287495 0.0219252770590132 0
0.0900071002857143 0.0205445883316421 0
0.0909471429143956 0.0219749605019019 0
0.0918375603789518 0.0204216325264084 0
0.241954756850403 0.0204655523114337 0
0.0494218629117195 0.0153273517825562 0
0.202227904149731 0.00850887906458527 0
0.201011077240802 0.0076985935483374 0
0.0600810960417866 0.0118202714802067 0
0.0279381429219786 0.013100121447308 0
0.140613482449611 0.00832989483944209 0
0.155516333314938 0.00822145349026883 0
0.156418736797242 0.00906473685243517 0
0.156053826081551 0.0104010260171943 0
0.157327534114968 0.0100598815571468 0
0.157729196151899 0.00872843972013895 0
0.158651536548094 0.00961293084421413 0
0.159032574847031 0.00843014271316508 0
0.159964091605286 0.00929011457548645 0
0.160299137347196 0.00800052452013346 0
0.00806108191928455 0.016437356224743 0
0.00851107209186586 0.0172362665027569 0
0.0076117432357173 0.0172673435307102 0
0.109550000862488 0.00923638093328738 0
0.103363923425782 0.00978345856375097 0
0.276821607751183 0.0102778743105309 0
0.27299978121633 0.00466309085893977 0
0.271371945032157 0.00451264729845303 0
0.272097499861653 0.0035200991933454 0
0.221824079438487 0.005256845668088 0
0.220618523549022 0.00606222949806777 0
0.220536664147349 0.0074650367164997 0
0.219320036205978 0.00668349085203859 0
0.219219149824628 0.00813132435604598 0
0.217987964894424 0.00729291127954612 0
0.218088784093323 0.00581699902124259 0
0.216739589581864 0.00645926290112308 0
0.21660347096221 0.00786868852284396 0
0.215475476345056 0.00698495620639153 0
0.089328397843597 0.0132469697627963 0
0.0777570532652078 0.0235708450056734 0
0.230780278367539 0.00501042189103466 0
0.248100418420248 0.00690208261453523 0
0.249366005380647 0.00574033952316146 0
0.250982888346217 0.00611085657091234 0
0.247886548681363 0.00530201601696533 0
0.250440593894619 0.00454710765751268 0
0.251958942559178 0.00489493466885139 0
0.25252075654294 0.00623481567089186 0
0.253255272905421 0.00494104721711872 0
0.246613166208196 0.0060066058242892 0
0.237777713387845 0.00431804251862203 0
0.255686013549952 0.00699719666468834 0
0.25682829202481 0.00570231347593256 0
0.227106736687268 0.00524324904650222 0
0.213014181201098 0.0057570502084006 0
0.255277900724853 0.00531443349356373 0
0.256370296437917 0.00420701935690502 0
0.1960650056824 0.00703679588896001 0
0.193540453071839 0.00673867053787688 0
0.192400193448315 0.00695413946901643 0
0.00778129003929344 0.0147202182034671 0
0.00840655681096776 0.0138848642575307 0
0.186781677786523 0.0075519012523647 0
0.0538414766273299 0.0150588495987375 0
0.0824353637592962 0.0105505480554432 0
0.0459285720035465 0.020377989884336 0
0.0752956636295281 0.0109482029443608 0
0.227923690265205 0.00831933524910615 0
0.205314550826853 0.006413187056139 0
0.248952308335896 0.00443841499883596 0
0.201455957929051 0.00641738478308777 0
0.200313976503794 0.0066161855040454 0
0.206491103598022 0.00593103435273903 0
0.167000697367774 0.00805575171253295 0
0.172959245077417 0.0113042265137891 0
0.12279602508606 0.0120255547853872 0
0.0927819241380578 0.0219894826064462 0
0.0936814290105023 0.0205026945470669 0
0.0946286118570552 0.0219648306756315 0
0.0956085384426998 0.0204988117133399 0
0.0964949474635472 0.0221085519192682 0
0.0975266172107804 0.0205200633205098 0
0.0985039008121006 0.0220464099633605 0
0.0996512141684536 0.0235974789887483 0
0.100437969744547 0.0218174534687053 0
0.101755662312415 0.0229887454823552 0
0.102207930403471 0.0211538633329927 0
0.177641338653344 0.00683350798854349 0
0.00937873302080827 0.0138078704156655 0
0.235726479449405 0.0046667460576888 0
0.16039872661221 0.0116657865003926 0
0.153409868046843 0.0109961819384408 0
0.178594613860366 0.0228033996326991 0
0.175354307109865 0.0229708984067573 0
0.174192551697067 0.0204777280747645 0
0.222767442670513 0.0219498985061614 0
0.0953960471075146 0.0240091154141484 0
0.215621243372662 0.00546461116911668 0
0.0727674722729658 0.0237506410968818 0
0.171616359326295 0.0101300018579814 0
0.0670341225736913 0.011394057035095 0
0.143875496173176 0.00909464237579828 0
0.285462116330849 0.00482270324478821 0
0.135853441587382 0.0124419346127707 0
0.134943499040946 0.0111669207995568 0
0.133491702338962 0.0112374070211425 0
0.134213339291724 0.00998818904923818 0
0.132849697229131 0.00999940064718519 0
0.135539044780838 0.00991568269736534 0
0.132130547842308 0.0111300156714112 0
0.131493553979911 0.0099649104258562 0
0.132182930727363 0.00884931730507919 0
0.130794761423878 0.0110907844659151 0
0.130184957457529 0.00994628858748407 0
0.129342974365375 0.011272129868798 0
0.128928864569533 0.00995034032290146 0
0.134869754472443 0.00887969719615914 0
0.136166346566987 0.00871650648665519 0
0.136898342649506 0.00980079352914915 0
0.293361727045452 0.0105034822806382 0
0.195269784208787 0.0230511617238056 0
0.129152151213984 0.0128462056193448 0
0.161271203608827 0.00893800426551495 0
0.133545574018833 0.0087795080111536 0
0.0262761461822617 0.015840374026002 0
0.0996392046643806 0.0101189200422424 0
0.0718189591875925 0.0111380938901786 0
0.0596554653879537 0.0148186678463925 0
0.18377560111728 0.010994477387376 0
0.150656511024018 0.00801504257730705 0
0.157159935664685 0.0115792118951326 0
0.0576985188394548 0.0199376525665323 0
0.185583054765245 0.0065630873654165 0
0.108972686883226 0.0141421632699179 0
0.127428929317773 0.00911976240494038 0
0.105478375876396 0.0144942629154966 0
0.233569688062429 0.00477918869627722 0
0.185084712861292 0.0233021671899319 0
0.149402562319188 0.00843544547661461 0
0.293731184623005 0.00818234671843821 0
0.0113681683195293 0.0137107378246914 0
0.280571613532381 0.00345719786160018 0
0.278883179740626 0.0036794448509465 0
0.0991173884098814 0.0149206941675306 0
0.137436507767096 0.00877381229076133 0
0.13861812545596 0.00839953014824731 0
0.170988971860331 0.00730425872493547 0
0.077760099279534 0.0108534023991099 0
0.092122879165825 0.0141501171861627 0
0.289121362714531 0.017308684920955 0
0.0213075958493466 0.0159678187019667 0
0.222839607598842 0.00950171015492856 0
0.257832738492117 0.00451244540294016 0
0.0347543445946003 0.0240739997719833 0
0.158781140871315 0.0235786629156896 0
0.1602826593798 0.0211270726771855 0
0.157443240519712 0.0207453481267753 0
0.154538614302905 0.0210512586177011 0
0.155744736265601 0.0188133329911324 0
0.153134546461201 0.0233906284929507 0
0.152068685918514 0.0207665327164149 0
0.16281949168755 0.0209484980750489 0
0.161456134868903 0.0190740592630901 0
0.16458997829354 0.0232372309649878 0
0.043270946351566 0.0204528509531107 0
0.0861516428942243 0.0144229452752049 0
0.144703610840948 0.00803897625736051 0
0.0950180353531183 0.0138122913679615 0
0.161563499867118 0.00763528359808152 0
0.0404975465352807 0.0155128670478974 0
0.0970761062922915 0.0103951472649261 0
0.0977626393560794 0.00932234373856016 0
0.128019909662582 0.0108815909266355 0
0.130849621363742 0.00883476824660706 0
0.146597916176302 0.0236959963725774 0
0.145202369915562 0.0214726128924542 0
0.142643808719311 0.0214262528874389 0
0.14402976081503 0.0195531591179095 0
0.141796705035519 0.019091236896241 0
0.140376585883607 0.0211282937160156 0
0.139395703073448 0.0193883485000106 0
0.147646694549795 0.0214043654913661 0
0.138125746191434 0.0209133074100135 0
0.11390977780074 0.00977045058484358 0
0.114643402004614 0.00857639672231718 0
0.112714675643097 0.0094299750922594 0
0.0648110713773447 0.0114986903560309 0
0.25498882403707 0.00393384342092776 0
0.244696706125857 0.00769587634179057 0
0.0732431677119169 0.0149609156095387 0
0.00803922408873463 0.0180901858378642 0
0.208492127218532 0.00538115274354255 0
0.202742429900439 0.00583938147546398 0
0.15917654108405 0.018841360907685 0
0.19922976518304 0.0110203244127659 0
0.21513445364602 0.0086018404607204 0
0.260204551666147 0.0223505570766364 0
0.262144991977133 0.0189792738146591 0
0.265587071458497 0.0186719779102048 0
0.258686340483005 0.0190301750839042 0
0.260661256604248 0.0163281734042102 0
0.25635281012387 0.0218790685870477 0
0.263734578500414 0.0156493086383633 0
0.125669303627706 0.0130406387541379 0
0.260455316260637 0.00354369894170054 0
0.111816726670825 0.0240962621123527 0
0.112970200898985 0.021788598920105 0
0.115276450818724 0.0219849011067748 0
0.110654269106131 0.0221272552363668 0
0.108443780732283 0.0221197188169572 0
0.109689083789335 0.0202457341065421 0
0.107141022080951 0.0241007594884545 0
0.106220500622341 0.0221307831296128 0
0.116542861407553 0.0240000745610769 0
0.117666804238461 0.0215772578853454 0
0.116053859936639 0.0199002904256554 0
0.114192035356811 0.0202095284362497 0
0.267345865654659 0.00565661763794828 0
0.268375387109055 0.00431726842021452 0
0.292869660489155 0.0161970309324853 0
0.290429964799368 0.014213640644125 0
0.0659314263278246 0.0114315170750905 0
0.0686231848100514 0.0195821701862111 0
0.0623373029777068 0.0154465501614714 0
0.0636286660489046 0.0114160941437069 0
0.0629459771625654 0.0107039469326417 0
0.118729707283541 0.0237722624576372 0
0.120402137119811 0.0218047078355852 0
0.118990833821448 0.0199875336528754 0
0.210559895960751 0.0228804775104461 0
0.212011683344 0.0199038336394898 0
0.208901874190385 0.0199564327533775 0
0.207201008971108 0.0227719848783556 0
0.206116433682849 0.0198557943882073 0
0.207698448398329 0.0176241948105358 0
0.210635273067653 0.0172225553224191 0
0.0612765576632343 0.0117516849603907 0
0.120458820190365 0.00892199524880178 0
0.102364944949597 0.0146125533385102 0
0.204314700447766 0.00547901980445612 0
0.081121465394716 0.0106495751706163 0
0.208052384266815 0.0100640296889968 0
0.249668569171205 0.0155115211528975 0
0.0569439869184445 0.0156299491187216 0
0.269796630962502 0.014623919512501 0
0.271499810105411 0.0169065151645063 0
0.0589323264589363 0.0118826070255547 0
0.0582107168839467 0.0108990789053794 0
0.091059021972742 0.0243965380071656 0
0.0681392625776853 0.0113171636862737 0
0.242611733053314 0.00421784031651329 0
0.116648241860763 0.00933135631433199 0
0.0959450942092066 0.0127097684269178 0
0.056629589701355 0.0121746580687423 0
0.00951191731248851 0.0189936969200581 0
0.086801011428228 0.0246022848695494 0
0.132470559240728 0.0125718972097425 0
0.0872810558787116 0.0102451047071622 0
0.0729189959444334 0.0110756870093964 0
0.140835926503308 0.0235837748131008 0
0.0825087563398511 0.0243898254339006 0
0.118976799241083 0.0135737219875691 0
0.194717953682927 0.00613195434729564 0
0.122254187552304 0.0134163572723302 0
0.190491588245353 0.00913491546959052 0
0.135297861803987 0.024082011931975 0
0.132565450725968 0.0239225698785692 0
0.131236002087665 0.0217302622723216 0
0.128797211587347 0.0217110947383451 0
0.130104777556976 0.0198258611751176 0
0.132261738970011 0.0197619721782738 0
0.127968928374562 0.0193880030213833 0
0.126241113803794 0.0218555575877073 0
0.131027881291959 0.0183166182627952 0
0.134078679141113 0.0217854326583811 0
0.134213104542851 0.0193775543260325 0
0.121087666807458 0.0196876584550149 0
0.122469673579309 0.0214774582606315 0
0.123938396134263 0.0231326890473952 0
0.0487970907403423 0.0124395624070568 0
0.189758434081833 0.0116483959459194 0
0.0467420868039926 0.0160216988327136 0
0.0688773354571201 0.0247540543165163 0
0.0191710693569486 0.0160580493719994 0
0.0465184149202402 0.0126038199201162 0
0.1272735844777 0.0239048588540679 0
0.0443188099513281 0.0126755299915186 0
0.102058434668456 0.00991764744560152 0
0.251645443040297 0.00768684616721325 0
0.11400600917739 0.0139697641052475 0
0.260247713809884 0.00785504492116237 0
0.0506351583756809 0.0151153988865847 0
0.0516457679874137 0.0146221391722162 0
0.0387598170750269 0.0128476009170608 0
0.219497549683192 0.00531415022400066 0
0.00755745473802357 0.0224623456859364 0
0.0548104389865436 0.0248757446130487 0
0.0689212535777197 0.0151092911630277 0
0.270816225730639 0.00311142313556986 0
0.0419502288268811 0.0205156820723346 0
0.137779596167909 0.0108629394363156 0
0.0515909176342831 0.0249086172640871 0
0.141786790585497 0.00832109445990828 0
0.0931568383555695 0.0100078535008656 0
0.0365422919652432 0.0129292056091555 0
0.0345742541881333 0.0164395184063228 0
0.0543620468417007 0.0122524581355913 0
0.0344271950339067 0.0129586725716423 0
0.165947646368452 0.00719581469385805 0
0.158111024796272 0.00758443084785873 0
0.156734031495948 0.00773383161106236 0
0.0420659262241319 0.0126985934075719 0
0.0409611462960159 0.0127610370690689 0
0.217815141360792 0.0232844269030488 0
0.0504438938470753 0.0202276286434389 0
0.0322767285213615 0.0129131135691672 0
0.0353617523063891 0.0208455846043679 0
0.0393591241994851 0.0205496814303501 0
0.0380168921545473 0.0204234124353008 0
0.0371342528318811 0.0196340731449902 0
0.0289028994535641 0.0166353545850376 0
0.152011494641394 0.00786428685332725 0
0.137431760203285 0.0191286742990097 0
0.0481873898505546 0.0248495147882939 0
0.164781543214673 0.00735531929199379 0
0.168581933994035 0.0119486501120379 0
0.2909232875933 0.00754627364916727 0
0.0268964334280267 0.0132005144268216 0
0.280901141463389 0.00846123348143138 0
0.278858713573214 0.00781850228564053 0
0.0321085889234862 0.0249704965383012 0
0.0247588733471501 0.0131252163063566 0
0.032861578516454 0.0209080611473904 0
0.0335114424859495 0.0199625910473517 0
0.0316323476205206 0.0208111183851943 0
0.00812248267909389 0.0216126652747288 0
0.0290648893197987 0.0210962996224307 0
0.070615333912044 0.0111477225415936 0
0.0300700780301758 0.0131004968007607 0
0.0290180807548277 0.0130620500216121 0
0.0296376114410068 0.012023995065838 0
0.0226046937286193 0.013369683132063 0
0.210626842761662 0.00565650717736802 0
0.0243301944721396 0.0167076642551716 0
0.0243729717704584 0.0251372238500126 0
0.0380755499254587 0.0163366425892058 0
0.175516900685948 0.00987707694529272 0
0.0266376912221975 0.0211750550823618 0
0.0260249024748039 0.0201225163739151 0
0.0195411819830992 0.0251631099659442 0
0.0201939609160193 0.0241998406655912 0
0.020566543681616 0.0134165927900498 0
0.0219607226102656 0.0251544463689074 0
0.016071761021483 0.0251948447531851 0
0.0167386388874613 0.0242160491536246 0
0.0178704998992992 0.0242110859829487 0
0.0183825189039434 0.0251882044385988 0
0.0739987432387634 0.0110162905467977 0
0.0272736175345865 0.0121121476331247 0
0.0897318258110673 0.0102703468250317 0
0.00744288552710715 0.0252051227557111 0
0.0166374122525591 0.0169966582202262 0
0.145281454518904 0.0129848473012202 0
0.0242100008932687 0.0212174009608292 0
0.129683914842145 0.00882673791047697 0
0.014554416466972 0.0170655623350459 0
0.0185060309291627 0.0134934998108028 0
0.125688379127571 0.0195685983142362 0
0.0149516192255411 0.0252101342315921 0
0.0145507047322188 0.0242392740120604 0
0.278089868101121 0.00498237253450002 0
0.278064173312918 0.00249866285359181 0
0.245221629575086 0.00954344221532155 0
0.111783569633371 0.0204398000356437 0
0.00953589600072226 0.0252447310657681 0
0.00995260556654583 0.0243135986834699 0
0.0283886928208606 0.0201016832776636 0
0.00806409317241498 0.0245326092556137 0
0.269728761963246 0.00417604619911603 0
0.21754780488227 0.015780096550622 0
0.0105213794450975 0.0189658264572076 0
0.0608747210162793 0.019980219008178 0
0.0125013001825502 0.01714006460918 0
0.00845368219567241 0.0125852496349356 0
0.163591099042496 0.00740531129307562 0
0.0164584720314497 0.0135683541144247 0
0.213354123653541 0.0174147552100258 0
0.0229663990256909 0.0212967764468311 0
0.162277830946237 0.00994376573996845 0
0.0144268832414654 0.0135382584540902 0
0.254084406171562 0.00626572124653774 0
0.0104122165786896 0.0125036356761031 0
0.00900716895055675 0.0181135678192922 0
0.00694762732233438 0.0180788028290041 0
0.22606406712264 0.00453619455521711 0
0.228177041698812 0.00446044734370224 0
0.0414750014707628 0.0118610708101845 0
0.0600067434288992 0.0246712860551137 0
0.0103732516976353 0.0137791904718818 0
0.0124207394077875 0.0124340243077739 0
0.00898332404732917 0.0243799601222399 0
0.041250194541376 0.0194382511560303 0
0.141208099404136 0.012107019393885 0
0.0123725742726939 0.0137006706715181 0
0.054648045033907 0.020143120559329 0
0.26599101789639 0.00307100316213365 0
0.229629714424081 0.0229011543448255 0
0.228070414508076 0.0204236230981571 0
0.164288578686057 0.0112140954711565 0
0.0105963399780413 0.0224830319786462 0
0.0100315320798735 0.0198682552310084 0
0.0154790003524697 0.0123636401872675 0
0.0134140508496941 0.0124042979873999 0
0.00679951105257211 0.0152146077726472 0
0.199936621459739 0.00864175074036384 0
0.0445639606736601 0.0203956724030221 0
0.253010207947417 0.0199915503877504 0
0.0174797710445985 0.0123167563115448 0
0.0214733917342451 0.0121522735529244 0
0.0194765813894218 0.0122345149322345 0
0.107059142344449 0.00957478244910586 0
0.226536317761947 0.0157442689635789 0
0.00698515889865932 0.0199356429485946 0
0.0235260873840749 0.0121530306538175 0
0.0255243085077582 0.0121478308864165 0
0.196771830211834 0.00586743143599148 0
0.0119591011553332 0.0162873827040622 0
0.00990604844814011 0.0146393825729895 0
0.108021166243513 0.0131925487863231 0
0.0313260746671671 0.0116957297551243 0
0.18761221451807 0.00634650756476406 0
0.00948681214768329 0.0172273822006888 0
0.0334369667000451 0.0115777499185377 0
0.265080732756005 0.00712258186600542 0
0.0227576490674944 0.0195143957546615 0
0.267501599411873 0.00319452744891389 0
0.0354497944712001 0.0115457563044775 0
0.0993148055560747 0.013520946421642 0
0.0374946893952087 0.0114169730487204 0
0.0246454091899401 0.0202615893860161 0
0.0396039476375528 0.0113382301675843 0
0.0281283725905565 0.0250852862899499 0
0.247720984368248 0.00393545055349391 0
0.246624455428479 0.00464670259143021 0
0.142894266439376 0.00824646461817015 0
0.0454249651342455 0.0110889446006796 0
0.0432999973065658 0.0111872049829233 0
0.193291363980853 0.0106954022613793 0
0.0474868539395929 0.0110251957070692 0
0.0788745459867481 0.0107771192526078 0
0.0495849837436665 0.010937403822753 0
0.0512454731111634 0.0108715267882344 0
0.0533064066708231 0.0108030158165433 0
0.012596368336751 0.0206781822552046 0
0.0554156171065755 0.0106714048064895 0
0.0304742402163105 0.0194026474812063 0
0.122908758635624 0.0194351378370788 0
0.0131521429175045 0.0233208495008574 0
0.241579896735785 0.0148041480594845 0
0.0603701043535508 0.0106445649759417 0
0.136434920365159 0.0110763599213389 0
0.214354150570421 0.00613466332205847 0
0.202729140322572 0.009939420855028 0
0.0653745317335242 0.010459396290889 0
0.0674537063390468 0.0103532022248127 0
0.0693968400099908 0.0101784804494803 0
0.235004645763833 0.0216196531447286 0
0.0733954430392602 0.010080855826014 0
0.0713936503548134 0.0100962390701703 0
0.00678095867056049 0.0133474999999968 0
0.078492569542426 0.0193546369055372 0
0.0753872710444585 0.00993175631154969 0
0.182162376035888 0.00637507416617129 0
0.0773840813892799 0.00984951493223905 0
0.0793834196787333 0.00980326850662251 0
0.0799958529683148 0.0107307223074061 0
0.0853691010313253 0.00953985963837702 0
0.179572082957123 0.00668615140598331 0
0.180824147931792 0.00661745507583829 0
0.0913617538030301 0.00927382527706873 0
0.26686118611986 0.0155379812648384 0
0.095328140879827 0.00909568619492708 0
0.0959232450894712 0.00997170795693528 0
0.0438035494787422 0.0192658088938802 0
0.100307494234386 0.00900539047285444 0
0.101369651663282 0.00896137314742438 0
0.103332632757981 0.0086351356166856 0
0.105339426216782 0.00869813562189724 0
0.105887149400611 0.00967065362971788 0
0.0463129776950945 0.0191613415962999 0
0.110277094545154 0.00843544636847805 0
0.0373398677897411 0.0239765665970212 0
0.112317997242898 0.00843763812253624 0
0.0130980970399108 0.0197728942397117 0
0.117295165772197 0.00827411802286318 0
0.118359158436654 0.00823083983175681 0
0.122312314147769 0.0079990838977624 0
0.252743199503509 0.00382577535303751 0
0.0525488194006608 0.0189971994748039 0
0.0532358405561803 0.0201625479402981 0
0.212055167289631 0.0051907564274249 0
0.126304873364443 0.00780882870897412 0
0.124307376943642 0.00787441224978784 0
0.0653160160989292 0.0198704445133959 0
0.128302745182236 0.00775235975983184 0
0.130283633229237 0.00779187111800528 0
0.132313912197544 0.00760226352885472 0
0.180266618208912 0.0119327148615286 0
0.139327880539418 0.0123314852825033 0
0.104068667981029 0.0221750457283575 0
0.105514314437897 0.0204161489065139 0
0.134429377574547 0.00771861765216717 0
0.276509197779936 0.00810833277174371 0
0.138286796906348 0.00734115286328107 0
0.136222866096657 0.00754519242515185 0
0.107521050487236 0.0203906833468751 0
0.108390758167145 0.0186935482554886 0
0.231837651267064 0.00438315499890833 0
0.230163670232429 0.00413099286870428 0
0.140192243028473 0.00730885193384947 0
0.142287013764775 0.00726143207085128 0
0.183383105482646 0.0094638617519684 0
0.144229125108343 0.00710565100956867 0
0.146265425385906 0.00702562108997907 0
0.148204190915826 0.00692383945164099 0
0.150267658975283 0.00684770458742148 0
0.152264469320111 0.00676546320811135 0
0.154191520721662 0.00667285812434512 0
0.0101424923642615 0.0233572080755267 0
0.242119598173442 0.00873698483380806 0
0.228314490172468 0.0056906398469854 0
0.0129704890342372 0.0162522916816079 0
0.258409070655963 0.00586153143788455 0
0.156258090009778 0.00660098044949431 0
0.0441763226311897 0.0238520443888755 0
0.160353508383807 0.0169811993866746 0
0.160197598831898 0.00642341093882685 0
0.162221427372363 0.00638206885204906 0
0.164204047126232 0.00637619440863125 0
0.168239131899838 0.0061118982063408 0
0.0630667171522003 0.0187176547521092 0
0.170274297761397 0.00606938203126187 0
0.172235214663177 0.00592694005360711 0
0.293040272156387 0.000983799082818378 0
0.293695105445694 0.00184766461015969 0
0.174228545734182 0.00584047657659106 0
0.0764859417129202 0.010973873052037 0
0.176224323192873 0.00573315685169806 0
0.180185170698662 0.00568222700130906 0
0.178155114692411 0.00574196714083601 0
0.086005473637302 0.0104196984288048 0
0.184155083788066 0.00545389968010931 0
0.0208153400124312 0.0232291555257421 0
0.188168457458955 0.00533988707042275 0
0.18615112594741 0.00541360175243403 0
0.190203865871932 0.00520287700121404 0
0.190662941898542 0.00605429499250957 0
0.194197486561591 0.00503839424259232 0
0.192200588145622 0.00511849726567296 0
0.289038273532008 0.00116835032573391 0
0.291043560679247 0.0010684409571564 0
0.196198050517483 0.00496030192505036 0
0.198191107251254 0.00487391148396878 0
0.198671657420938 0.00578785639097133 0
0.200187426227288 0.00477973973200807 0
0.202201743321807 0.00473069720197367 0
0.0712562741024231 0.0184747611491904 0
0.206307421991871 0.00470944076543377 0
0.210162309840611 0.0044220020831808 0
0.286050762423931 0.00125529079430692 0
0.285626264981718 0.00234378188455995 0
0.284492361879342 0.00227644652129455 0
0.28804757276876 0.00117304941498635 0
0.216148921460748 0.00425932315797273 0
0.216757878420745 0.0051616208731181 0
0.21414688950281 0.00426671636382166 0
0.176449878729406 0.0110711051207312 0
0.0741503734785741 0.0183508679913709 0
0.0666433935293364 0.014463302143276 0
0.218159210699592 0.00405149769086474 0
0.222231121518133 0.00402856364103748 0
0.220125446111155 0.00408799668015739 0
0.087392258589445 0.019176690653589 0
0.0958746329771397 0.0177991407095529 0
0.0629693037352926 0.0236624217778191 0
0.224247640915947 0.00381202004733152 0
0.226115248278545 0.00358614530926212 0
0.232159334398377 0.00348372884916317 0
0.234117481793173 0.00351006688212119 0
0.236141019463478 0.00342434146352094 0
0.282085367960337 0.00147969102779499 0
0.281537831939156 0.00248279581546522 0
0.284053952079091 0.00133753217361794 0
0.238127314147923 0.00322908389776142 0
0.240077547521619 0.00315352793568373 0
0.242120934837596 0.00306460113913721 0
0.0811663845591178 0.0182014333094937 0
0.244111626237809 0.00298172178946059 0
0.145857269372952 0.00797395551783047 0
0.24811136587209 0.00281787700120717 0
0.24611455552726 0.00290011838051616 0
0.252134138448189 0.00274430826062286 0
0.251608881815952 0.00366072801774099 0
0.25010765101501 0.00272288378549053 0
0.254101796906585 0.00257115286327127 0
0.256098607251417 0.00248891148396544 0
0.280058517732488 0.00150843362259345 0
0.258078209054463 0.00245328425223703 0
0.258597494761024 0.00339550048888098 0
0.260059842397339 0.00237650631069642 0
0.0139873785061602 0.0162154328150964 0
0.262039458714974 0.00222776907193407 0
0.245729924525126 0.00384776687300876 0
0.264085811382481 0.00215904158312102 0
0.266050086135012 0.00193050660532341 0
0.0840700895206892 0.0180876940726726 0
0.268049079438792 0.00207135914781921 0
0.27207157766523 0.00179426090652991 0
0.270109690821141 0.00199607848829561 0
0.269655755214152 0.00284379068643779 0
0.232838200209591 0.00903488944297229 0
0.0518397310211447 0.0202067864401747 0
0.274069208245795 0.00173193474744839 0
0.276066710699767 0.00166649769085983 0
0.104649342197256 0.00979681156015485 0
0.0783426085532369 0.0137668249825431 0
0.0400346417663286 0.0193989856076225 0
0.0808805711668779 0.0136536285974902 0
0.289584517626904 0.00206646820907937 0
0.0899642024070087 0.0179239252114369 0
0.0141361131718406 0.0197340070603709 0
0.0927521176329372 0.0189982429611131 0
0.294259376828238 0.0042474947599694 0
0.0474334877541284 0.0203916185881735 0
0.0157907727907081 0.0205699279873371 0
0.0908458010241682 0.0102043086167978 0
0.276669033847688 0.00261538635553692 0
0.0194697894513353 0.0195986147849519 0
0.12145132669243 0.0122025899018504 0
0.160907072034737 0.0102756732013928 0
0.101948175978766 0.0192172376119526 0
0.0843085419815086 0.00961241677944434 0
0.193389992139081 0.0203454278216305 0
0.205104448517078 0.0172313410662372 0
0.103040153782958 0.0132331410398324 0
0.0552477388930558 0.0189597874025929 0
0.152897389086353 0.0124372603693224 0
0.030659508804079 0.0156990139053058 0
0.142074081537634 0.0167893375865341 0
0.106932359624665 0.0127947382982288 0
0.147191537117168 0.0113841468814983 0
0.10440171017674 0.0131522091251836 0
0.136044938218982 0.0203678553292345 0
0.0499361635935206 0.0190409087910447 0
0.113376452818928 0.0183958888314867 0
0.0116796929356747 0.0250482405386699 0
0.116639288906847 0.0180466619368418 0
0.246832415845371 0.0230657733596444 0
0.110478878926481 0.0122812031398144 0
0.100533573726614 0.0131865151124806 0
0.286916878166506 0.00244496887050201 0
0.0147090316344292 0.0206088062123483 0
0.183454370188982 0.0205869368963993 0
0.00667247787349471 0.0246971666824708 0
0.221722996471954 0.00830160936335912 0
0.0759765092711461 0.0234385728492129 0
0.116376828042328 0.0127519997750358 0
0.117191372124487 0.0139265122033699 0
0.126734924775367 0.0116196383858177 0
0.0487556248457646 0.0188685351166445 0
0.0425725350917048 0.0153460833724012 0
0.119989658971788 0.0180538235017654 0
0.123419475546123 0.0176694578464787 0
0.24066308695343 0.00409164692445405 0
0.0573202804571366 0.0105187756857826 0
0.208809571410078 0.0154282987714561 0
0.118999919253838 0.00916396738966619 0
0.126743967344928 0.0176338921559125 0
0.0128259672758386 0.0251953762312479 0
0.124015815246537 0.0117190557312101 0
0.239153389994177 0.0194549787470962 0
0.0150119973073775 0.0161800078301773 0
0.165595786731572 0.01584272643964 0
0.128500186425642 0.00881921858584714 0
0.229858345840845 0.0135192914827635 0
0.237299051702164 0.00867307581747686 0
0.135400917555961 0.0166746961259844 0
0.188763766736277 0.00621581434624536 0
0.138951929761741 0.016645977544362 0
0.0814244358432045 0.00966912327192038 0
0.17657423734106 0.0160657777894319 0
0.158254757279996 0.00651526523650249 0
0.166300299988078 0.00620640609980987 0
0.00671871310571618 0.0228403530706068 0
0.220538552497236 0.0146644891485695 0
0.0638359276582991 0.0199008353364135 0
0.154784542985988 0.0106608913575781 0
0.0836387762909938 0.0106253874110457 0
0.186042500156505 0.0161387930644352 0
0.153710772299006 0.0190058276930136 0
0.154542099879538 0.0170536023076223 0
0.148936910026274 0.0175593365955743 0
0.0160413151475346 0.016144164448047 0
0.150783188387858 0.0173739188722195 0
0.150117117709221 0.0192126821195538 0
0.19573756598229 0.0157006765001917 0
0.0526748064959633 0.0149708033571179 0
0.239487746083006 0.0137579670038437 0
0.0984418746823466 0.0190766374660825 0
0.239432836579285 0.0161983342043105 0
0.0919892280679143 0.010139591076314 0
0.292783647786848 0.0052082411566748 0
0.170820206185629 0.0168654925461247 0
0.17280023408036 0.0183081639603144 0
0.205378822568684 0.0147073446422601 0
0.167778609195427 0.00707160121582555 0
0.107478582453038 0.00864255785879425 0
0.16455662879473 0.0176559245458283 0
0.249465759488464 0.0130219715686624 0
0.0823739649747125 0.00947834592660586 0
0.180732921999618 0.010292826394679 0
0.174127954263133 0.00995487075661279 0
0.226300770359292 0.0136107107685466 0
0.282756302580491 0.00250170414616215 0
0.255401607449647 0.0126659860875163 0
0.0162604996013835 0.0196706363985929 0
0.235843255629597 0.0142977418048113 0
0.289675550811483 0.00610072116599434 0
0.18196172538136 0.0168293884589675 0
0.177952159259008 0.0107513426045755 0
0.169493755771514 0.021309991175099 0
0.229366448060286 0.0048401360102128 0
0.220650212062055 0.00495201764037438 0
0.0170771127999539 0.0161136986412363 0
0.26339836070069 0.0125247593299773 0
0.200756310444516 0.0210139545524866 0
0.0213769718880117 0.0241912891911127 0
0.175557446984069 0.0183145524630981 0
0.121849960619123 0.00891433472502055 0
0.224828040050384 0.0200135908045837 0
0.234655762524087 0.00438987305981726 0
0.267822736692061 0.0132934485875189 0
0.0225594516490509 0.0241883829637111 0
0.0237425883639827 0.0241607779154854 0
0.0141489575417603 0.02330476298429 0
0.168804332325327 0.0237151676069973 0
0.19163050830915 0.0166258040451284 0
0.056167466720315 0.0201661166945601 0
0.264583561120221 0.00307622674930184 0
0.286419346472834 0.0100572962930834 0
0.0927933149163376 0.0130464341041809 0
0.274117220654374 0.0176914232637845 0
0.0892406582698107 0.00939655221197571 0
0.0623521995194491 0.0199427348664727 0
0.0156504902821273 0.0242315911282706 0
0.182013500765606 0.00986178842390417 0
0.29158088428032 0.00197345405853229 0
0.00674908137126772 0.020981249242709 0
0.250308801663663 0.0183190341310631 0
0.284933871323696 0.00346845124759625 0
0.201427676367047 0.0159725422593517 0
0.279531260587125 0.00250915769448702 0
0.0734204112731246 0.0196531281576244 0
0.0181475658136746 0.0161074527866997 0
0.00752677551651412 0.0157802856125371 0
0.253753686563969 0.00375784200646218 0
0.0719809401537261 0.0196891156396704 0
0.0173167638395897 0.0196501944187733 0
0.00753792723760446 0.0137395884176819 0
0.281847873918384 0.0150607189216862 0
0.0659237640183122 0.0186616835186546 0
0.019034310955159 0.0241983168109521 0
0.0873332360529754 0.00925222455532846 0
0.105012243793588 0.0187023508463442 0
0.0163663714801945 0.0232447425708644 0
0.236734457298566 0.00421954769718679 0
0.185113705021438 0.018516477955287 0
0.00764464311499204 0.0188712170100716 0
0.124267589242073 0.0207256004183153 0
0.278050513665093 0.00142821728556012 0
0.0884762873894302 0.0103878356275316 0
0.208173554569856 0.00442374982204866 0
0.0174056646509259 0.0232710269660758 0
0.0187707298905171 0.0169685649523012 0
0.234733618805737 0.00553213295671707 0
0.0196543712814536 0.0232472486591199 0
0.214760954056913 0.0193097848369487 0
0.170276196602677 0.0100230679792198 0
0.171977720936441 0.00887941614992059 0
0.0602407254420764 0.0188195108837019 0
0.151995222917104 0.0112698603534864 0
0.120187694845841 0.0122075461723653 0
0.00673246696206873 0.0170868215322678 0
0.0178893776748519 0.0205312640181298 0
0.182184190240011 0.00535639597206135 0
0.110027790931329 0.018426045811977 0
0.209089935940211 0.00884995925534327 0
0.0819656950817708 0.0194417369565145 0
0.0249207832826437 0.0241110840151842 0
0.0328409019833504 0.0156437879732291 0
0.0592525469351162 0.0201011984705414 0
0.080317938834489 0.0147655980500806 0
0.145100895852657 0.0178564475201907 0
0.146191595200767 0.0195765864287341 0
0.120329561152054 0.00790240418520104 0
0.222858819271183 0.00475702771059255 0
0.220308669484249 0.00875630615257341 0
0.0577324760239079 0.0186098995283924 0
0.214647464089839 0.00507095901230741 0
0.194934876435077 0.0181456457669403 0
0.212120736726792 0.004186154678828 0
0.0311933388766285 0.0165867723335178 0
0.0202599890997636 0.0160452297903131 0
0.294723033459161 0.00162619745302173 0
0.110845006728784 0.00928730262802837 0
0.217791598332515 0.00873819368241026 0
0.219102836479142 0.00958557868034701 0
0.171744439304383 0.0207902387866049 0
0.0867858382445739 0.0133230262512885 0
0.161842076661779 0.0160228345176865 0
0.292633227811545 0.00195967420855736 0
0.0323178211639066 0.0165528743131829 0
0.292538637486837 0.00695116699282802 0
0.191740733119362 0.00603866389471511 0
0.0261294379253642 0.0241207012142693 0
0.11892050019964 0.0121995974732815 0
0.290590977440643 0.00183714603333564 0
0.204195184026471 0.00445975110407779 0
0.0189934061160286 0.0205077840161508 0
0.0209970922149734 0.0169524279992334 0
0.278879972385892 0.00611839650132914 0
0.0400118724124457 0.023949105171803 0
0.203354930480557 0.0197938881146611 0
0.0934197410149568 0.00912929768210339 0
0.172854622845769 0.00676841768105302 0
0.0268510002618852 0.025119006419788 0
0.094889926105138 0.00994945056113847 0
0.07038941569873 0.0196892933485556 0
0.115479343664672 0.00811570378707772 0
0.122868359313433 0.00882164438415176 0
0.0413495782080626 0.0238974263471784 0
0.257540100911889 0.00345331200369206 0
0.072513426971618 0.0140052620654131 0
0.146771439537363 0.0076927236098233 0
0.0854949520403256 0.0133775520205435 0
0.0907181358739951 0.0191926860236098 0
0.0891162685895898 0.0192128630414314 0
0.094011771475083 0.0129376828321773 0
0.0803284947310241 0.0194525613298924 0
0.0993350701207985 0.0204682018188547 0
0.0222233736924419 0.0157846878723226 0
0.108328876600591 0.0095484419966596 0
0.212837505183361 0.00853698065271503 0
0.191831358450494 0.00823689576320095 0
0.0393150899320061 0.0250583850324142 0
0.091490710554924 0.0130853805312375 0
0.066974340728581 0.0199060892699265 0
0.0420937814183198 0.0250349881686125 0
0.244605030560684 0.00390726935863401 0
0.0789377325825645 0.0148035207218835 0
0.023251103520304 0.0169920900095047 0
0.268555313736344 0.00294549577414939 0
0.257630941405199 0.0162077217801497 0
0.261843687501619 0.0140901366721324 0
0.192800996401051 0.00593923069431011 0
0.156401846355869 0.0168119920517118 0
0.280551741741093 0.00228732982812729 0
0.153377628717943 0.00749955682441521 0
0.0339271930515766 0.0155613284113469 0
0.172866587861089 0.00997387843166999 0
0.159487050292943 0.0105603549142526 0
0.0835069781110827 0.0193647790747864 0
0.243686102709553 0.00885184477287055 0
0.0642960004964543 0.0144671866620172 0
0.0205603002030527 0.0195535031915887 0
0.228137248914 0.00353662616385617 0
0.172567458938032 0.0162418486786812 0
0.098504757562355 0.00885477492267907 0
0.162539142181194 0.00731051433584159 0
0.214238159901878 0.00734603527077488 0
0.270468929669767 0.00589120550004669 0
0.0243065154958508 0.0157069671087035 0
0.259648750475513 0.0139103393401366 0
0.037911867523442 0.0250713743441163 0
0.0286522779660326 0.0240561968856846 0
0.0294980352153022 0.015742672380724 0
0.0266594715277064 0.0167531956144925 0
0.0283530600083347 0.0157890896442583 0
0.0881070350526649 0.0133393202752719 0
0.168772845026261 0.00692924943694919 0
0.0540393791988863 0.0236829058442855 0
0.0252502955307591 0.0158106915856182 0
0.205713888087589 0.00540903875060058 0
0.199707294841245 0.00570810504973997 0
0.078314312248792 0.0180139992684059 0
0.0869557000898579 0.0179070494869431 0
0.0434412986118945 0.025026997467958 0
0.0928754316669345 0.0175507055225161 0
0.0341197239043393 0.019178314374807 0
0.148310216566299 0.019457383725604 0
0.149805148345831 0.0211886297207854 0
0.0890501152390854 0.0144375137076718 0
0.0685305193443481 0.0182588623083592 0
0.0297334094374907 0.0238745410660732 0
0.021184887490171 0.0204411994374702 0
0.273673815874899 0.00259588535446022 0
0.030881522474644 0.0252823517373972 0
0.151865863361577 0.0187076705747264 0
0.287795100942758 0.0114197773072371 0
0.209590750820992 0.00523453902282458 0
0.0754371679001822 0.0180952706971909 0
0.0768901874032872 0.0197787656355171 0
0.0795134359276078 0.0234509682530463 0
0.175790098349569 0.00658601199646209 0
0.291964698012197 0.0227008588931998 0
0.23252579525758 0.0231693691866813 0
0.0649296572072414 0.0154155107968745 0
0.0222867178399674 0.0204138009869195 0
0.0351685109962922 0.0250485747249132 0
0.216606997892364 0.0139566986632041 0
0.10937942267764 0.00830984429408335 0
0.0359873971030653 0.024008016909422 0
0.0350028743329926 0.0154778373885122 0
0.0328956142177909 0.0241242473623337 0
0.0362977094431333 0.0192111255368211 0
0.21777180554485 0.00479552555624408 0
0.26647918050723 0.00686700870100209 0
0.197710580507349 0.00565162985065379 0
0.154793239403757 0.00745800102891258 0
0.159444098672831 0.00732800611560348 0
0.250581381426292 0.00344248368446489 0
0.0832381205613152 0.0148025116514147 0
0.111781954482553 0.00914182964424293 0
0.22848964095271 0.0069592232555534 0
0.0847628152855961 0.0190387144175478 0
0.0904103516751452 0.0129460230407978 0
0.0555350356145556 0.0236474520338439 0
0.0449031344772682 0.0152729218941492 0
0.283704035767609 0.0178928876957505 0
0.200760592620495 0.00560979584994187 0
0.02731367544268 0.0157997729406713 0
0.0459631118124904 0.0118439156735159 0
0.275500186570414 0.00258196726375512 0
0.0966062617726105 0.0191534754673549 0
0.0843884843123671 0.0132655055509028 0
0.293360393270104 0.00296192850880462 0
0.100807704642619 0.0203354909435885 0
0.0524323323590891 0.0237370004476692 0
0.0713307155570327 0.0140624141254463 0
0.242703776246236 0.023470312388432 0
0.268978704642959 0.01845917988358 0
0.211914931547687 0.0109490342867175 0
0.0662660772125377 0.0236026282191717 0
0.081968066943972 0.0134099842381508 0
0.253155668319487 0.00744433450345831 0
0.173788771452001 0.00654881469123721 0
0.247850097679059 0.0143781402238941 0
0.0523844550034289 0.0140737639307021 0
0.0737736928268524 0.0139459170967206 0
0.0362005376612868 0.0155439407489997 0
0.0945810771373831 0.0192794149815251 0
0.111195050395386 0.0132556371217493 0
0.111869246988214 0.0143221032002309 0
0.213753040411068 0.00508059906071361 0
0.0678839965811317 0.0234648154189017 0
0.114963867015593 0.0128514362964494 0
0.22800819430198 0.014289635549776 0
0.29157255845558 0.0116385828735898 0
0.0550344147377716 0.0149151386055074 0
0.160720823923921 0.00717884030234058 0
0.195790367209107 0.00580115077199853 0
0.0662131993974355 0.0153369028814695 0
0.0234646585226692 0.0203578515672593 0
0.0760857923735912 0.0151034537503864 0
0.218576276088968 0.00481308584306862 0
0.271994592052421 0.0200089351112579 0
0.249642535213363 0.00357106697171975 0
0.183445661413093 0.00645048326512933 0
0.0443956940239031 0.016213443844037 0
0.0430777052372459 0.0162855733414784 0
0.0454482928432275 0.0236340264486514 0
0.174760798488875 0.00662237016535948 0
0.0467695262147564 0.0252037002826314 0
0.148698874705187 0.00773793117813233 0
0.0369038480000036 0.0164050639120266 0
0.139630872100878 0.00816354270916038 0
0.0507292354655357 0.023849992572645 0
0.0460523935020907 0.0151972011530956 0
0.0708021373287702 0.0151092490335127 0
0.128134512934916 0.0119984364250056 0
0.0653252438584583 0.0249257546490203 0
0.0570482999710829 0.0236390439240549 0
0.246652157074722 0.00367394781341307 0
0.12399105544559 0.00871188372787015 0
0.0772333864375913 0.0136381771731564 0
0.256544252717565 0.0031778464428725 0
0.162528395348566 0.0174648006737142 0
0.0786384521632334 0.0248192347310415 0
0.0748411661846388 0.0137434550550541 0
0.106305911402337 0.0136706085221191 0
0.0491215114832718 0.0238884832742975 0
0.23779066173758 0.0149124052711436 0
0.184692740963682 0.00620155801274217 0
0.103659781759938 0.0201390205111199 0
0.210138990258611 0.00986322360089207 0
0.0560193936759577 0.0114268737659817 0
0.10277875519831 0.0244240815408278 0
0.0549031065501035 0.0114821847814034 0
0.035978252851773 0.0122035958211116 0
0.0470418220858318 0.0118268725251644 0
0.0578625219555987 0.0249033136437608 0
0.0622031989168859 0.0103512153775588 0
0.244627397770309 0.021023541951365 0
0.0135290109459763 0.0242533625229587 0
0.259524266423891 0.00322849524945049 0
0.190774312092262 0.0211336463652907 0
0.258899272530522 0.0072505952527515 0
0.200397402572371 0.0233553401677355 0
0.0630076783446083 0.0145219319497504 0
0.189736245238598 0.00599024318928092 0
0.143418806430164 0.017921719917122 0
0.00664247442517256 0.0125690837719254 0
0.229520561084812 0.0184324811795158 0
0.239183504499311 0.00408159143784899 0
0.150707943172882 0.0113112021004411 0
0.180965418824743 0.021125710639137 0
0.277834560176461 0.00906027026042347 0
0.292075497835214 0.00906939968730607 0
0.190411960853509 0.0104597525394008 0
0.171961386386453 0.0067405687094649 0
0.0636235729644487 0.0249151473892669 0
0.0955631163452436 0.0117484456040604 0
0.0405787708557991 0.016467533038315 0
0.147692673525893 0.00775466848888818 0
0.0384439207850605 0.0154111810667564 0
0.0561991710215337 0.0147587945966453 0
0.273328918801993 0.00347005645692885 0
0.0448759666202418 0.0118945752595545 0
0.117519966139049 0.0192446111981489 0
0.23479705300746 0.00680994005020489 0
0.263608921200224 0.00292751786000872 0
0.157467947157204 0.018281730913871 0
0.0250935229579755 0.0193706485333631 0
0.0899474467957669 0.0232031771312405 0
0.130132228309257 0.0170040253466109 0
0.0482043690621901 0.0118342515765573 0
0.132829527202591 0.00823204528269368 0
0.255729847600045 0.00327551289406412 0
0.00728032198212373 0.0233785985856103 0
0.243639324410122 0.00380194010214617 0
0.0537589199210659 0.0115824273345896 0
0.0544741262988577 0.0158778550831908 0
0.0108626058594685 0.0242321780182535 0
0.0394074616863289 0.0152506108169095 0
0.274565370299063 0.00240346884129009 0
0.127926171097317 0.00986982173356024 0
0.0768335991730969 0.0248371102237151 0
0.0683069311295578 0.0142853038367462 0
0.199771466279637 0.0098591959181494 0
0.0349604135975243 0.0122374064281637 0
0.215539040158352 0.0172426324771706 0
0.216716476581749 0.0208256059417621 0
0.261471021804262 0.00324366817617655 0
0.113795136295103 0.0127986531420532 0
0.041584179510455 0.0152061152342735 0
0.0616773860974165 0.0146005810363484 0
0.236752799453768 0.0197726073086839 0
0.0635753830095155 0.0103170123362635 0
0.0696237752026739 0.0234573580932564 0
0.00663807719001428 0.0254733982406412 0
0.0988823734048204 0.00963347724422659 0
0.0600594945188688 0.0233244041351606 0
0.0526374724736771 0.0116643859526273 0
0.1268329282709 0.00849412256694016 0
0.0472500429103313 0.0151512290162421 0
0.0370497763062313 0.0121895753023362 0
0.245438840097261 0.00656651380380981 0
0.0860542189547025 0.0192440603940864 0
0.135651817660996 0.0182945779592943 0
0.0437172689577484 0.0120006236200951 0
0.0260929621934659 0.0192249117637323 0
0.132630080844083 0.0182544726634591 0
0.230130495927862 0.00332552492662019 0
0.149253298267363 0.013010471852395 0
0.0189990377736603 0.0128491921174992 0
0.0515358732848657 0.0117200823397027 0
0.186609231049274 0.00624445275641811 0
0.241557268073579 0.00393116085896027 0
0.223844454885562 0.00478125525928712 0
0.125449677382867 0.0243141371199982 0
0.049334686581727 0.011799636630065 0
0.283584332044556 0.0020763531519213 0
0.0504385899692558 0.0116844354948096 0
0.0613508208005448 0.0235714983589302 0
0.191687919491854 0.00989018502139397 0
0.173093190407787 0.0227496121293797 0
0.124883052874272 0.00847193386012126 0
0.0531411868631359 0.0159732127096446 0
0.020005358539541 0.01280539345193 0
0.169795360234874 0.00681804143227761 0
0.202889934252599 0.0173455287634515 0
0.138479488011714 0.0115799415442699 0
0.124291624230317 0.0189658733823703 0
0.166760014081063 0.0237056704551112 0
0.201073192842895 0.00924214460217 0
0.0381893020298822 0.0121965215118366 0
0.0272151207904919 0.0204242489730348 0
0.0320273722809613 0.0239096312477214 0
0.0939970005830383 0.00983593305147279 0
0.0339381935103799 0.0122671446135928 0
0.059638835473352 0.0158131926211748 0
0.155733459546097 0.00731948141823116 0
0.131438061418319 0.0119477763834552 0
0.143761149102629 0.00791949534941691 0
0.166886086497939 0.00694456626433241 0
0.225010984349576 0.00469613468683109 0
0.0727094673304088 0.025140441117461 0
0.216487470051832 0.00923828306575857 0
0.048053061514328 0.0236571940883816 0
0.169779639235412 0.0113933265996516 0
0.204775112726093 0.022329055299103 0
0.130211707876272 0.0119632797117093 0
0.0179902787514762 0.0128907170663309 0
0.271732277679159 0.0025630071756987 0
0.110041796653146 0.0132908811086274 0
0.0810715495614402 0.0233480705174422 0
0.288425808195651 0.0130913046055231 0
0.149743436869725 0.00755841371472404 0
0.0574102097883939 0.0146995293511564 0
0.0325364506539447 0.0200425560758027 0
0.124716643897855 0.0123956279947563 0
0.0347134017261732 0.0200664815645352 0
0.19916859599464 0.00672972239255079 0
0.0711054029887449 0.023273449525323 0
0.227128424392369 0.01799864379013 0
0.0482829013775228 0.0150141559228648 0
0.125766874013378 0.0085654856336567 0
0.0571407018880743 0.0113729881901574 0
0.191242318773822 0.0069641282966782 0
0.0426321348118285 0.0119854176834229 0
0.131851834962644 0.0169641177323547 0
0.286659795196355 0.0194782498764004 0
0.0210192420781825 0.0127701929966386 0
0.267054411744635 0.0215866072197288 0
0.287618003217466 0.0019700581182657 0
0.115771656328389 0.00884643237139351 0
0.183204371488267 0.0181327957430167 0
0.178611974496654 0.00653491995811881 0
0.158278222780274 0.0107330696575336 0
0.0403567915985933 0.0120997221987953 0
0.207420908164089 0.00522046549609253 0
0.255936616691188 0.0147403270833872 0
0.136877911754616 0.00806718094040963 0
0.294784939526288 0.000753507371562552 0
0.0584689531750929 0.014547956598408 0
0.0918813452180047 0.0230952997177278 0
0.232747755996822 0.0042921343357714 0
0.0493468949590829 0.0162580166663168 0
0.271165617255853 0.00733184160493202 0
0.033757411747212 0.0238932323343526 0
0.016981604980078 0.0129286134366244 0
0.192983202996022 0.0180446511479119 0
0.201681956139614 0.00545109201969013 0
0.262645944819779 0.00300980135294202 0
0.163328204119194 0.0190395769670438 0
0.256017882057572 0.019227569513904 0
0.220567848486333 0.0235662516164581 0
0.0080843837288883 0.0132431538903163 0
0.0392623128902533 0.0121460889596215 0
0.100818413313219 0.0246620612023862 0
0.0283359518199735 0.0191610456031884 0
0.0220179537035627 0.0127190564356451 0
0.213925281699354 0.00839489852156897 0
0.030795134707853 0.0202417014518456 0
0.00888618964281881 0.0132783199121683 0
0.151111967977845 0.0228859999034602 0
0.0296912515291194 0.0202719498243268 0
0.284179241762288 0.00454846435721469 0
0.0508052023841955 0.0141253253638508 0
0.140365874177118 0.0179159308568322 0
0.0620052832745719 0.011046596437793 0
0.00735935234923393 0.021533562838655 0
0.0330304391657115 0.0122767549989618 0
0.0359622511337063 0.0200574413972966 0
0.19369093738174 0.0057793169182447 0
0.0744179202801842 0.0232229930810161 0
0.212672866551197 0.0155828202305259 0
0.234290739639497 0.00907744138264142 0
0.148423579853193 0.0120031170799028 0
0.0159901852655974 0.0129420188450862 0
0.137813920166632 0.00800090144945828 0
0.0414345404700502 0.0110315074822652 0
0.272644997280936 0.0025893826564224 0
0.146504532774468 0.0126061300962253 0
0.050466046557854 0.0161217294803532 0
0.112889861716956 0.0196803813735186 0
0.0607612700032174 0.0112082464216875 0
0.136751453966959 0.0223767313023579 0
0.0878471260538968 0.0233753583949314 0
0.0857402824576017 0.0234656510261607 0
0.275065178534933 0.00966920096218266 0
0.0316384828063206 0.0124409593137376 0
0.199836587727938 0.00753954245740469 0
0.248687666033805 0.00349760010845428 0
0.0949314523128583 0.0128155151716994 0
0.00985596568693596 0.0132475336659109 0
0.0229573171943741 0.0126467785049022 0
0.0150455090132526 0.0129604424829143 0
0.0379225331708876 0.0191921338152501 0
0.0959960526081547 0.0108736471135807 0
0.139062551499479 0.0223764791103835 0
0.176676928647245 0.0064525141662727 0
0.0692174154569032 0.0141861009594062 0
0.0329670125129587 0.0192244290149709 0
0.107995476585705 0.0122356671731701 0
0.178955821133631 0.0117530068018271 0
0.0241784667527377 0.0126846207191474 0
0.155742799757809 0.0115527878911136 0
0.127788626089946 0.0083927294135875 0
0.0138621863844748 0.0130969954672918 0
0.00728205667291025 0.0242756542771999 0
0.0108672942476424 0.0131845855038262 0
0.0607420140990781 0.0144409115966052 0
0.253880485096775 0.0233312032976168 0
0.0118585193678186 0.0131627088882456 0
0.112807817459757 0.0103768771437128 0
0.083857742505201 0.0232887727169762 0
0.254272018080575 0.00484257747692202 0
0.096835010871789 0.00949078279283704 0
0.0128752601045689 0.0130906078629034 0
0.140188103517714 0.0117661303916527 0
0.0699526617092867 0.010686647824538 0
0.249479950622678 0.0206857471246317 0
0.129532038209221 0.0183776150399788 0
0.188348074982888 0.0114519513573524 0
0.272612850872668 0.0232949971680009 0
0.289644850163063 0.0203629596436275 0
0.110802006526683 0.0194232147085683 0
0.0306540981867809 0.0124114257782624 0
0.075888638150944 0.0104361169824604 0
0.00733196545802618 0.016579792737726 0
0.112934021034198 0.0142818165983184 0
0.163140566579619 0.0109238075314322 0
0.0698567631826306 0.0150557460223221 0
0.206865460020837 0.0157974351107473 0
0.197819133837506 0.0108638126759112 0
0.0263728389363023 0.0125368339516783 0
0.138481589828493 0.0180376644601659 0
0.273885348424343 0.00407943973355924 0
0.135419512423177 0.0080951781781225 0
0.120399311027407 0.0239122740850375 0
0.00546562499999873 0.0110643872549871 0
-0.00543981621308468 0.0110656102133857 0
-0.00146726774392428 0.011128255737024 0
0.00199683290125051 0.000881931412056816 0
0.00898856882583536 0.000811211372631657 0
-0.00901059641468323 0.000859931701211715 0
0.0123805926857169 0.0107842289958697 0
-0.0124159221902736 0.0107951286822892 0
0.0159872777919339 0.000886478724362005 0
-0.0160000393771105 0.000866021772436663 0
0.0194593096857045 0.0105049218087129 0
-0.0194068017702161 0.0105097266591296 0
-0.00301749378047688 0.000837317391627955 0
0.0230375844924053 0.000903417734658571 0
-0.0229999053421837 0.000866092035207859 0
0.026394194472578 0.0102173816194925 0
-0.0263955704730781 0.0102213066519714 0
0.00498007857644816 0.000950956132062814 0
-0.0060301711440008 0.000794652183429543 0
0.00149594750515902 0.0110824776653997 0
0.0293469222939386 0.0100596183647658 0
-0.0293930732489063 0.0101007757041641 0
-0.00942002893219099 0.0109179405219348 0
0.00947980609252761 0.0109290613250015 0
0.0323022084202383 0.0100166007516696 0
-0.0323887339512202 0.00997800361037082 0
0.0130000000006175 0.000866025403778162 0
-0.0129999965458312 0.000822069865099552 0
0.0154811485138058 0.010686200297239 0
-0.0154117375760501 0.0106697092056982 0
0.0354512352798043 0.00976711055053561 0
-0.0353843341794801 0.00985512440242688 0
0.0383603167947651 0.00968613607783318 0
-0.038379923025748 0.00973228117150362 0
0.019953535503127 0.000832376893998907 0
-0.0199999577211456 0.000866031157439999 0
0.0414792977817806 0.00960171588130811 0
-0.0413755139772452 0.00960943975079037 0
0.0224819550061747 0.0103944743308966 0
-0.0224005737829319 0.0103818643781128 0
0.0444747654094466 0.00957962624126194 0
-0.0443711070946969 0.00948660019927868 0
-0.0279999540988619 0.000866025572953499 0
0.0279770699166481 0.000787054241763175 0
0.0474724218178115 0.00936658769787954 0
-0.0473667024369485 0.00936376255607752 0
-0.0309999517271069 0.000866047404631027 0
0.0309684694707889 0.000736995682613325 0
0.0502690845433585 0.00910058121838644 0
-0.0503559186104576 0.00923048506777122 0
-0.0340000476198489 0.000866011290566077 0
0.0340000040478593 0.000852776269448697 0
0.053193638183978 0.00910595865515607 0
-0.0533511341276899 0.00910712299880596 0
-0.036986490366963 0.000858216470505159 0
0.0370001133829201 0.000866043597170956 0
0.0559538001354893 0.000839331763286031 0
-0.0559999489312662 0.000866025627493981 0
-0.0399518768758966 0.000934510345441587 0
0.0400000324910287 0.000866018203688236 0
0.059009481164412 0.000860715624736306 0
-0.0590000354989137 0.000866204498869498 0
-0.0430001217176259 0.000866309086596758 0
0.043000000000419 0.000866025403782297 0
0.0620000473900354 0.000866024134269002 0
-0.0620001215656309 0.000866102412933262 0
-0.0460001202208588 0.00086629725780571 0
0.045992340165953 0.000891598797035814 0
0.0650707675568399 0.000975221077127198 0
-0.0649999549993766 0.000866034488504726 0
-0.0490001197771917 0.000866132101807974 0
0.0490000507931202 0.000866034729090447 0
0.0680000412823102 0.000866004187564917 0
-0.0680000216907009 0.000865996638214446 0
-0.0520000418256075 0.000866020501799588 0
0.0520000000003973 0.000866025403782359 0
0.070939907841191 0.000793291149722526 0
-0.071000021983174 0.000865996251473787 0
0.0739733274656137 0.000756963082507334 0
-0.0740001252671489 0.000866342970050976 0
-0.0573491911004281 0.00895298322885881 0
0.0573055333746111 0.00905408876413724 0
0.0770000694621372 0.000866047875164306 0
-0.0770001279071263 0.000866446020263467 0
-0.0603444156650531 0.00883360901432427 0
0.0603755528846835 0.00869420986062487 0
0.0800000336661814 0.000866015777181387 0
-0.0800001400318435 0.000866336502661099 0
-0.0633399227405395 0.00871083253332651 0
0.0634687559427389 0.00873277528713215 0
0.0829860579406107 0.000876973907126816 0
-0.0830001399320002 0.000866137318686046 0
-0.0663354325451107 0.00858805921188791 0
0.0661808812014961 0.00860023375337148 0
0.0859953527633743 0.000896301908502675 0
-0.0860000303369898 0.000866011332473394 0
-0.0693309473787925 0.00846528887771516 0
0.0692785341882173 0.00830454155520664 0
0.0890000000003083 0.000866025403782346 0
-0.0889999949933469 0.000851005054637654 0
-0.0723264696978743 0.00834251686711117 0
0.0723068108184873 0.00831096664621434 0
0.091961835879519 0.000889985655111082 0
-0.0920000093407874 0.000840818795581463 0
-0.0753219969442335 0.00821973644280948 0
0.0753005244507108 0.00821607182193961 0
0.0950000316017579 0.000866010689806718 0
-0.0950319339382563 0.000777011414128622 0
-0.0783175181842003 0.00809695049188555 0
0.0783219349052336 0.00821005872450839 0
0.0979548344723665 0.000812998262020383 0
-0.0980167573850501 0.000856370597736682 0
-0.08131302368456 0.00797418312627377 0
0.0813807856673627 0.00783982139523125 0
0.100885942424143 0.000959136348162182 0
-0.10100002617644 0.000835290827092694 0
-0.0843085297542678 0.00785146427533389 0
0.0843016944724303 0.00783238161949881 0
0.104000056964566 0.000866032804374996 0
-0.104000056653488 0.000866032461234466 0
-0.087304090475642 0.00772877189662535 0
0.087288795710583 0.00773648800966154 0
0.107000033699309 0.000866009732348263 0
-0.107000057616179 0.000866032592595647 0
-0.0903042029990298 0.00760317052540312 0
0.0901556540203038 0.00751938470059553 0
0.110000061104277 0.000866051790387794 0
-0.110000058739417 0.000866033026823846 0
-0.0932997872970818 0.00748020682292237 0
0.0932896921379923 0.00746352200339469 0
0.113000060624427 0.000866023810005103 0
-0.113000034749717 0.000866009247615344 0
-0.0962953257518293 0.00735722767317493 0
0.0962974381168625 0.00740158910658241 0
0.116000022659486 0.000836499563007526 0
-0.116041953716194 0.000823874414420508 0
-0.0992909126108857 0.00723436576372954 0
0.0993265680690058 0.00736165172308797 0
0.119000022846247 0.000847036381138299 0
-0.119056014668413 0.000864602424830852 0
-0.102286547493766 0.00711153762519605 0
0.102313696903444 0.00722496189466989 0
-0.105282186997779 0.00698871253647344 0
0.105273352962596 0.00694720265870459 0
0.122000005828732 0.000857481831552608 0
-0.122003909437907 0.000863746768406986 0
-0.108277831094089 0.00686588836843466 0
0.108286074920352 0.00688837109501065 0
0.124972558607806 0.00087338370705687 0
-0.125006474866343 0.000862265084937782 0
-0.11127347997251 0.00674306517931452 0
0.11120134153598 0.00669984163748322 0
0.127993940501097 0.000932994555360414 0
-0.128008698861851 0.000869208710053997 0
-0.114269133797902 0.00662024299215546 0
0.114284896894453 0.00658127071421357 0
0.130978861367785 0.000853798648013569 0
-0.131020384723368 0.00084409975322865 0
-0.117264792740063 0.00649742183827041 0
0.117279290220963 0.00655664863592559 0
0.134049283769093 0.000837589703847238 0
-0.133999993406732 0.00084168946858481 0
-0.120260456977492 0.00637460175295992 0
0.120314795405063 0.00651437423374733 0
0.137000069882023 0.000866023577139663 0
-0.136999993062299 0.000831436509086462 0
-0.12325612668733 0.00625178275771486 0
0.123239496196456 0.00622867472295231 0
0.139957462273282 0.000841439801362779 0
-0.140000011800076 0.000820984909203074 0
-0.12625180205175 0.00612896490662697 0
0.126262135251797 0.00606500499497759 0
0.143000000000178 0.000866025403782346 0
-0.143000011791856 0.000810253131776448 0
-0.129247470501999 0.00600613405248739 0
0.129286519330207 0.00602921520724852 0
0.146000000000171 0.000866025403782346 0
-0.145965374192481 0.000906332048254027 0
-0.1322430893613 0.00588331378387045 0
0.132156665456833 0.00565943857826827 0
0.148977698847797 0.000773646923077405 0
-0.148999999999648 0.000866025403786506 0
-0.135238708014201 0.00576052240938208 0
0.135282901091897 0.00572733571860597 0
-0.151211971764319 0.0050830666791597 0
0.151103233716244 0.00511919372570424 0
0.153991679417002 0.000833015003470359 0
-0.154032293921034 0.000885621539799327 0
-0.138234332383989 0.00563773555822062 0
0.138264430115026 0.00570380005537585 0
0.156275221473842 0.00486751002683687 0
-0.156204976921413 0.00488590847503599 0
-0.14122996198683 0.00551494961309615 0
0.141280152504012 0.00546618953026186 0
0.158994018419329 0.000840725774752537 0
-0.159043319423302 0.00078996965826553 0
-0.14422559699704 0.00539216463084001 0
0.144206004817091 0.00536514024019725 0
0.161184888608067 0.00472306354926183 0
-0.161197675657383 0.00468075399689499 0
-0.147218175494788 0.00525517494979608 0
0.147107685523698 0.00527878195800653 0
0.164000364845358 0.000862384553509205 0
-0.164057279276305 0.00100327056260057 0
0.166055329682086 0.00440570696723335 0
-0.166190398356964 0.00447559457320464 0
-0.00100767252628651 0.000867220828568651 0
0.00714173858878434 0.000754709752799872 0
-0.053999985489192 0.000866001716104764 0
0.0540000347711291 0.00086600181090014 0
-0.0259999999993512 0.000866025403786506 0
0.0260000000005236 0.000866025403778187 0
-0.017999999999332 0.000866025403786506 0
0.0180187332550395 0.000851911821078729 0
0.0109767900307011 0.00080079201279725 0
-0.0110000388630983 0.000866018882442754 0
0.0173821778356293 0.0105508232399604 0
-0.0174085479208736 0.0105874678263881 0
0.0244452593988518 0.0103456557608483 0
-0.0243973841277551 0.0102996229988028 0
0.0553024826620935 0.00905372426482461 0
-0.0553479444725124 0.00902488161949571 0
0.168099710517861 0.00439413526761306 0
-0.168187126054524 0.00438458160772571 0
0.00347812499999352 0.0110832759835374 0
-0.00347618224159425 0.0110773920076504 0
0.151990897647781 0.000875155218160355 0
-0.152012112483382 0.000890961981297572 0
0.170098014334711 0.004318674778125 0
-0.170176366624838 0.00430730583589869 0
-0.149214912097339 0.00516523575011396 0
0.149104922131827 0.00522664098959128 0
0.153154849839278 0.0048046967282018 0
-0.153212202697078 0.00501571352255467 0
0.172096320421564 0.0042619631223701 0
-0.172161677237819 0.0042217148490878 0
0.17414823466833 0.00394692043951292 0
-0.174120706669412 0.00415504677876947 0
-0.0074279841092825 0.0109971340560831 0
0.00742449619675528 0.010998674722939 0
0.156984293586848 0.000762581941464279 0
-0.15701649761966 0.000874916561880954 0
0.158270003271456 0.00484843687131574 0
-0.158204960445262 0.00481080100464047 0
0.176183594150362 0.0040370102536521 0
-0.17611678785612 0.00411949820305163 0
0.178000010581432 0.000844165408047365 0
-0.177999954041505 0.000866162691743683 0
0.161996450481046 0.000825150465505211 0
-0.16186930659083 0.00081828201541947 0
0.180000087991326 0.0008660151374135 0
-0.180000072831347 0.00086597612580341 0
0.163267531615019 0.00458674895631698 0
-0.163197737255051 0.00460588913246344 0
0.18200011910868 0.000865982338147539 0
-0.18200012356873 0.000865996578672052 0
0.184000044250438 0.000865966754956311 0
-0.184000075431347 0.000865974371270865 0
0.166999744821097 0.000887629912798711 0
-0.167045575281825 0.000932269312861818 0
0.186000000000075 0.000866025403782346 0
-0.185999999999737 0.000866025403786457 0
0.16899933288112 0.000916320072114638 0
-0.169014686917121 0.00088152389199013 0
0.188000100108334 0.000866037740964104 0
-0.188000199175174 0.000866491191192689 0
0.17099848659503 0.00097341806314818 0
-0.171009799254873 0.000861312992237196 0
0.190000101891549 0.000866037925248743 0
-0.190000203683688 0.000866512364799678 0
0.172997898753429 0.00100939092721631 0
-0.17300004019732 0.000865972210913095 0
0.192000103885579 0.000866038171234057 0
-0.192000212129489 0.000866541687679574 0
0.175172513243073 0.00077744351628159 0
-0.174999915637585 0.000866010892431662 0
0.194000105910435 0.000866038427023432 0
-0.194000225584591 0.000866561539625789 0
0.196000108064379 0.000866038693345544 0
-0.196000238926965 0.000866527877716984 0
0.179188224731945 0.00398479265106886 0
-0.179126319427895 0.0039887156150031 0
0.198000110246869 0.000866038959171097 0
-0.198000234431872 0.000866385563074183 0
0.181109920521233 0.00391107572684827 0
-0.181109918272524 0.00391107593292059 0
0.200000113329677 0.000866039974227782 0
-0.200000256158219 0.000866191657041563 0
0.183107903949866 0.00384178845978639 0
-0.183107937614407 0.00384180691606629 0
0.185119181627394 0.00378304985608947 0
-0.185119202078556 0.00378307321509334 0
0.202000067753278 0.000865993799606238 0
-0.202000067753018 0.000865993799608506 0
0.187137427230958 0.00359695058501566 0
-0.187137427230958 0.00359695058501566 0
0.203995939407402 0.000906521657263489 0
-0.20399592151341 0.000906541326159534 0
0.18913423757579 0.00351470920570508 0
-0.18913423757579 0.00351470920570508 0
0.205992103934297 0.000909378239462107 0
-0.20599221337047 0.000909523610616763 0
0.191267078499558 0.00345624354864867 0
-0.191267290665365 0.00345670381210079 0
0.208000123683594 0.000866041329736708 0
-0.208000279735244 0.000866207040999074 0
0.193265565739006 0.00340883182873853 0
-0.193265795134869 0.0034093146729007 0
0.210000074035776 0.000865990832318828 0
-0.210000074035553 0.000865990832321406 0
0.195083487120829 0.00325237271985084 0
-0.19508373360801 0.00325294063843113 0
0.211999965221023 0.000855999570898083 0
-0.212000000966883 0.000855998717959285 0
0.197082200426441 0.00321184770190506 0
-0.197082499431069 0.00321231979058637 0
0.214000000365952 0.000857314471816816 0
-0.214000013294541 0.000857316738415725 0
0.199080919736888 0.00317139577149376 0
-0.199081227725246 0.00317165374775723 0
0.21600000973564 0.000856188919237983 0
-0.215999999961217 0.000856189161166319 0
0.201115099644781 0.00302126092984199 0
-0.201115099644781 0.00302126092984199 0
0.218000009987409 0.000852568168035832 0
-0.217999990255472 0.000852566515842952 0
0.203103766488576 0.00314449432128373 0
-0.203103753952056 0.00314450067617435 0
0.220000010252535 0.00084894183597182 0
-0.220000000294332 0.000848939757590905 0
0.20507367494128 0.00281893197442515 0
-0.205073734640137 0.00281889956208922 0
0.221999999958047 0.000845309153333551 0
-0.221999999957882 0.000845309153332586 0
0.207080773568198 0.00274195560958139 0
-0.207080905231212 0.00274192001413775 0
0.223999999999982 0.000866025403782346 0
-0.223999999999829 0.000866025403786506 0
0.209086081091934 0.00265976377180331 0
-0.209086141930243 0.00265975369542275 0
0.225999999999979 0.000866025403782346 0
-0.225999999999834 0.000866025403786506 0
0.211088339501309 0.00260609560339954 0
-0.211088339501271 0.00260609560339605 0
0.21307583341125 0.00253382477547838 0
-0.213075857153113 0.00253383047237214 0
0.227999999999973 0.000866025403782334 0
-0.227999999999837 0.000866025403786506 0
0.2150737310205 0.00246512008431572 0
-0.215073731020434 0.00246512008429947 0
0.22999999999997 0.000866025403782346 0
-0.229999999999843 0.000866025403786506 0
0.217071604903443 0.00239639287120586 0
-0.217071579958713 0.00239638611585053 0
0.23200742090963 0.000897475158459374 0
-0.232007420909528 0.000897475158462666 0
0.21907776318449 0.00230484230398003 0
-0.219077750126845 0.00230483853102727 0
0.234007133419617 0.000886633390095116 0
-0.234007133419522 0.000886633390098377 0
0.221077426718545 0.00222072343367101 0
-0.221077426718525 0.00222072343366495 0
0.236013419117528 0.000885139990198529 0
-0.236013419117453 0.000885139990201038 0
0.223074614831929 0.00214337794319671 0
-0.223074614831909 0.00214337794319042 0
0.238025201696193 0.000861724810144474 0
-0.238025201696143 0.000861724810144603 0
0.225073244305125 0.0020569777584778 0
-0.225073251530484 0.002056980350441 0
0.227070331314061 0.00197821601919397 0
-0.227070331314049 0.00197821601918911 0
0.240024104857476 0.000819886614499168 0
-0.240024104857432 0.000819886614499426 0
0.229070444472449 0.00186988161949241 0
-0.229070444472449 0.00186988161949241 0
0.242016436783293 0.000803122845985289 0
-0.242016436783246 0.00080312284598715 0
0.231225165447317 0.00178055370626986 0
-0.231225165447279 0.00178055370627032 0
0.244011184846113 0.000799651857108845 0
-0.243858811815969 0.000772275974173903 0
0.23306036783267 0.00168113744322873 0
-0.233060367832659 0.00168113744322896 0
0.245941896148774 0.000924852282344992 0
-0.246017196425824 0.000964261224921014 0
0.235060875506947 0.00162315748156211 0
-0.235060875506947 0.00162315748156211 0
0.237055870887699 0.00153696029978664 0
-0.23705587088769 0.00153696029978678 0
-0.284009170258601 0.000236443965517489 0
0.284009170258601 0.000236443965517489 0
0.248018036740474 0.000962252225755966 0
-0.248018036740443 0.000962252225752595 0
0.283009898424208 0.000259605966834125 0
-0.28300996767239 0.000257004310345176 0
-0.285008372844811 0.000215883620689802 0
0.285008372844811 0.000215883620689802 0
0.239050954737174 0.00147591337037081 0
-0.239050954737149 0.00147591337037049 0
0.250021486616109 0.000928684184466814 0
-0.250021486616088 0.000928684184465871 0
0.241048423737253 0.00142713508964674 0
-0.24104842373723 0.00142713508964758 0
0.251031313203327 0.00092410494363137 0
-0.251031313203317 0.000924104943630819 0
0.282010681748426 0.00028016685811278 0
-0.28201076508618 0.000277564655172842 0
0.243045306792365 0.00138393038808416 0
-0.243023539216615 0.00138001954766561 0
0.24701364656721 0.00100884856777943 0
-0.247022610885878 0.00101354010855603 0
0.244862428425459 0.00132861315343312 0
-0.244920577092417 0.00110548179048953 0
0.24903130705362 0.000952526758027202 0
-0.2490313070536 0.000952526758026483 0
-0.00842300448746592 0.0109580984893801 0
-0.00788892502637611 0.0101149262485782 0
-0.00689428838688135 0.010151081229816 0
-0.00735488958734695 0.00927186933112232 0
-0.00835130706402481 0.00923177110932991 0
-0.00781756663784633 0.00838910785556825 0
-0.00881458007572876 0.00834878187840935 0
-0.0068207121375479 0.00843005204225875 0
-0.00728372663190763 0.00754662655210911 0
-0.00628696261839789 0.0075875294464966 0
-0.0067499836328653 0.00670388639470305 0
-0.00575301157577296 0.00674485079778295 0
-0.00621610587003415 0.00586103239756085 0
-0.00521913880344113 0.00590209014659559 0
-0.00721322098656903 0.00582016385169545 0
-0.00475617552808905 0.00678584341389804 0
-0.00422238956837786 0.00594402692260821 0
-0.00375960831650361 0.00682699568189773 0
-0.00322584145144799 0.00598504298930926 0
-0.00276331419117543 0.00686796846659996 0
-0.00222958030530228 0.0060263381969352 0
-0.00176698355632774 0.00690894713438487 0
-0.00123340728416864 0.00606722653355074 0
-0.000770981698513853 0.00694994744922164 0
-0.000237387156216335 0.00610829051361036 0
0.000225358697319717 0.00699095663265334 0
0.000758614034533428 0.00614909860261996 0
0.00122145185588474 0.00703188994096881 0
0.00175444130226736 0.00619006417654034 0
0.00221693883071117 0.00707290723097434 0
0.00275025023334551 0.006231097203175 0
0.00321251790654232 0.00711395894901156 0
0.00374606419220674 0.00627212838891215 0
0.00328367611857049 0.00538901270742175 0
0.00427981840791565 0.00543012634429741 0
0.00474194827880913 0.00631330720168815 0
0.00527611287220149 0.00547136824451958 0
0.00573841300295225 0.0063548725401195 0
0.00627282100689173 0.00551277659944401 0
0.00673554028242346 0.00639658179993207 0
0.00726999500708972 0.00555403335405054 0
0.00773294084898518 0.00643821703283186 0
0.00826749348671993 0.0055948900982884 0
0.00873059640067392 0.00647967068754362 0
0.00926542818012495 0.0056361698868468 0
0.0097287541668621 0.00651744839373818 0
0.0102635680097744 0.00567686557801315 0
0.0107269738083424 0.00655823529723702 0
0.0112618564990417 0.00571800244173526 0
0.011725176826014 0.00660329230764067 0
0.0122602059283873 0.0057608427644762 0
0.0127235692661383 0.00664563221596143 0
0.0132587122096635 0.00580162558181014 0
0.0137221041029287 0.00668709668568035 0
0.014257247878046 0.00584397145377982 0
0.014720699615363 0.00672871425472041 0
0.015255892869321 0.00588463292722314 0
0.000295001725262767 0.00526645835039165 0
0.0157193328241909 0.0067700666280483 0
0.0162545413299089 0.00592591827664707 0
0.0167179762206357 0.00681147010131902 0
0.0172532039739848 0.00596731778176404 0
-0.00468651703933541 0.00506119135386437 0
0.0177166453328094 0.00685290372483765 0
0.0182518801611103 0.0060087505272596 0
0.0187153271169821 0.00689434684294796 0
0.0192505679962542 0.00605018258270123 0
0.0197140169582813 0.00693578886169324 0
0.0202492601043288 0.00609162127570717 0
0.0187870439766511 0.00516557609800959 0
0.0147930006972493 0.00500161407879741 0
-0.00169799701290275 0.0051848880344114 0
0.0167897514704237 0.00508170014866187 0
-0.00667911968988149 0.00497684194215988 0
-0.00767651296574109 0.00493585881761388 0
0.0207126980100629 0.00697723736593373 0
0.021247955801594 0.00613306900433221 0
0.0207844961629896 0.00524741418795392 0
0.0217832402022087 0.00528886225398083 0
0.0222466925647845 0.00617453309420949 0
0.0227819907776867 0.00533033108142695 0
0.0232454449824618 0.00621600099459904 0
0.023780742642956 0.00537180346933567 0
0.0242441942209943 0.00625746902897351 0
0.0247794845297785 0.00541336092924514 0
0.0252429220328829 0.00629897651763121 0
0.0257782279648323 0.00545483990898184 0
0.0262416308025121 0.00634046344013318 0
0.0267769603305048 0.00549631004678517 0
0.027240363262843 0.00638192746521416 0
0.0277756961712316 0.00553774572226186 0
0.0282391527497014 0.0064233563177282 0
0.0287744380966218 0.00557920336426747 0
0.0292379090593382 0.00646481048555408 0
0.0297731741204725 0.0056206356555843 0
0.0302366415125387 0.00650626802919551 0
0.0307719008215129 0.00566210179470604 0
0.0293095698494361 0.00473501799618535 0
0.0312353498013526 0.0065477399891099 0
0.0317706198586836 0.00570355833917366 0
0.0322354217949207 0.00655682849770777 0
0.032769589066601 0.0057396356842236 0
0.0323059318817754 0.00485844406032579 0
0.0333047027697706 0.00489977061455218 0
0.0337681635249869 0.00578544583666124 0
0.0343034415847668 0.0049419622519443 0
0.0347668834992239 0.00582777539736348 0
0.0353021934031621 0.00498371452098169 0
0.0357656273967764 0.00586945056575285 0
0.0362991453941217 0.00502622580329165 0
0.0367640809168513 0.00591114319432391 0
0.0372968791278651 0.00508404402851078 0
0.0377626220071788 0.00595538993975515 0
0.0382972275620401 0.00512777294629702 0
0.0387616170857959 0.00599771007472994 0
0.0392965830815926 0.00516251991431008 0
0.0397605042318455 0.00603821568451342 0
0.0402952327296981 0.00520796970269306 0
0.0407592375971992 0.00608020623084752 0
0.0412943220513519 0.00524134842118003 0
0.0417580461437316 0.00612042474491088 0
0.0422933433045099 0.0052760501226883 0
0.011798238120275 0.0048776248945181 0
0.00980022158286539 0.00479273732803639 0
0.0243159670156161 0.00452776956575419 0
0.0427568374967925 0.00616057203319916 0
0.0432921298771175 0.00531619412592471 0
0.0437555684589058 0.00620161810417873 0
0.0442908649846057 0.00535737638257304 0
0.0447542776806752 0.00624297876057046 0
0.045289588282121 0.00539878170451921 0
0.00780481528577372 0.00471158443702038 0
0.0213197640001618 0.00440315934734937 0
0.00381745083935075 0.00454661704886552 0
0.00619990694820071 0.00723829704576556 0
0.00581102191829561 0.00462935454940292 0
0.0448261656868863 0.00451309175799573 0
0.0458249358862508 0.00455458586536935 0
0.0462883625849684 0.00544031187136817 0
0.0468237092074259 0.00459610643998691 0
0.0472871252573161 0.00548182302452296 0
0.0478199688087409 0.00469796674406502 0
0.0482854729916359 0.00553339858711197 0
0.0488198632184789 0.00471237304973412 0
0.0492843500456646 0.0055720729844979 0
0.0498174135888963 0.00478293728070845 0
0.0502829353801364 0.00561795871909278 0
0.0508162322924882 0.00482297188817629 0
0.0512816839387073 0.00565996143832482 0
0.0518163741455678 0.00483111016350928 0
0.0522806450289941 0.00569599835280467 0
0.0528141687073802 0.00489547540264415 0
0.0532792660325963 0.00574041150304196 0
0.0538130522859889 0.00493356670968186 0
0.0542780085952114 0.00578184152665726 0
0.0548118133986966 0.00497450358216966 0
0.0552767479171199 0.00582324844719415 0
0.0558120820962327 0.00497906979415976 0
0.0273119796246036 0.00465218447960071 0
0.0418411999997232 0.00438289996602581 0
0.00819372812749942 0.00732226002623357 0
0.0562757221410782 0.00585860674887608 0
0.0568111062960178 0.00501340690730691 0
0.0572745973210543 0.00589791685955454 0
0.0578099421899789 0.00505336741507033 0
0.0573465056798569 0.00416758000940026 0
0.0583452951084774 0.00420873215903131 0
0.0588087217672297 0.00509451087797712 0
0.05934339343925 0.00426672221482966 0
0.059807357953919 0.00513873795726458 0
0.0603420319806578 0.00431146221701897 0
0.0608060849011129 0.0051812655312752 0
0.0613410837759834 0.00434622040144543 0
0.0618048880927594 0.00522184316905534 0
0.0623396837182267 0.00439173225033114 0
0.0628036400899527 0.00526389010239769 0
0.0633387885109478 0.00442505420191685 0
0.0638024681784037 0.00530415381067358 0
0.0643365565365734 0.00449042426820036 0
0.0648010586401579 0.00534945913485186 0
0.0653313172774498 0.00452931870755472 0
0.0657991256275997 0.005391190567884 0
0.0663354021355013 0.00454112784223939 0
0.0667986457051339 0.00542781261400042 0
0.0673090832814526 0.00459593596995233 0
0.0111904909672617 0.00743296647272528 0
0.0388759257807393 0.00430358761953947 0
0.0677933845504607 0.0054693651284686 0
0.0683487570772057 0.00450488423655188 0
0.0687973954665469 0.00549020459104792 0
0.0693550141462781 0.00468130650187439 0
0.0697982005246922 0.00555216457205367 0
0.0703347712269384 0.00471004569124503 0
-0.00429339065914386 0.00766936504361 0
0.0358491760259768 0.0041532732997406 0
-0.000307579814732732 0.00783271445534809 0
0.0342315539552433 0.00667220829112745 0
0.0503714017343394 0.00392381031489387 0
-0.00714223993471112 0.00409239093375254 0
-0.00813997906535777 0.00405136436900383 0
-0.00867437208860568 0.00489516021933096 0
-0.00913790554368293 0.00401036315075582 0
-0.0096723670111138 0.00485437968295923 0
-0.010120016837642 0.00399583224605929 0
-0.010667916264328 0.00481798836547928 0
-0.0111356236363081 0.00397070435495023 0
-0.0116687233395276 0.00478040164474201 0
-0.0112046495575275 0.00565981551308321 0
-0.0122034449235365 0.00561855680723269 0
-0.0126673947914997 0.00473331277706967 0
-0.01320205535477 0.00557667239701671 0
-0.013666031048944 0.00469125199935268 0
-0.0142006654749778 0.00553548541030552 0
-0.0137366833306599 0.00642067808386688 0
-0.0147352852138783 0.0063798352657574 0
-0.0151993074434756 0.00549459986664677 0
-0.0157339392865776 0.00633904550098889 0
-0.0161979784230995 0.00545378671546572 0
-0.0167326471980371 0.00629827425181958 0
-0.0171961826155819 0.00540064210084351 0
-0.0177312854556751 0.00625544795204338 0
-0.0181948149755506 0.00535745495386321 0
-0.0187299921497548 0.00621393648087482 0
-0.0191940592521287 0.0053288997168099 0
-0.0197288421746207 0.0061757397410328 0
-0.0201930831221547 0.0052946385170501 0
-0.0207276545065918 0.00613581860358609 0
-0.0211918870975889 0.00525466601647128 0
-0.021726441689151 0.00609532114754856 0
-0.0221909699209824 0.00522136666730644 0
-0.0227252624742673 0.00605584221222403 0
-0.023189675350772 0.00517877937308728 0
-0.0237240529860002 0.00601497825506158 0
-0.024188734889948 0.00514462161035193 0
-0.0247228882106964 0.00597529069357778 0
-0.0251878796064439 0.00511250515047798 0
-0.025721743304614 0.00593614127027583 0
-0.026186742272199 0.00507344095769338 0
-0.0267205598317526 0.00589592112087022 0
-0.0271858559297387 0.00504046066612143 0
-0.0277193899826979 0.00585653287007356 0
-0.0281839578428854 0.00498271495589311 0
-0.0287180430827105 0.00581316149676447 0
-0.0291835241038147 0.00496091566738204 0
-0.0297169622355661 0.00577511874624843 0
-0.0301827810174278 0.00493130321335901 0
-0.030715886860468 0.00573665485820463 0
-0.0311796136645493 0.00484205679058554 0
-0.0317143826517452 0.00568818456884474 0
-0.0321802603938418 0.00484643825702344 0
-0.0327134520241959 0.00565365150261843 0
-0.0331797116303911 0.00482143230955155 0
-0.0337124242626491 0.00561653876353766 0
-0.0341760315560688 0.00471971800537462 0
-0.0347108455927625 0.00556621544873065 0
-0.0351771628958229 0.00473574397251882 0
-0.0357099641117731 0.00553331789369663 0
-0.0361727164022262 0.00461521951395335 0
-0.036708298088811 0.00548055772393503 0
-0.0371709062011656 0.00455915620080895 0
-0.0377069276895841 0.00543523479594298 0
-0.0381709741796457 0.00454909788147852 0
-0.038705975705521 0.00540058640289434 0
-0.0391689485618082 0.00451710543030194 0
-0.0397046354176154 0.00536052621686308 0
-0.040162935827113 0.00447054836167288 0
-0.0407026219131776 0.00531890412833776 0
-0.0411618989841263 0.00442601448174052 0
-0.0417013123167589 0.00527736316997428 0
-0.0421654543204161 0.00439355343593571 0
-0.0427009149847855 0.00523783917443058 0
-0.043165411195017 0.00435966089672628 0
-0.0437000566592096 0.00519841700808659 0
-0.0117396629468031 0.0065019088181012 0
-0.0441644065881561 0.00431854342149593 0
-0.0446989479065233 0.00515781195407619 0
-0.0451635543470604 0.00428467793318522 0
-0.0456978527529507 0.00511820962009294 0
-0.0461645554174867 0.00424635506156673 0
-0.0466970553129761 0.00507803580827107 0
-0.0471633084792302 0.00419384979629315 0
-0.0476959193336943 0.00503540736200267 0
-0.0481410588763019 0.00416170796796653 0
-0.0486912568039053 0.00499575481530096 0
-0.0491454081268286 0.00412759793389861 0
-0.0496917160619892 0.00495449100285059 0
-0.0501643955905017 0.00407583677436274 0
-0.0506928750231359 0.00491358832029916 0
-0.0217828875084331 0.00436311659965307 0
-0.0511573627510422 0.00402816623325183 0
-0.0516909880830079 0.0048714704303271 0
-0.0521551002308442 0.00398601340168834 0
-0.0526895643025993 0.00483029256871889 0
-0.0247816971582346 0.00429678402717155 0
-0.0166557541376153 0.00438994718924283 0
-0.0531347637763168 0.00397263654938537 0
-0.0536852913699611 0.00479410859091899 0
-0.0541217439810875 0.00402195973586998 0
-0.0546572105363436 0.00480030016773808 0
-0.0186594625136416 0.00448683532011786 0
-0.0142712614211943 0.00726500973608725 0
-0.0162686081243381 0.0071835354164153 0
-0.0182660362733976 0.0071012196381766 0
-0.0202635403852012 0.00702052071818436 0
-0.0272550645686078 0.00673584481213735 0
-0.0302514456228252 0.00661377232088276 0
-0.033247952734794 0.0064920838511582 0
-0.0232598732237236 0.00689821326017313 0
-0.0362443977689904 0.006369374307439 0
-0.0392407507565682 0.00624569305220856 0
-0.0252575254640324 0.00681760810252407 0
-0.0422369907221095 0.00612315337272651 0
-0.0452337328330939 0.00600173475110757 0
-0.0482297848167524 0.00587936915522346 0
-0.0512267371320434 0.00575675661443305 0
-0.0295965409771434 0.00408330837978714 0
-0.0542176414149741 0.00564356596121602 0
-0.0552219236610436 0.00559333301850339 0
-0.0556518787382705 0.004573539320452 0
-0.0562150465694139 0.00553035328875165 0
-0.0566848011742894 0.00466723888347348 0
-0.0572185851977174 0.00550842464552909 0
-0.0576603782492974 0.00466698022403843 0
-0.0582142574510841 0.00547737181222765 0
-0.058654020922859 0.00447859069555515 0
-0.0592116899000055 0.00541370507093048 0
-0.0596811470862765 0.00454498604814352 0
-0.0602149842583003 0.00538711251109277 0
-0.0607457405498352 0.00430967166078246 0
-0.0612254545050437 0.00531610400765488 0
-0.0617793524354425 0.00441468556333558 0
-0.0622320181611478 0.00529467956514516 0
-0.0627258375059703 0.00442727591021119 0
-0.0632233973805336 0.00526616138412935 0
-0.0636762967172269 0.00438198071231691 0
-0.0642128621037915 0.00522649896585755 0
-0.0646756605564385 0.00435133710356089 0
-0.0652102202638125 0.00518769088113863 0
-0.0656745293904843 0.00431420571274557 0
-0.0662087990708867 0.00514799048238199 0
-0.0666736007621344 0.00428158762866536 0
-0.067207568508637 0.00510857345829183 0
-0.0676719651327463 0.00423100815582067 0
-0.0682063145504205 0.00506648493621102 0
-0.0686713064898783 0.00420349297553479 0
-0.0692052068452872 0.00502784242047344 0
-0.0696705156990682 0.00417274225579464 0
-0.0702040541703902 0.00498890895777765 0
-0.0706686265152913 0.00411525658329479 0
-0.0712027748004772 0.00494574924739923 0
-0.0716682194724254 0.00409375999988619 0
-0.072201708546025 0.00490793169428861 0
-0.0726674860965019 0.00406427874135094 0
-0.0732005748494785 0.00486934545911257 0
-0.0736642815021883 0.00397445893072484 0
-0.074199083050979 0.00482085148754166 0
-0.0746649598703926 0.00397941516999315 0
-0.0751981661369504 0.00478655202770253 0
-0.0756644263201958 0.0039546993947556 0
-0.0761970932854879 0.00474934841697907 0
-0.0766607092463165 0.0038521998904647 0
-0.0771955291567635 0.00469897074276944 0
-0.0776618689458747 0.00386882486298888 0
-0.0781946836372983 0.00466630168511831 0
-0.0326103431989478 0.00399343735101356 0
-0.0786434344290229 0.00373122988223342 0
-0.0791906427260527 0.00461055842779389 0
-0.0796187085789487 0.0036308426166525 0
-0.0801850851546008 0.00455745243468375 0
-0.0806559706069446 0.00368918594393958 0
-0.0811895933208098 0.00453128927584183 0
0.0142443483982157 0.00754849110939044 0
-0.00230131071848459 0.00775116193759317 0
0.0328411930951461 0.00401501357604711 0
-0.0354389434310514 0.00393932194190686 0
0.0475496483732003 0.00368852362071672 0
0.0487492384206132 0.00641049878614331 0
-0.0267808188472388 0.00425308753557015 0
-0.0816424792361082 0.00361614044608492 0
-0.0821872732320044 0.00448737871315156 0
-0.0826195030382766 0.00354877715637719 0
-0.0831883169709981 0.00445230707518368 0
-0.083627194754676 0.00353639495193027 0
-0.0841829812249479 0.00440684027296332 0
0.0277037012114436 0.00726761015509426 0
0.0707937143624238 0.00559303538756892 0
0.0713297954284721 0.00474935489494881 0
-0.0386284471552856 0.00368068338113707 0
0.0227101128844773 0.00706016876833579 0
0.0552828562620707 0.00417441748138255 0
0.0026792684614447 0.00795553171692171 0
0.0372722830493966 0.00677442722059016 0
0.071792545545528 0.00563464863006617 0
0.0723279144160405 0.0047905286428574 0
0.0727911462390563 0.00567613069600724 0
0.0733265393950002 0.00483201445197786 0
0.0728631149259043 0.00394628302220133 0
0.0738618881783515 0.0039878381245058 0
0.0743252767234316 0.00487357820117429 0
0.0748606539864882 0.00402941771539406 0
0.0753240181692305 0.00491515643843847 0
0.0758490652755755 0.00407641288883692 0
0.0763210521024776 0.00495763886228097 0
0.076858182537833 0.00411258974225876 0
0.0773212352320307 0.00499848746795463 0
0.0778747273048334 0.00416551220350556 0
0.0783231643933408 0.0050418523522724 0
0.078855690532793 0.00419576061666609 0
0.0793195018237913 0.00508182226286217 0
0.079851521064749 0.00424960399931728 0
0.0803173615194565 0.00512524876190569 0
0.0808521656139055 0.00429220801581158 0
0.0813162193825355 0.00516746855488527 0
0.0818516907693158 0.00432320362659675 0
0.0823151272523538 0.00520730193012731 0
0.0828505814305249 0.00436273756090268 0
0.069917492365929 0.00375756307681906 0
-0.0416124803061957 0.00353065495311127 0
0.00367449948946465 0.00799651552013874 0
0.0318423782963236 0.00397345748755596 0
-0.0571256994000087 0.00375578077538007 0
0.0028208130709831 0.00450557872439582 0
0.00335482078688638 0.00366274190243236 0
0.00235754438148398 0.00362173637277262 0
-0.084646409855558 0.0035214934073893 0
-0.0851844756991983 0.00436937510846364 0
-0.0856492720884025 0.00349030308814261 0
-0.08618470645339 0.00433026358695831 0
-0.0866489581088587 0.00345020716390086 0
-0.0871836709394941 0.00429066151533482 0
0.0534015281610402 0.00406650527011514 0
-0.0587515989176555 0.0063145280836401 0
0.0517455953361773 0.0065335913951998 0
-0.0617544262660422 0.00618632438354117 0
-0.064746277324168 0.00607207265876196 0
-0.0677422560556767 0.00595021163350511 0
-0.0707386753191714 0.00582845658396128 0
-0.0737351811581926 0.00570692785724003 0
-0.0767316259981957 0.00558510776601548 0
-0.0797264367582693 0.0054569108281731 0
-0.082724061199064 0.00533743314780583 0
-0.0857206726668362 0.0052157117027096 0
0.0247076023130121 0.00714314303095283 0
0.0592721100886692 0.00598059711444179 0
0.0813941918048303 0.00345238397549648 0
0.0161954720299391 0.00768105529665921 0
0.03070011419995 0.00739188384451595 0
0.0668162650822256 0.00355523825641874 0
0.0467517371205966 0.0063259703012812 0
-0.0445981948778842 0.00345125016822543 0
-0.0600014942804344 0.00360528735007357 0
-0.0876482402600615 0.00341676238106737 0
-0.0881825601145138 0.00425106009116185 0
0.0833139457309854 0.00524823020548388 0
0.0838493487551069 0.00440385504233356 0
0.0843127382733381 0.00528951941282659 0
0.0848481307363306 0.00444531614886281 0
0.0843847425575566 0.00355954834238814 0
0.0854049742912089 0.00358973226484792 0
0.0858504751374935 0.00448498517350881 0
0.0863923291612113 0.00363076899933683 0
0.0868479136892899 0.00452618404720458 0
0.087396015441389 0.00364962472654 0
0.0878472842885065 0.00456393528998484 0
0.0883809669890769 0.00372011315919824 0
0.0888432013026443 0.00461173641548819 0
0.0893733415743485 0.0037559781683045 0
0.0898410815607305 0.00465139923590776 0
0.0903761796303228 0.00380559474218034 0
0.0908407269410278 0.00469496416489198 0
0.0913737047985419 0.00390392892898495 0
0.0918463454772507 0.00476792719890796 0
0.092373965953399 0.00392303626667311 0
0.0928497809525613 0.00480929716039813 0
0.0933733387555098 0.00399408414753897 0
0.0938421385234414 0.00483326317292101 0
0.094371446195425 0.00402981626298384 0
0.0402240736033831 0.0069213972320613 0
-0.088650114037592 0.0033789726936888 0
-0.0891819467688047 0.00421105691992428 0
-0.0896490697895097 0.00332712101047962 0
-0.0901809150958594 0.00416870558790632 0
-0.0887175852195845 0.00509485025604411 0
0.0784345320978978 0.00334334284918506 0
0.0948364154166224 0.00487266972202362 0
0.0953702398856767 0.00404093177472272 0
-0.0475756583711954 0.00333860007421719 0
0.0640319221884218 0.00368250425547106 0
-0.0632616856758237 0.00353340123960661 0
0.0181800939516953 0.0077384773192586 0
-0.0131313537820299 0.00384677879590219 0
-0.0141300477468304 0.00380562573607838 0
0.0767857544319944 0.00584263729916402 0
-0.00760556508677429 0.00320759781632684 0
0.0612696014816472 0.00606378713706411 0
0.0753793550552256 0.0032181444545845 0
-0.0906266303883744 0.0032943252342524 0
-0.0911761802801518 0.00412879065314934 0
0.0958344025434191 0.00490883025890557 0
0.0963681081307011 0.00410182509728381 0
0.0968328611142983 0.00495274606824414 0
0.0973682265174854 0.00410903747119119 0
-0.00660753537344853 0.00324874969648278 0
-0.050603739141187 0.00322701926248634 0
0.0607389167278886 0.00347080051872119 0
0.045361492837254 0.00366883300875271 0
0.0443626625379268 0.00362733693131935 0
-0.0662719831304054 0.00345230554206894 0
0.0323776963118116 0.00312927081236026 0
-0.0916318728679416 0.00326056920242016 0
-0.0921778061338812 0.00408552898528927 0
-0.0926506075573122 0.00320893203946854 0
-0.0931781716574256 0.00404639212316421 0
-0.0917136785212221 0.00497089350079374 0
0.043220310717805 0.00704571650204073 0
0.020177472886931 0.00782137194490741 0
0.0333765728021441 0.00317076800092363 0
-0.0936254051321466 0.00318291027445676 0
-0.0941732093613001 0.00400825907401639 0
0.0578818721292441 0.00332298978272274 0
0.0797822265290939 0.00596777304836303 0
-0.069089131150333 0.00327342008368746 0
0.0978317692670279 0.00498900736210385 0
0.0983672071985096 0.00414403401936499 0
0.0642659006749201 0.00618914122956136 0
-0.0946369450455132 0.00315414006051728 0
-0.0951735006187712 0.00396988212271941 0
-0.0956552183830744 0.00309396675748243 0
-0.096175827376212 0.00392628777988673 0
-0.0947097933012768 0.00485052953461212 0
0.0968118512636004 0.00320918390439647 0
-0.0966405595139117 0.00304041612153597 0
-0.0971722857425684 0.0038820672051424 0
-0.0720879886493777 0.00321694358375498 0
-0.0107413250329137 0.00654315293076468 0
-0.0112758299476658 0.00738683064203325 0
0.0863109390437817 0.00537211224082665 0
0.031378813019376 0.00308781547503189 0
-0.0557558721948872 0.00643478456581269 0
-0.0967083774499999 0.00476778777716626 0
-0.0977066886838505 0.0047263756144895 0
-0.0981708562859251 0.00384109521763385 0
-0.0987054823185866 0.00468565199551487 0
-0.0991695974082466 0.00380033354778241 0
-0.0997042426818994 0.00464493635799044 0
-0.10016836957183 0.0037596071655573 0
-0.100703032198333 0.00460420838745166 0
-0.101169135217499 0.00376757343884558 0
-0.101702145939036 0.00457160345159181 0
-0.102168303271785 0.00373631441834928 0
-0.102701037458919 0.0045338156259244 0
-0.103234375776198 0.00345384768543147 0
-0.103711066558744 0.00445329394872825 0
-0.104268586532259 0.00355118260340095 0
-0.104717631394542 0.0044289511731044 0
-0.105212709039583 0.00356190129462495 0
-0.105708593960419 0.00439953639731719 0
-0.106161075864082 0.00351529822600365 0
-0.106697687811989 0.00435972056003651 0
-0.10716045649119 0.00348494554558913 0
-0.107694962156031 0.00432088055325749 0
-0.108159320222945 0.00344786529696765 0
-0.108693503457587 0.00428108281282159 0
-0.109158384543511 0.00341525789169473 0
-0.109692314033686 0.00424186879493714 0
-0.110156750735639 0.0033645968399508 0
-0.110691042636857 0.00419974407538147 0
-0.11115609500999 0.0033372277672734 0
-0.111689910146086 0.00416101713138404 0
-0.112155301476649 0.00330650881683416 0
-0.112688802938858 0.00412229601262633 0
-0.11315341661352 0.00324894298116828 0
-0.113687507411597 0.0040791023473064 0
-0.114153013439492 0.00322759379013758 0
-0.114686416857728 0.00404120026891922 0
-0.0996009422921369 0.00299346405777443 0
-0.115130852137245 0.00319284503975308 0
-0.115681759642919 0.00400194467459854 0
-0.116180423024476 0.00304557038923112 0
-0.116688452550803 0.00394371015259211 0
-0.117204400302324 0.00308191705412417 0
-0.11769276080894 0.00391291694076937 0
-0.102481221842967 0.00280422808891282 0
0.0827784003436448 0.00609250406799858 0
0.0988305589218398 0.0050286233944057 0
0.0993659755924417 0.00418419665986942 0
0.0998293022926461 0.00506966795853933 0
0.100364733470029 0.00422548475624317 0
0.0999013895408673 0.00333970273083165 0
0.100899442269824 0.0033985461414445 0
0.10136337500909 0.00426992221622613 0
0.101898078300601 0.00344352678677905 0
0.102362077893031 0.00431259154483738 0
0.102897127304062 0.00347837724354642 0
0.103360879840077 0.00435327683921929 0
0.103895692885155 0.00352474414951313 0
0.104359597854654 0.00439557212686247 0
0.104894816983799 0.00355754396579827 0
0.105358375850349 0.0044358718130491 0
0.105860451703775 0.00360898099371618 0
0.106351636624715 0.0044789045860931 0
0.106781413447665 0.00362096786047027 0
0.10733651992726 0.00451581957571429 0
0.107792128585111 0.0034704081693866 0
0.10833492018875 0.00452464997518421 0
0.108890198265077 0.00371447300969857 0
0.10935016269245 0.00459456337211579 0
0.109888742246305 0.00363880740593269 0
0.10848014719105 0.00279759332287557 0
0.105291460826711 0.0026969091117187 0
0.0939156363949008 0.00311377918699438 0
-0.0751072354777613 0.00310483874737409 0
0.0883081957030124 0.00545480507727353 0
0.103824284046162 0.00523647213123563 0
-0.11816011246 0.00308547970293339 0
-0.118685320083301 0.00388123106052864 0
-0.119137889409412 0.00301290629499719 0
-0.119679587702813 0.00383670804616625 0
-0.120130148348155 0.00290997460912997 0
-0.120676542824477 0.00378498671720112 0
0.0747886848576302 0.00575930293528449 0
0.0537430843940039 0.00661662375222901 0
-0.105751220560563 0.0026674998768617 0
0.102434396550406 0.0025787304118913 0
0.0672530687054544 0.00634100835173026 0
0.0910664640092709 0.0028854910799114 0
-0.0779250262978261 0.0027935649921035 0
0.110392561730963 0.00465544505528428 0
0.110905469596473 0.00382227532411133 0
0.111423984911233 0.00476930065129015 0
0.111901506008903 0.00385780523503158 0
0.111417806658224 0.00310805377984883 0
0.112386770716775 0.00478787753992367 0
0.112893780331972 0.00389459155072355 0
-0.108761864775532 0.00258629721196381 0
-0.12112640940401 0.00284769001771287 0
-0.121674639323796 0.00373883793603783 0
-0.122106997963357 0.00276140399506381 0
-0.1226703028513 0.00368961867329498 0
-0.12314079741687 0.00282303941036445 0
-0.123674418316792 0.00366454215808567 0
0.106816334862636 0.00536143081882959 0
0.0557404042207685 0.00670171435626728 0
-0.00958884592887603 0.00322286155550129 0
0.087938343741581 0.00274171089646621 0
-0.11158044468856 0.00240748712930635 0
-0.0810754617416594 0.00269883143350295 0
-0.0525990961899471 0.00320307347335103 0
0.0733984840169616 0.00310206141419762 0
0.0723996542854817 0.0030604984077121 0
0.0913314790763438 0.00567934416845386 0
0.0449045223020966 0.00277276420821742 0
0.0702530895955316 0.00646735829612282 0
0.0031412848294714 0.00883776290087398 0
0.00214649631960523 0.00879676739613532 0
0.00413628425909698 0.00887885207866438 0
-0.114574362308688 0.00233385421115875 0
-0.124128633035674 0.00275056129705623 0
-0.124672308694239 0.00362113490793076 0
-0.125108373853107 0.00268339515440165 0
-0.12567174592121 0.00358346296407666 0
-0.126114939048331 0.00266999024032318 0
-0.126668010933535 0.0035398998677483 0
0.0849451762940168 0.00270201290848683 0
-0.0840650306210011 0.00262801742809597 0
0.0439054778034429 0.00274317030675605 0
0.00289608142743685 0.00278130680779552 0
0.00389001808592208 0.00282011412554544 0
0.00191082218868371 0.00272053053184609 0
-0.013621054409152 0.00297460433472891 0
-0.0145902466379425 0.00296621923927656 0
-0.117705363798282 0.00222453599892522 0
0.113350345773452 0.00477012086636629 0
0.113885610297197 0.00392555947654102 0
0.113424548781978 0.00305472731797237 0
0.114426899608705 0.00311334212045794 0
0.1148841565685 0.00397069229258749 0
0.115400939830776 0.00313688405027017 0
0.11588132393697 0.00400611985799943 0
0.116402939389167 0.00319533525561667 0
0.116877767114063 0.00405334785845742 0
0.11742049674115 0.00323098992765021 0
0.117879273774285 0.00409495166717273 0
0.118404192655219 0.00325661023356413 0
0.118875988936484 0.0041339457823999 0
0.119409830518833 0.00330033031420442 0
0.119875533033199 0.00417552076831373 0
0.120419586370367 0.00334186600940748 0
0.120876243345504 0.00421716180167115 0
0.121409758542808 0.00337330686282015 0
0.121873892347059 0.00425713141772992 0
0.122409306851324 0.00341215239770824 0
0.122872563794741 0.00429805575827806 0
0.123412292561337 0.00345656317714073 0
0.123871987031678 0.00434006670270237 0
0.124403060716445 0.00349841870096074 0
0.124869507652699 0.00438183289566197 0
0.125398330172555 0.00353587929407364 0
0.115346159623171 0.00485123988463884 0
0.109863834616352 0.00552132555839105 0
-0.0870878777990309 0.00258316168245841 0
0.0839254717268024 0.0026715022057068 0
0.123930334608544 0.00260718800843697 0
0.0943046002778657 0.00570788959343575 0
-0.127131760180617 0.00265470653740311 0
-0.127669428755335 0.00350294356321255 0
-0.128134193072245 0.00262298767540715 0
-0.128669295889203 0.00346435021774921 0
-0.129133775633024 0.00258346174662925 0
-0.129668418159532 0.00342418380093477 0
-0.00582373563507118 0.00847110862989211 0
-0.00920874317468683 0.00573916409671201 0
0.0211761110682452 0.00786282353251711 0
0.020637499714122 0.00874158125431089 0
0.0196382532591225 0.00870591271781244 0
-0.0132726811847471 0.00730567738565087 0
-0.0138072223739244 0.00814902941796505 0
-0.0128078783546202 0.00818877780304414 0
-0.0148058117858515 0.00810923556072871 0
-0.012636757827826 0.00306179298965232 0
0.0459332606528363 0.00272654395001987 0
0.0203209562302612 0.00436173470778165 0
0.0208562500244651 0.00351742308708618 0
0.0198576714112406 0.00348873605553175 0
0.0218551079817145 0.00355886479397128 0
0.0213915734452646 0.00267306706750669 0
0.0223570843799742 0.00273200258654891 0
0.0568830280478384 0.00328140579986109 0
0.0574172359052536 0.00246542334183018 0
0.00136323790052564 0.00357789806336083 0
0.000911459201671156 0.00267300011615202 0
0.000365862770732626 0.00353548445586503 0
-9.7902485051698e-05 0.00265100519176135 0
-0.000633512737680875 0.00349738746901573 0
-0.00109780565395361 0.00261371468620498 0
-0.00163281551450001 0.00345842359242481 0
-0.00934817987509235 0.00919211425903483 0
-0.0143412822641088 0.00899173117678544 0
-0.0972444921695223 0.0056106472606735 0
-0.100240758613028 0.00548834180533647 0
-0.103239165991975 0.00536321496975282 0
-0.1062358079938 0.00524378486334044 0
-0.10923001993845 0.00512294590864476 0
-0.112224378146132 0.00500091556175714 0
-0.11522079347588 0.00487876282173022 0
-0.118217227501308 0.00475660881266663 0
-0.121214848286259 0.00463060482495595 0
-0.12421178545834 0.00450945828133683 0
-0.127207929863035 0.00438753063951572 0
-0.0153404968801826 0.008952482587373 0
-0.12056823804023 0.00190569126325491 0
-0.0900670521745199 0.00247282270380663 0
0.120949465670272 0.00252209825373949 0
-0.00209090385408856 0.00257705789714271 0
-0.00262968221920555 0.00341807141286752 0
-0.00309098578026345 0.00253863209581758 0
-0.00362840359339405 0.00337674501264171 0
-0.00409466417503795 0.00249467473734561 0
-0.00462383097801255 0.00333574361695993 0
-0.0962458318455742 0.00564609990247972 0
0.101826802068904 0.00515336370800076 0
-0.130133063152533 0.00255000906843436 0
-0.130667345038213 0.00338478008953385 0
-0.13020530377215 0.0042670888579763 0
-0.131202003698885 0.00422041825564453 0
-0.131666083236013 0.00334116517048689 0
-0.132202605990127 0.00417686374838662 0
-0.132647211517242 0.00331088527158752 0
-0.13319901731687 0.00414448000131735 0
-0.133650842303013 0.00327762942422417 0
-0.132095405321471 0.00247785077612377 0
-0.134195702576682 0.00410060497714345 0
-0.134668004856769 0.00322629296573369 0
-0.135199428928088 0.00405620419020597 0
-0.135641934184767 0.00319828050479187 0
-0.136195172340048 0.00402421897446971 0
-0.136659859177589 0.00313857377519567 0
-0.137194080258283 0.00397586763134728 0
-0.137673583223868 0.0031045433679657 0
-0.138197652969395 0.00393357652052795 0
-0.13864109063716 0.00308606249523535 0
-0.139192000937667 0.00390183120454823 0
-0.139654894886721 0.00306157851189514 0
-0.140190581187335 0.00386113966803308 0
-0.140675666203723 0.00299435061256274 0
-0.141194993220271 0.00381454205362039 0
-0.141639815014128 0.00297651389022905 0
-0.142188313820282 0.00377979495366133 0
-0.142635328476016 0.00277963999566548 0
-0.143183918375133 0.00371226639048442 0
-0.143651247200959 0.00285381016953676 0
-0.144187401137534 0.00368475755662582 0
-0.144721316308059 0.00260716061984958 0
-0.145199160272358 0.00361963777023226 0
-0.145757289900295 0.00271478726292035 0
-0.146203607585491 0.00359324097140663 0
-0.146698912986046 0.00273383913581013 0
-0.14719026580125 0.00356253042091136 0
-0.147656465713577 0.00269389151602916 0
-0.148180999390754 0.00353571720127106 0
-0.148647382804675 0.00266407771178571 0
-0.149179788573827 0.00349503679900589 0
-0.149644665963032 0.00262041672818431 0
-0.150178579864104 0.00345435626336699 0
-0.150643505596577 0.00258656480253286 0
-0.151177373619603 0.00341367552369857 0
-0.135105580406338 0.00241176980211669 0
0.11835336728527 0.00497061943892863 0
-0.00708498612515204 0.00237102928144067 0
-0.123566683463331 0.00183303576369283 0
-0.0930991708914409 0.00240232189827936 0
0.00342602160134504 0.00193515903923249 0
0.117932548528975 0.00244207897160547 0
0.112820972877988 0.00565383517480229 0
0.0973115765753754 0.00582418087908046 0
0.125868184544031 0.0044050806475579 0
0.126394124324461 0.00357013388901136 0
0.126866410865179 0.00444246653873128 0
0.127401068795646 0.00361544455602217 0
0.12692887931666 0.00272690919099066 0
0.127936303351388 0.00277433100849197 0
0.128401013593316 0.00366110193345086 0
0.128936722092885 0.0028176637878454 0
0.129400229661606 0.00370375220789035 0
0.129940595861946 0.00281249676908286 0
0.130399923253325 0.00373781687519687 0
0.130945304818186 0.00279086887869502 0
0.131399844502374 0.00376770710384434 0
0.131938489625919 0.00288911322196431 0
0.132397851184979 0.00381687944609209 0
0.132930988690042 0.00302826850943838 0
0.133395433529628 0.00387608393190943 0
0.133929784693316 0.00305618479745805 0
0.134394003628487 0.00391842065383444 0
0.134927382578961 0.00312469351220225 0
0.135392506313741 0.00396471059623734 0
0.13592621513516 0.00316375399159872 0
0.13639121267133 0.00400675130098505 0
0.136926175519501 0.00317589891857574 0
0.135465391897155 0.00224829814970371 0
0.130865197999865 0.00457091750141097 0
0.132669599198115 0.00215796216149034 0
0.129473988720156 0.00192185337950021 0
0.133840630258221 0.00479983279735701 0
0.0216397018164881 0.00873589405738599 0
-0.00507873331379533 0.00246229296928673 0
0.0329217403336957 0.0023084800743802 0
0.0444411361269592 0.00188893967684929 0
-0.15164194608243 0.00253827411365474 0
-0.152176170155137 0.00337299466007069 0
-0.152641197243327 0.00250875277115668 0
-0.153177275486121 0.00332604866830963 0
-0.13812043578779 0.00233096646093005 0
0.0584173188572062 0.00247863800667487 0
0.137372122562729 0.00403216871894811 0
0.137921070437766 0.00323526631299344 0
0.13837473383868 0.0040701974471991 0
0.138920116200556 0.00327157826553143 0
0.138463122715098 0.00236616843941625 0
0.139387813220082 0.00412133022433988 0
0.139921269850468 0.00331397346717085 0
-0.0961133468518897 0.00219844041843023 0
0.084462669089394 0.00181388993486819 0
0.0729132623592414 0.0022276108019459 0
0.114918412199415 0.00236050744006188 0
-0.126557848490696 0.00176122666330552 0
0.000458149912244329 0.0017598202039755 0
0.0722558097693604 0.00652023532399082 0
0.073254460346427 0.00656177661382523 0
-0.141114121458259 0.002054485849011 0
-0.00807715058461774 0.00238313072805818 0
0.121363382124402 0.00508787543971219 0
-0.153640759590117 0.00247629933782651 0
-0.154176922319153 0.00329388608570395 0
-0.154639830317231 0.00243840694779079 0
-0.155173075258407 0.00324830188864119 0
-0.15563854345981 0.0024048545764184 0
-0.156171383159344 0.00321026892296584 0
0.100395262805046 0.00253688410536076 0
0.0994310500298243 0.00246072475311438 0
0.00466964964896191 0.00803760794884756 0
0.00513128711334725 0.00892001658112956 0
0.0228483728112358 0.00360323179307883 0
0.0233101862688012 0.00274958275789048 0
0.0308435280753453 0.00393215897614625 0
0.030379938163862 0.0030463707885301 0
0.0433649261568459 0.00358611382587974 0
0.04292616246206 0.00267549088203114 0
-0.010277155040714 0.0074266588710009 0
-0.0108115541443787 0.00827081028728967 0
-0.0150858909524546 0.00379923139273729 0
-0.0155929843323446 0.00287942864467074 0
0.00257887543474435 0.00963189863543495 0
-0.00316176190383331 0.00426103152233616 0
0.0210635800443817 0.00962623053055186 0
-0.014071317609405 0.00206788502913948 0
0.0565090990285208 0.00245071746572499 0
-0.129577736161048 0.00171634406290977 0
-0.144021878395985 0.0019191209964243 0
-0.130725433808741 0.00509760776747276 0
-0.133720537604146 0.00497551432211815 0
-0.136716843573313 0.00485301395909537 0
-0.139712954190556 0.00473182821237417 0
0.0339215890662207 0.0023485194875571 0
0.0343694380404829 0.00321996440040931 0
0.0349369288521331 0.00243011805312395 0
-0.142708456891132 0.00460501107984726 0
-0.145710779321921 0.00447681606040256 0
-0.154693719346208 0.00412004673644467 0
0.136816381443938 0.00487142631340419 0
0.00456782447305683 0.00970134391620426 0
0.071936251214255 0.00221193616858563 0
0.0714355044183835 0.00304717288262619 0
0.00157999382066544 0.00958944772022109 0
0.00114618393468366 0.00874782345182003 0
0.000598571204900971 0.00956878790068969 0
-0.156636401314898 0.00234549351882185 0
-0.157170193356423 0.00316958690928055 0
-0.157636059914204 0.00232577434673017 0
-0.158171501104846 0.00312572676065446 0
-0.00455310675668513 0.00164724243686382 0
-0.147241371986318 0.00183328443818687 0
0.140359787740454 0.00414312307065342 0
0.140917248189924 0.0033218190343325 0
0.140354466765459 0.00239170502893488 0
0.141438338290194 0.00249347083049729 0
0.141916797536465 0.00336434187065304 0
0.142451751853878 0.00253775332256158 0
0.142918127264531 0.00340665756428196 0
0.143453480063483 0.00258358692238718 0
0.14391780195804 0.00344919548956242 0
0.144452960204379 0.00261883618940041 0
0.14491683581956 0.00349000630685797 0
0.145452199146801 0.00265183831785862 0
0.145915732216941 0.00353015485302727 0
0.146450958423236 0.00269419217822215 0
0.146915240054252 0.00355420049078621 0
0.147450084588082 0.00272705686114037 0
0.147914172030716 0.00359153098740193 0
0.14844901390252 0.00276430648352127 0
0.14240297122467 0.00423748611445313 0
0.145411611553751 0.00438135039985272 0
0.148913594727952 0.00361686884621536 0
0.149447890686991 0.0028025894309394 0
0.149911676390441 0.0036742274769461 0
0.150446579913415 0.00284639332052016 0
-0.0971110247623377 0.00224655765064964 0
0.124372759743318 0.0052354655332131 0
0.149980913944905 0.00201935412211303 0
0.0738975074187256 0.00230424991390734 0
0.150946598282611 0.00203346087380286 0
0.151439318022659 0.00289643160999886 0
0.0217888902030865 0.00181294601780556 0
0.147984067423349 0.00191334965105087 0
-0.15025171945299 0.00174332700037081 0
-0.158635741016037 0.00229566572303392 0
-0.159171221989712 0.00309474920455943 0
-0.159634852981404 0.00225836074560943 0
-0.160167330455732 0.00304921577361469 0
-0.160633584335165 0.0022251477044112 0
-0.161165461055228 0.00300685622119072 0
-0.159687245930267 0.00391757659292241 0
0.128866453525545 0.00450736746587647 0
-0.0075864227721001 0.00158655854302337 0
0.144989453276312 0.00175617439851444 0
0.139825667600698 0.00491041266415653 0
0.00555481916774996 0.00972614590359134 0
0.00611990061124878 0.00894892028219478 0
0.00653900576957472 0.00975530645485017 0
0.00712149504692165 0.00900268663001053 0
-0.155075692221422 0.00152652472535454 0
0.0709637199025328 0.00234791996240867 0
-0.161629638867907 0.00212150845447537 0
-0.162164285281052 0.00296617298702415 0
-0.162628464351913 0.00208082250018159 0
-0.163165370744352 0.00291507073875377 0
0.057808332443254 0.00164635485695137 0
0.0999983479118185 0.00162575931081183 0
0.0308999991572062 0.00224241430044868 0
0.02989027939932 0.00217959197849777 0
0.0293766532833215 0.00300812080990498 0
0.0289188959244357 0.00216181723263442 0
0.0283816026800115 0.0029711607011219 0
0.141989929005559 0.00161602336056542 0
0.072420461276471 0.00147118937163734 0
0.020936002866898 0.00181731218369452 0
0.0279286166360988 0.0021412033101785 0
0.0273847338977273 0.00293395166513119 0
0.0269362998521909 0.00213520340899821 0
0.026387145188107 0.00289917230895168 0
-0.0966336474361115 0.0014807559129356 0
0.0993230364235715 0.00586631875677617 0
0.100327182440791 0.00593183434096336 0
0.00442800693914701 0.00193625749798237 0
0.00488760252817691 0.00285426325223159 0
0.00542628821094602 0.00197858613605442 0
0.00588564573813757 0.00289469594095015 0
0.00641843342420497 0.00211007349565895 0
0.0068826413681349 0.00295087930845099 0
0.00741551510044683 0.002169746123181 0
0.0078795922011582 0.00299778874361306 0
0.00841388381727575 0.00220713747672208 0
0.00887720628798937 0.00303969956102278 0
0.00941233612506453 0.00224793288973241 0
0.00987548519107102 0.00308112260692756 0
0.0104112926568111 0.00228140526829652 0
0.0108740573669501 0.00312124444948988 0
0.0114100950883538 0.00232128443835685 0
0.0118742051285485 0.00316236482967454 0
0.0124094783375656 0.00235466816478552 0
0.0128747325774137 0.00320261549322496 0
0.0134095049579392 0.00237725160586367 0
0.0138731117011226 0.00324025721901177 0
0.0144078746495212 0.00242840307429927 0
0.0148702891730327 0.0032825158125721 0
0.0154067203883092 0.00246399003364394 0
0.0158720742155798 0.00331735075352018 0
0.0164061037778853 0.00250336479852716 0
0.0168709920776799 0.00335881666173382 0
0.0173692388301641 0.00253882327133308 0
0.0178595008915286 0.00340341732847286 0
0.0182838252027231 0.00257819680743029 0
0.0133374963902669 0.00407928324885161 0
0.0149495441239263 0.00154240127907742 0
-0.160088628793036 0.00135468014413242 0
0.0167956369075482 0.00167842825755405 0
0.0294045586535998 0.00143281909504609 0
-0.163606522824131 0.00195823658516088 0
-0.16416147204961 0.00286775598704457 0
-0.164626123873353 0.00199945006215543 0
-0.165160333019616 0.0028323358692696 0
-0.16561453113844 0.00191962684636411 0
-0.166158949643985 0.00279656101977556 0
-0.164679908435027 0.00370750143241086 0
0.151944725909263 0.00193899911843008 0
0.152436986890667 0.00291690858115813 0
0.152979595512489 0.00209051527739908 0
0.153441596964601 0.0029734530464799 0
0.151908921494296 0.00375115894509492 0
0.153978398048619 0.00213234244134351 0
0.154441363258192 0.00301772720595663 0
0.154975578858772 0.00221174615122247 0
0.155440183813872 0.00306332427490339 0
0.154880337823489 0.00392410507630946 0
0.155951358989828 0.00223550932794946 0
0.156435137928487 0.00310276257035912 0
0.156944547666722 0.00230062666697468 0
0.157432961376503 0.00313331731628735 0
0.157967850683398 0.00233912925655157 0
0.158435676637388 0.00317270312163878 0
0.158970806569655 0.00236565742301888 0
0.159435455396049 0.00322733428090951 0
0.159969972675898 0.00240709869766339 0
0.160400370839824 0.00325175179995758 0
0.160952991046668 0.00243192314210603 0
0.161350455897108 0.00326399883456058 0
0.161940615545213 0.00247513313496855 0
0.160471030969119 0.0016140168959097 0
0.159829107230331 0.00407675710953391 0
0.162332749692092 0.00329250048890598 0
0.162945503143001 0.0025148630225145 0
0.163370597326655 0.00352357683402959 0
0.163965987576484 0.00255059036688111 0
0.164429128699451 0.00343641469552455 0
0.164964553122826 0.00259587559944481 0
0.155447858308413 0.00147976179211706 0
0.16545529877507 0.00348347741192824 0
0.165964621739687 0.00263402180712845 0
0.165488167883767 0.00174930174854466 0
-0.153097629580693 0.00159316466521489 0
0.0991233586058976 0.00157965325818586 0
0.0983603761877078 0.00235258070905916 0
-0.165064485925427 0.00100553110916133 0
0.00758742523779354 0.0100256240523706 0
0.00811846425397889 0.00906849703200536 0
0.00849495176341168 0.00987252146494417 0
0.00921445328845148 0.00923571902445418 0
0.0259332131159112 0.00207528392357616 0
0.0253880743616666 0.00285584329834298 0
0.0250005549997745 0.0019415893644994 0
0.0258486840485974 0.00372513430085069 0
0.127468222932455 0.00184693343260043 0
0.126457609012509 0.00181882814513849 0
0.0854677087870388 0.00184920537228378 0
0.156856814180023 0.00397446317077431 0
0.01195085517655 0.00144640133617679 0
-0.166604527153336 0.00185650387986741 0
-0.167156380933432 0.00274772615326055 0
-0.167597542557695 0.00184049906693525 0
-0.168157292659453 0.00272206777009266 0
0.150497972288238 0.0011293134009377 0
0.00396778287368247 0.000979455880174389 0
0.00995188995156021 0.00140005763569206 0
0.164934908860943 0.00445571735798275 0
0.148484027731304 0.00441350704003249 0
-0.158093309863621 0.00141405352654747 0
0.166485445436666 0.00177419057525171 0
0.166962211649657 0.00267612335548799 0
0.167494315328235 0.00182770503988288 0
0.167961127856697 0.00270040583291739 0
0.168485010446567 0.00184701487616881 0
0.168959737821262 0.00274220473233373 0
0.169482823161053 0.00188347748199351 0
0.169958657543134 0.00278505007678439 0
0.170481729814446 0.00192016996846178 0
0.17095760984023 0.00282287651518561 0
0.171480962318455 0.00195808133787878 0
0.171956570898788 0.00286050545800229 0
0.172480149619021 0.00199062466944237 0
0.172955523873909 0.00289785416643583 0
0.173479422969593 0.00202714091493269 0
0.173953665135971 0.00296921920957511 0
0.174480824031965 0.00215814863040733 0
0.174952408415496 0.0030110875667246 0
0.175484370191529 0.00222633628102326 0
0.167508375074778 0.00354284046319192 0
0.1741631526117 0.00108227647858146 0
0.171992916214359 0.000988585832947608 0
0.113811566787423 0.00569132788151313 0
0.0079702419194396 0.00134415048711257 0
-0.168590997718651 0.00181153542900711 0
-0.169156138088498 0.0026813825981962 0
-0.169579167059541 0.00176416666834609 0
-0.17011641720255 0.0026048912239801 0
-0.00155210329642514 0.00173088939389912 0
0.0834591817313727 0.00176778117017145 0
0.0829234141717099 0.00262841694881525 0
0.0824622026625514 0.00174059579981757 0
0.169993728741979 0.000948897597619685 0
0.0849888969579366 0.000927318591063404 0
0.0865009045847217 0.00179117197710097 0
0.0869988322832745 0.000903196048576393 0
0.0874834751088747 0.00179569890204168 0
0.0859786313220928 0.00269286552720213 0
0.175951142121816 0.00305295517069412 0
0.176446560093298 0.00225021905539453 0
0.176949866850943 0.00309482252846057 0
0.177485486405763 0.00225084064206411 0
0.177894826215352 0.00313757640629649 0
0.178508052596389 0.00231080304554257 0
0.176023670174401 0.00132304941546671 0
0.167997428985421 0.000927069398083125 0
0.175183167474559 0.0039942933984318 0
0.00608021151015109 0.00108576524342222 0
-0.168041467079113 0.000910971283465716 0
0.0727413857697437 0.00741393888113586 0
0.0737682130519363 0.00742595103326713 0
0.0717609207537073 0.00741631830149966 0
0.0712943349416947 0.00832534541301339 0
0.0707619668008144 0.00740180055646864 0
0.000151605807703919 0.00870893925976874 0
-0.000373035370587118 0.00954615178310531 0
8.13934976635383e-05 0.0103615740031494 0
0.00844795494019934 0.0108136572680802 0
-0.00529025000602228 0.00762852474672979 0
-0.00482805762642802 0.00851229924201454 0
-0.00383195733835309 0.0085527891865573 0
-0.00437352960233067 0.00938945104860456 0
-0.0033919361011323 0.00942307105980362 0
-0.0028393715939752 0.00859121822299218 0
-0.00240300279382105 0.00945770504767222 0
-0.00536208108240605 0.00935044997063352 0
-0.00491536598330802 0.0102218259026741 0
-0.00635807461169911 0.00930907131376579 0
0.00356341983272613 0.00964879736478703 0
-0.00974301712298824 0.00658298191616336 0
-0.00130449762283761 0.007791743046395 0
-0.00184499586047635 0.00863073989951981 0
-0.00138402035763922 0.00949643389293153 0
-0.000843753869761518 0.00866778705617808 0
-0.00017048822490044 0.00438288615340976 0
-0.0032981588029393 0.00770991642320839 0
-0.00216339337693443 0.00430156100851408 0
0.253025050857321 0.000866368748592488 0
-0.253025050857312 0.000866368748591077 0
-0.010206336360593 0.00569958041752696 0
-0.00874472285199219 0.00662289004098438 0
-0.17002697434268 0.000867664141963777 0
-0.00821082405219919 0.00577979710834446 0
-0.229000089552799 0.000865973700362208 0
0.22900008955293 0.000865973700359848 0
-0.226999915564189 0.000865976654843639 0
0.22699991556433 0.000865976654839736 0
-9.69512845911102e-06 0.000871821846781951 0
0.00099085375743921 0.00087419773585689 0
0.00145380963323899 0.00180339232624634 0
-0.225000084435479 0.000865976654847365 0
0.224999917909768 0.000865978008979236 0
-0.222999920128266 0.000865979289924299 0
0.222999920128428 0.000865979289920112 0
-0.221000055688606 0.000837246923082387 0
0.221000056293612 0.000837247049323677 0
-0.218999946718692 0.000842767676852555 0
0.219000055437585 0.000842769866680467 0
-0.216999956775027 0.000841201100056144 0
0.217000045312375 0.000841204130881359 0
-0.215000043671286 0.000848700123526235 0
0.21500004340324 0.000848699910223035 0
0.212999982679274 0.000845953932417531 0
-0.213000014533476 0.000845959864921272 0
-0.211000001175387 0.000861042999358448 0
-0.210508214422763 0.00173349311786703 0
-0.209508683850804 0.00173699227999545 0
-0.209001592482142 0.000866871109759847 0
-0.208517082886679 0.00174235076784141 0
-0.207516712300945 0.00176811841150286 0
-0.208090064298198 0.00266840642008198 0
-0.206516965874117 0.00185321887840533 0
-0.207004361880058 0.000899511323587339 0
-0.205508267928891 0.00184578087726258 0
-0.204995370126579 0.000937584005289526 0
0.210999995217927 0.000861043141521325 0
0.210508214164495 0.00173349312403083 0
0.209508658761969 0.00173698990780329 0
0.209001476092949 0.000866832302425067 0
0.208516762328031 0.00174228578160963 0
0.207516416880898 0.00176791455039395 0
0.208089998563775 0.00266846061913657 0
0.20651676385057 0.00185317558586643 0
0.207004234724901 0.000899418284243199 0
0.205508129365598 0.00184571759783719 0
0.204995322483249 0.000937574809067888 0
0.00719610755649446 0.00728021505027446 0
0.129866160096767 0.00453106499847472 0
0.130322311262661 0.00544978082840618 0
-0.20299929387904 0.00087271158620116 0
-0.202499999996451 0.00173188666010933 0
-0.201500225300175 0.00173192071738309 0
-0.201000170443355 0.0008660239621854 0
-0.200500398371654 0.00167984756445544 0
-0.199500581610218 0.0016792205385118 0
-0.200046762293457 0.00250273113282027 0
-0.199000318776037 0.000857434320425533 0
-0.198500591567666 0.00167766077890566 0
-0.197500650807292 0.00168686985344201 0
-0.198042460090982 0.00254933560705877 0
-0.197000349505323 0.000858851989598918 0
-0.196500614547429 0.00168701472265942 0
-0.195500610378673 0.00169618838839404 0
-0.196043048330511 0.00258202226660565 0
-0.195000339095053 0.000860461059161812 0
-0.194500574523684 0.00169648938541462 0
-0.193500553947983 0.00170532019943473 0
-0.194069405319287 0.00263111310771463 0
-0.193000315855089 0.000861978677251008 0
-0.192500533673728 0.00170579077705214 0
-0.191500519948743 0.0017143083550438 0
-0.191900792405834 0.00255966180052237 0
-0.191000298656485 0.000863453810514621 0
-0.190500511645089 0.00171498580902133 0
-0.189500507926417 0.00172322217316282 0
-0.189878824821485 0.00259351931519547 0
-0.189000289798345 0.000864919733543752 0
-0.188500504449016 0.00172411725813709 0
-0.187528352093369 0.00171513909843648 0
-0.188000166658991 0.00259874187813814 0
-0.186936462589856 0.00249783398684723 0
-0.186319793785082 0.00311213265092807 0
-0.185971052087905 0.00243157231490537 0
-0.187032866388957 0.000847310746634349 0
-0.203499774011809 0.0017318477313296 0
0.202999324047869 0.000872714533118199 0
0.20249999999671 0.00173188666010237 0
0.201500225300438 0.00173192071737877 0
0.201000067741243 0.000865988799177885 0
0.200500135886486 0.00167971939840699 0
0.199500112244231 0.00167887337324896 0
0.200046441443125 0.00250255503066833 0
0.199000055968928 0.000857155123811446 0
0.198500110981969 0.00167722546644449 0
0.197500106712186 0.00168616761385696 0
0.198041917788716 0.00254890802538425 0
0.197000054180882 0.00085837085401432 0
0.196500108499095 0.00168635451491451 0
0.195500104865419 0.00169530876229045 0
0.196042470280589 0.00258143738871076 0
0.195000053138491 0.000859894527360275 0
0.194500106681433 0.00169575212445275 0
0.193500103153432 0.001704417871112 0
0.194068853962135 0.00263049857711359 0
0.193000052168212 0.000861412840162131 0
0.192500105023183 0.00170506673895183 0
0.191500101549512 0.0017134475626083 0
0.19190022350578 0.00255906130312959 0
0.191000051219254 0.000862917925269012 0
0.190500103352872 0.0017143002551194 0
0.189500099960354 0.00172240715227651 0
0.189878308718889 0.0025930235240118 0
0.189000050336377 0.000864411317297916 0
0.18850010183113 0.00172346349335435 0
0.187528146924364 0.00171438752625447 0
0.18800005700302 0.00259773788936217 0
0.186936260083146 0.00249729436007736 0
0.186319709788681 0.00311192382981452 0
0.185970842733328 0.00243126695084877 0
0.187032710669478 0.000846947442503711 0
0.203499937129757 0.0017318850817371 0
0.158843992625574 0.00402422129654835 0
0.102825514106252 0.00519534981616161 0
0.103268276707182 0.00606928893207055 0
0.10428747123114 0.00612177916205009 0
0.102289966217137 0.00600892757172604 0
0.101298624521453 0.00593453451793761 0
0.104823664646935 0.00526133190178257 0
0.105820963856559 0.0053002388342315 0
0.106126301697877 0.00616532360388074 0
0.107283774493849 0.00624666931659261 0
0.152907157883759 0.00382045030807981 0
0.153905867155991 0.0038622616779698 0
0.154237673004836 0.00486301201467155 0
0.0983020334709701 0.00583174683441645 0
0.0978093664508194 0.00659729066821077 0
-0.18498077486949 0.000854870135413566 0
-0.184477612902497 0.00171891976028614 0
-0.183496517680261 0.00172975126518569 0
-0.184000200027758 0.00259772548195595 0
-0.183000528156022 0.0025977917263959 0
-0.184990835764271 0.00253769030249032 0
-0.182499692347063 0.00173155303299506 0
-0.182000875570354 0.00259792846482354 0
0.184980729033313 0.000854851971927781 0
0.184477533526241 0.00171889244625016 0
0.183496467921131 0.00172971922613622 0
0.184000119204545 0.00259770819638113 0
0.183000447743364 0.00259773715114101 0
0.184990740060501 0.00253766953346239 0
0.182499659878112 0.00173151876517753 0
0.182000795169618 0.00259783538573263 0
0.146489635558176 0.00440647151704075 0
0.181000043157502 0.000865967147101271 0
0.18050007125458 0.00173187755158858 0
0.179393308613259 0.00176019122623385 0
0.180043678229101 0.00250532832331199 0
0.181001854081482 0.00256918858657727 0
0.179000196362591 0.000866198617956554 0
-0.181000044366006 0.000865972290487607 0
-0.180500068907936 0.0017318717969931 0
-0.179500251853587 0.00173191374517569 0
-0.180000193057996 0.00259773746648854 0
-0.179000507612374 0.00257731683190937 0
-0.180999875292817 0.00259767806874785 0
-0.178500134479193 0.00172868733100261 0
-0.17799996717185 0.00255700399292019 0
0.143449878102227 0.00449536455335007 0
0.142749371349636 0.00519755185532898 0
0.144431166845726 0.00436300744532502 0
-0.0957092650054941 0.00480828273039539 0
-0.0952451733306411 0.00568739797556751 0
-0.0942480508965069 0.00573234481788227 0
-0.0947728807511625 0.00656685426165196 0
-0.0937116284048546 0.00489057049323813 0
-0.0932495358891503 0.00576877665938373 0
-0.0927133089708311 0.00492972066063619 0
-0.0922489833816131 0.00580957707552827 0
-0.0912516915435844 0.0058545563241634 0
-0.0917769533036578 0.00668942996727103 0
-0.090715026960939 0.005012436037365 0
-0.0902531403160111 0.0058914515122979 0
-0.0897162950180807 0.00505372706504138 0
-0.0892524806751773 0.0059327974552458 0
-0.0882550900554805 0.00597741564555686 0
-0.0887808440172693 0.00681220162665303 0
-0.0877189205300137 0.00513509942062364 0
-0.0872522212889513 0.00601689265824162 0
-0.0867194007945411 0.00517506029389911 0
-0.0862506821163409 0.00605815765814195 0
-0.0852575198568952 0.00609994941265718 0
-0.085779261069447 0.00693799550644141 0
-0.0847211969750454 0.00525546052410652 0
-0.0842554217759402 0.0061388629042012 0
-0.0837219350864633 0.0052957849138043 0
-0.0832541142639319 0.00618002351875884 0
-0.082260974513154 0.00622199613641318 0
-0.082783292848462 0.00706024812687244 0
-0.0817250757279812 0.00537719771234972 0
-0.0812591314437883 0.00626097736740671 0
-0.0807247397593984 0.00541494794234983 0
-0.0802575500377723 0.00630127639457858 0
-0.0792643080884793 0.00634359814185788 0
-0.0797873367373349 0.00718233973997588 0
-0.0787289942944187 0.00550140533454714 0
-0.0782628420823586 0.00638350298377426 0
-0.0777300570576543 0.0055438892432072 0
-0.0772618574212372 0.0064257284129766 0
-0.0762682539007147 0.0064672205910844 0
-0.0767916087234536 0.00730533273490266 0
-0.0757329896284232 0.00562703738968299 0
-0.0752666579147795 0.00650664446279804 0
-0.0747337205956201 0.00566638764471777 0
-0.0742656163528949 0.00654817315989467 0
-0.0732718261091697 0.00658945365898729 0
-0.0737957083562353 0.00742777269742228 0
-0.0727365409686981 0.0057486960211189 0
-0.072270334091522 0.00662888950036455 0
-0.0717373103628038 0.00578871641361639 0
-0.0712693308295772 0.00667038933763553 0
-0.0702753834088108 0.00671159279869211 0
-0.0707997973081788 0.00755015625581527 0
-0.069740075278352 0.00586996626212722 0
-0.0692740131863085 0.00675103817808341 0
-0.0687409739880119 0.00590971938190476 0
-0.0682730848610035 0.0067923952168144 0
-0.0672789738000539 0.00683372798776871 0
-0.0678039071444436 0.0076724991530478 0
-0.0667436559114416 0.00599132565476393 0
-0.0662777178017381 0.00687319312384073 0
-0.0657446145561931 0.00603155003206565 0
-0.0652769242958586 0.00691455206863368 0
-0.0642826645572447 0.00695590500388589 0
-0.0648080556951344 0.00779487338717099 0
-0.0637476009804969 0.0061124907791367 0
-0.0632815101918706 0.00699532375428964 0
-0.06275393128754 0.00614903783053955 0
-0.0622824195320232 0.00703471307250236 0
-0.0612873288601547 0.00707648299219308 0
-0.0618126462733732 0.00791665071623409 0
-0.060751341873605 0.00623283667986553 0
-0.0602869048172674 0.00712031706770392 0
-0.059750798064698 0.00627166198757326 0
-0.0592842823960387 0.0071585341701166 0
-0.05828956597926 0.00719999765896666 0
-0.0588162288468483 0.00803952990112955 0
-0.0577533580337191 0.00635685853931543 0
-0.0572905500737281 0.00724254915579144 0
-0.0567542214259062 0.00639277836360392 0
-0.0562860924749923 0.00727836145699653 0
-0.0552865479761867 0.00731901210368262 0
-0.0547573221358774 0.0064792762801075 0
-0.0537579407028263 0.00652106615560231 0
-0.0542876166033299 0.00736038361298297 0
-0.0532890431288276 0.00740096606627687 0
-0.0527589442803342 0.00655969369952172 0
-0.0522902863811766 0.00744152795548944 0
0.08730893932642 0.00541424455440633 0
0.0867753479577745 0.00621877231619046 0
0.0857753383559233 0.00621000756151985 0
0.0862382005627234 0.00710231169911174 0
0.0851071970750931 0.00702916813333437 0
0.08777430109728 0.00625370941529975 0
0.0887713627800438 0.00633365227583069 0
0.0881037169415522 0.00706806484508777 0
0.0890690760937713 0.0072017456361156 0
0.0897538127853839 0.00641992304959007 0
0.0908010084655287 0.00659926665449523 0
0.0912874177742878 0.00752454717802005 0
0.091808735130175 0.00661953277870984 0
0.0923388470873909 0.00573362445162331 0
0.0847549428076711 0.00615229211817873 0
-0.181500113342151 0.00173183337211987 0
0.181500423774996 0.00172706162905414 0
-0.173999984669903 0.000865967959813256 0
-0.173500010808016 0.0017318747806169 0
-0.172500194743569 0.00173189567973764 0
-0.173025062850909 0.00257397654170371 0
-0.172043087136485 0.0025843360010491 0
-0.17399980831544 0.00259771618056491 0
-0.171531262878945 0.001716127170552 0
-0.174499952187308 0.00173189853323622 0
-0.175499662987403 0.0017320642736184 0
-0.174999554630755 0.00258455699741438 0
-0.176026236328735 0.00255327166576402 0
-0.176503911461319 0.00172492911992187 0
-0.17703166660038 0.00256737726050035 0
-0.177505880858743 0.00171849973895231 0
-0.177572110240996 0.0033126235678386 0
-0.176999651398213 0.000866838037625158 0
0.134836277918343 0.00484038507793569 0
0.135823279682599 0.00485740294418851 0
0.075787060835613 0.00580104409085846 0
0.0762514980279242 0.00666579288700276 0
0.0772508887860242 0.00669003001026029 0
0.07674281763082 0.00747099621506614 0
0.0752535988977301 0.00660699552256002 0
0.0777854231428188 0.00587808692555772 0
0.0782842187203229 0.00670975410583584 0
0.0787901941930897 0.00591512354545082 0
0.079288245099173 0.00678173123549564 0
0.0802546379588377 0.00679189678840185 0
0.0797624025363933 0.0076865681222 0
0.0807823263506886 0.00599979931704566 0
0.0812308548962755 0.00687990263838728 0
0.0817775698757159 0.00604734668789859 0
0.0822424910287976 0.00693710361894746 0
0.0832513497930179 0.0070124460961029 0
0.0837761569145173 0.00611911788174562 0
0.0742625218662075 0.00657971558666032 0
0.131861202633889 0.00467329327952059 0
0.132859873976595 0.00471501207467723 0
0.133275262757336 0.00571528520058879 0
0.150910692924075 0.00370182938437007 0
0.125491309848658 0.00524965823439592 0
0.0602708195065508 0.00602257238572319 0
0.0597354977260894 0.00686600249935277 0
0.0587368461130004 0.00682434997681965 0
0.059202639507382 0.00765099969763187 0
0.0582408522339229 0.00763819079103273 0
0.0587525834771168 0.00853420140155818 0
0.0601871065431873 0.00773599941956991 0
0.0577446490358507 0.00677785199032623 0
0.0572508081520689 0.00756275755796532 0
0.0607322539997803 0.0069050375609878 0
0.0617325682040271 0.00694860082817529 0
0.0611975841873434 0.00779294300576736 0
0.0621961585371898 0.00783451920457652 0
0.0627323159960786 0.00697512990923961 0
0.122330116405822 0.00509058209789835 0
0.121801648315894 0.00598593115182671 0
0.123367255916937 0.00526967223070098 0
-0.129206515862137 0.004300463495962 0
-0.128205508841469 0.00434043478653462 0
-0.127729220965955 0.00521938659257546 0
-0.162895629129421 0.00106297363971262 0
0.163000011638748 0.000843981536094363 0
0.107813675160822 0.0053566039386093 0
0.108822751582024 0.00539563496520562 0
0.109136477628911 0.00621942101689796 0
0.110135087142104 0.00639413392785289 0
0.110827597486623 0.00564691037605508 0
0.119328938824758 0.00498844023336905 0
0.11882238005197 0.00575397240945038 0
0.120353285952078 0.0050110839775169 0
-0.126209031871115 0.00442094091252916 0
-0.125208631740729 0.00446126776987852 0
-0.124733110336674 0.00534154409007251 0
0.141362269707263 0.00435055067255954 0
0.0547417373606682 0.00665903030166482 0
0.0542073251490574 0.00748215483598817 0
0.0532557018066386 0.00741533068796105 0
0.0552058153092082 0.0075289559251336 0
0.0562148798744416 0.0075040118609246 0
0.056750176790877 0.00671714322898568 0
0.116330388219888 0.00488417092796734 0
0.115792811889888 0.00572258105835194 0
0.114805933367662 0.00570487452671863 0
0.117343298390165 0.00493356124474329 0
-0.123212236520957 0.00454098632984029 0
-0.122211003831476 0.00457965639079324 0
-0.121736748238223 0.00546316515772326 0
0.157997547234612 0.000795318169422578 0
0.0477504559843955 0.00636941374808656 0
0.0482139514830451 0.00725335254324772 0
0.0492125981268432 0.00729495185151332 0
0.0486880076855931 0.00813320567944422 0
0.0476226727211462 0.00824945522762665 0
0.0496993258616797 0.00818519371691256 0
0.0501992027109368 0.00732694660748029 0
0.0491460096588708 0.00918491371753095 0
0.0507024884148528 0.00817679550071819 0
0.0514427969727985 0.00910141398938839 0
0.0517906930140244 0.00815852660854155 0
0.0523206723876761 0.00878727110453744 0
-0.120216392170588 0.004667023493051 0
-0.119216606860844 0.00471078923143785 0
-0.118740816264982 0.0055877209150353 0
-0.117222721470985 0.00478843591458191 0
-0.116220332920319 0.00483021392856172 0
-0.115744774661447 0.00570968471367425 0
0.0712696744712276 0.00650556608261951 0
0.0697198951164532 0.0073297658728767 0
0.0692547976209433 0.00640360623491472 0
0.0687401538309042 0.00733404884281121 0
0.0682816773896567 0.00833266979243473 0
0.0677329447436351 0.00731968557832504 0
0.152999659503953 0.000843150367114587 0
0.00920574825160262 0.00736013596147887 0
-0.114223861633546 0.00491399651905789 0
-0.113223335809842 0.0049549998898211 0
-0.112748620866484 0.00583254287140799 0
-0.111227399288767 0.00503568675689631 0
-0.110227245235555 0.0050765310657968 0
-0.109752966061397 0.0059548391606426 0
0.127865838435853 0.00449481113285644 0
0.127324144749601 0.0053719908825807 0
0.128486814946467 0.00530255054345131 0
-0.108231368359093 0.00515747987835804 0
-0.107231631313053 0.00519767532655979 0
-0.106757419956271 0.00607687336623369 0
-0.105240410537364 0.005276627490014 0
-0.10424092269341 0.00531191874578902 0
-0.103762291112179 0.0061975235799211 0
0.0952980267720277 0.00573943538854826 0
0.0947733917834385 0.00657801946715508 0
0.0937917736861843 0.00657676478286649 0
0.0963134085248734 0.00576988487557627 0
-0.102238921358507 0.00540394093458091 0
-0.101238242033571 0.00544379195156165 0
-0.100764877099137 0.00632206221112172 0
0.0237088880531606 0.00710163896452264 0
0.024172338750232 0.00798724563329284 0
0.0251709766279248 0.00802875688177914 0
0.0246042691713369 0.00881796596620162 0
0.0236350514943003 0.00878279375081453 0
0.0255584135168039 0.00885840363076091 0
0.0261569171553219 0.00806096374974705 0
0.0265899443044974 0.00912063778908173 0
0.027158991764566 0.00813769146325368 0
0.0276314575354929 0.00899734881576872 0
0.0527665514763662 0.00656272732336585 0
-0.0992420758975125 0.00552357589047936 0
-0.0982417888320297 0.00556435704143213 0
-0.0977688686642822 0.00644425659470586 0
-0.0262563181512226 0.00677688911022285 0
-0.026790975443484 0.00762054763858144 0
-0.0277896610886621 0.00757976905079333 0
-0.0273267800890965 0.0084641844688267 0
-0.0283238143326859 0.008422628489772 0
-0.0263277378609155 0.00850348041103286 0
-0.0287882423692144 0.00753864009026616 0
-0.0293234410365158 0.00838096468566163 0
-0.027861189902559 0.00930312832858785 0
-0.0297872351683963 0.00749783574104716 0
-0.0303233520494285 0.00834150196272473 0
-0.0257921832320176 0.00766118211279666 0
-0.0247935046767851 0.00770212002043245 0
-0.0253277528534948 0.00854489987361323 0
-0.0243292880026123 0.00858649482268499 0
-0.0237946852668677 0.007742636900737 0
-0.0233306423686117 0.00862732773746941 0
0.114347295402901 0.00481896915472757 0
0.0903072138797026 0.0055524281075072 0
0.0191781160627947 0.00778665659907454 0
0.0186427969589751 0.00863188259188399 0
0.0176485719745277 0.00858191577138164 0
0.0181083469209622 0.0094680989454841 0
0.0170985772286073 0.00943190547464683 0
0.0163748624910171 0.010091495015063 0
0.015543819807733 0.00963070994201944 0
0.0146303533199633 0.0100073722379384 0
0.0147291291518315 0.00907440629546273 0
0.0138473883114366 0.00941420704235419 0
0.0137888206682466 0.0104232907511474 0
0.012910395930311 0.00990555097871322 0
0.0118680107970953 0.00992603560248496 0
0.0131000504481542 0.00878049511986911 0
0.0156179442543192 0.00857824801237466 0
0.0114096670419431 0.0107979202288452 0
0.0108888628987704 0.00994629323431999 0
0.011281355431272 0.00907571779796525 0
0.0103483014355795 0.00908387234881326 0
0.00989421773482639 0.00995160936734163 0
0.00971883407355145 0.00824664763074162 0
0.0184903330009807 0.0104758959995758 0
0.0190707127296032 0.00959095058592403 0
0.020046386033072 0.00962664885166698 0
0.0171879620154449 0.00769919446113641 0
0.0652646130395461 0.00623020336625389 0
0.0647293173751255 0.00707373877800077 0
0.0657280519473166 0.00707649308813663 0
0.0652061222442995 0.0079706795057286 0
0.0641121585511201 0.00789730989168472 0
0.0662634978572545 0.00627096851705589 0
0.0221748297427721 0.00790220573213457 0
0.022639792697891 0.00873540432597665 0
0.0632672114872846 0.0061448421164548 0
-0.0192647680091292 0.00706062413814227 0
-0.018800722847455 0.00794628178898249 0
-0.0178020616525888 0.0079871175934889 0
-0.0183366957806548 0.00883175638736462 0
-0.0173380968595666 0.00887253088386746 0
-0.0193365426674125 0.00878904177634377 0
-0.01680333638797 0.00802800268388718 0
-0.0163394645756392 0.00891262573472095 0
0.0637176478522993 0.00701079178643432 0
0.0442189914484219 0.0070871262454382 0
0.0452176535628198 0.00712857655468134 0
0.0436849168116909 0.007902922982255 0
0.0426853120708284 0.00788501134335558 0
0.0430697424731841 0.00874145994957264 0
0.0420742308035236 0.00872859929235872 0
0.0416740102659098 0.00784061211419503 0
0.0446840307252307 0.00793952819263199 0
0.0456815531093303 0.0080084828809364 0
0.0462164517506686 0.00716912554889984 0
0.0466795973642496 0.00805566715701794 0
0.0460823877260724 0.00886571934071373 0
0.0507285587791074 0.00648434317385581 0
0.041220754568107 0.00696224616268007 0
0.0406854283742731 0.00779948795235499 0
0.0396885471227427 0.00776408624930434 0
0.0401333932071522 0.00865913955549688 0
0.0391537303601491 0.00860934413932285 0
0.0387045950954021 0.00771606321261851 0
0.0380974857586779 0.00854699878220491 0
0.037309441718486 0.00926112449338085 0
0.0371540324298172 0.00833272927769017 0
0.0363678681876643 0.00901668202821435 0
0.0362109474765445 0.00805313284585919 0
0.0354664662828062 0.00862693266252582 0
0.0345680241992417 0.00915577234981375 0
0.0346452872572793 0.00820556350870468 0
0.0337452388215539 0.00863833019175812 0
0.033768536177614 0.00963343244571708 0
0.0394427346167236 0.00961659522740468 0
0.0337400553798065 0.00755502345973048 0
0.0330206102583846 0.00818604127288109 0
-0.0118092968357031 0.0082300934061982 0
-0.0113453677479118 0.00911478407403703 0
-0.0103482439263361 0.00915629432516842 0
-0.0108814067945843 0.00999675742066477 0
0.0382507759296354 0.00682674313272483 0
0.0352073585009922 0.00666697317524885 0
0.0362345298814604 0.00690489530200795 0
-0.0502277919010781 0.00579723050342843 0
-0.0507625210139467 0.00664177405589735 0
-0.0497638066892522 0.00668254424816578 0
-0.0502942156962763 0.0075239303407103 0
-0.049297005266498 0.00756576977988082 0
-0.0487644774258681 0.00672307143751741 0
-0.0483017514130035 0.00760738162798211 0
-0.0488329347105922 0.00844555563138438 0
-0.0512911327383054 0.00748191691139349 0
-0.0472314423502229 0.00592035582827128 0
-0.047766097617681 0.00676408424643775 0
-0.0467673507680658 0.00680500463810384 0
-0.0473019170408403 0.00764871528655175 0
-0.0463014260860473 0.00768855295807486 0
-0.0457682199392701 0.00684550573280486 0
-0.0453054324974837 0.00772981828824762 0
-0.0458370941978539 0.00856814161782251 0
0.0316833940002055 0.0074044448653325 0
0.0311440032793334 0.00828151149913236 0
0.0301616752816064 0.00823668394267712 0
0.0306530636249523 0.00912942900349058 0
0.0317333874701173 0.0091600269726791 0
0.0296781874576228 0.0091015199225206 0
0.0291737117974101 0.00819827561009648 0
0.0286777532695737 0.00906658797308717 0
0.0283370841345094 0.0100500385644886 0
0.0281747064778579 0.00816274903664531 0
-0.0442348444923403 0.00604214594749286 0
-0.0447697625393296 0.00688635647457054 0
-0.0437708326755386 0.00692722900688553 0
-0.0443054804259602 0.00777042484037719 0
-0.0433051541219354 0.00781078447093092 0
-0.0427717287689188 0.00696765052553022 0
-0.0423089678483498 0.0078521148134926 0
-0.0428411161706012 0.00869061423077388 0
0.0287051035726592 0.00731120377153254 0
-0.0412379996169312 0.00616378965260731 0
-0.0417730788175813 0.00700876990337524 0
-0.0407743149564232 0.00704946528679671 0
-0.0413090967347935 0.00789226425079388 0
-0.0403088980803763 0.0079330398657398 0
-0.0397753309854651 0.00708998774819421 0
-0.039312529882342 0.00797444745243186 0
-0.0398451474284991 0.0088130987363837 0
0.0472058110706836 0.00723716408769332 0
-0.0382418964060987 0.00628530421082322 0
-0.0387766262161949 0.00713110033164638 0
-0.0377779233989175 0.00717165906919643 0
-0.0383128511801746 0.00801390318273697 0
-0.037312692972387 0.0080552549869047 0
-0.0367789507178824 0.00721250104484815 0
-0.0363161116114087 0.00809680274327854 0
-0.0368491925830904 0.00893558214136787 0
-0.0352456039932707 0.00641103498644745 0
-0.0357803757761562 0.00725367290964372 0
-0.0347815430215255 0.00729459536103098 0
-0.0353166285976955 0.00813641859187222 0
-0.0343165003307508 0.00817774009418041 0
-0.0337827075386261 0.00733503331008782 0
-0.0333198021809862 0.008219254365763 0
-0.0338532600245301 0.00905812836644531 0
0.100829891659763 0.00510757721160521 0
0.100776516645138 0.00683777401540422 0
-0.0322491340354409 0.00653303883927558 0
-0.0327840327934008 0.00737608121850745 0
-0.0323204533061553 0.00825885375657406 0
-0.0317851359657478 0.00741656116727634 0
-0.0313203494600297 0.00829994389874252 0
-0.0312503880716762 0.00657427177082306 0
-0.0307863177230173 0.0074573144769161 0
-0.0308572357265386 0.00918062530151028 0
0.0288452502292976 0.00385059263479952 0
0.00182497078044704 0.00446407605538718 0
0.0268488539109468 0.0037715330410644 0
-0.0222611428637062 0.00693948152410222 0
-0.0227957876342269 0.00778349784638164 0
-0.0217971192537164 0.00782434486909644 0
-0.022331622032171 0.0086680312177646 0
-0.0213328413755068 0.00870811505435023 0
-0.0207983171389619 0.00786480466844232 0
-0.020335555134941 0.00874899376480404 0
-0.020870840383138 0.00958895978487859 0
0.0231736121478174 0.00794579341216353 0
0.0332417283921565 0.00659828417177916 0
0.17690121617131 0.000822290002480567 0
-0.0549999704766286 0.000866002470186609 0
-0.0554999487110271 0.00173197382701272 0
-0.0564998567462138 0.00173201425544815 0
-0.0559998991914951 0.00254818824347443 0
-0.0550356426427134 0.00256904403138557 0
-0.0555693485679835 0.00345231869288415 0
-0.0570538526610825 0.00269279681692165 0
-0.0575087362444682 0.00174788750963674 0
-0.0580522346657973 0.00259212347113936 0
-0.0585101182135645 0.00173381956042931 0
-0.0590104885012513 0.00253674922031753 0
-0.058578917635452 0.00341743699808585 0
0.054992309922473 0.000861548910067652 0
0.0544987476496383 0.00173122328563223 0
0.0534999062986488 0.00173186153815272 0
0.0539998442862697 0.00255682910464291 0
0.0530001651706363 0.00255015394846804 0
0.054999940165806 0.00259788571813231 0
0.054487109071595 0.00344534897645397 0
0.0525001599972452 0.00172404044907381 0
0.052000393517211 0.00258870388535971 0
0.0526240998603443 0.00335241626019122 0
0.051454347497114 0.00343518750656368 0
0.0509925544875372 0.00253891835202663 0
0.0737914382379588 0.00571375308082157 0
0.0152006968791969 0.0075926630535886 0
-0.0530000086349135 0.000865999473233935 0
-0.0535300964007196 0.00171467322606231 0
-0.0545109732021419 0.00172428815981545 0
-0.0540791977026223 0.00251133465414598 0
-0.0525351320566769 0.00167863135612894 0
-0.051504288298119 0.00168083222148722 0
-0.0510007704553746 0.000857503579749058 0
-0.0505006009954714 0.00169877617300412 0
-0.0500002930135625 0.000859091770941354 0
-0.0495003162415793 0.00169971088064329 0
-0.0485002926237853 0.00170773642935711 0
-0.0490318895717098 0.0024872244272807 0
-0.0480001601924269 0.000862169141055769 0
-0.0475003795605825 0.00171236549209547 0
-0.0470001887770918 0.000862265996570352 0
-0.0465002935492258 0.00171287111841029 0
-0.0455002656862544 0.00172061308342444 0
-0.0460450903036162 0.00254937488726365 0
-0.0450001537313061 0.000864439314905163 0
-0.0445002326501533 0.00172188227062163 0
-0.0440001686179839 0.000864291729006324 0
-0.0435000559970674 0.00173052120878458 0
-0.0425000841337206 0.00173195070591278 0
-0.0430112242956898 0.00260240745700605 0
-0.0420154839523974 0.00260570082939372 0
-0.0414827453062025 0.0017463384035659 0
-0.0410166374058732 0.00266287895394935 0
-0.0405974989980532 0.00357913684297072 0
-0.0400083267644886 0.00274266893311785 0
-0.0404749209825255 0.00181679261748695 0
-0.039470295569711 0.00185655894294058 0
-0.0389519446491483 0.000946348050646086 0
-0.0385012897090364 0.00183563151856506 0
-0.0440401845808607 0.00259196062315108 0
-0.0197999076971835 0.00790504447581654 0
0.0555000000010934 0.00173197283705428 0
0.165995563526554 0.000882238777860578 0
0.164997464583895 0.000870222934574536 0
-0.0269999856445565 0.00086600661804175 0
-0.0274999689937673 0.0017319776973486 0
-0.0284998737994877 0.0017320171459933 0
-0.0279999156995184 0.00259792436809937 0
-0.0270000317627025 0.00257167722684195 0
-0.0289997787191243 0.00256043834175693 0
-0.0294997486809135 0.0017258222687622 0
-0.029999632590555 0.0025531939354471 0
-0.0284998250052475 0.00346381459116298 0
-0.0304996680562829 0.00172359553331454 0
-0.0309994752871974 0.00258917945127209 0
-0.030374932009502 0.00336208421661884 0
-0.0315419339771984 0.00345467825934228 0
-0.0320068686453567 0.00254599018277794 0
-0.0274060918936811 0.00341526896929251 0
0.0269999780357745 0.000866012722428563 0
-0.160888808092617 0.000763840368723269 0
-0.0189999787585026 0.000866013140386626 0
-0.0194999950609674 0.00173198778775397 0
-0.0204998829701364 0.00173202433444223 0
-0.0199999199296523 0.00259792072729179 0
-0.019000074480326 0.00259790271803663 0
-0.0209997811023958 0.00259020532322582 0
-0.0214997548399087 0.00173078812640747 0
-0.0219996344833925 0.00258874907909635 0
-0.0204998293546415 0.0034638124735271 0
-0.0224996632200928 0.00173035431477923 0
-0.0229994781719814 0.00259622975241154 0
-0.0224995110163287 0.00346391138696446 0
-0.0233854139121371 0.00346234792616016 0
-0.0239807928938307 0.00257866720378734 0
-0.0194999695111146 0.00346378571434741 0
-0.0184705341596934 0.0034759656186957 0
-0.0179953370477014 0.00259994967578761 0
-0.0174390056008768 0.00348065531806223 0
-0.0170293730560023 0.00257797258565517 0
-0.0164720134172223 0.00327866783985947 0
-0.0176577084173952 0.00445364658466339 0
0.018995374397945 0.000842656769094169 0
0.0194999787605691 0.00173199539404969 0
-0.0170000725145264 0.000866023775645058 0
-0.0165451398185376 0.00170558348049575 0
-0.0155854564781448 0.00181209860373454 0
-0.015049246273064 0.000859199111477942 0
-0.0140472090109654 0.00097550077678406 0
-0.155866916407903 0.000794906315890918 0
-0.026500041371363 0.00172760935751484 0
-0.0260001488954508 0.00256660081688245 0
-0.0255001140357386 0.00172610558031108 0
-0.0249969085045181 0.0025697338103695 0
-0.0254058660220179 0.00340437238736409 0
-0.0244962232502353 0.00172321506878424 0
-0.0249999819989074 0.000866177495550734 0
-0.0239992623147625 0.000864620818868884 0
-0.0119999885923263 0.000858675429267267 0
-0.0115000068147932 0.00169060932890422 0
-0.0105276341380107 0.00170919002000996 0
-0.0110694966967573 0.00243498542190375 0
-0.0100064224732299 0.000861193000887826 0
-0.00955739763212867 0.00166798142792235 0
-0.012535814326291 0.00156572039873038 0
-0.150999999999652 0.000866025403785817 0
-0.147944989567136 0.000882734549053257 0
0.147999354788205 0.00083120957890364 0
0.147000080155999 0.000866025550882551 0
-0.145037853741168 0.000847538683615555 0
-0.145499999999636 0.0017319600925473 0
-0.144016761904406 0.00089168788180116 0
-0.14203812932956 0.000834700097360927 0
-0.142569700130423 0.00169876336283981 0
-0.141054431540751 0.000967438636091012 0
0.144000000000176 0.000866025403782346 0
-0.139031562868956 0.000840273430086172 0
-0.13957859880525 0.00154840593570542 0
-0.138036825677871 0.000803170433716029 0
0.141000000000182 0.000866025403781928 0
0.138992934834318 0.000827260394222954 0
0.139423598426534 0.00173014464024904 0
0.137998852260288 0.000824898849572994 0
0.137652552502599 0.00164197520341339 0
0.136503520552927 0.0017335932779738 0
0.136000640153987 0.000819914910332044 0
0.135008338625539 0.000807212422722466 0
0.134662855874953 0.0015938431288033 0
0.133611318456819 0.00161935600528485 0
0.13257491906478 0.00116626438387119 0
-0.1360240720773 0.000846339237892397 0
-0.136564136538083 0.0015936200137297 0
-0.135028089716286 0.000820466397759939 0
0.0131986519494303 0.00769729816139009 0
-0.132999987326998 0.000844228843634838 0
-0.133533040299612 0.00163050466336031 0
-0.13200513064882 0.000839438287364581 0
-0.0158045958017693 0.00806835730719326 0
0.129997160164057 0.000889159290212554 0
0.130472630604165 0.00183335904466686 0
0.128992746001888 0.000981373367411393 0
0.131636152052817 0.00178345974153079 0
-0.129031091536012 0.000860820975031805 0
0.12699319674158 0.00089720253646877 0
0.125973134303718 0.000894384452529708 0
0.125437770808156 0.00176546356484654 0
0.124452847444713 0.00174792834445904 0
0.125921971223534 0.00268047498825673 0
-0.12702782317813 0.000879185406206044 0
-0.12601535775549 0.000872439648148824 0
-0.125556979629896 0.00175981928573914 0
-0.124018668020913 0.000878484260681875 0
-0.123014876819989 0.00088453818106847 0
-0.122542470916309 0.00179059056478453 0
-0.182999401504476 0.000865545874687277 0
-0.12101594531695 0.000892321837816737 0
-0.120028829843654 0.000919785722845544 0
-0.119439127483133 0.00197858993323836 0
-0.118467814443663 0.00157300533406599 0
-0.117616667433343 0.00114166353631441 0
-0.116797342928897 0.00160134058366508 0
0.122998321566109 0.000864689176254386 0
0.122488119358328 0.00172241089978581 0
0.120989675096573 0.000850105143034516 0
0.119987951287304 0.000854225152093605 0
0.119468123040129 0.00165955040300758 0
-0.179000068867512 0.000865456648954231 0
0.117981509170178 0.000833201521203397 0
0.116978421403181 0.000844935006502682 0
0.116451185401312 0.00161364409570808 0
-0.115006982232241 0.000820776721581305 0
-0.115517583809294 0.00168645198342873 0
-0.114001164826093 0.000820259437626799 0
-0.113499999998688 0.00173196669663561 0
-0.112367696487608 0.00166847087450264 0
-0.111977997165576 0.000828534697459064 0
-0.110996363706202 0.000832868600473798 0
-0.110524012563248 0.00176949645173851 0
-0.109402083492949 0.00172488725836941 0
-0.108983730772676 0.000849079206029294 0
-0.107997318312049 0.000847430859569623 0
-0.107375297329662 0.00173737136775445 0
-0.106375676895626 0.00175342717343575 0
-0.105989511747555 0.000865457768441216 0
-0.1049982812261 0.000861170606207808 0
-0.104467365256544 0.00176088337414197 0
-0.103541021039298 0.0017100399996521 0
-0.104000033867589 0.0025978868095294 0
-0.103006905346326 0.00086236631417446 0
-0.102501906824158 0.00179932715605979 0
-0.101824377889085 0.00230604128653014 0
-0.102001477295026 0.00084077303230373 0
0.114974191573354 0.000816682892329 0
0.113969890464576 0.000842877415245976 0
0.113483956786062 0.00168338946863226 0
0.112499444399713 0.00170802083639593 0
0.112000004429145 0.000862061748653774 0
0.111464431428548 0.00166308085492609 0
0.11099407444031 0.000853878907693512 0
0.110457531767357 0.00169797787007922 0
0.109492980003425 0.0016718031005428 0
0.109935389862837 0.00256670095089756 0
0.10899886337794 0.000855968196119372 0
0.10848019188299 0.00177036493788094 0
0.107996514826701 0.000870718676929461 0
0.107455325574578 0.00171556926224509 0
0.1065307508613 0.00176900626896109 0
0.107000070674636 0.00259785844389208 0
0.106005171432977 0.000869883695903145 0
0.105000891805608 0.00086435364459215 0
0.104561484487304 0.00174761695842126 0
0.103494768954282 0.00176777354257676 0
0.102999176827943 0.000858430813229917 0
0.102000118451143 0.000866092432387141 0
0.101616656728236 0.00174180647457385 0
-0.100000041415739 0.000860892405842055 0
-0.100499745392887 0.00167803536803575 0
-0.0995000946566176 0.00170231238450639 0
-0.0990028530670592 0.000858603043672248 0
-0.0985273528425604 0.00164376553091515 0
0.0969924851774744 0.000857155876355713 0
0.097454621418476 0.00176115337211363 0
0.0964433527892486 0.00170772563942854 0
0.0959893115947719 0.000860477726967543 0
0.0954888227829865 0.00172698833856306 0
0.0944982418250688 0.00168516509254903 0
0.0950000663788004 0.00259787206086403 0
0.0960215505807451 0.00256676231710105 0
0.0939997875781619 0.000858227993898821 0
0.0934997633949041 0.00167691761173638 0
0.0929954702630747 0.000861420408096028 0
0.0925000093046324 0.00173204501075834 0
0.0914539591759464 0.00184855841290774 0
0.0921360926668929 0.00262329750175972 0
0.0904114295261489 0.00195490430809543 0
0.0899156578808516 0.00286961256108085 0
0.0894182725208649 0.00196594942447487 0
0.0909490101647628 0.000976554919488558 0
0.0931582617251041 0.00246913577325414 0
-0.0940296633856823 0.000837124021702602 0
-0.0946015781233937 0.00156116798903463 0
-0.0930292860908905 0.000817763150225938 0
-0.0909999923453829 0.000843207925504881 0
-0.0915281149803229 0.00162333291460963 0
-0.0899999869775422 0.000837509671152704 0
-0.0879999899162577 0.000855334935525138 0
-0.0885405219720519 0.00168453155782813 0
-0.0869999988170819 0.000856055699757988 0
-0.0865338898963212 0.00172474491320312 0
-0.0855001006421835 0.00173199269890776 0
-0.0850000769562364 0.000866021991530926 0
-0.0845302166417718 0.00174537194795096 0
-0.0840051220102053 0.00086827410846992 0
-0.0835168723285438 0.00173967679166371 0
-0.0825106757067329 0.00172911250729396 0
-0.0830642327028287 0.00262563929769071 0
-0.0820019089728412 0.000865756368500492 0
-0.0815224857685552 0.00174419689188371 0
-0.0810041803765423 0.000868191818995265 0
-0.0805171289059641 0.00175142932156609 0
-0.0795003860221365 0.00173246004668687 0
-0.0800663142677129 0.00268061791522103 0
-0.0790001918943082 0.00086646472266319 0
-0.0784965410959225 0.00174788353673994 0
-0.0779995745601639 0.00086901472639266 0
-0.0774868997733633 0.00176804449885129 0
-0.0764992517325791 0.00173771310791379 0
-0.076866190184673 0.00258764122210476 0
-0.0759999845762121 0.00086735899843778 0
-0.0755014684965529 0.00168343365919284 0
-0.0750003490917047 0.000858399439268717 0
-0.0745004378141995 0.00167353232872601 0
-0.0735001247447646 0.00172244569802288 0
-0.0740281186717765 0.00259513142999433 0
-0.0728761101132266 0.00250263954935263 0
-0.0724794316200201 0.00167654060118843 0
0.0267013105183486 0.00722889985677157 0
-0.0580031235842272 0.000869008492819897 0
0.080996822136954 0.000862984451389351 0
0.0804901909340452 0.00172506937399106 0
0.0794984629680486 0.0017165786306071 0
0.0799525069731822 0.00255758849289941 0
0.0789998192658001 0.000863462693612286 0
0.0785000991978621 0.00172288288883248 0
0.077999999628823 0.000864073009616369 0
0.07750006455765 0.00171224315241232 0
0.076500104717832 0.0017040705746139 0
0.0769722947748769 0.00249209222164421 0
0.0760000965737065 0.000861386257263021 0
0.0754728110251945 0.00163224816127068 0
0.0749910426009487 0.00080207513084149 0
-0.0719966003284955 0.000856743162911807 0
-0.071496073308551 0.00168323266698764 0
-0.0704994512074399 0.00172384566166117 0
-0.0710000592542671 0.00259789339857232 0
-0.0698715942996876 0.00253313005362188 0
-0.0694785275900139 0.00169317166107903 0
0.0699576526168506 0.000835204438528015 0
0.0689929621074397 0.00086086371709036 0
0.0684988652136972 0.0017311100864773 0
0.0674999312947556 0.00173183972872212 0
0.0679998658022811 0.00254120357584871 0
0.0689607219117505 0.00256576929536043 0
0.0684271707454281 0.00342786163855319 0
0.0670139372870154 0.00258472266293176 0
0.0665516992170825 0.00170134277679708 0
0.0660433670816986 0.0025682120227759 0
0.0657736416968394 0.00364730024115498 0
0.0648444577231248 0.00298349106952973 0
0.0650877877793269 0.0019994162376359 0
0.0643040454649591 0.00228938304746153 0
0.0694526488840581 0.00170181197572866 0
0.0699251477587974 0.00263300159477225 0
-0.0689964355910823 0.000859523314756211 0
-0.0684958696142105 0.00169777616432989 0
-0.0674994158507371 0.00172627049195756 0
-0.0680268019425113 0.00263488193747986 0
-0.0669066576220402 0.00258988912614036 0
-0.0664843156741849 0.00171420405730082 0
-0.0640000238192856 0.000866017995162983 0
-0.0644999740311073 0.00173198015668295 0
-0.0635000858398684 0.00172750460762836 0
-0.0639741889688256 0.00260308813799181 0
-0.0648764114774332 0.00260723984159136 0
-0.0630000702308447 0.000865278182591591 0
-0.0625001649732941 0.00172666832608179 0
-0.0615002714298733 0.00173124941046161 0
-0.0619691780584893 0.00262642204769752 0
-0.0610426568473829 0.00257530980997177 0
-0.0605074473690052 0.00172833428533578 0
-0.0615004527435985 0.00346389478673882 0
-0.0600184870516256 0.00261854878637658 0
-0.0595078245861228 0.00172501596089341 0
-0.0600025840266363 0.000864318869720968 0
-0.0654767634772237 0.00171508414627061 0
-0.0659935162606867 0.000860218580533445 0
0.0660697284212364 0.000850672855903169 0
0.0640103760249541 0.000853439418651291 0
0.063001750013565 0.000863906771714442 0
0.062500330043229 0.00173162259680825 0
0.0615001650061485 0.00171917790023577 0
0.0620000888474719 0.00259791314428214 0
0.0629403464205088 0.00252312523093117 0
0.0610001033124739 0.000863912256462832 0
0.060500119271473 0.00171677458470639 0
0.0600016107123093 0.000862245877612143 0
0.0595718762017322 0.00173786236455914 0
0.0601057428326261 0.00259753030006563 0
0.0635651257114578 0.00180731930700491 0
0.0893041446685863 0.00550399069359957 0
-0.029999804262456 0.000864869401367785 0
0.0569903954580066 0.000928200639909055 0
0.0510000882754048 0.000866039556919441 0
0.0500000485843061 0.000866025490878358 0
0.0495000455904405 0.00173198115503038 0
0.0485001337229796 0.00173202268609701 0
0.0489961982653148 0.00259565930499996 0
0.0480078022202179 0.00263501402374956 0
0.0475015274289936 0.00173825793999405 0
0.0486193033913885 0.00344884530894248 0
0.046975490439306 0.00270514438285477 0
0.0499942797345884 0.00253273217195021 0
0.0464792271239478 0.00180081348537915 0
0.045472453479553 0.00187713833052332 0
0.0449777187079523 0.000950175360917333 0
0.0505000487354528 0.00173198797613837 0
0.0420000099884274 0.00086600050557207 0
0.0424746285240691 0.00176447607048085 0
0.0414881600885407 0.00173299530944447 0
0.0409980337614707 0.00086616740688214 0
0.0404977359274295 0.00173216680464223 0
0.0394997309155615 0.00173203127903969 0
0.039999630398622 0.00259793174627239 0
0.0390000639841747 0.00258552779521752 0
0.0385001560345504 0.00172998192146398 0
0.0380003126971757 0.00258314587888186 0
0.0394510265548311 0.0034498269120466 0
0.0404460253005508 0.00346702240612871 0
0.0375002256999595 0.00172922272184154 0
0.0370003793497307 0.00257557800949755 0
0.037443027890985 0.00340019414212696 0
0.0409702772140596 0.00258811277317465 0
-0.040984942657074 0.000893933609486119 0
0.0360106165578312 0.000859899929731804 0
0.0365125712870259 0.00172072656695686 0
0.035973824215237 0.00250776055294116 0
0.0350123639394261 0.000832997335298645 0
-0.0359977712081558 0.000864701926725474 0
-0.036488097497949 0.00172510773274937 0
-0.0354977312536502 0.00173061727529223 0
-0.0360192412662503 0.00254990302280949 0
-0.0350029923128086 0.00252893605810232 0
-0.0370530347380677 0.00267699683855982 0
-0.0345001943282454 0.00172025358984726 0
-0.0340030584606338 0.00258316147592313 0
-0.0345196487591507 0.00344347224121328 0
-0.0330000356280959 0.000866015141131891 0
-0.0335006393299552 0.00172760293752482 0
-0.0330041562541539 0.00253570244436674 0
-0.0325000789567094 0.00173200522035556 0
-0.0319999208845377 0.000866052311720144 0
0.0330000208730596 0.000850350412574076 0
0.0319947593047662 0.000776856842778324 0
-0.0219998299166128 0.000865743582628226 0
0.0249818645789351 0.000909563223980505 0
0.0239616503811643 0.00085548818765406 0
0.0235000219660597 0.00173200062629519 0
0.0622683708919583 0.00610301554373114 0
0.0470002905770448 0.000866197511847068 0
0.0121604308396548 0.00747247323940119 0
0.0141479177881148 0.000800194459475888 0
0.0497480080092563 0.0064505408470102 0
-0.0242587549713509 0.006858474538751 0
-0.0172673291820011 0.00714226625597182 0
0.0530000168447017 0.000864654866984837 0
0.0670202333693512 0.000858309924831215 0
0.182999381859754 0.000865531180736265 0
-0.0315009939261985 0.00172047835067855 0
-0.0234958875321811 0.00172652986563985 0
-0.172006882845686 0.000862551342239989 0
0.0514988741688747 0.00171928593721672 0
-0.0212623693062214 0.00698004858849333 0
-0.0492281389498075 0.0058387435270811 0
0.0380001864430513 0.000865682202562348 0
-0.0462325946848251 0.00596114410889567 0
-0.0432358947171504 0.00608273917252538 0
-0.0402392756076968 0.0062047276808346 0
-0.0372430656783807 0.00632577185869747 0
-0.0342468461906046 0.00645258362016546 0
-0.0699957393951041 0.000857089481495033 0
-0.0669962115792016 0.000861114961334379 0
-0.0349992907347743 0.000863597347071839 0
0.0422192118771957 0.00700243048339691 0
0.0392286191131199 0.00687847805808172 0
-0.0127380849632774 0.00646158027284377 0
0.0297025259039171 0.00735152094726195 0
-0.0152699169389348 0.0072241697978618 0
-0.176000523580657 0.000864973720599516 0
-0.0282538048256873 0.00669625439155646 0
0.0457530118303083 0.00628429079022004 0
0.0217114000119893 0.00701833958291048 0
-0.0184992933032584 0.00173232972539214 0
0.0582744777526305 0.00593809903903161 0
0.0853087607257564 0.00532570544262057 0
-0.0976226891728839 0.00304798512094889 0
-0.0134138808572017 0.0107528856785629 0
-0.0128786696355524 0.00991030598456265 0
-0.0144122593054869 0.0107127359276272 0
-0.0164101427484619 0.0106285885160432 0
-0.0184071970764151 0.0105486343621383 0
0.0235022164556004 0.0103650573564546 0
0.0253957893001665 0.0102585023091478 0
-0.0233989789553435 0.0103407436884578 0
-0.0253959721520943 0.0102604347807353 0
-0.0513543237828682 0.00918936437811637 0
-0.0523527289552791 0.00914824368846112 0
0.0543087355226199 0.00907639100816563 0
-0.0543495393001011 0.00906600230915057 0
0.0562875065183572 0.00904899912075639 0
-0.0563470646902305 0.00898953054390663 0
0.112257039299937 0.00668100230915719 0
0.113292764654703 0.00660274796730777 0
0.022317626230491 0.00444509815333991 0
0.0338390154634709 0.00405760048162977 0
0.0588441357508029 0.00340240228346496 0
-0.0292526222174 0.00665579713112758 0
-0.148222022807082 0.00520950253072274 0
0.150073288190249 0.00516606331373616 0
-0.150219110221787 0.00512606305507689 0
0.152081006059771 0.00506556891228294 0
-0.152216783231689 0.00504638684687954 0
-0.157209737531452 0.00484248038072286 0
0.162197664720372 0.00473359002469372 0
-0.162202666646193 0.00463723387440613 0
-0.167195059263002 0.00442924606812073 0
0.169076439958703 0.00435329223579443 0
0.171075240572509 0.0043021930021636 0
-0.169190877416975 0.00434643162640419 0
-0.171166232989806 0.0042726117215948 0
0.173082985324332 0.00421066555682615 0
-0.173137178853925 0.0042059892040266 0
-0.175103455670436 0.00413427206663371 0
0.180131799216463 0.00398001842151166 0
-0.180100850547257 0.00396746897859851 0
0.18209679521587 0.00390106882864642 0
-0.182096815203198 0.00390108280676281 0
0.184097166659054 0.00383772080258812 0
-0.184097208696164 0.00383774084216111 0
0.0313071345042453 0.00481770178524292 0
-0.0121600528273213 0.00391671913667902 0
0.0197857581630473 0.00520613068132007 0
0.0464114228993789 0.00365662287795005 0
-0.0419946489689004 0.000873088634260259 0
0.0438274778094762 0.00447164513041388 0
-0.037633692677503 0.00369329471114579 0
-0.0380676399693438 0.00276228696982893 0
-0.036426950695502 0.00359045074286287 0
-0.0175044420688721 0.00172938381556853 0
0.0257035599083338 0.00718353391283583 0
0.00168328426328095 0.00791311536267422 0
0.0390000176475102 0.000865618934459042 0
0.0563366411099535 0.00414261962591619 0
-0.0209999042410803 0.000865764533486321 0
-0.0289998968067393 0.000864789064846131 0
-0.0515859313887677 0.00321059623696483 0
0.0177883999914479 0.00512372433902745 0
0.0743723581698902 0.00316528151842285 0
-0.203920691525289 0.00277444701254064 0
-0.204492347954673 0.00187236669489845 0
0.202252866487822 0.00305891728104045 0
-0.202252853951258 0.00305892363593548 0
0.0718702772469656 0.00390951672482576 0
0.0480003337538254 0.000867085477838095 0
0.203920709080034 0.00277447626619034 0
0.204492326389101 0.00187241698216048 0
0.0319297190509796 0.0023069626039506 0
-0.0570019442508378 0.000869155980899794 0
0.0203076055235185 0.00249467265671601 0
0.0833868078628796 0.00351708481595441 0
0.210092214360847 0.00264272792996737 0
-0.210092219595625 0.00264272746165131 0
0.0157910939107999 0.00504096109383011 0
0.212071739922471 0.00256851707877022 0
-0.21207175588507 0.00256851734045106 0
0.0988883272562279 0.00328962202619282 0
0.214068253972439 0.0025037308973826 0
-0.21406826966557 0.00250373823154055 0
0.216066498042587 0.00243952726601068 0
-0.216066481279173 0.0024395268872064 0
-0.052225296770397 0.00571561254374967 0
-0.131114040151868 0.00252197501197591 0
-0.100596206673053 0.00302903350107048 0
0.218066107170659 0.00237149140586904 0
-0.218066075569045 0.00237148292990371 0
0.112434559139559 0.00307089972004741 0
0.222069326199498 0.0022111998554409 0
0.22007138125638 0.00228346855757983 0
-0.222069326199454 0.0022111998554273 0
-0.22007137065622 0.00228346226827272 0
-0.0146575427261028 0.00465592939006293 0
-0.224070375912618 0.00212058844445645 0
-0.0985951249444339 0.00305019678285886 0
0.226067898971273 0.00204512075606022 0
0.224070368152279 0.00212058868738904 0
0.128466987266645 0.00187919158853497 0
0.22809768250751 0.00184773614322782 0
-0.226067906601413 0.00204512652004001 0
-0.228097682507479 0.00184773614322397 0
-0.0729960469932263 0.000853678738695682 0
0.0348320113559462 0.00410572417239552 0
0.0233162520051768 0.00448666309251267 0
-0.0610017373983361 0.000865000829741936 0
0.00634633919769449 0.00378648895455446 0
0.148983034671261 0.00195645886677732 0
0.0193225177060329 0.00432171435771835 0
0.0303083477347367 0.00477637734730089 0
0.0428306887354972 0.00442953506837206 0
0.0238381218698489 0.00364154299014288 0
0.0557425857142804 0.0032166975427228 0
0.0709162767631833 0.00388051559830455 0
0.00566387224528543 0.00807718740030883 0
-0.0122739057054695 0.00734581138797857 0
0.0823883915027194 0.00347905435906094 0
-0.0532245348077664 0.00567477418783271 0
-0.00614626615245897 0.00413497527919315 0
0.00435198084337121 0.00370278454772699 0
0.00248469828140283 0.0110904231351073 0
0.00447187499999623 0.0110860146606058 0
-0.00248015833092575 0.0111059653433781 0
0.097880726836203 0.00327210186510205 0
-0.0156633136899346 0.00460938193525694 0
0.0107986496306843 0.00483548716734767 0
0.0298438812226665 0.00389143975881118 0
0.0423921814872235 0.00351210001914481 0
0.00420800751963621 0.00715487076590233 0
-0.00859204219471878 0.00321566805415121 0
0.0819353898214901 0.0025986635773995 0
0.00880219528005421 0.00475181759524551 0
-0.0056827939054833 0.00501933485435065 0
-0.0517591530527005 0.00659954696341412 0
0.0839876232339096 0.000888569010911897 0
0.0283106690905689 0.00469375011981669 0
0.0278471815721926 0.00381219544025574 0
0.000686717457356708 0.00787090651720554 0
-0.000551171529655289 0.00174907869186526 0
0.00228790554111269 0.00534825661909288 0
0.0263132432269817 0.0046116046683344 0
-0.00774665748530164 0.00666307213856556 0
0.025314753482405 0.00456962623272362 0
0.00481412731027408 0.00458753908935207 0
0.0123369867489004 0.00403889546105417 0
-0.00828075351295797 0.00750601892104523 0
0.00520363294064094 0.00719602381710532 0
0.00129153050024437 0.00530690121942477 0
0.0248493538193046 0.00368564842721699 0
0.0243052492191379 0.00259916500076829 0
-0.00888501855784342 0.0100746661921294 0
0.0743027376798652 0.00826513386624322 0
-0.00927861275511134 0.00746599806327254 0
0.00534945292265831 0.00374252105570303 0
0.000828352575385335 0.00442228404963987 0
0.0450749256389225 0.0087814327700603 0
-0.00981305430289352 0.00831010961402928 0
0.0613885841519665 0.00876262465566453 0
0.131097286602061 0.00600849533935132 0
0.00680773966904097 0.00467066498152155 0
0.00665939987705983 0.00811855555482669 0
-0.0196583204240983 0.004448566672794 0
-0.000701168993887072 0.00522562314501749 0
0.0879949335075097 0.000906230686902239 0
-0.0011665626434676 0.00434179490046554 0
0.0073434374502964 0.003827357396447 0
0.010430533386629 0.0108507996581021 0
0.00834061915682048 0.00387332083695289 0
0.0328193609943837 0.00915888416340275 0
-0.127588341272177 0.00176796664514644 0
0.0819876636491666 0.00086643390785079 0
-0.00269452410361062 0.0051440443071937 0
0.00765511685420797 0.00816402692040602 0
0.00933845012821051 0.00391529440721058 0
-0.0114178731649938 0.0108385415438985 0
-0.00988233478018459 0.0100354853350498 0
0.010335829101984 0.00395494769154492 0
-0.00369058493199274 0.00510309228074008 0
-0.0118793276316365 0.00995522907495723 0
-0.0123428405386973 0.00907165589818783 0
0.0113363276828904 0.00399842741560488 0
0.0086843908082153 0.00823288109921994 0
-0.0104190638148887 0.0108788624360228 0
-0.00415678572071945 0.00421961363221205 0
0.0127975438074917 0.00492024638614923 0
0.0137948973871283 0.00496188754674717 0
0.0143327149086084 0.00411845697939575 0
0.0153308624417487 0.00416049642334885 0
0.0163287999513829 0.004200938867855 0
0.0173252775487336 0.00424323462201284 0
-0.00515146196637135 0.00417815194477381 0
0.0183233639605291 0.00428509511952475 0
0.0188395643052483 0.00345670158169038 0
-0.0133425819859418 0.00902924105045021 0
-0.0138776469750785 0.00987157161594757 0
-0.014876506723174 0.00983162427463794 0
-0.146952719464273 0.000897163832139859 0
-0.0158755043941158 0.00979121329188252 0
-0.016874027303622 0.00975051081994267 0
-0.0851042765439612 0.00263934135968031 0
-0.0178724376069095 0.00970951470730624 0
-0.0198707811698018 0.00962958290838631 0
-0.0188717426785683 0.00966970946677815 0
0.0273321613758445 0.00999598310410131 0
-0.0268606764044023 0.00934351426641263 0
-0.0204061077988846 0.0104687633421009 0
0.0682619574863241 0.00639298645454963 0
-0.0214049910110963 0.0104268289428354 0
-0.00561700861491288 0.00329391038336772 0
-0.0328526763629963 0.00909895877849572 0
-0.0298567310053046 0.00922131267577911 0
-0.0218666375278943 0.00954629616244494 0
-0.0358484277685918 0.00897636961758167 0
-0.0228650293702236 0.0095049482945957 0
-0.0388442091352501 0.00885384303121457 0
-0.00608361717808895 0.00242817204515212 0
-0.0418400003246571 0.00873146752220486 0
-0.0448394482519243 0.00860971004639614 0
-0.023863541213021 0.0094640398075847 0
-0.0478354720052988 0.00848729276503507 0
-0.0248622850761312 0.00942305040906737 0
0.0667399816766307 0.00717474758933353 0
-0.0758522934151309 0.00245658825880866 0
-0.0258616658033527 0.00938278106547214 0
-0.0273956386560256 0.0101815994048932 0
0.00297376113248773 0.000980701256821334 0
-0.0578273001465722 0.00808021736527201 0
-0.0283930258423949 0.0101408827988388 0
-0.0426310572468859 0.00351831975468629 0
-0.060825362645372 0.00795817414096525 0
-0.0288575386357626 0.00926121800220045 0
-0.0638196281643603 0.00783558412123268 0
0.0823928403876111 0.00790181008843927 0
-0.0668159113820783 0.00771320033282804 0
-0.0303916521584839 0.0100591183329731 0
-0.0698122212849266 0.00759082379428618 0
-0.0313885959662853 0.010018120416534 0
-0.0728085490999385 0.0074684455394413 0
-0.0758048745393639 0.0073460449517024 0
-0.0318534215687561 0.00913881176029167 0
-0.0788011349657179 0.00722346269000392 0
-0.0333873438541679 0.00993624303377016 0
-0.0817974350704123 0.00710110618158784 0
-0.0343840937230722 0.00989516819583175 0
-0.08479025126869 0.00697840149612718 0
-0.0877872176355162 0.00685578954020069 0
0.0368699917776148 0.00422166909586604 0
-0.0348505407706867 0.00901649154472304 0
-0.0907773882279164 0.00672766271276434 0
-0.0937733162145402 0.00660493037670262 0
-0.0967692340095631 0.00648228146398068 0
0.0889148355595158 0.00280807893008894 0
-0.0363829629126926 0.00981329463084878 0
-0.099765138050308 0.00635971127525887 0
-0.0373795642870274 0.00977224447960205 0
-0.102761780642053 0.00623677035207793 0
-0.0378447986186341 0.00889358317982388 0
-0.105758525723343 0.00611414731270766 0
0.166519589918703 0.00353654859159984 0
-0.108753183621205 0.00599241972665438 0
-0.0393785893682654 0.00969037343013096 0
0.105552660879119 0.00175976730290098 0
-0.111748733196746 0.00587000891909995 0
-0.0403750401715073 0.00964933663348267 0
0.146986378654509 0.00185359948884193 0
-0.0408404972354472 0.00877115379605917 0
-0.114744784485644 0.00574750115378856 0
-0.117741223694469 0.00562449711453725 0
-0.0465965614950017 0.00338211454891193 0
-0.120736981623011 0.00550111072355473 0
-0.0423742207335612 0.00956747784440225 0
-0.123733063772062 0.00537825216422226 0
-0.0433705195741928 0.00952643376519837 0
-0.126729134704518 0.00525617258831751 0
-0.043836656056702 0.0086487710060758 0
-0.129725544438054 0.00513432226170614 0
0.103303819378056 0.00703634284906458 0
-0.00590242740793783 0.010187653345464 0
-0.0453704640871173 0.00944468788434918 0
-0.132720890119605 0.00501154713924407 0
-0.0463661029164835 0.00940355139677821 0
-0.13571695365147 0.00488961076436389 0
-0.0468324292180219 0.00852633307417824 0
-0.0333818548323415 0.00331887519896447 0
-0.138713334907315 0.00476721140639249 0
-0.0483661148334564 0.00932176971263029 0
-0.141709385629444 0.00464453076909156 0
-0.0493605014005475 0.0092788893967107 0
0.115276129224089 0.0065721688483289 0
-0.144715767671548 0.00451935145656181 0
0.252032519010044 0.000894662282038775 0
-0.252032519010034 0.000894662282038448 0
-0.0498230934539085 0.00840253216046449 0
0.14520510424679 0.00534087603019542 0
-0.0508202041621623 0.00836214351734403 0
0.188171046069659 0.00355856554917865 0
-0.0528170236236447 0.00828012348941485 0
-0.0518192258928286 0.00832020965857148 0
0.155876557460294 0.00395285635570304 0
0.0794135903334059 0.00338618750909998 0
-0.00200640450467797 0.000851633294485759 0
0.124238615508467 0.00620489325296732 0
-0.153693497543902 0.00415448714771417 0
-0.188171115888161 0.00355903003239648 0
0.0702956663813764 0.00831781407201008 0
-0.0538154486489391 0.00823948482528432 0
0.12194758671492 0.00254502514078379 0
-0.158686975196768 0.00395184124343739 0
-0.0548138751181049 0.00819888121813388 0
-0.00643799023386269 0.0110315438149613 0
-0.163679589245652 0.00374156181597899 0
-0.230116757587342 0.00183167820949573 0
0.230116757587354 0.00183167820949738 0
0.0220657042565544 0.000898856644348689 0
-0.0558134248873728 0.00815705721718817 0
-0.0583439472399997 0.00892063388769449 0
0.00644568202138004 0.011050055425379 0
0.211507249320944 0.00171423645241405 0
-0.211507254958977 0.00171423624125292 0
-0.0568189372288873 0.00811678316133559 0
-0.0593431012875977 0.00887674239776816 0
-0.0396053495506464 0.0036372069707679 0
0.0404711842864551 0.00960822093551939 0
-0.0613391993959185 0.00879816140143289 0
-0.0890869155221917 0.0025157056618677 0
0.254018740660273 0.000849201835003284 0
-0.254018740660264 0.000849201835001473 0
-0.0598071787752283 0.00799714458395884 0
0.0303886587990413 0.0100733822566373 0
-0.0623384932538729 0.00875405011816967 0
-0.0643344516552079 0.00867569142498988 0
0.164490431790058 0.0017229464380853 0
0.0671234247628445 0.00828469156638922 0
-0.0628027705344569 0.00787433382266402 0
-0.0653338002228895 0.00863145481463264 0
-0.0673297041189259 0.0085532264120182 0
0.0933207372388567 0.00569680810302762 0
0.0101987082699775 0.00738488458145512 0
-0.00355579965459199 0.00166847884896605 0
-0.0657996769670292 0.00775196715690002 0
-0.0683291462562813 0.00850881194096595 0
-0.0703249569066769 0.008430769266516 0
-0.0687953666974844 0.00762941158285211 0
-0.0713244986233024 0.00838617176780093 0
-0.0733202099334024 0.00830831792328734 0
0.0943015419623865 0.00743073575775805 0
-0.0717910848127413 0.00750685400290103 0
-0.0743198561564074 0.00826352367931049 0
-0.0206960597968943 0.00441502805321077 0
0.281011465072644 0.000300727749389873 0
-0.281011859479122 0.000300712452701844 0
-0.0763154627314044 0.00818586102669137 0
0.0814725848061839 0.00172787136714734 0
-0.12857897275606 0.00173679830252974 0
-0.0747868296716016 0.00738425032204107 0
-0.0773152122835153 0.00814086848020938 0
-0.0793107148155987 0.00806338679901251 0
0.0166690125830621 0.00852934455336236 0
-0.077782558941132 0.00726156250401823 0
-0.0803105461694385 0.00801818045759932 0
-0.0823059667756561 0.00794090955724484 0
0.155286322718909 0.00486039954444242 0
-0.0629591735359642 0.00261000595803262 0
0.0496373482391386 0.00330277887142541 0
-0.12156066184646 0.00184357407450664 0
-0.0807766791021854 0.00713869167914391 0
0.0439751187415083 0.000962501627066312 0
-0.0833058919342964 0.0078956033757198 0
-0.0853012209486237 0.00781848604462948 0
-0.206077557968635 0.00277007046336507 0
0.206077469310516 0.00277006403600095 0
-0.0837757683957156 0.00701667998560444 0
-0.0863012518134567 0.00777303114989542 0
-0.0860873958464596 0.00260329181771551 0
-0.0883007349447009 0.00769112051804456 0
-0.105447987669094 0.00174535801008151 0
-0.148168275017268 0.0018192070824105 0
-0.0867716478686213 0.00689426974907698 0
-0.0893051747547686 0.00764047410184269 0
-0.037974648740305 0.000851388847535203 0
-0.0912948095539552 0.00756953071877708 0
0.092305140847344 0.00749457161777167 0
-0.0897788718316954 0.00676795965570115 0
-0.0923005501019823 0.00751756515207177 0
-0.0942901566100018 0.00744682815526754 0
-0.0927748543646709 0.00664508100897996 0
0.122941491171856 0.00258346141209227 0
-0.0952960903823681 0.00739451691786176 0
0.124924052495658 0.00263922548350561 0
-0.0957707560118563 0.00652239636578609 0
-0.0972855022604679 0.00732408772521203 0
-0.166046901116467 0.000923208454914845 0
0.0952938818701398 0.00741118511997742 0
-0.0982916599293475 0.00727151715967253 0
0.0408398592723196 0.00436723189130061 0
0.0628858852225294 0.00346733698633085 0
-0.098766740664061 0.00639963062087972 0
0.00244288814740713 0.0018505035623331 0
0.0928091543546572 0.00659747062289894 0
-0.0436017464640823 0.00347369038688184 0
-0.100280856201497 0.00720150362326435 0
-0.10128728133352 0.00714861510532297 0
-0.101762941660092 0.00627778636331021 0
-0.103279805177598 0.00707398166243189 0
-0.104283739778051 0.00702449892132614 0
0.134291700222579 0.00572747025885591 0
0.0884624306503715 0.00179510937100901 0
-0.104761346140354 0.00615223809770523 0
-0.106271699615594 0.0069563024754184 0
0.163484020578196 0.00169542255062545 0
-0.107278645085861 0.00690267055209163 0
-0.107755013238262 0.00603216786972203 0
0.177154791220893 0.00404253084162178 0
-0.0790417351152616 0.00271943316493954 0
-0.109268437297992 0.00683176338211002 0
-0.110274430782061 0.00677946745373896 0
-0.110750709089506 0.00590993308924819 0
0.0411187244125056 0.00868195164583281 0
-0.112262269938175 0.00671125128948938 0
-0.113269754184134 0.00665689106951451 0
-0.00445454459984599 0.0110767603300556 0
0.10434423211623 0.00267980247567662 0
-0.113746581796259 0.00578769574929092 0
0.145975797900206 0.0019643659574439 0
-0.115259203681249 0.00658650116045368 0
-0.11626568149186 0.00653351390554923 0
-0.116743254496524 0.00566396123586246 0
-0.118253041026686 0.00646609903030965 0
0.0434537539430764 0.00181676732782766 0
-0.119261078057927 0.00641100964859699 0
-0.00254047398749413 0.00170495526746549 0
-0.119738721992474 0.0055420426274393 0
-0.121248387577831 0.00634335916514567 0
-0.122256712047777 0.00628768292934105 0
0.188950507229426 0.00258013395202283 0
-0.122734315182971 0.00541692095493916 0
-0.124242562872218 0.00622254648894331 0
0.136259623387459 0.00572265648916525 0
-0.188951309394712 0.00258062254379133 0
-0.125252226805028 0.00616516565597207 0
-0.212518458927441 0.00169634074885348 0
0.21251841651776 0.00169633607851039 0
-0.125730656251635 0.00529567598723279 0
-0.127239157779386 0.00609832495144443 0
-0.230922540945631 0.000875728343746704 0
0.230922540945729 0.000875728343744963 0
0.0209950554753631 0.000990373818218088 0
0.255024653615714 0.000830706089108364 0
-0.255024653615709 0.000830706089107717 0
-0.128248105251474 0.00604198757529275 0
0.0733167322802522 0.00831536149707477 0
-0.128727060976848 0.00517378812742639 0
-0.1302345604882 0.0059758282473072 0
-0.131243765320846 0.00591917236089228 0
-0.133228528471798 0.00585504129195547 0
-0.131722964716584 0.00505148717591845 0
-0.134238989520032 0.00579660644829786 0
-0.136225212870955 0.00573072239154764 0
-0.13471838671577 0.00492984385191857 0
-0.137234871291602 0.0056733837483652 0
-0.139220605964021 0.00560825532420839 0
-0.137715185897316 0.00480679813732482 0
0.123468519024962 0.0017240246555441 0
-0.124564302144877 0.00179459347441825 0
-0.140230509293441 0.00555068789220419 0
-0.142220643509316 0.00547881310731088 0
-0.140711397584646 0.00468627970140326 0
-0.130038118598052 0.000856746697435088 0
0.0809386612733271 0.00258667331381474 0
-0.143226824178509 0.00542589003317648 0
-0.145218100611239 0.0053551222505065 0
-0.143707994208483 0.0045565735245893 0
0.0624207566956193 0.00875082440504464 0
-0.0214377253088621 0.00346268293546033 0
-0.146223339475731 0.00529945254640591 0
-0.14671187797236 0.00442328080908275 0
-0.147711718385426 0.00437822320208751 0
0.12398204110734 0.000868337647219067 0
-0.148713674973888 0.00433249513467605 0
-0.149709960879949 0.00429472698947863 0
-0.150711230872375 0.00425047149832862 0
-0.0642319073447967 0.00351329836276138 0
-0.151707507096779 0.00421285498889013 0
-0.087546169174089 0.00171543396129433 0
-0.154197465123618 0.00499507758010091 0
-0.152705788393254 0.00417355604039983 0
-0.155208245663561 0.00493355735268617 0
-0.1556961619195 0.00406088303829712 0
-0.106685681684407 0.00265789648209601 0
-0.156698131731867 0.00401341144832525 0
0.138830068115952 0.00491173433067308 0
-0.159192002163607 0.00478792094665748 0
-0.149200137960858 0.00178267321314989 0
-0.157698200479008 0.00397148108427966 0
0.121468804781306 0.00169889285331207 0
-0.160201381829348 0.00472837664336608 0
0.0353500308280791 0.00328203108785149 0
-0.045052345584264 0.00258236622342209 0
-0.160689890285942 0.00385699787021957 0
-0.161691932158227 0.00380868377064848 0
-0.164180327729717 0.00458860274955069 0
-0.162693355728604 0.00376368278510797 0
-0.0820724730323601 0.00266044962213891 0
0.0419478717421971 0.00261669063766713 0
-0.165193354567567 0.00452323015550886 0
0.0398674421199552 0.00432635974100309 0
-0.165683189727935 0.00364926376983338 0
-0.166685474168651 0.00360151821640554 0
0.0617945962107604 0.0035036551937209 0
-0.167690893708516 0.00355312759681885 0
-0.168686797057697 0.00351583281707181 0
0.0833247372753644 0.00804458618150094 0
-0.16966897563013 0.00348165214586524 0
0.162467678667901 0.00166168438221027 0
-0.170639805545177 0.00345428196698513 0
-0.134107559074403 0.00242609208045919 0
0.0869482832266451 0.0027169735047813 0
-0.00393785429938281 0.0102449471745668 0
-0.0040323312358703 0.000830007096394857 0
0.16709881264707 0.00440787475517411 0
0.116258573893438 0.00657004116889306 0
0.103413243562027 0.00280588556464084 0
0.144997890655401 0.000697645041215828 0
0.104295092507362 0.00717090976155416 0
-0.000913804819866949 0.0103457179900517 0
0.157291556097444 0.00483408179179872 0
0.213513789658204 0.00167609183338218 0
-0.213513834915881 0.00167611279896145 0
0.190269376376235 0.00345902707419943 0
0.146140917487267 0.00530103138724377 0
0.256017933927898 0.000808705874741996 0
-0.256017933927894 0.000808705874740982 0
-0.190269687528428 0.00345926346029609 0
0.125151442759753 0.0061295295313322 0
-0.232099099458518 0.00191629877883642 0
0.232099099458549 0.00191629877883563 0
-0.0374925601589503 0.00176063766250404 0
0.0214480667363664 0.0104691980313258 0
0.0313201636845582 0.0100220473020112 0
-0.0496269495815593 0.00326814974878632 0
0.0804004395105666 0.00342077421773991 0
-0.170557079682774 0.00171976152377434 0
-0.130567697963527 0.00169133402797001 0
-0.0390468914530853 0.0027525061193929 0
-0.0227479791386381 0.00435748428545356 0
0.0763669219594657 0.00326720952110679 0
-0.0880933064608361 0.00254909465636746 0
0.013963803542361 0.00846635535076305 0
-0.0652884198431613 0.00345721213571215 0
0.120477197629227 0.00168175963817885 0
-0.0920972811784955 0.0024136667633711 0
-0.107773790129334 0.00259197272067666 0
0.0482604530752066 0.00891758102276726 0
0.0192147740118476 0.0025649931668093 0
-0.149934744929953 0.000852550727565896 0
0.095804722952489 0.00658781012998202 0
0.0354910546032757 0.00165691186664922 0
-0.0456033836708855 0.00341602313709584 0
0.0414062358360123 0.00348900961557362 0
0.0384335595353133 0.003440264681951 0
0.161477688287103 0.00163324771523978 0
0.118952310472868 0.00246374484144705 0
0.0610762081196056 0.00257821376876813 0
-0.00294610562781111 0.0102683217144982 0
0.117834887565433 0.0057677610713889 0
-0.00501941274119368 0.000817530869278087 0
0.178155014747785 0.00404555956990767 0
0.0424400765983748 0.00960641326012988 0
-0.280012168741936 0.000323148137693631 0
0.280012168741936 0.000323148137693631 0
0.102509023502402 0.00156256673493179 0
-0.171629871793227 0.00345068189334666 0
0.214518570442391 0.00165953426182844 0
-0.21451857926938 0.00165953792604926 0
0.143942150450821 0.0017825235749538 0
0.257023455941929 0.000789679212034601 0
-0.257023455941926 0.000789679212034635 0
0.0747680413378174 0.00741661310602882 0
0.137243360246256 0.00571638657882639 0
0.190885865333808 0.0025825172112862 0
-0.190886271169158 0.00258307375869664 0
-0.233014984432281 0.000693049198358 0
0.233014984432368 0.000693049198356643 0
0.0789830257100771 0.00252451755385023 0
-0.00654767742177526 0.00159359246855952 0
-0.171083377404574 0.00257861315982652 0
-0.13154255394921 0.00166447630276546 0
0.160000889414234 0.000810404847202372 0
-0.0895231477814162 0.00165748058798559 0
-0.0237988984134468 0.00429849700742906 0
0.063107965595841 0.00786689174735199 0
0.0106762762484937 0.00820895485759979 0
0.01862216851246 0.0017259510233489 0
0.119946085616949 0.00249489157666415 0
-0.0658840918707414 0.00258932247484737 0
-0.0470189008722684 0.00251785921724628 0
-0.1083823474687 0.00172283977072721 0
-0.151229233785342 0.00174435486926328 0
-0.178136309166215 0.00404282074150764 0
0.0522569542803732 0.0073635744704525 0
0.0537517295306128 0.00825362914292737 0
0.0378694352790929 0.00426292208571521 0
0.0899159600266415 0.00106113175399215 0
0.160991009858629 0.000813803320642845 0
0.0377404657001248 0.00762806762556483 0
0.116783144480769 0.00573505387572048 0
-0.00194813805643018 0.0103005284398761 0
-0.00555211975925652 0.00162391382876164 0
0.0597626356359483 0.00344690449180355 0
0.0842382682125459 0.00682908116977209 0
0.168483638524525 0.00352859565514982 0
-0.137123109940581 0.00233616409018228 0
0.215513516008975 0.00163786787953762 0
-0.215513508094052 0.00163786857876639 0
0.0967949237201876 0.0065990913509559 0
0.258023844668405 0.0007693693264019 0
-0.258023844668406 0.000769369326402547 0
-0.172586279844716 0.00339840283030105 0
0.0773390834642765 0.00819318665526401 0
0.10137892542867 0.00260961237683161 0
0.142967462274784 0.00187718251685007 0
0.105266350879021 0.0059591752321299 0
0.1475194354545 0.00443272063213585 0
0.157855167364731 0.00399787059472721 0
0.192293853754226 0.00340083035500963 0
-0.132523497855784 0.00164789729596826 0
0.126362437051853 0.00510684025964868 0
-0.192294220563715 0.00340116847524787 0
0.0779870115344913 0.00251293443279948 0
-0.234064908110384 0.00184975462849771 0
0.234064908110405 0.00184975462849701 0
0.0749370380111968 0.00238863887392248 0
0.0220635347346389 0.00958042406441434 0
-0.0905138609645422 0.0016415940459166 0
-0.0243915961506975 0.00343506706038028 0
0.051237248755912 0.00734062962604136 0
0.11845391291017 0.00165225770664616 0
-0.0480164556834839 0.00250713799215115 0
-0.0672820274564488 0.00344333481530676 0
0.0321055584371478 0.00832592070165091 0
0.0364720470799149 0.00991481293375984 0
-0.109771520372282 0.00257765787434968 0
-0.152124423835035 0.00185510168011743 0
0.0364144050146039 0.0033567510313373 0
-0.0951168624442918 0.00230418477698946 0
-0.0070460783425036 0.000796008439675117 0
0.159496393716987 0.00161221704205485 0
0.164038253695609 0.00418184593963609 0
-0.000445947828666993 0.0111366196057612 0
-0.173531378607142 0.00335935920100091 0
0.259016698462088 0.000747028270839216 0
-0.259016698462089 0.000747028270840339 0
0.216518077284577 0.00162125638051231 0
0.0434906934944958 0.00955675014639007 0
-0.216518029249708 0.00162125120428325 0
0.111856519855714 0.00574501960847392 0
0.0757351290242019 0.0074219341963782 0
0.115945249393904 0.0023840303258853 0
0.0204826820832444 0.0104807498703767 0
0.0774572494123219 0.00332575918461077 0
0.141997985801256 0.000669614833625939 0
0.0116697175116127 0.00825695314574622 0
0.0170317039242282 0.000785411143565916 0
-0.13307247436859 0.00246818689913483 0
0.137796450312551 0.00487592805785252 0
0.117465932266706 0.00163815630644293 0
0.279012942002174 0.000343709419295328 0
-0.279012942002174 0.000343709419293384 0
0.192971453964319 0.00250503437023873 0
-0.00808799646467552 0.000806794827063906 0
-0.192972368213776 0.00250556514144019 0
-0.235016285608726 0.000678986172372304 0
0.235016285608801 0.00067898617237115 0
-0.0910548211007764 0.00245531992174216 0
-0.185384520060121 0.00166530816543504 0
0.185384329951472 0.00166520652384907 0
0.141993049363371 0.00500729693537818 0
-0.025807194153962 0.00424110272890376 0
-0.0485667807973308 0.0033208855274227 0
0.0644774776947167 0.00873894518562901 0
-0.0681482464343836 0.00355722759356591 0
0.0982923983517437 0.00736363679701729 0
-0.0115842516161903 0.00316407096544835 0
-0.110637764673944 0.00269129321252375 0
0.0999397260049594 0.000758004565876528 0
0.178829972785159 0.00310410338947859 0
0.0595121386680172 0.00898411836967021 0
-0.0563063084053627 0.0039228873341303 0
0.158488379588673 0.00158782780336781 0
-0.153028407196885 0.000673949637262358 0
-0.0955828947989105 0.00149550504345826 0
0.0547095586093585 0.00826084824494346 0
0.000520117949189992 0.0111327846986392 0
0.0344882715809053 0.00160274674067145 0
-0.174515170962873 0.00333356089519856 0
-0.140087948632536 0.00224467928270025 0
0.118317041777699 0.00652497573455489 0
0.26002165520338 0.000727983285839534 0
-0.260021655203381 0.000727983285839625 0
-0.217518507388961 0.00160228765921375 0
0.217518563115612 0.00160230294953225 0
0.0854374717365194 0.00786924400555949 0
0.169480456897734 0.00352707437865803 0
-0.134569789798492 0.00162985863091932 0
0.131837986497158 0.00076070455468311 0
0.0580228458895494 0.00075678111084451 0
0.0734507631768154 0.00149921904337788 0
0.0759684981703963 0.00245023179051617 0
0.0973045455318137 0.00738108695264809 0
0.159225410947854 0.00487061492171265 0
0.0122363697026459 0.00908410103917069 0
0.0159090565979206 0.00181493261863291 0
0.106426822525217 0.00700434437045045 0
0.141005493962236 0.00179037636932418 0
0.194148331364285 0.00352784062514506 0
-0.0925666465928606 0.00162427412246576 0
-0.00861135076129474 0.00164699817324991 0
0.148114424163086 0.00524704234467877 0
-0.194148536812325 0.00352817368381376 0
-0.116891192815515 0.00071337570688 0
0.127272681560378 0.00630311850468678 0
-0.236063989998909 0.00178772396810559 0
0.236063989998926 0.00178772396810506 0
-0.11619733556356 0.00223977190607674 0
-0.0500161902615348 0.00245232301182527 0
0.023082239360942 0.00955088956761382 0
0.116936391953536 0.00241737248048478 0
-0.0264000252625088 0.00340868494414248 0
0.030443888204775 0.00145964351870811 0
-0.0689923849193513 0.00236647598003962 0
0.157458048037642 0.00153895132435056 0
-0.111489302922239 0.00150137155069607 0
-0.1540972411261 0.00178400344319721 0
0.0989359605498695 0.000746924212633948 0
0.0762233319864059 0.0082398754961209 0
0.0334856871733026 0.00157707785349338 0
-0.175570276366668 0.00334959180039226 0
0.261021949717737 0.000707670346491749 0
-0.261021949717737 0.000707670346491601 0
0.156470430012967 0.00150079641348631 0
0.0145596420866034 0.0108535623124376 0
0.218527084543462 0.00158660802967006 0
-0.218527033740088 0.00158659462326539 0
0.00101318702171176 0.0103616368118318 0
-0.135548964415789 0.00161870030719932 0
0.139302707534944 0.0056704963270029 0
0.120801787108035 0.00581867618826299 0
-0.0935548046190325 0.00160790905063953 0
0.154996760789891 0.000752402568255372 0
-0.0592831037031966 0.00382926281484036 0
0.0676993903876357 0.00382966884694943 0
0.0440798457588284 0.00875028671369532 0
0.0744537482830824 0.00156389903430454 0
0.056977651129158 0.00178643078089198 0
0.278013715262414 0.000364270700898347 0
-0.278013715262414 0.000364270700901659 0
0.0150169479410362 0.000645814892583062 0
0.119290160282426 0.00650666131738715 0
0.195039004582081 0.00237107391448368 0
-0.0130608205581524 0.00224925786397 0
-0.195039474432033 0.00237175075731201 0
-0.237018898340201 0.000656765020026485 0
0.237018898340265 0.000656765020025929 0
-0.143275637159628 0.00212977265005732 0
0.115439019870278 0.00160899099816338 0
-0.0510002041604993 0.00242024325159891 0
0.114463559650055 0.00161550161096931 0
-0.0277853439681167 0.00423928385842768 0
0.0804981754383861 0.00811573096330344 0
0.0653199393314955 0.00885329927515499 0
-0.00909868067228503 0.00243986749568813 0
0.0345243780968267 0.0100124872071453 0
-0.0702400369407973 0.00335127346033476 0
-0.112730337991761 0.00248562802147126 0
0.0556968334307065 0.00825584173426474 0
0.0648635790844818 0.00386660770838217 0
-0.101484968703262 0.00158395351565855 0
-0.154994980509937 0.000641410516208956 0
0.0324800062298522 0.00155476679527397 0
0.139416514791623 0.00261471396826049 0
-0.176553385418875 0.00333815188912232 0
0.262015333710171 0.000685307545841377 0
-0.262015333710171 0.000685307545840943 0
-0.219514947479952 0.00155562494012387 0
0.219515001119702 0.00155565132670775 0
0.071975903592374 0.000739829069097203 0
0.00201237524567249 0.0103689639555915 0
-0.136107264110525 0.00238285141553592 0
0.170455321456734 0.00351407477755164 0
0.0863265401536113 0.00798752253597321 0
-0.0100576111596706 0.00245298722686747 0
0.0346884068445682 0.00734424094954703 0
0.0355481443520169 0.00750969839635032 0
0.0644076205075076 0.00158495581757616 0
0.0729700759186613 0.00074453342776996 0
0.160208526408963 0.00485223790834528 0
-0.0623402859266031 0.00358853898687817 0
0.186475381726977 0.00167018803455262 0
-0.186475542203324 0.00167053161934082 0
0.032693028837062 0.00733784966803535 0
-0.0941057943759698 0.00236877234165284 0
0.149431979242782 0.00437579432360119 0
0.0974441091582733 0.00260544563956914 0
0.0138088270633782 0.00161594044093595 0
0.107319584387781 0.00712837695641498 0
0.196105105703396 0.00344573501037358 0
-0.196105330411742 0.00344605998740488 0
-0.238063086498621 0.00172069555813176 0
0.238063086498637 0.00172069555813177 0
0.128239670904573 0.00622092423205657 0
0.109238915016058 0.00299769590094371 0
-0.0520675172413595 0.00244789884874766 0
0.0988314310315171 0.00662113025089578 0
0.0240285069086274 0.00958173690201564 0
0.0369224517074687 0.00753865045434246 0
0.0998683231774076 0.0066889559675905 0
-0.104832326599351 0.00272447001976491 0
-0.0286498383794415 0.00434600749053059 0
-0.146323044271395 0.00189018987175623 0
-0.0711329861664317 0.00347502540516861 0
0.155983223783069 0.000749257119220504 0
-0.177126094469922 0.00409311630830348 0
0.26301983291715 0.000666280172795346 0
-0.26301983291715 0.000666280172795158 0
0.0314528069030613 0.0015129399572955 0
-0.11362222607043 0.0026055971401143 0
0.0162880736416082 0.00926443446791486 0
-0.156223848547097 0.00160248910986477 0
0.22052731436027 0.00154164326724805 0
-0.220527301893052 0.00154163745381989 0
-0.137588983932453 0.00158634094460475 0
0.138506212147767 0.00147808950537492 0
-0.0530890721442164 0.00247225279581735 0
0.0778094199955913 0.00747026597168352 0
0.1402659725674 0.00562136009575817 0
0.00300565402315663 0.0103858347071576 0
0.277014410060606 0.000386161031073269 0
-0.277014410060606 0.00038616103107121 0
-0.0970943560907547 0.000765303284667932 0
0.0454209463605608 0.00961345677165765 0
-0.0960571387105121 0.000753095942531734 0
0.028979169099005 0.000721134654902756 0
-0.138560130851143 0.0015760824576752 0
0.0129157331072101 0.00173205739030802 0
0.197033360741405 0.00234294304895431 0
-0.197033854641456 0.00234351244807044 0
0.113965191910995 0.00236871931106799 0
0.101487730907115 0.00729871474947886 0
-0.23902005225809 0.000631504959002904 0
0.239020052258148 0.000631504959002891 0
0.0543592718358783 0.00431886840396064 0
-0.178520868900702 0.00325595226032683 0
-0.0105926409792407 0.0032069069617884 0
0.0703823239655428 0.00162781085465857 0
-0.0294941418603144 0.0032045678929546 0
0.0299660142381931 0.000725098825211713 0
0.264020051175788 0.000645970168772956 0
-0.264020051175788 0.000645970168772786 0
0.022712721756779 0.00193072154556928 0
0.154493323605041 0.00149851266214599 0
0.106207197895186 0.00278663574124909 0
0.0567758343231105 0.00830267947533089 0
-0.0719879325890885 0.0023354499599712 0
0.119818557937388 0.0057655347266223 0
0.221520730630048 0.00151763972331607 0
-0.221520729073736 0.0015176390161897 0
0.066198209062347 0.00779084908676339 0
0.0957883306034363 0.00334077735444791 0
-0.157121223451896 0.00171254541276904 0
-0.114520018635001 0.00147866181008624 0
0.0124661975133183 0.00824929017735057 0
0.149798179669585 0.000706324952412391 0
0.0040092747214878 0.0103933369581775 0
0.0528300104367795 0.00818929252817085 0
0.137319962873888 0.00244553844447367 0
0.0788170732173074 0.00752669098465921 0
-0.0976043402805696 0.00157037209967728 0
0.171463494785047 0.0035192879281272 0
0.0714364279653944 0.00153199609601832 0
0.0872360724539826 0.00687586925707025 0
0.151282382031153 0.00131138999419424 0
0.160715148693355 0.00402947652796436 0
0.0249233058156767 0.00961692817309311 0
0.178367504493696 0.00155724720249142 0
0.15044492437275 0.00437980297329028 0
-0.0120645246400017 0.0023610728281015 0
-0.0536229688733437 0.00325359516064825 0
0.112967993476441 0.00237014379526776 0
0.108268550757192 0.00602134006646323 0
0.198129832804799 0.00338617563151889 0
-0.0147524795331428 0.00160237536007524 0
0.0120000000006247 0.000623698647544022 0
0.0592366814701848 0.0025700460558301 0
-0.198129851777199 0.00338663627901499 0
0.129365651832329 0.00516399580869144 0
0.276015176132286 0.000406722591473518 0
-0.276015176132285 0.000406722591470734 0
-0.240062931264487 0.00166107863332607 0
0.240062931264487 0.00166107863332674 0
0.15349132463502 0.00147795622161728 0
0.0535025493099771 0.00319425071197426 0
0.110961093169854 0.00242228575740602 0
0.0706316282417652 0.00313323462298615 0
0.265019555943035 0.000625446392920849 0
-0.265019555943034 0.000625446392920636 0
-0.0546416952953654 0.0033247240755429 0
-0.0307550838793221 0.0041499289146496 0
0.0147063841531534 0.0082494030203386 0
0.222519582948568 0.0015005020809776 0
-0.222519582763181 0.00150050199677293 0
-0.179529731813947 0.00324915170350783 0
-0.0732439160227204 0.00328584217394987 0
0.0176868844386938 0.00169312038738516 0
0.0948891438916478 0.00342463532800258 0
-0.157999999999668 0.000613540723286245 0
0.140639497556013 0.00489667016772437 0
0.179647182626204 0.00322939445095953 0
0.0050027606161194 0.0104077722213878 0
-0.139107183266767 0.00230796252402357 0
0.136428253195726 0.00255341655646513 0
0.0464225988414782 0.00956040895450196 0
0.122465601479326 0.00644286891510782 0
0.111957554712057 0.00239041412398201 0
0.0577897650424033 0.00837155714230811 0
-0.0134199201393444 0.00150291349474409 0
0.177502038257081 0.00145193196791903 0
-0.141756949944503 0.00156815744490396 0
0.0586976532476894 0.00171516717830373 0
0.0109401845807953 0.0016499881382639 0
0.199033900438986 0.00231579153344796 0
0.152551092670196 0.00146368181102745 0
-0.199034324657514 0.00231612036101075 0
0.266018941795049 0.000604886988430471 0
-0.266018941795049 0.000604886988431189 0
0.240999999999942 0.000598358474197674 0
-0.240999999999868 0.00059835847420084 0
0.0522420878577127 0.00413158338129662 0
0.223527412044086 0.00148955881937757 0
-0.22352742731259 0.00148955785672333 0
-0.0316534470227719 0.00425730791452288 0
-0.140405025292904 0.00150854701496393 0
0.0284780784313928 0.00146000399324727 0
0.0692444353907499 0.00327930112037488 0
-0.180540133535472 0.00324889910052162 0
0.18053699680739 0.00321022770701523 0
0.121172781652225 0.00655739831187125 0
-0.0741417023089679 0.00338793729040726 0
0.161697310453672 0.00403494096015216 0
0.275015875890271 0.000428233870565255 0
-0.275015875890271 0.000428233870562389 0
-0.159108528491989 0.00163253393165866 0
0.100818745015326 0.00186159122174322 0
0.0940143939437557 0.00230857394507959 0
0.100153594908143 0.00739981463753874 0
0.0258004517026636 0.00962441568877126 0
-0.0162449934204503 0.00245075023088313 0
0.135528149420912 0.00144057237790706 0
0.172465049037555 0.0035164367259121 0
-0.0980566968490058 0.00231286135128246 0
0.179273047610847 0.00254622011343706 0
0.0883570297377737 0.00789282248366402 0
0.107816846421042 0.00246639274840055 0
-0.0549283754238101 0.00403456839849742 0
0.151429461426886 0.00436447640979281 0
0.00598584772824104 0.0104161033651865 0
0.267018307827858 0.00058432164583425 0
-0.267018307827858 0.000584321645835123 0
0.0243214576631558 0.00160195735502537 0
0.200128550969438 0.00335025587712502 0
-0.200128557911051 0.00335042441861598 0
0.109367080284583 0.0070192985495242 0
0.0100000000006391 0.000576842635830011 0
0.242061657048948 0.00162534388709348 0
-0.242061657048948 0.00162534388709472 0
-0.224528525734428 0.00146983067247239 0
0.224528479186929 0.00146981980167982 0
0.0274785708399259 0.00146038700099047 0
0.0513400887054444 0.00422893265088795 0
0.130240314295334 0.00623174872600361 0
-0.0577640123702455 0.00328913424770199 0
-0.101590096373244 0.00305274833287846 0
0.181541172901085 0.00322304458003756 0
-0.181541399186142 0.00323426656012527 0
-0.0324998436682548 0.00316966115417035 0
0.140297525819047 0.00155367815441748 0
0.142102437057056 0.00565901800902718 0
-0.0750006873430104 0.00230174863563139 0
0.0791402844999663 0.00824741315755723 0
-0.0564545118497947 0.00322108725055176 0
0.0373889239859281 0.0100630316258837 0
-0.159999999999674 0.000567373145129785 0
0.176000000000098 0.000567257736322211 0
0.0928092382213641 0.00324204939958075 0
-0.0158813387900769 0.00385063398583661 0
-0.0990239280251861 0.00231323427160203 0
0.134413048256783 0.00243584067415302 0
-0.144688746934968 0.00159419180063726 0
0.274016636827271 0.000448795630110611 0
-0.274016636827272 0.000448795630114152 0
0.143425962613117 0.00553301604177144 0
0.0131567905454001 0.0109155067813571 0
-0.115520111368653 0.00249969870592968 0
0.046883288801028 0.00877656313983996 0
0.0637076456721828 0.00284235281634723 0
0.11052512552099 0.0031494749150832 0
0.268017670557465 0.000563755313553739 0
-0.268017670557466 0.000563755313554597 0
-0.0149184969181959 0.00226560137537931 0
0.225528254021612 0.00145044973381468 0
-0.225528292009682 0.0014504527125732 0
0.0264746776801099 0.00146682111430636 0
0.0089390600095692 0.00160924829912422 0
0.201032406589917 0.00223930612535003 0
0.0581292743661957 0.00909666934257852 0
0.098278850620188 0.00153004424888257 0
-0.201032523256911 0.00223936697899663 0
0.151154250393498 0.000663171722658459 0
-0.0337535915458491 0.00407837299664393 0
0.242999999999936 0.000551405090824906 0
-0.242999999999875 0.00055140509082709 0
0.182541235629865 0.00321471867648985 0
-0.182541325814196 0.00321662685397946 0
0.050500169396067 0.00314753254827409 0
-0.0761932217469703 0.00324320427352867 0
0.186123522063826 0.00388473554891531 0
-0.186123536262389 0.00388484118178657 0
-0.118275104059647 0.000707194000647321 0
0.162632979950243 0.00405239262835 0
-0.141961807078624 0.00223547987158334 0
0.0562355189192011 0.00160361963304489 0
-0.161142642122581 0.00155366335562176 0
-0.103187888635731 0.00246284776709664 0
0.0202810412769293 0.00157225825383022 0
0.0918981338323781 0.00332896352126419 0
0.17503870355246 0.00155770906690564 0
-0.100018435438872 0.0023019454897058 0
0.0690585739451181 0.00393018331483468 0
0.173431645677955 0.00348842340776756 0
0.101784639131308 0.0065921839946702 0
0.133454151751159 0.00246641445569651 0
0.109089688426628 0.00233513826339555 0
0.273017206306627 0.000471732682105843 0
-0.273017206306626 0.000471732682102658 0
-0.0606969809856327 0.00331032573038324 0
0.0164248158723683 0.0109087610098448 0
0.269017032736539 0.000543188816325857 0
-0.269017032736539 0.000543188816325498 0
0.0331156767176379 0.010098778198397 0
0.089307283836063 0.0079560982834397 0
0.0967752797571597 0.00240049703459651 0
0.22652772211915 0.00143056718149927 0
-0.226527729722111 0.00143056863861379 0
0.152385478772649 0.00433158182198388 0
0.049289365643751 0.00408686155308925 0
0.0255463541527008 0.0014120298393427 0
-0.143412007510259 0.0014635222106485 0
0.131299323418617 0.0052277705265147 0
-0.201963676883233 0.00228865280078292 0
0.20196367436595 0.00228864678867772 0
-0.183541211181061 0.00319940971658923 0
0.00800000000065359 0.000529367077736876 0
0.183541140368872 0.00319906805655282 0
0.110274068582266 0.00709926809489502 0
0.149488206913379 0.0013842117286033 0
0.244060411971974 0.00159031662177287 0
-0.244036004938902 0.00155690738255685 0
-0.118582061518898 0.00237490345283203 0
0.08067294519195 0.00743224356777197 0
0.0675239099899993 0.00314111578541527 0
0.00687837705059109 0.010481551398547 0
-0.0346539592981947 0.0041733028737461 0
0.133260921427275 0.000716298293840686 0
0.0657877325765868 0.00157644567993608 0
0.0483628742726941 0.00963058108064693 0
-0.11684533656116 0.00242233060234251 0
-0.0771186401407588 0.00329859431729693 0
-0.162069721347653 0.00155328859955251 0
0.0556994263141784 0.00242448773158852 0
0.176846945818933 0.00160070738180596 0
-0.101000375607312 0.00230473471983573 0
0.270019922854259 0.000525917338868897 0
-0.270019511908398 0.000525533530942585 0
0.148488732324795 0.00137095343114292 0
0.272017954406905 0.000492294939504311 0
-0.272017954406905 0.000492294939510044 0
-0.0579566057155725 0.0039215845881523 0
0.00916784541611101 0.0101922569077362 0
0.0523619278476343 0.00947592867922332 0
0.0596518918268343 0.00827045129272711 0
0.227499932843642 0.00137761452130465 0
-0.227499932843502 0.00137761452125028 0
-0.184531647147778 0.00315325780495682 0
0.184531574215872 0.00315319572080741 0
0.10271577824575 0.00657660282210686 0
0.00696382664611948 0.00154465311452219 0
0.20290962857316 0.00239278073868234 0
-0.202909586469945 0.0023927841168399 0
0.122640823662887 0.00580354582369723 0
0.244986553164696 0.000542646257246232 0
0.0483427726437462 0.00415546762946494 0
0.271021168182352 0.000515160044469155 0
-0.271018702507187 0.000512857196911638 0
-0.0594131954791261 0.00317247301919733 0
-0.0354906482852613 0.00315597410887784 0
0.164168301972056 0.00487070730342578 0
0.147500031304782 0.00136684383844499 0
-0.185517018026758 0.00308028645380327 0
0.185516949829274 0.00308026348267535 0
-0.283055546906673 0.00137865286327384 0
-0.279061926217012 0.00154313562189137 0
-0.275067749373686 0.00169411503958143 0
-0.271074684837671 0.00187210113913603 0
-0.267118411996514 0.0020796900751714 0
-0.263085913494964 0.00216391933795393 0
-0.259093822768669 0.00236554941500183 0
-0.255023332185564 0.0026790042689853 0
-0.251094379935505 0.00269404341123824 0
-0.247157623882172 0.00288626479581942 0
-0.243075138105158 0.00308582305314931 0
-0.239111035656057 0.0030375570611162 0
-0.235131544509671 0.00346123070630374 0
-0.231084613944717 0.00363195489600523 0
-0.227113986614996 0.0039078880694866 0
-0.223212726367923 0.00387908011038881 0
-0.219134085330436 0.00405707738777286 0
-0.215152179149264 0.00427610838868222 0
-0.211215595016546 0.0044028236755198 0
-0.207207017602429 0.00431355762484011 0
-0.203146494901248 0.00472206443330184 0
-0.19919009812432 0.00484701153237726 0
-0.195198995950869 0.00500927026267282 0
-0.191202889164982 0.0051767642027759 0
-0.187104870681787 0.00539511353501769 0
-0.183173008493187 0.00549559319529712 0
-0.179122847321405 0.00571396026864401 0
-0.175227148049494 0.00580414249165221 0
-0.171254799231746 0.0060035782277263 0
-0.16724054690636 0.00614865286328671 0
-0.163151622838459 0.00639194298429863 0
-0.159281637844263 0.00632591868921905 0
-0.155258002604401 0.00660125673453422 0
-0.151276574503027 0.00688617988048719 0
-0.147253299593058 0.00695985685884419 0
-0.143269401071185 0.00715919082868815 0
-0.139242354744127 0.00732252720725141 0
-0.135312586100923 0.00727852508874163 0
-0.131358861959761 0.00774513130513538 0
-0.127303580142737 0.00777503097220038 0
-0.123309669315459 0.00793246922554178 0
-0.00673802626383039 0.0190037067586743 0
-0.0144465508173609 0.0125230988412617 0
-0.0184781762170102 0.0122756356218896 0
-0.0224717969066568 0.0121111528632693 0
-0.0264274334259672 0.011797892011672 0
-0.0304749835539542 0.0116376013140007 0
-0.0344517284756308 0.01159511216522 0
-0.0385319475655543 0.011407503272686 0
-0.0464328526123867 0.0111080268629887 0
-0.0423028839126761 0.0112608660071951 0
-0.0504157972230346 0.0107749970209755 0
-0.0543838699312147 0.0107490044718104 0
-0.0594200702001609 0.010780417027443 0
-0.0643478953375173 0.0104732960682608 0
-0.0683984348375792 0.0102196011391357 0
-0.0723563549027126 0.0101215735027745 0
-0.0763856762168694 0.00989063562189423 0
-0.0864231481938702 0.00946895639227424 0
-0.0804424196564518 0.00973533011988787 0
-0.0138744324039242 0.0251897983592031 0
-0.0903187673672627 0.00931213028623213 0
-0.0943852353380492 0.00910554523712239 0
-0.0993489951823197 0.00894485975982894 0
-0.10637635944214 0.00866282713343503 0
-0.111329043615564 0.0084316565118343 0
-0.0207499096040645 0.0251324197354995 0
-0.116321883113302 0.0082458080356921 0
-0.0255892724039924 0.0251184031850999 0
-0.0296450349399841 0.0249640014690557 0
-0.287068878067244 0.00122514997826524 0
-0.0337046578499388 0.0249550623043782 0
-0.0406726116186569 0.0250360115154731 0
-0.0172135960418095 0.0251571186898116 0
-0.0452977457290844 0.0248848876570237 0
-0.293184891442758 0.0131025805545525 0
-0.0499304017353909 0.0248133265170439 0
-0.0833290338914659 0.00961352382311904 0
-0.102344210699552 0.00882149769086275 0
-0.119380879047452 0.00812521782638505 0
-0.01143122589243 0.0124872155125202 0
-0.0564062336764548 0.0248064712348258 0
-0.0619286047153338 0.0248858988666106 0
-0.0671073143590756 0.024810265258065 0
-0.074616433020281 0.0245965828567267 0
-0.0805046570893397 0.0247280611759925 0
-0.0889159549865025 0.0244516291070746 0
-0.0975558301631306 0.0239568131230118 0
-0.104594034782758 0.0241266461520916 0
-0.114233492885616 0.0240753110409598 0
-0.0105464159385002 0.0252229549325221 0
-0.121536936810276 0.0237715669896716 0
-0.290045027113517 0.00110644427317079 0
-0.129686323736925 0.0236779515326274 0
-0.138048729693889 0.0236413692284944 0
-0.149362086351423 0.0238265572653181 0
-0.00671557863797704 0.016165111989072 0
-0.161764102208333 0.0235084420012607 0
-0.171048966330134 0.0233591953799729 0
-0.181795400417956 0.0234597156556043 0
-0.192063540835023 0.0232184153860794 0
-0.202546446552651 0.0231323106702197 0
-0.214334154070772 0.0226022221703775 0
-0.22601121658847 0.0226901132670002 0
-0.238331711280745 0.0225443448848013 0
-0.251257431138073 0.0229198364915293 0
-0.00671567688111933 0.0219251651403207 0
-0.264162375328479 0.0222720735528531 0
-0.278889516614321 0.0221098657146708 0
-0.294007400766887 0.00612487244547992 0
-0.155947522454257 0.0234486945731388 0
-0.143849187130048 0.0237335048507727 0
-0.109530457013409 0.0240146622301183 0
-0.0931771864450843 0.0239494212342796 0
-0.0847072420657493 0.0246585698786391 0
-0.0709121585208124 0.0245968150110371 0
-0.0532309832500623 0.024846286482117 0
-0.0365369752408448 0.0250929173316085 0
-0.0231695719022129 0.0251330779846981 0
-0.00943611953170244 0.01256964450207 0
-0.0164813658721868 0.0123578770011999 0
-0.0204749865618335 0.0121933942425795 0
-0.0244686072514799 0.0120289114839589 0
-0.0323769708185934 0.011816722653192 0
-0.0284619728949354 0.0119404004630904 0
-0.0406033685364207 0.0113319783479571 0
-0.0364486222638076 0.0115148967800083 0
-0.0443925294834111 0.0111539407786232 0
-0.0485315263437395 0.0110121099084376 0
-0.0522996551560118 0.0108608847508865 0
-0.0564500865166281 0.0106562640757909 0
-0.0613173219519526 0.0106164642703993 0
-0.0703952451824019 0.0101373597598256 0
-0.0664215818365259 0.0103962363166303 0
-0.0743888658720472 0.00997287700120528 0
-0.0783824865616898 0.00980839424258406 0
-0.0924187071066097 0.00919944513420716 0
-0.0882969330877916 0.00939973409166855 0
-0.0963617481684115 0.00896998753915895 0
-0.104341021044372 0.0087392563115527 0
-0.108475147290318 0.00853937692770734 0
-0.113361438153619 0.00830646017675233 0
-0.121248322038946 0.00803144578114647 0
-0.125306822273567 0.00785854645375418 0
-0.129281513277975 0.0077336409701442 0
-0.133294771044291 0.00754675631155711 0
-0.137288391733937 0.00738227355293679 0
-0.141282012423582 0.00721779079431651 0
-0.149230120929247 0.00686708413037105 0
-0.145240433936625 0.00708039882765274 0
-0.15327113682656 0.006584802899909 0
-0.15731757940396 0.00662635661098987 0
-0.165280578006082 0.00628985150352314 0
-0.161222880579943 0.00643505550814991 0
-0.169236109237155 0.00603610986002662 0
-0.173230655320787 0.0058940955505446 0
-0.177224598630527 0.00573744596673257 0
-0.185211840009851 0.00540848044949064 0
-0.181223540809333 0.00557691594721995 0
-0.189205376648002 0.00524195693069037 0
-0.193197797191292 0.00504833476915791 0
-0.292041763509777 0.00102240743199831 0
-0.197172966266559 0.00494731465909852 0
-0.205117974189354 0.004592642661684 0
-0.201184831237681 0.00471433523420249 0
-0.213067169117543 0.00446928286594819 0
-0.209095785960813 0.00442634294501014 0
-0.217161318048959 0.00410506234501377 0
-0.221185461528377 0.00403886613159352 0
-0.225176506620896 0.00377086805963593 0
-0.229150768596492 0.0036574467324976 0
-0.237128908975506 0.003270204587416 0
-0.233135288285842 0.00343468734603706 0
-0.28505235725151 0.00129641148396385 0
-0.245116887475251 0.00295913626098209 0
-0.241122493875253 0.00310485285396294 0
-0.24919646641906 0.00270343955091935 0
-0.257077665460309 0.00246561788876907 0
-0.253251358355071 0.00265048023479268 0
-0.261071441189062 0.00230302977351293 0
-0.265084253803181 0.00211882527706866 0
-0.269168841475778 0.00204317370776415 0
-0.273070526555488 0.001766341617608 0
-0.281007944807676 0.0014747136613775 0
-0.277121801525583 0.00164282560368747 0
-0.00849684698452336 0.0252636080437934 0
-0.00679862346410547 0.0142916870427666 0
-0.294490204930715 0.00275316782856688 0
-0.00672601628246367 0.0237781688041594 0
-0.287953420265654 0.0229646805705233 0
-0.0074871265703054 0.0127711122037042 0
-0.294038003803232 0.000926325277065974 0
-0.29255919117298 0.0193070924942682 0
-0.283369733213453 0.0219067276289989 0
-0.280621058707542 0.018323494745229 0
-0.277058303692181 0.0183401436142812 0
-0.278917295281662 0.0153602400902451 0
-0.275769285744222 0.0151677233039575 0
-0.277622555776954 0.0126834834069529 0
-0.274752339071047 0.0120747904865586 0
-0.280426899344109 0.0127264552978014 0
-0.279173329572756 0.0101853690149005 0
-0.281840173566924 0.0104298045960767 0
-0.283110300649307 0.0126425971028953 0
-0.284223266785945 0.0103533130450892 0
-0.28307254682777 0.00838317817609982 0
-0.285199571587688 0.00828601764090461 0
-0.272889080971427 0.0146691848823577 0
-0.271951000345213 0.0120205275646237 0
-0.273303212770912 0.00991875124504782 0
-0.270957882393866 0.00940326108536734 0
-0.269448301421493 0.0115572398002665 0
-0.268613778770598 0.00936115217702026 0
-0.267122245637116 0.0111644167161091 0
-0.266284210524756 0.00872494602646233 0
-0.264875915217661 0.0106965864628508 0
-0.264044227060502 0.00864813972820197 0
-0.262706538668095 0.0103187379305666 0
-0.262015412142114 0.00832900539294714 0
-0.260576554876699 0.0099362840674536 0
-0.261263171485746 0.0120103884233175 0
-0.259034379811233 0.011575616753888 0
-0.258490311398233 0.00913396011205803 0
-0.25688091952147 0.0109791071776345 0
-0.256293451141827 0.00890368551790178 0
-0.25477830744406 0.0104713253705113 0
-0.257451328825641 0.0133018157753602 0
-0.254457115030682 0.00846216367168947 0
-0.252703659389432 0.00963047926955899 0
-0.253267363689476 0.0120349049126508 0
-0.251125508243217 0.0114094279243633 0
-0.250519987495099 0.00932107662654349 0
-0.249018993093635 0.0108150692666508 0
-0.248566020190175 0.00879613661585934 0
-0.24702655682199 0.0102053021080794 0
-0.247423051302836 0.0122924190315562 0
-0.24533202848592 0.0116440535417714 0
-0.245754092708993 0.0139181898263553 0
-0.243498013951102 0.0131563046975148 0
-0.243157274468131 0.010633489199297 0
-0.241325403586286 0.01228483763865 0
-0.240862221087504 0.0101006489734646 0
-0.239231787674573 0.0114966606253058 0
-0.238980708373499 0.00941259055078661 0
-0.237321645559852 0.0107125169516658 0
-0.237565749312055 0.0128446363600665 0
-0.235515478299883 0.0120442955556508 0
-0.235655105438154 0.00988581008939016 0
-0.233588994763969 0.0108547775700075 0
-0.23374536005592 0.0133467492285359 0
-0.231729224664727 0.0123358269446323 0
-0.231478187959359 0.0101968018257193 0
-0.229768705580122 0.0113962137382062 0
-0.229712583322813 0.00936225929481107 0
-0.227992413003021 0.0104416756383692 0
-0.228029990975188 0.0124977207464551 0
-0.226205533148599 0.0115041408248446 0
-0.226206662259145 0.00950134536777833 0
-0.224465013639814 0.010465571840698 0
-0.224408505004694 0.0125691748208595 0
-0.222625624819307 0.0114454399102664 0
-0.222502943137541 0.0136472846461325 0
-0.220680492353995 0.0124549384101725 0
-0.220937945234772 0.0101817292945502 0
-0.218944339752047 0.0113248769036125 0
-0.218555625647087 0.0134127003030566 0
-0.216965461213499 0.0121368191317724 0
-0.217443577704158 0.0103330574267036 0
-0.215465477245789 0.0106475506908935 0
-0.215085215595151 0.0129684313971313 0
-0.213477449407951 0.0117762182924744 0
-0.213120070135406 0.0137786196670739 0
-0.211459504230711 0.0126267659996382 0
-0.210999923586182 0.0147128080494166 0
-0.209376543163129 0.013343256733809 0
-0.209773672177259 0.0114814934247285 0
-0.207725670859061 0.0120432830800003 0
-0.207339263393304 0.0140056982315242 0
-0.205777721825895 0.0126570129878383 0
-0.2061391390793 0.0106967145975345 0
-0.204299552558817 0.0113219397698372 0
-0.203833466171388 0.0132930379154366 0
-0.202372563450055 0.0119061505662919 0
-0.201853253365401 0.0138869612668885 0
-0.200368010816613 0.0124684537230026 0
-0.199835250502105 0.0144754469616239 0
-0.198239352699907 0.0127323054904518 0
-0.19775391570096 0.0151023326275428 0
-0.196240922244866 0.0135627661261863 0
-0.196558670766274 0.0115523265614669 0
-0.194785383479662 0.012162574284007 0
-0.194238014591542 0.0141460370658793 0
-0.192831534419608 0.0126792998240076 0
-0.192215381904285 0.014650967874487 0
-0.19080228136755 0.0131569716314582 0
-0.190163794091083 0.0151402017353541 0
-0.188669812728868 0.0133261685371922 0
-0.188066884449371 0.0156530249914966 0
-0.186643656661105 0.0140524661802374 0
-0.187055473906399 0.01207973199199 0
-0.185232855270785 0.0125898673483549 0
-0.184632616379082 0.0145264727958636 0
-0.183254865622423 0.0130063627732202 0
-0.182617816106425 0.0149140698270046 0
-0.181323452768238 0.0134007943894906 0
-0.180603872081557 0.0153026931612615 0
-0.179264557986067 0.0134920163669357 0
-0.178554139432993 0.0156994336429974 0
-0.177252606508586 0.0140868718605681 0
-0.177631407763213 0.0122689061996533 0
-0.175917973002619 0.0126340982511912 0
-0.175285569608087 0.0144506173733224 0
-0.174028167684189 0.0129349033133718 0
-0.173342547221226 0.0147088036020607 0
-0.172099248203956 0.0132155883331799 0
-0.17139761464981 0.0149948249225803 0
-0.170082706800832 0.0131980105081455 0
-0.169439560502796 0.0152726935502269 0
-0.168223540296681 0.0137559365256058 0
-0.167494651639315 0.015602279678028 0
-0.16631728095688 0.0140394685117074 0
-0.166979884086868 0.012312590211814 0
-0.165201080488973 0.0125744207120354 0
-0.164423489936737 0.0142260632515479 0
-0.163363779838586 0.0125037907851099 0
-0.162600694907355 0.0143935372250287 0
-0.161513704567407 0.0129348513991271 0
-0.160766179430986 0.0146135323320365 0
-0.159661270588822 0.0131520152284559 0
-0.158928696331676 0.0148300680003634 0
-0.157863279196108 0.013348830511212 0
-0.157094982683328 0.015030358400011 0
-0.156003585081142 0.01324486488768 0
-0.155247251287493 0.0151677958558937 0
-0.154120370506188 0.0137024936573679 0
-0.153397561839556 0.0154059637038194 0
-0.152249071340052 0.0139452685100571 0
-0.15153526144629 0.0156233700977726 0
-0.150447453403025 0.0142333361739565 0
-0.149683517564021 0.0158292851147752 0
-0.148597416112401 0.0144449269880515 0
-0.147825631401208 0.0160425972552655 0
-0.146648951144361 0.0142519371758706 0
-0.145945662987055 0.0161668742355026 0
-0.144853543400481 0.0146800014095264 0
-0.144092573636539 0.0163183943894961 0
-0.143040735963454 0.0148592905306503 0
-0.143738247492345 0.0132607117758323 0
-0.142039180865578 0.0134382853156799 0
-0.141244655969585 0.0149788011069207 0
-0.140299428104134 0.0133332665590144 0
-0.139520093553144 0.0150683637286578 0
-0.138559800931755 0.0136661693129247 0
-0.13779379113706 0.0152139434006069 0
-0.136851722696987 0.0137958777716911 0
-0.136075378567265 0.0153349016018582 0
-0.135136513241267 0.0139159591993243 0
-0.134359769584215 0.0154500461428879 0
-0.133426383282311 0.0140351241909436 0
-0.132647511132378 0.0155641260501414 0
-0.131715968233936 0.0141512974066331 0
-0.130930376985833 0.0156616041895398 0
-0.130002414511853 0.0142619113777004 0
-0.129228714272378 0.0157857538889336 0
-0.128298042249214 0.0143780386285868 0
-0.127526765756891 0.0158991929015512 0
-0.126598139747169 0.0144934055003503 0
-0.125828177111728 0.0160105957754131 0
-0.124901560298209 0.0146073108919835 0
-0.124132862957469 0.0161214613590425 0
-0.123183438490132 0.0146960120837091 0
-0.122436664501549 0.0162272253940451 0
-0.121476408965743 0.0148330772437652 0
-0.120745218387768 0.0163359993567907 0
-0.119824130992963 0.0149450020287583 0
-0.119066300835132 0.0164477759313165 0
-0.118148825916258 0.0150969819560226 0
-0.117388885516141 0.0165632221526614 0
-0.116456198995292 0.015216106253246 0
-0.115711373374251 0.0166732074428457 0
-0.114798367325148 0.0152891824079191 0
-0.114039078730191 0.0167641796344304 0
-0.1131096133568 0.0153671377127484 0
-0.112372021831364 0.0168724938015387 0
-0.111378396232396 0.0155392341691698 0
-0.110698351409789 0.0169890579306015 0
-0.109789708522025 0.0156157355306275 0
-0.109049818992682 0.0170827452878414 0
-0.108147977076096 0.0157170881980817 0
-0.107400816274943 0.0171916614967079 0
-0.106480057058302 0.0158040188448608 0
-0.105750171993343 0.0172927560346881 0
-0.10482210775754 0.0159317451771914 0
-0.104104637000811 0.0173980009335176 0
-0.103209557325957 0.0160398237509929 0
-0.102471917201084 0.0175002435719189 0
-0.101581714988772 0.0161465761414449 0
-0.100842905926865 0.0176014901078999 0
-0.0999547391538774 0.016252237512953 0
-0.0992181083849516 0.0176990764432802 0
-0.0983332342031793 0.0163569171653018 0
-0.0976048295910014 0.0177468086695485 0
-0.0967405447491144 0.016437434294258 0
-0.097440899659732 0.0150632031206167 0
-0.0958842612888541 0.0151393891087679 0
-0.0951912901313728 0.016506058869288 0
-0.0943599096080711 0.0152215665755873 0
-0.0936639482165055 0.0165211939396561 0
-0.0928736548352837 0.0152757070654272 0
-0.0921617215759605 0.0165658947949158 0
-0.0913788515807826 0.0153324295237821 0
-0.0906639597963982 0.0166445068708682 0
-0.0898789581639435 0.01545033667057 0
-0.0891797898415452 0.0167110700218048 0
-0.0883954139944682 0.0155203244258757 0
-0.0877000277304297 0.0167368720821215 0
-0.0869292419466838 0.0155195769499624 0
-0.0862300787618348 0.0167729781628444 0
-0.085464036302186 0.015563892906392 0
-0.0847647795256382 0.0168466635210014 0
-0.083996014594917 0.0156803890501013 0
-0.0833102994810268 0.0169110585050601 0
-0.0825427965401041 0.0157480734829128 0
-0.0818614651684544 0.0169644994850617 0
-0.0810892923801587 0.0157883552507799 0
-0.0804184439433893 0.0170107303967846 0
-0.0796765621703602 0.015874554122826 0
-0.0789873032087712 0.0170333920735378 0
-0.078257570201796 0.0158882655764241 0
-0.0775630091430106 0.017069462967577 0
-0.0768133267111043 0.0159597266184364 0
-0.0761405163021553 0.0171134090885329 0
-0.0753943148692929 0.0160149309620984 0
-0.0747276497310347 0.017154450487655 0
-0.0739928759130905 0.0160043070160094 0
-0.0733257955167314 0.0172267733298194 0
-0.0725945476779638 0.0160498859312315 0
-0.0719301029893984 0.0172750143700307 0
-0.0712550385561673 0.0161288929941023 0
-0.0705504283922231 0.0173243788360976 0
-0.0698801100640548 0.0160087315448146 0
-0.0691715789611568 0.0173096745910265 0
-0.0684362988865751 0.0161704788614601 0
-0.0677873923086493 0.0173615570381846 0
-0.0670272697961685 0.0162782376967184 0
-0.0664138601214474 0.0174327227258486 0
-0.0656483198636235 0.016389100135006 0
-0.0650514046061011 0.0174901193455195 0
-0.0643262607290296 0.0164101834544333 0
-0.0637052997631638 0.0175440283163503 0
-0.0630022217082559 0.0164071902096221 0
-0.0623660885003014 0.0175786034502359 0
-0.0616672926730731 0.0164450527474138 0
-0.0610309927296373 0.0176004795025931 0
-0.0603314319532987 0.0165603826849254 0
-0.0596996728471688 0.0176518372705993 0
-0.0590057396861596 0.0166199630590169 0
-0.05837986333647 0.0176906998099296 0
-0.0576925988588992 0.0165947736546113 0
-0.0570666797730292 0.0177180110867787 0
-0.0563833832107915 0.0166263138460214 0
-0.0557606174998787 0.0177684645234661 0
-0.0550972945098099 0.0167215130583521 0
-0.054457769534227 0.0178093810308906 0
-0.0537978126995421 0.0168048255674058 0
-0.0531712907634166 0.0178644783342189 0
-0.0524964298928605 0.0168472063182543 0
-0.051885795889293 0.0179043137513984 0
-0.0512142681923126 0.0168981552910844 0
-0.0506087059958906 0.0179385228995789 0
-0.0499382945086098 0.016885029431201 0
-0.0493374502970279 0.0179580847482263 0
-0.0486764320208415 0.0169689558728106 0
-0.0480786968227092 0.0180046049834578 0
-0.0474231623574957 0.0169467349418466 0
-0.0468262659619056 0.0180362130214663 0
-0.0461743582816867 0.0169769485356366 0
-0.045580224282398 0.0180687699235211 0
-0.0449477693742557 0.0170561195260841 0
-0.0443380585472061 0.0181003851138823 0
-0.0437163618222048 0.0171542247519082 0
-0.0431118654833061 0.0181529015635901 0
-0.0424691345161377 0.0171675016086198 0
-0.0418763989521279 0.0182189900480435 0
-0.0412438222874899 0.0172138704495619 0
-0.0406541686354912 0.0182551006849083 0
-0.040029292256004 0.0172549247648086 0
-0.0394520709063717 0.018257267522673 0
-0.0388270527805637 0.0172313801178784 0
-0.0383095004203038 0.0182434501417562 0
-0.037640726810262 0.0173012810573521 0
-0.0371179641603998 0.018443047163055 0
-0.0364478394604581 0.0173731545359496 0
-0.0358690160898222 0.0183328366073947 0
-0.0352553124648585 0.0173426557248051 0
-0.0347191475595319 0.0183513292899068 0
-0.0340825488401756 0.0173665512763202 0
-0.0335500655125488 0.0183122258631948 0
-0.0329191561280995 0.0174168267836544 0
-0.0323577136637417 0.0183507387257966 0
-0.0317672993143518 0.0174782621798485 0
-0.0311979511378444 0.0184503850108082 0
-0.0305856955752176 0.0174719898016499 0
-0.0300417067914335 0.0184845923387958 0
-0.0294424251104616 0.0175108503029639 0
-0.0288956826623798 0.0184559102030803 0
-0.0282975541309346 0.0175434633071849 0
-0.0277571857914921 0.0184748889263568 0
-0.0271659204034718 0.017605582410476 0
-0.026626803781987 0.0185137738006184 0
-0.0260392230980189 0.0176462280586846 0
-0.0255023357030148 0.0185747823730843 0
-0.024919838153116 0.0176506795570539 0
-0.0243857577324681 0.0185779764412561 0
-0.023807446924204 0.0177067830961993 0
-0.0232767466163524 0.0186532605352716 0
-0.0226989725412599 0.0177525975377972 0
-0.0221729715985644 0.0186905260036909 0
-0.0215985510989615 0.0177852776853365 0
-0.0210753193198854 0.0186899437253204 0
-0.0205052989167025 0.0178133242856837 0
-0.0199791017462376 0.0187069318044524 0
-0.0194179695573931 0.0178385326863136 0
-0.0188956290372975 0.0187603338901927 0
-0.0183384610447999 0.0178738256475269 0
-0.0178251260777292 0.0187763411153353 0
-0.017267639192244 0.0178808983518234 0
-0.0167563738009488 0.0188040847456722 0
-0.0162027460790252 0.0179086329374912 0
-0.0156956303397167 0.0188239213730494 0
-0.0151418695471042 0.0179401468248101 0
-0.0146411564421799 0.0188547753642334 0
-0.0140946555057183 0.0179710617421502 0
-0.0135929693347843 0.0188764957098612 0
-0.0130544371508554 0.0180018929201407 0
-0.0125576440752948 0.0189064416205336 0
-0.0120253496364484 0.018034678361679 0
-0.0152041153717723 0.0197063408256636 0
-0.0115361792966581 0.0189345562580554 0
-0.0120639164261858 0.0198058813231672 0
-0.0183784963328982 0.0196617004419268 0
-0.0272172460861897 0.0195428378087593 0
-0.021649892385815 0.0195568064286387 0
-0.0317312967990988 0.0194979212751815 0
-0.0110460206717193 0.0198343463242378 0
-0.013530833018589 0.0170981313666402 0
-0.0475410663722611 0.0191193568436508 0
-0.042548498597057 0.0193256093123803 0
-0.0110075544591546 0.0180665631045006 0
-0.0388553666253878 0.0193522899697014 0
-0.011575630738627 0.0207027957061979 0
-0.0177106219299267 0.0169777034114476 0
-0.0589618441530611 0.0188202655416137 0
-0.0353081602692808 0.0192796522784704 0
-0.0198387050818046 0.0169558207336746 0
-0.027743644934318 0.0166902293602248 0
-0.0256132823367037 0.0167510850004626 0
-0.0644626607570954 0.0186645184523471 0
-0.0156072046358964 0.0170232028797012 0
-0.0221730116965755 0.0167680599365969 0
-0.100675013239043 0.0145961374714183 0
-0.0114862101876424 0.0171741790955853 0
-0.0334435545500854 0.0164867576088233 0
-0.0300673536910394 0.016585745760225 0
-0.0357413523751507 0.0164163001483824 0
-0.0239219021945496 0.0194423703833499 0
-0.0512293426326682 0.0190355500270305 0
-0.0293305540855016 0.0193183750976605 0
-0.0393908647481865 0.0161594489170092 0
-0.0417323284199845 0.0161965540215477 0
-0.103877227496015 0.0145354405509005 0
-0.0455144011746631 0.0160528505915615 0
-0.0583585069832631 0.0154714891629748 0
-0.0768675084298883 0.0184177416090396 0
-0.0449879671875101 0.0191674340257851 0
-0.133904615883433 0.0173813401247662 0
-0.0538731828710932 0.0189631368631797 0
-0.0565554740347542 0.0188828685275714 0
-0.110516389375776 0.0143575701338252 0
-0.10721437051432 0.0143671785799994 0
-0.0481471956999387 0.0159179878601694 0
-0.0517522591369885 0.0158489187100186 0
-0.0556836760993317 0.0156840437071055 0
-0.0616682285006741 0.0187300642310563 0
-0.140477323773573 0.0163620490114775 0
-0.0672885412895645 0.0185670969686748 0
-0.0697882891240599 0.0184569040632855 0
-0.0726641153287503 0.0184572860554546 0
-0.0796611708932693 0.018194762793908 0
-0.0826257471227168 0.0181659042176789 0
-0.0636895685829302 0.0154092707094019 0
-0.0854905840489049 0.0180174216387532 0
-0.1156535752215 0.0139765167050664 0
-0.0609174021273208 0.0153668392282779 0
-0.0675371391889848 0.015002228107521 0
-0.010556885661656 0.0207301988194187 0
-0.0818791695596985 0.0145554413571695 0
-0.071929355214536 0.014986919031579 0
-0.0774141458559112 0.0147505799196566 0
-0.120682448807542 0.0135150097238884 0
-0.0845799774873452 0.0143756104842615 0
-0.0104774352408639 0.0172053628240584 0
-0.147667027948591 0.0129095732525194 0
-0.0747619680615703 0.0148014353711486 0
-0.0875648791579794 0.0143917111201051 0
-0.125069459909987 0.0172915293246463 0
-0.010954772020374 0.0163217850049306 0
-0.0935304332147681 0.0140737286340671 0
-0.0915308303894581 0.0178435132824835 0
-0.094268540476597 0.0178246833853054 0
-0.123935497001764 0.0132259157708598 0
-0.151013913784043 0.012640145600831 0
-0.191442197831227 0.0114866148329243 0
-0.181957704240937 0.0115022443374755 0
-0.171089805751788 0.0115519212814023 0
-0.0905519587985151 0.0141004409237455 0
-0.127327705265274 0.012993537207362 0
-0.130829637857176 0.0129642961705906 0
-0.118277845436274 0.018003656941211 0
-0.154484931916144 0.0120688626609423 0
-0.09657766165883 0.0138317682023701 0
-0.0884036937915301 0.017938427315825 0
-0.200913601965347 0.0107706544501389 0
-0.158761469109176 0.011846206769977 0
-0.134264584978237 0.0125543423682695 0
-0.0110851786827355 0.021596090479165 0
-0.0121125734226497 0.0215772092176606 0
-0.174789041008347 0.0112912363826797 0
-0.246564065715211 0.00795945413211545 0
-0.0100676353028669 0.0216161438264875 0
-0.231856747319637 0.0147260167478405 0
-0.17447678786579 0.0163317293253464 0
-0.185817056461563 0.0107965282485016 0
-0.137601983911484 0.0122522860770586 0
-0.0100004561973273 0.0180890060708481 0
-0.213752300792387 0.00972050833908531 0
-0.272590433598674 0.0078524042179526 0
-0.163665445578147 0.0159864166978779 0
-0.195304180611483 0.0103029604244528 0
-0.142756435206193 0.0119263075345873 0
-0.158246418163076 0.0169444371615727 0
-0.161927055446971 0.0113233983709204 0
-0.00995683872534841 0.0163484137605777 0
-0.137019166780263 0.0170730776781097 0
-0.1001093752675 0.0190207855559172 0
-0.0095447040146998 0.0207570149924237 0
-0.111824492546155 0.0184179586692612 0
-0.165892815339315 0.010958016820241 0
-0.204726644552576 0.00947228613576386 0
-0.26791117950394 0.00732473549975422 0
-0.128322846085117 0.017448301416719 0
-0.106706269906516 0.0187149605871076 0
-0.284198550918538 0.00627169984059288 0
-0.286196505153957 0.00641340889495277 0
-0.282172087068262 0.00655698677047283 0
-0.287233984284052 0.00809401883950242 0
-0.287983033242036 0.00630087938953008 0
-0.289141301972447 0.00786627308592799 0
-0.224543759350482 0.00855606500411759 0
-0.231238824246448 0.00828196058505959 0
-0.206378433224854 0.0089128760624528 0
-0.240402585318697 0.00813818066490433 0
-0.288388957112527 0.00970222218171152 0
-0.152698662496476 0.0171281008177456 0
-0.25752317816445 0.00727624968557594 0
-0.183979342506949 0.0165072312836931 0
-0.0104292749821004 0.0154747571223939 0
-0.011426631421199 0.0154412022901579 0
-0.243909208197109 0.0156715255492712 0
-0.249965216879997 0.00744037670971707 0
-0.238745698346197 0.00752510616257854 0
-0.121748798217746 0.017903695112055 0
-0.265604659616884 0.0132020327125189 0
-0.214776820679034 0.0152408399862125 0
-0.00943644779426973 0.015507074497465 0
-0.115027881103233 0.0183369432195616 0
-0.203380767739941 0.0154146029001384 0
-0.0116155553991251 0.0224816379101591 0
-0.0126544351818965 0.0224615895803408 0
-0.224475936282472 0.0148500773037222 0
-0.22234818879123 0.0160503576444458 0
-0.193673561194768 0.0161966190929446 0
-0.25167883407664 0.0137482994315618 0
-0.263272001491739 0.00681002381515142 0
-0.147049309227514 0.017727178755811 0
-0.103375509202306 0.0188271170606588 0
-0.226092735074245 0.00767560090745103 0
-0.274463175865765 0.00804160617807184 0
-0.27372961288424 0.00603441558939073 0
-0.275563045977231 0.00640648858811332 0
-0.271940839810343 0.00602952963483413 0
-0.229706088573799 0.00757095515723825 0
-0.168759183995387 0.0172706874076795 0
-0.196875727586833 0.00977043526593121 0
-0.187445743831933 0.0103303651770198 0
-0.186340688622006 0.00917191190254403 0
-0.18792143192318 0.00876622970650454 0
-0.167515685676956 0.0107207300276382 0
-0.199406879469569 0.0167211162778084 0
-0.234118398871358 0.0158288584340248 0
-0.232019551246713 0.0173241553759669 0
-0.0121512689932068 0.0233768617320172 0
-0.144323170486912 0.0117624981449001 0
-0.26146526628598 0.0065262521641074 0
-0.195717443418771 0.00865802106586217 0
-0.197275334982847 0.00818373090408736 0
-0.0131545970457745 0.0215471204750695 0
-0.0137050833912428 0.0224254054909216 0
-0.166473837319943 0.00949528038434491 0
-0.167975816591107 0.00924198140116533 0
-0.143373335481791 0.0105396337959839 0
-0.141928986580304 0.0106929011054349 0
-0.144839452175256 0.0103549338419383 0
-0.184786771900017 0.00949538687798769 0
-0.194181900428799 0.00911016273330395 0
-0.164990499711161 0.00971368141349211 0
-0.0980065791343133 0.013712750960414 0
-0.0972349328894892 0.0125798904230082 0
-0.0985484157764691 0.0124751661442635 0
-0.00896790164877055 0.016371676237756 0
-0.287054828498962 0.00483297025339367 0
-0.288662330274582 0.00468517773870322 0
-0.0978212268134848 0.0114149223779447 0
-0.0966207409988893 0.0115857911394009 0
-0.00905956609796764 0.0216396110800012 0
-0.00957599614355109 0.0224968574279424 0
-0.00854336592766376 0.0207833733320454 0
-0.240051162145758 0.00642406296553462 0
-0.241614496188474 0.00694260860190284 0
-0.282992476362688 0.00489697042766192 0
-0.281344920079852 0.00496063839848201 0
-0.224532682901523 0.00688386072948265 0
-0.223127195642578 0.00764004937435662 0
-0.280333796902858 0.00646742875406573 0
-0.279745000434511 0.00491977067574826 0
-0.205081214140484 0.0078321485530766 0
-0.203557413792927 0.00833965679642363 0
-0.247027115984025 0.0165155182000125 0
-0.0990939168428784 0.0113112401794004 0
-0.189622457684458 0.0173437289351917 0
-0.179973787611517 0.0174063718050993 0
-0.244489895446625 0.0184286076795363 0
-0.231059781865098 0.00656743966667688 0
-0.232542581458172 0.00725065338764949 0
-0.00857432499156538 0.0225193093409487 0
-0.0998215754513085 0.0123394875549913 0
-0.100351450230231 0.0111908821116252 0
-0.101078228731067 0.0122082737020843 0
-0.206567267704597 0.00728630813676836 0
-0.207812748578705 0.00822814307632444 0
-0.00902120544978683 0.0199079642545645 0
-0.101581401974573 0.0110681865878457 0
-0.102327033943341 0.012080430398916 0
-0.102828214759717 0.0109425289755157 0
-0.103577831400166 0.0119409727604126 0
-0.0108976331817748 0.014592739397269 0
-0.0118988073303173 0.0145576338972547 0
-0.274976717431359 0.00477920923677878 0
-0.238588843760848 0.00564071250314596 0
-0.23724251590421 0.00682511433488075 0
-0.0084698290767084 0.0155460436327799 0
-0.00892094998085466 0.0146746635449408 0
-0.285964750915042 0.0124818949986844 0
-0.26263879607631 0.00519155080746401 0
-0.264257755208649 0.00543754559909754 0
-0.261060768069731 0.00467516109571775 0
-0.241831264574337 0.0174636439505597 0
-0.0124288235964915 0.0154052651234259 0
-0.0129030970007348 0.0145216117265978 0
-0.194570381100338 0.00760869332956931 0
-0.193191672859036 0.00794772419144776 0
-0.0111540749044129 0.0233573456883278 0
-0.0134350741745729 0.0153784534899424 0
-0.0139140925706943 0.0144856335844439 0
-0.0144493242967312 0.0153417796277639 0
-0.0149302692948592 0.0144494609787388 0
-0.185282580515861 0.00802524844002029 0
-0.183837630998254 0.00834619181298476 0
-0.00909013368203408 0.0233747561626995 0
-0.207893580245703 0.00654974865062032 0
-0.209131649142096 0.00758610320019868 0
-0.104091861255586 0.0108326371769884 0
-0.104825008009883 0.011823836866717 0
-0.105344091825045 0.0107165474591447 0
-0.106070272267332 0.0116997935816931 0
-0.0142023261765157 0.0215166666021319 0
-0.0147664797089198 0.0224044835729035 0
-0.14249287981913 0.00943138971934706 0
-0.141157684769821 0.009524356669425 0
-0.140587970828818 0.0107410581240199 0
-0.139710664675 0.00939526627607289 0
-0.225786704873236 0.0058994112005114 0
-0.276532661551799 0.0049756923450963 0
-0.290331838628546 0.00949365733894056 0
-0.289534529736234 0.0115946849187742 0
-0.106582185784244 0.0105548660108519 0
-0.107303951757201 0.0115016009972055 0
-0.0154682716687682 0.015315982038328 0
-0.0159524823064476 0.0144145911178979 0
-0.0164921308263385 0.0152777115605702 0
-0.0169781172668013 0.0143786333354964 0
-0.229314878028297 0.0160765359327014 0
-0.0152792914600988 0.0214895401373239 0
-0.0158423177536009 0.0223804417856536 0
-0.0163714023405807 0.0214508997590927 0
-0.0169266753948687 0.0223752642822832 0
-0.0151896774967584 0.0233063979559298 0
-0.16665011709258 0.0175923486142243 0
-0.167999077470469 0.0193745842450964 0
-0.165333321917013 0.0199875468663941 0
-0.170196473121229 0.0189571970412953 0
-0.177767773466384 0.0178548704780779 0
-0.0175202983272745 0.0152527699200629 0
-0.0180091552714819 0.0143444488808602 0
-0.0185529942061103 0.015206145794943 0
-0.0190433915245393 0.0143072543506312 0
-0.0174344242722962 0.0214303163718106 0
-0.018022948639393 0.0223388814804941 0
-0.100887600443777 0.01002781113846 0
-0.187365758107037 0.0179244362363169 0
-0.0185088678753886 0.0214139708196154 0
-0.0191267716430972 0.0223175510002902 0
-0.0196379087458951 0.021371633868576 0
-0.0202480324758633 0.02228695304235 0
-0.0185137769113016 0.0232443214643002 0
-0.27740709934652 0.00642810786371573 0
-0.19716461033467 0.0174283874942874 0
-0.198937951988072 0.019172253537756 0
-0.196466826319915 0.0200157809337556 0
-0.0195887592671881 0.0151671235176506 0
-0.0200812592461275 0.0142709212701624 0
-0.0206280839251702 0.0151339216549273 0
-0.0211223446226946 0.0142357643047233 0
-0.224500697576673 0.0173006599864328 0
-0.222197105468031 0.0186837023668916 0
-0.219844566728806 0.0171623989131756 0
-0.219448030125581 0.0204706294512657 0
-0.229612414085826 0.00609087779934448 0
-0.284553752227638 0.0148768144996121 0
-0.287476501444156 0.0149506682627777 0
-0.0216706613200681 0.0150979238831536 0
-0.0221669771805634 0.0142003961752924 0
-0.0227167155888141 0.0150654211987442 0
-0.0232147602681599 0.0141655668885693 0
-0.0237660367285404 0.0150301547292515 0
-0.0242661986247939 0.0141304485094009 0
-0.232361244368826 0.00552172001545536 0
-0.233664866249207 0.00628584774038157 0
-0.282184564972962 0.0036359392589079 0
-0.283610910007856 0.00332363188534142 0
-0.107825494640254 0.0104790167142427 0
-0.108541515285927 0.0113757280836527 0
-0.109061144723002 0.0103510601659387 0
-0.109781986830901 0.0113015758029147 0
-0.110301265797473 0.0102322057169527 0
-0.111014145729322 0.0111899942989715 0
-0.0133755647866765 0.0136296853091643 0
-0.024818378835919 0.0150138680155794 0
-0.0253206639460543 0.0140984969116319 0
-0.0258748447546154 0.0149685385436247 0
-0.0263785328742309 0.0140623456470405 0
-0.0269060655554932 0.0149469010138357 0
-0.0274345737848328 0.0140294355985431 0
-0.0279115296509863 0.0149142223595696 0
-0.0284903596850183 0.0139935760778653 0
-0.02899402794379 0.0148705924572299 0
-0.0295612361953111 0.0139567661776578 0
-0.0301170338760709 0.0148318219025451 0
-0.0306366775022625 0.0139226773383245 0
-0.0311997595354809 0.0148283646999542 0
-0.0317135898206389 0.0138930710421169 0
-0.0322629496519467 0.014800468731983 0
-0.0327878846499516 0.0138592305194894 0
-0.0207573947580514 0.0213414554652058 0
-0.0213783235189724 0.0222840427104788 0
-0.0218516974491599 0.0213267399805675 0
-0.0225205745137445 0.0222650625323783 0
-0.0219715720985617 0.0232458868266411 0
-0.0231345082430617 0.0232432632961533 0
-0.0236922635588081 0.0222259095674496 0
-0.0243080799086685 0.0232154476111845 0
-0.0248731342077309 0.0221873827906753 0
-0.0254919279755621 0.0231976047239616 0
-0.0260643744678493 0.0221508232347773 0
-0.0266897578987734 0.0231503919238651 0
-0.0272666098262404 0.0221101941797394 0
-0.025445710778233 0.0211466569995935 0
-0.0278978885649717 0.0231120134482614 0
-0.0284808917628199 0.0220701943526378 0
-0.223218758954271 0.00594769618951172 0
-0.22183967791709 0.00678693092661785 0
-0.287732430003706 0.00323920118245377 0
-0.289221871984893 0.00326435953605245 0
-0.29016007179853 0.00446738384069187 0
-0.290702840012133 0.00297019203842718 0
-0.291632518253816 0.00420979003319972 0
-0.291236843835667 0.00571844978775013 0
-0.286301551031824 0.00347070214915328 0
-0.105611516811917 0.0128859525712054 0
-0.22726832244316 0.00671803245464164 0
-0.20386946454661 0.00667101030350568 0
-0.202464527508183 0.00723943870442917 0
-0.0291153845669057 0.0231161350638635 0
-0.0297066835107654 0.0220372216169767 0
-0.0303500998128191 0.0230591111556859 0
-0.0309481811868494 0.0219932251379033 0
-0.0315471326150523 0.0230310145896963 0
-0.0321921587138041 0.0219620221686778 0
-0.0328602287810397 0.0231337789932054 0
-0.0334624081793868 0.0219405592827649 0
-0.0341825422232857 0.0229976827368259 0
-0.0347492234228171 0.0218867933905634 0
-0.0354190102521727 0.0229450722018907 0
-0.0360327703483565 0.0218415874253107 0
-0.036706374982571 0.0229106703135333 0
-0.0373364482678447 0.0217980877298265 0
-0.038010005561644 0.022924007946122 0
-0.0386486382032887 0.021766354873725 0
-0.0393169296847367 0.0228890157791567 0
-0.0399712614595228 0.0217294510932156 0
-0.165544293153726 0.0083141772036142 0
-0.164180960789509 0.00855675309221489 0
-0.241272297390643 0.00518735209190095 0
-0.242728304199686 0.00577464865496549 0
-0.243185546424486 0.00738230696582912 0
-0.244186703143193 0.00614604426363881 0
-0.0406484628249502 0.0228303401247863 0
-0.0413134554417152 0.0216909440412195 0
-0.0420163700396312 0.0228130081145507 0
-0.0426745954148499 0.0216488428416153 0
-0.043383006839918 0.0228121398388984 0
-0.0440314703865291 0.0216199075768782 0
-0.0406473099527074 0.0205362263171357 0
-0.234477442112106 0.0184908114369454 0
-0.236796459982046 0.0167531469396013 0
-0.231656210821248 0.020234791070203 0
-0.0333386906464705 0.0147426073694773 0
-0.0338689467204238 0.0138239340876301 0
-0.034437477153652 0.0147294739019812 0
-0.0349527695355514 0.0137909449079097 0
-0.201141016329699 0.0183314776563952 0
-0.0136415708664846 0.0206363576209258 0
-0.0340768330128433 0.0208860688612609 0
-0.237028278671779 0.0053484778424524 0
-0.292138692972374 0.00299011266977033 0
-0.0366588279858441 0.0207813665224322 0
-0.189019073956661 0.0197026489792469 0
-0.186417011521293 0.0204228152186889 0
-0.191287076900651 0.0189097590142965 0
-0.0447558320785006 0.0227408262871442 0
-0.045412804899622 0.0215748238245667 0
-0.0461436649983444 0.0227100989843932 0
-0.0468152866860034 0.0215474589318014 0
-0.0474932153046218 0.0226991414931594 0
-0.0482167643220663 0.0215130106145761 0
-0.0488052779843554 0.02266345992744 0
-0.0496202679218653 0.0214554700735196 0
-0.0502009131377246 0.0226520936388939 0
-0.0510655998223786 0.021424993930934 0
-0.0517325380658704 0.0225940218538582 0
-0.0525290634011702 0.0213870683354559 0
-0.0532736131948316 0.022539103515964 0
-0.0539945136895205 0.0213360657561005 0
-0.0547604487544798 0.0225701400994287 0
-0.0554769566583172 0.0213365878967367 0
-0.21723292847433 0.0184502283729171 0
-0.0195314480256468 0.0134345534289118 0
-0.198472403252653 0.00942925517750417 0
-0.198720768737699 0.00787855924844488 0
-0.167169246577893 0.0216635627806418 0
-0.0355241855961877 0.014714627523814 0
-0.0360441105359377 0.013759551171344 0
-0.0366135852897269 0.0146506515478016 0
-0.0371357609137506 0.0137204832956237 0
-0.0377062649400829 0.0146053252923335 0
-0.0382307641525229 0.0136833091675373 0
-0.0354777435396903 0.0128927731996755 0
-0.00805410888626166 0.0198980076089384 0
-0.00849984919590891 0.0190644955075176 0
-0.111528427190684 0.0101321311778278 0
-0.112290637344704 0.011047902733163 0
-0.111757356394779 0.0121914266206909 0
-0.113036539127374 0.0120298726650885 0
-0.113585742133146 0.0108663895705949 0
-0.114331690081424 0.0118466332251473 0
-0.114856748729768 0.0107049398153259 0
-0.115624926436238 0.0116939349934755 0
-0.116144425507729 0.0105438091146189 0
-0.116913976948231 0.0115669811066566 0
-0.117428705350401 0.0103871895824051 0
-0.118194499640499 0.011397256374468 0
-0.118660722186873 0.010240842612254 0
-0.119466271069048 0.0112235073128796 0
-0.119924312258744 0.0100821701670897 0
-0.120722194658997 0.0110708659853829 0
-0.117912822749195 0.00922389092499447 0
-0.121224340606728 0.00988257324621753 0
-0.121996220717269 0.0108929290017381 0
-0.122483194507468 0.00979908591003103 0
-0.123249307070802 0.0107443513143863 0
-0.123648489804167 0.00966660967907442 0
-0.124481259580111 0.0105863910960437 0
-0.117777240450038 0.0125959498994765 0
-0.016844043849856 0.0205394009752957 0
-0.189070910235736 0.0100598358484532 0
-0.189440000838905 0.00834909433697027 0
-0.188322867129042 0.00741324531890924 0
-0.189859502233642 0.00698362267016553 0
-0.190622251847422 0.00795221699813246 0
-0.253950185435793 0.0144314709465946 0
-0.25226941647258 0.0163558707363477 0
-0.254954447673842 0.0169799664298131 0
-0.0273761542744026 0.0240896452352603 0
-0.0983893091206047 0.0103745529076071 0
-0.0388023766856499 0.0146215513529135 0
-0.0393290149008635 0.0136567428574853 0
-0.0399025996536933 0.0145480057073901 0
-0.0404342184566756 0.0136145787113373 0
-0.0410065402050677 0.0145076611312585 0
-0.0415437902552669 0.0135776093949378 0
-0.0421138633654054 0.0144663756443625 0
-0.0426461245667252 0.0135442221525351 0
-0.0432246473022216 0.0144830793268635 0
-0.0437580123099268 0.0135184118697872 0
-0.0443116282285919 0.0144527656866205 0
-0.0448678968191892 0.0134846291291429 0
-0.109115324709895 0.0125467045977817 0
-0.0174754357224559 0.0135219055089918 0
-0.179274620936235 0.0196436185611128 0
-0.176687864825273 0.0203410036469908 0
-0.181708088718288 0.0191348824518606 0
-0.275891051508216 0.00366432879725338 0
-0.277329005390114 0.00366847246956641 0
-0.274540690137587 0.00344717301057828 0
-0.259915037032777 0.00611306633684804 0
-0.259447518571286 0.00445406302355798 0
-0.184332074363639 0.00716866973170245 0
-0.182962023924622 0.00741815191867581 0
-0.182481318166415 0.00861362301197656 0
-0.18157021212174 0.00760979335117322 0
-0.181115967386652 0.00885168687859778 0
-0.18019529909217 0.00784151365069274 0
-0.179742359960976 0.00911786072601793 0
-0.178783714432492 0.00784961962610443 0
-0.178345490003833 0.00933626509724298 0
-0.17743416427684 0.00826131717290358 0
-0.176926745195197 0.0096012531789403 0
-0.176043295047502 0.00849720725069366 0
-0.0562473195692188 0.0225655420282212 0
-0.0569709679029403 0.0212995939504828 0
-0.0577505523638341 0.0225021177004802 0
-0.0584799783691779 0.021262019167674 0
-0.0592666974419175 0.0224569600085928 0
-0.0600036991044685 0.0212250412290443 0
-0.13921487737193 0.0108554530058688 0
-0.138306151560729 0.00966745448287194 0
-0.0607948280503327 0.0224838465252461 0
-0.0615621570852068 0.0211784569685428 0
-0.062345950335031 0.0224011327983001 0
-0.0631054475619299 0.0211491742185024 0
-0.0639004335022005 0.0224292497035813 0
-0.0646552691635004 0.0210710885897565 0
-0.0654409457363964 0.0223905598661344 0
-0.0662372197413046 0.0210908699522342 0
-0.0376454993248878 0.0128762590457618 0
-0.0215998486397993 0.0133699338445783 0
-0.197745341387532 0.00678163528967304 0
-0.115384383423919 0.009643692365203 0
-0.0154538791826741 0.0136368281599854 0
-0.0200759163472043 0.0204699907068254 0
-0.0386745092811364 0.0240003208724025 0
-0.168952737169451 0.0103776437681484 0
-0.169380721508508 0.00894368380181744 0
-0.168443728622077 0.00798516430451832 0
-0.169704577288347 0.00775120710888887 0
-0.170749113953025 0.00858306628234282 0
-0.0317430867273544 0.0157045414465768 0
-0.0670231633334806 0.0223181783014913 0
-0.0678317718131217 0.0210373985090648 0
-0.0686651918627482 0.0223191205805903 0
-0.0695151843260567 0.0209687140099178 0
-0.101781422631509 0.0132748024759083 0
-0.0427122872280866 0.023949486630269 0
-0.0333748080996692 0.0129961518909424 0
-0.0373169593047259 0.0154588062197331 0
-0.239939782874665 0.0051017990886722 0
-0.209344396882563 0.00624419247001805 0
-0.210465977791627 0.00703872122686842 0
-0.210321793545113 0.00847780844505938 0
-0.211677555075254 0.00786966774140879 0
-0.2118281360828 0.0064645635281604 0
-0.213019805099084 0.00723397213801605 0
-0.0309073576416727 0.0241762574056305 0
-0.211673513209575 0.00935205343875958 0
-0.179300246296548 0.0104892870791435 0
-0.011700353433923 0.0240937201946176 0
-0.243806003021814 0.00482616188300543 0
-0.245244230539651 0.00500566183974672 0
-0.0236581905753762 0.0131723526885735 0
-0.0488863826109461 0.0202190150700037 0
-0.0431758887240176 0.012650159855234 0
-0.0232507622542878 0.0160230956321849 0
-0.0586448870571888 0.0235933131772053 0
-0.0454228863710597 0.0143812244332581 0
-0.0459876455608241 0.013451114262055 0
-0.0465745576681673 0.0143810065625994 0
-0.0471155417193183 0.0134175640602562 0
-0.0454391143757998 0.0126044968941329 0
-0.263582020149912 0.00392368099466398 0
-0.265139083581874 0.0042140566454117 0
-0.265782523000797 0.00550298783088477 0
-0.266682995009392 0.00412025891044484 0
-0.262250825690742 0.00398699440223018 0
-0.224481339778197 0.00561457632257433 0
-0.145733442469763 0.0114997438203295 0
-0.146253104468002 0.0101250978629775 0
-0.145337042934588 0.00909972631006049 0
-0.146788529806332 0.00874951609251589 0
-0.147592683575506 0.00984540572882444 0
-0.148156058108141 0.00867793889495651 0
-0.148945778516613 0.00959426270929564 0
-0.148459702477068 0.010869357981787 0
-0.149818625037049 0.0105638344947396 0
-0.150263708076061 0.00928811638899944 0
-0.151164540969704 0.0102381618845496 0
-0.151582904012873 0.00899958032199614 0
-0.152500096915454 0.00996994457262645 0
-0.152913099694522 0.00876352222367471 0
-0.153810355918569 0.00967976417324111 0
-0.154198440412835 0.00838796343428279 0
-0.155093420420933 0.00936261492496884 0
-0.112636314748999 0.0132569921987012 0
-0.288534927278026 0.00212807325517604 0
-0.0302968113483342 0.0210258101228169 0
-0.0468678981934266 0.0239822723760246 0
-0.0702855161551194 0.0223211370062092 0
-0.0711732520205295 0.0209623983887121 0
-0.0719380927731847 0.0222412964238973 0
-0.0727415610007413 0.020937678511441 0
-0.073578873642981 0.0222019391495732 0
-0.0743664428896224 0.0208650413958823 0
-0.0752375121957919 0.022159362947756 0
-0.0760498872711569 0.0208444548344486 0
-0.0769169852853774 0.022216119255391 0
-0.0777411802106938 0.0208371105193131 0
-0.0786147145827262 0.0221904486004378 0
-0.0794874619507677 0.0207742382259302 0
-0.235906252846573 0.00617254330092137 0
-0.124976234815872 0.00940307354158356 0
-0.125732942459164 0.0104040786169209 0
-0.125245959708024 0.0115969017253478 0
-0.126297332475164 0.00935640867211865 0
-0.12696669006141 0.010232744990894 0
-0.03986751028164 0.0128256535965805 0
-0.275024926361899 0.0211844046610509 0
-0.269776123248028 0.0225709001381542 0
-0.0278456218310725 0.021114512208358 0
-0.286059759705491 0.0169189014497134 0
-0.269690857312157 0.00749309428861566 0
-0.268888456512348 0.00577627761231281 0
-0.00812195190167356 0.0235374261074793 0
-0.00762959781423139 0.020789189908497 0
-0.247158038386584 0.0196813388072169 0
-0.176503386787851 0.00736965382414038 0
-0.175270583268156 0.00756690294890144 0
-0.174702749001136 0.00870716783978433 0
-0.173869234868993 0.00761871348333633 0
-0.17335758574637 0.00883376947178528 0
-0.172473164734516 0.00769879241508812 0
-0.198271058950295 0.0220636338638415 0
-0.0258168079436875 0.0131735538977448 0
-0.292946098980697 0.00397332632863084 0
-0.0645947488677767 0.0237168090450289 0
-0.0752997915316112 0.0194398843177865 0
-0.0311506408948537 0.0130584886068491 0
-0.0126218624520785 0.0242701279763559 0
-0.2340025995361 0.00772893772412052 0
-0.188555573998587 0.0228708053918132 0
-0.0477011250254004 0.0143753227489604 0
-0.0482433100016098 0.0133881940037661 0
-0.0488295869068894 0.0142949830126862 0
-0.049373701919741 0.0133470686229596 0
-0.0499143634953992 0.0142820866339548 0
-0.0504298418442084 0.0132841472233641 0
-0.0476453302477391 0.0125460253954465 0
-0.0499054120175679 0.0123662999086217 0
-0.0510106408348559 0.0123353806409207 0
-0.0515579537418057 0.013403432718932 0
-0.0521121275603891 0.0122878781828234 0
-0.0527046016072579 0.0132184266525659 0
-0.0532158297816624 0.0122390446747614 0
-0.053827870303681 0.0131682516717457 0
-0.0533391451630976 0.014154017759554 0
-0.0544138492968119 0.0141062800382737 0
-0.0549539785682953 0.013100525773645 0
-0.149546095186992 0.0118416236242354 0
-0.163616575585868 0.00981443094948784 0
-0.162684330304744 0.00853073788479001 0
-0.0555452574841144 0.0139989751887366 0
-0.0561017993569036 0.013034324647811 0
-0.0567300045064362 0.0139687691412862 0
-0.0572580890421286 0.0129691460768572 0
-0.0554937606579318 0.0121930822685827 0
-0.0578842553582972 0.0139323776746665 0
-0.0584120642055013 0.0129080071260647 0
-0.0590363283527211 0.0138177189223099 0
-0.0595665698175975 0.0128345159670425 0
-0.0577967228649046 0.0120312574976168 0
-0.060182978531052 0.0137487869967566 0
-0.0607220665615689 0.0127665634652895 0
-0.0612768386278094 0.0136696821390251 0
-0.0618701500789161 0.0126979069484122 0
-0.0624338188064439 0.0136114295965235 0
-0.0630292033073287 0.0126326997204193 0
-0.0636756278798229 0.0135474063334927 0
-0.0642053727261136 0.0125670743292764 0
-0.0648578471008863 0.0135287713813823 0
-0.0653762689794194 0.0125090112957622 0
-0.0660097717723992 0.013485110483365 0
-0.0665422938642543 0.012448144243856 0
-0.0673018924730091 0.0136363132109698 0
-0.0677181993604448 0.0124204736282131 0
-0.0684190066371766 0.0133543992503928 0
-0.0688815951210879 0.0123250165616064 0
-0.0695673727098596 0.0132645876186174 0
-0.0700671082850825 0.012250834858909 0
-0.0706998782219893 0.0131963102132752 0
-0.0712374893410584 0.0121832435352702 0
-0.0718670906153084 0.0131075837956555 0
-0.0723979963715425 0.0121130242706968 0
-0.0730420909792932 0.0130689138928237 0
-0.0735514612556857 0.0120511421513755 0
-0.0742236930270096 0.0130374896382359 0
-0.074736488417362 0.0119906007105222 0
-0.0754012706450067 0.0129418372864569 0
-0.0759399784532228 0.0119360522295838 0
-0.0765886311967921 0.0128753859666842 0
-0.0771296279816687 0.0118722307955855 0
-0.0777763402198074 0.0128074991140616 0
-0.0783180513638582 0.0118022107095458 0
-0.0789671139742724 0.0127833806231489 0
-0.0794866811407588 0.0117384980510338 0
-0.080158123096489 0.0127200875052546 0
-0.080683027980193 0.0116629224740919 0
-0.0813468135141782 0.0126254703746966 0
-0.0818983676438843 0.0115957151448285 0
-0.0825442502588205 0.0125611879709368 0
-0.0830902516033403 0.0115540387561588 0
-0.083739982481589 0.0125028895776309 0
-0.0842860754418669 0.0114942802178853 0
-0.0849356133489506 0.0124184256008088 0
-0.0854623779504835 0.0114131487957509 0
-0.086132334093316 0.0123759175664789 0
-0.0866575437588701 0.0113494447916649 0
-0.0873324047913753 0.0123196465423799 0
-0.0878789295690571 0.0113087659388495 0
-0.0885352779958128 0.0122620104617043 0
-0.0890852108989792 0.0112560321194233 0
-0.0897388342401373 0.0121963585495658 0
-0.0902867237226236 0.0111394240749159 0
-0.0909418573793736 0.0121009654494532 0
-0.0914791145604457 0.0111109308949727 0
-0.0921467549914946 0.0120610077962333 0
-0.0926731535650184 0.011041183037859 0
-0.0933522173589589 0.0120022133746039 0
-0.093988675199195 0.0108201849090402 0
-0.0945098278834384 0.0118657068694301 0
-0.0848398099033899 0.0105016798090473 0
-0.0624414298857361 0.0117468968015326 0
-0.0796175698555628 0.0137753016877158 0
-0.0702581409956533 0.0141108423778344 0
-0.0831929748948605 0.0136530288184576 0
-0.0694032277263383 0.0112830285492593 0
-0.0654962201762284 0.0144661025441798 0
-0.0951180682457054 0.0108823894067926 0
-0.0437388279323257 0.0153749268757841 0
-0.0760452063385433 0.0139905958905827 0
-0.235598031825132 0.00787519033704237 0
-0.192857529283578 0.00925202374697349 0
-0.0803072962653214 0.0220865789497695 0
-0.0811976863371679 0.0207485597940337 0
-0.0822487975167844 0.0223742958474713 0
-0.0828719147729086 0.0207656862470002 0
-0.0838005987540135 0.0218543964963579 0
-0.0846922057794456 0.0204796169115139 0
-0.0852772298303364 0.0219778861423104 0
-0.0864781337942353 0.0205693624284718 0
-0.0871157190855222 0.0219878913653305 0
-0.0882122205760549 0.0205008607167387 0
-0.0890340896230442 0.0219252770611844 0
-0.0900071002790828 0.0205445883339579 0
-0.0909471429069997 0.0219749605042146 0
-0.0918375603714735 0.0204216325287283 0
-0.241959979955415 0.0204597828429478 0
-0.0494218629042661 0.0153273517849903 0
-0.202230317145371 0.00850272194122768 0
-0.201012150471582 0.0076948652275567 0
-0.0600810960348451 0.0118202714823566 0
-0.0279447639485043 0.0130881945694205 0
-0.1406134824473 0.00832989483909105 0
-0.155516333313585 0.00822145349079359 0
-0.156418736795362 0.00906473685315967 0
-0.15605382607955 0.0104010260180137 0
-0.157327534113028 0.0100598815579407 0
-0.157729196150009 0.00872843972094495 0
-0.158651536546196 0.00961293084499078 0
-0.159032574845162 0.00843014271394973 0
-0.159964091603435 0.00929011457623225 0
-0.160299137345354 0.00800052452081775 0
-0.00806108191247108 0.0164373562280747 0
-0.00851107208426549 0.0172362665056175 0
-0.00761174322961443 0.0172673435330821 0
-0.109550000860182 0.00923638093460261 0
-0.103363926305298 0.00978346022260172 0
-0.27682307606468 0.0102925526810871 0
-0.272694917951135 0.0046350456077617 0
-0.271254718767485 0.00450215929651385 0
-0.272027151606686 0.00351367698452416 0
-0.221826961240336 0.00525521645985731 0
-0.220622843644288 0.00606006514384097 0
-0.220541223958154 0.00746278317133791 0
-0.219321516190115 0.00668275453563586 0
-0.21922015645693 0.00813082604597692 0
-0.217988379330284 0.00729270550865358 0
-0.218088784093001 0.00581699902149133 0
-0.216739070828318 0.00644495626584943 0
-0.216603453575708 0.00786626978868995 0
-0.215475386988141 0.00698216864501727 0
-0.0893283980537204 0.0132469697674617 0
-0.0777570532567663 0.023570845007673 0
-0.230780270391134 0.00501042472345992 0
-0.248213427709088 0.00691461198142257 0
-0.249518963071584 0.00577094662200505 0
-0.251094612409744 0.00619758681162377 0
-0.247789641150454 0.00532286345957587 0
-0.250660060873332 0.00474228309947773 0
-0.252149540589467 0.00506475137097735 0
-0.252605129534071 0.00642365492031739 0
-0.253588060546762 0.00532432531306296 0
-0.246845517785589 0.006385854833886 0
-0.237777711507086 0.00431803419165469 0
-0.255785558088723 0.00699265167255788 0
-0.25694524062464 0.00569734688222058 0
-0.227107057243197 0.00524330756191767 0
-0.213013698382519 0.00575670657187368 0
-0.196065005686115 0.00703679590224832 0
-0.193540453072258 0.00673867054085575 0
-0.192400193448292 0.00695413947062995 0
-0.00778129003462202 0.0147202182054317 0
-0.00840683395571464 0.0138849356199007 0
-0.186782308616299 0.00755213098516933 0
-0.0538414766199652 0.0150588496010704 0
-0.0824353637538505 0.0105505480572558 0
-0.0459285719668324 0.0203779897563185 0
-0.0752956636235617 0.0109482029462785 0
-0.227924063661244 0.00831844172516177 0
-0.205386405200433 0.00643385697680407 0
-0.201457487579141 0.00641169999252436 0
-0.200314410317055 0.00661461665225743 0
-0.16700069736648 0.00805575171313414 0
-0.17295698412769 0.0112986042176972 0
-0.122796025082301 0.0120255547866332 0
-0.0927819241306269 0.0219894826088387 0
-0.0936814290031192 0.020502694549514 0
-0.0946286118497197 0.0219648306780243 0
-0.0956085384357306 0.0204988117155721 0
-0.0964949474580247 0.0221085519205291 0
-0.0975266172050246 0.020520063321761 0
-0.0985039008072663 0.0220464099618153 0
-0.0996512141655836 0.0235974789853549 0
-0.100437969739353 0.0218174534635362 0
-0.10169175964328 0.023089156035371 0
-0.102400639506411 0.021303282363862 0
-0.177641198922648 0.00683309714411539 0
-0.009378733012956 0.0138078704186773 0
-0.235726479066412 0.0046667443624101 0
-0.160396628607892 0.0116619797992223 0
-0.153409943421564 0.0109960408475298 0
-0.249117239870535 0.00445698758190261 0
-0.178594613860246 0.0228033996333819 0
-0.175354307109458 0.0229708984081333 0
-0.174192551695929 0.0204777280763196 0
-0.222767068670764 0.0219499230637715 0
-0.0953960471058613 0.0240091154124483 0
-0.215620652648857 0.00544993570649539 0
-0.0727674722646909 0.0237506410993472 0
-0.171616359324895 0.010130001858664 0
-0.0670341270240685 0.0113940460584346 0
-0.143875496163172 0.00909464236443517 0
-0.28551213334553 0.00481165348227385 0
-0.206523275412838 0.00592111949462063 0
-0.135854984182765 0.0124446934206655 0
-0.134944234411585 0.0111730731389346 0
-0.133491824898008 0.0112384324119157 0
-0.13421348227787 0.00998938533825095 0
-0.13284974148446 0.00999977092782477 0
-0.13554869769233 0.00991755912290247 0
-0.132130547839003 0.0111300156725074 0
-0.131493559245445 0.00996495450766248 0
-0.132182930724045 0.00884931730604392 0
-0.130794761420495 0.011090784467018 0
-0.130184958332276 0.00994629593514175 0
-0.12934297448736 0.011272130919443 0
-0.128928864685545 0.00995034132349181 0
-0.134871387120468 0.00888020931569971 0
-0.136167958788452 0.00871684770764726 0
-0.136900698443714 0.00980685567471872 0
-0.293534144955887 0.010417740838343 0
-0.195269784209754 0.0230511617274841 0
-0.129155847755778 0.012851252474115 0
-0.161271203607019 0.0089380042662248 0
-0.133545706662017 0.00877965951980746 0
-0.25517747699464 0.00532805898428979 0
-0.256426791973969 0.00420793147139782 0
-0.026276552477749 0.0158402151623943 0
-0.0996300098644136 0.0100922660014001 0
-0.0718189592599225 0.0111380937021774 0
-0.059655465397282 0.0148186678078576 0
-0.183775012647153 0.0109911210698421 0
-0.150656511021704 0.00801504257805686 0
-0.157157285706142 0.0115744540422549 0
-0.0576985188643753 0.0199376525552745 0
-0.185582747395818 0.00656304223676384 0
-0.10897153230877 0.0141416318854851 0
-0.127428929314621 0.0091197624058893 0
-0.105478375871535 0.0144942629170836 0
-0.233569687568861 0.00477918882371652 0
-0.185084712861289 0.0233021671902388 0
-0.149402562317132 0.00843544547736796 0
-0.011368168311548 0.0137107378276532 0
-0.280665046523244 0.00362587659172246 0
-0.279020790021091 0.00348501593117114 0
-0.0991173884046509 0.0149206941692147 0
-0.137437169102194 0.00877487951873404 0
-0.138618125453833 0.00839953014822313 0
-0.170988952035281 0.00730415166970145 0
-0.0777600992756799 0.0108534024003245 0
-0.092122879159576 0.014150117225173 0
-0.289121362714607 0.0173086849210175 0
-0.0213076102372666 0.0159678132697372 0
-0.222910269773463 0.00942450331344242 0
-0.0347552758271951 0.0240734763521087 0
-0.158852925508648 0.0235627725400334 0
-0.16027119992549 0.0206894683574072 0
-0.157581564345927 0.0210871409681696 0
-0.154892897678497 0.0209124591942594 0
-0.156360755138519 0.0186147675484083 0
-0.153188088846057 0.0227790488555097 0
-0.152327492118188 0.0203811148496752 0
-0.162892214281844 0.0209131030167601 0
-0.161737527556351 0.0187469245900098 0
-0.164589978294274 0.0232372309650036 0
-0.0432709459364919 0.0204528490799779 0
-0.255123078584082 0.00394785616851451 0
-0.0861516428886232 0.0144229452771392 0
-0.144703610837924 0.00803897625481651 0
-0.0950407108749504 0.0138071189216356 0
-0.161563499865515 0.00763528359863366 0
-0.0404975859292274 0.0155128364382127 0
-0.0971074769181333 0.010411454627985 0
-0.0978114310913479 0.00952725287936469 0
-0.128019909688222 0.0108815911716956 0
-0.130849621360371 0.0088347682464577 0
-0.146677033332878 0.0237503141648025 0
-0.145265449191407 0.0214838097650401 0
-0.142654321932553 0.0214281190328392 0
-0.144042026228354 0.0195553362874696 0
-0.141799959124573 0.0190918145131335 0
-0.140376585884313 0.0211282937159759 0
-0.139396245422324 0.0193884447698791 0
-0.148180318408064 0.021288870742525 0
-0.138115347384353 0.0209600467607181 0
-0.114130162769248 0.00980595223709012 0
-0.112740594890242 0.00980806417072778 0
-0.114603447890752 0.0086163960362095 0
-0.0648110713724356 0.011498690357609 0
-0.158525959638103 0.0190621941746833 0
-0.244686444942926 0.00770162860314761 0
-0.0732431677054901 0.014960915611631 0
-0.00803922408152959 0.0180901858403617 0
-0.20850060652634 0.00537454615859815 0
-0.293872862265637 0.00812400755816031 0
-0.202735696654021 0.00592664906023736 0
-0.199229768247605 0.0110203338464603 0
-0.215134478888289 0.00860102794761473 0
-0.26017124765659 0.0224512055671858 0
-0.262156658526049 0.0190401875497349 0
-0.265468172966694 0.018869147309921 0
-0.255977995072846 0.0222818960836895 0
-0.258695955306366 0.0192833907237372 0
-0.260664236255374 0.0164057183951466 0
-0.263717399407886 0.0156897065774047 0
-0.125669650643666 0.0130409300901118 0
-0.260455316260683 0.00354369894176236 0
-0.111868222766438 0.0240761748923073 0
-0.112989552563062 0.0217673703294577 0
-0.115278909886441 0.0220129999165994 0
-0.110808273716611 0.0220846352878591 0
-0.108711221914865 0.0219637031619364 0
-0.109566974067959 0.02026839749482 0
-0.107059909520331 0.0237187934395388 0
-0.105497741037989 0.0221088473001498 0
-0.116625628027684 0.024045624675353 0
-0.117652430085388 0.0219932897917923 0
-0.116374240781968 0.020053496661431 0
-0.119099942262458 0.0239680137027371 0
-0.119975884373573 0.0218098768691965 0
-0.122344687017375 0.0214916180710213 0
-0.123907545318158 0.0231540443200478 0
-0.124562214064722 0.0209764195418741 0
-0.126124098425712 0.0224023037680178 0
-0.126712420929779 0.0202805627687735 0
-0.114307664375035 0.0200002906622772 0
-0.267306640776656 0.00563220503940153 0
-0.268214281880577 0.00436516310559806 0
-0.292748652715352 0.0160828213807242 0
-0.290474091554632 0.0141517697053285 0
-0.0659314270661747 0.0114315152467321 0
-0.0686232314134155 0.0195820468349311 0
-0.0623373094587632 0.0154465339695894 0
-0.0636286660436323 0.011416094145495 0
-0.0629459771557738 0.0107039469346856 0
-0.1209449028659 0.0197804427664873 0
-0.128229577977558 0.0218487915755123 0
-0.128829472091811 0.0195170775123915 0
-0.130369903494324 0.0212084377110383 0
-0.131086800236496 0.019005192322839 0
-0.13254798603923 0.0205499200208815 0
-0.131949974045085 0.0229448252881269 0
-0.134093146301766 0.0220503777890064 0
-0.134187373497257 0.019682779026505 0
-0.21060614501347 0.0229299291603938 0
-0.212033728449405 0.019929015815181 0
-0.208935940136773 0.020060711242332 0
-0.207258574864652 0.0228911331504507 0
-0.20614483105494 0.020005045826438 0
-0.207692080784642 0.0177121941890553 0
-0.210641775682021 0.0172543261024316 0
-0.0612765576563538 0.0117516849625219 0
-0.120458820186123 0.00892199524758119 0
-0.102364988621359 0.0146138368064319 0
-0.0811254947570647 0.010641694888601 0
-0.208052277435194 0.0100632390136348 0
-0.249668363652319 0.0155120578084483 0
-0.0569439869215718 0.0156299490948804 0
-0.270329912881236 0.0140488511666796 0
-0.271117877989527 0.0167754196887917 0
-0.0589314729501179 0.0118918813245548 0
-0.0582110441907977 0.0109028223066466 0
-0.0910590219714068 0.0243965380074877 0
-0.0681392689557811 0.0113171479609066 0
-0.242615173409224 0.00422323553604073 0
-0.116624060869199 0.00930871238614718 0
-0.0960103802413934 0.0127260565630685 0
-0.0566294902872739 0.0121759401125861 0
-0.00951191730469286 0.0189936969227593 0
-0.0868010114284972 0.0246022848696982 0
-0.132471001214807 0.0125744692293528 0
-0.0872810594114199 0.0102451047580717 0
-0.0729189959540119 0.0110756869775465 0
-0.140768086600967 0.0237871059265198 0
-0.0825087563376353 0.0243898254344352 0
-0.118976799237044 0.0135737219889712 0
-0.194717953683912 0.00613195435116726 0
-0.122254190839347 0.0134163599186585 0
-0.19052365984035 0.00922677851259408 0
-0.0487970907404184 0.0124395624076331 0
-0.189743786915577 0.0116691316243699 0
-0.0467420867906762 0.0160216986389545 0
-0.247744265189341 0.00389450991961842 0
-0.246748506703496 0.0046159323648986 0
-0.0688773354533484 0.0247540543162268 0
-0.0191710702387014 0.0160580490387573 0
-0.0465184150037941 0.0126038199037769 0
-0.0443200782423764 0.0126807733569609 0
-0.102058526618343 0.00991768383263391 0
-0.114005896131211 0.0139690780374602 0
-0.260248154037591 0.00785435042415746 0
-0.0506351583686946 0.0151153988888426 0
-0.0516457679801009 0.0146221391745449 0
-0.253041433410266 0.00391112677057736 0
-0.0387609282046713 0.0128518305915968 0
-0.219497549682862 0.00531415022416847 0
-0.00755805567532087 0.0224624671333624 0
-0.054810438982818 0.0248757446137688 0
-0.0688883618112006 0.015097006743746 0
-0.270822363943813 0.00315579567683354 0
-0.269852454799113 0.00420676778474992 0
-0.0419508333125613 0.0205154537916541 0
-0.137780978473417 0.01086563169807 0
-0.051591197615111 0.0249084989121606 0
-0.141786790582201 0.00832109445753995 0
-0.0931568383529293 0.010007853503168 0
-0.0365422919604435 0.012929205612143 0
-0.0345742856378699 0.0164394824280714 0
-0.0543620468356043 0.0122524581373693 0
-0.0344271950821313 0.0129586720788775 0
-0.165947646367428 0.00719581469429351 0
-0.158111024794915 0.00758443084853504 0
-0.156734031494939 0.0077338316116327 0
-0.204545642574006 0.00554159098715598 0
-0.0420789653046972 0.0126202012878488 0
-0.0409869468798391 0.0126863853567998 0
-0.217816883970253 0.0232853378681452 0
-0.0504473495554564 0.020225846380544 0
-0.0322934190541982 0.0129028435178328 0
-0.0353625588341144 0.0208449549037228 0
-0.0393637820935407 0.0205456949708139 0
-0.0380190662310983 0.0204200075253244 0
-0.0371329960029281 0.019629739189341 0
-0.028902899744276 0.0166353548977098 0
-0.152011494639776 0.00786428685386712 0
-0.137369464018918 0.0191089596423483 0
-0.048189931073939 0.0248483333471148 0
-0.164781543213523 0.00735531929241303 0
-0.118619188625826 0.0200840776793059 0
-0.257963476313542 0.0045198307163148 0
-0.168581939519644 0.0119486368315542 0
-0.29083329893964 0.00749981941899999 0
-0.0268975368647199 0.0131985245421106 0
-0.280901141463448 0.00846123348149264 0
-0.278860210804031 0.00782683379154284 0
-0.0321126192805889 0.0249696960396333 0
-0.0247588731000942 0.0131252083103128 0
-0.0328685305732212 0.0209039292926463 0
-0.0335664560804265 0.0200402304140253 0
-0.0316359684174848 0.0208118230249495 0
-0.00812258282977679 0.0216126855175857 0
-0.0290654389222205 0.0210996408231607 0
-0.07061533414879 0.011147721949382 0
-0.030074930670209 0.0131003182032333 0
-0.0290304085655945 0.0130521233898391 0
-0.0296414974451667 0.0120212479373604 0
-0.0226046936754129 0.0133696815228035 0
-0.210630346739853 0.00565197565910522 0
-0.0243427368336539 0.016702929150196 0
-0.0243729717666068 0.0251372238496442 0
-0.0380755522854549 0.0163366411485107 0
-0.175504887793805 0.0098360528769081 0
-0.0266379348580756 0.0211748498884905 0
-0.0260250205760931 0.0201224178562851 0
-0.0195540957083577 0.0251572741751407 0
-0.0201989058403801 0.0241944362573671 0
-0.018373310372487 0.0251747256780597 0
-0.0178646900456838 0.0242055832006859 0
-0.0167580959795094 0.024214956585221 0
-0.0205665436750422 0.0134165927931305 0
-0.0219599399103783 0.0251539066313507 0
-0.0739987432345723 0.0110162905473946 0
-0.0272748236273839 0.012109967333652 0
-0.0897318259632499 0.0102703468274422 0
-0.00744556702936278 0.0252046350854608 0
-0.016637412376888 0.0169966581729186 0
-0.145281429019361 0.0129848065523189 0
-0.0242109058242197 0.0212152558458792 0
-0.129683915006089 0.0088267393019945 0
-0.0160948940981547 0.0251975980245094 0
-0.014554416461146 0.0170655623369187 0
-0.018506030922541 0.0134934998126541 0
-0.0149554752395115 0.0252106085803141 0
-0.0145513458025213 0.0242392170308668 0
-0.273936881382938 0.0176066365324681 0
-0.278164955617228 0.00493861187845097 0
-0.277993994603381 0.00254847868456673 0
-0.0229667600181015 0.0212951680387198 0
-0.245221629575072 0.00954344221549169 0
-0.00954160493055967 0.025240908369765 0
-0.00995404965906386 0.0243138990342392 0
-0.0283887493592976 0.0201020241356626 0
-0.217547804882038 0.0157800965510084 0
-0.0105213794372516 0.0189658264598895 0
-0.0608747213271383 0.0199802182264461 0
-0.0125013001746432 0.0171400646118967 0
-0.00845473022095329 0.0125854888937431 0
-0.163591099041294 0.00740531129345292 0
-0.0164584720249957 0.0135683541162939 0
-0.213354725158447 0.0174136015539822 0
-0.162277830944471 0.00994376574071072 0
-0.0144268568988476 0.0135382943830336 0
-0.00806942599564547 0.0245339743892645 0
-0.00899459766698504 0.0243873149392667 0
-0.0104124073892928 0.0125037428913497 0
-0.00900716894289308 0.0181135678220095 0
-0.00694762731888476 0.018078802829945 0
-0.226064441104596 0.00453626282306097 0
-0.22817704169882 0.00446044734391682 0
-0.0600067434260094 0.024671286053319 0
-0.0103732516897212 0.0137791904749341 0
-0.0124204704377256 0.0124340137832848 0
-0.0412501945325464 0.0194382511575962 0
-0.141208099401355 0.0121070193949521 0
-0.0123725726924447 0.0137006307844273 0
-0.0546480457756912 0.0201431202645232 0
-0.265738577251766 0.0030860547669239 0
-0.229629714424244 0.0229011543449867 0
-0.228070399114386 0.0204236186150869 0
-0.164288578684392 0.0112140954719528 0
-0.0134139692520902 0.0124041849077775 0
-0.0105963399699661 0.0224830319808515 0
-0.0100315320720601 0.0198682552336594 0
-0.0154789889041375 0.0123636496079678 0
-0.00679951105044533 0.0152146077739754 0
-0.199936621459118 0.00864175074075535 0
-0.0445639604630616 0.0203956714725159 0
-0.254126403972014 0.00674987460954201 0
-0.252868682600694 0.0195822598688557 0
-0.0174797710445985 0.0123167563115447 0
-0.0214733917342451 0.0121522735529244 0
-0.0194765813894218 0.0122345149322345 0
-0.107059142369459 0.00957478246592805 0
-0.226536610368956 0.0157437559829974 0
-0.111339831756791 0.0200955669032607 0
-0.0069851588939043 0.0199356429499153 0
-0.0235260873405646 0.0121530292725642 0
-0.0255243084698775 0.0121478297445114 0
-0.196771830212679 0.00586743143920429 0
-0.0119591011473734 0.0162873827068595 0
-0.00990604844027946 0.0146393825759467 0
-0.108020935325677 0.0131924425110864 0
-0.0313276252291021 0.0116944331995932 0
-0.187613055625175 0.00634681387480622 0
-0.00948681213991145 0.0172273822034779 0
-0.0334369666996441 0.0115777499182746 0
-0.265080732756078 0.00712258186610256 0
-0.0227577719263263 0.0195135006094992 0
-0.0354497944712073 0.0115457563046518 0
-0.0993182528132753 0.0135519538358765 0
-0.251537983914346 0.00375932961118252 0
-0.0374946893934543 0.0114169730493181 0
-0.024645820321762 0.0202601713897226 0
-0.0396060979480907 0.0113575019301195 0
-0.0281283730211385 0.0250852858579003 0
-0.0414484913583073 0.0111229590584953 0
-0.142894266437377 0.00824646461839961 0
-0.0454249651340058 0.0110889446001472 0
-0.0433037597259994 0.0112048978382121 0
-0.193293236855236 0.0107140684178087 0
-0.0474868539379225 0.0110251957076349 0
-0.0788742877664871 0.0107708497557978 0
-0.049584983740488 0.0109374038230469 0
-0.0512454731080198 0.0108715267888072 0
-0.0533064066677798 0.0108030158174755 0
-0.012596368328917 0.0206781822639254 0
-0.280018266857727 0.00240733072430005 0
-0.0554157398885109 0.0106714864100765 0
-0.0304749705903515 0.0194023426082971 0
-0.0131521441388663 0.0233208584089822 0
-0.241628822270171 0.0147129691519763 0
-0.0603699975301186 0.0106457220321074 0
-0.136438596185882 0.011076683188725 0
-0.21435409002771 0.00613373627831473 0
-0.202730073816975 0.00993855511321825 0
-0.0653745318549365 0.010459395986713 0
-0.0674537081434276 0.0103531977745888 0
-0.26891514396756 0.00326970024418834 0
-0.0693968400099908 0.0101784804494803 0
-0.235004572347499 0.0216196317631681 0
-0.0733954430398152 0.0100808558209143 0
-0.0713936503548134 0.0100962390701703 0
-0.00678095867056257 0.0133475000000033 0
-0.0784925695352102 0.0193546369074538 0
-0.267640000218395 0.0031857690424909 0
-0.0754224047415731 0.00991305748749777 0
-0.182161739534739 0.00637485932226236 0
-0.0773840813892799 0.00984951493223904 0
-0.07938454514199 0.00979585871955723 0
-0.0799994094071576 0.0107241923348283 0
-0.266755576436957 0.0159834375264978 0
-0.0853691145807432 0.00953985992652369 0
-0.179572010696656 0.00668608267104579 0
-0.180823769400402 0.0066172081400264 0
-0.107867533280357 0.020188641185904 0
-0.09136175380303 0.00927382527706841 0
-0.0953584756965183 0.00909765620501526 0
-0.0959638296241201 0.00996573888031667 0
-0.0438035493691055 0.0192658084280219 0
-0.100305998100565 0.00900095748923306 0
-0.101369453965466 0.00896064973784522 0
-0.103332633333884 0.00863513594845574 0
-0.105339426216782 0.00869813562189721 0
-0.105887149781829 0.00967065385139242 0
-0.0463129776841052 0.0191613415665297 0
-0.251703976674788 0.00794139272158161 0
-0.110277094544761 0.0084354463684864 0
-0.0373398917010431 0.023976547587977 0
-0.112476758679039 0.00857589380641312 0
-0.0130980970325822 0.0197728942669004 0
-0.117291135606254 0.00827034403502283 0
-0.118358486741046 0.00823021083399708 0
-0.122312314147769 0.00799908389776241 0
-0.0525461999044896 0.0190062540032192 0
-0.0532357292026951 0.0201635482794346 0
-0.212055167289286 0.00519075642773736 0
-0.126304873364439 0.00780882870888009 0
-0.12430737694365 0.0078744122499639 0
-0.0653160209044214 0.0198704324586136 0
-0.128302745182236 0.00775235975983186 0
-0.130283633255765 0.00779187134993673 0
-0.132313912197355 0.00760226352899522 0
-0.205097320779314 0.01727061785266 0
-0.180266618207811 0.0119327148621891 0
-0.139327880536534 0.0123314852836051 0
-0.134429629758466 0.0077187124563331 0
-0.276525039332468 0.00817109657071561 0
-0.138286796906348 0.00734115286328111 0
-0.136223096413465 0.00754524117102612 0
-0.231837648201763 0.00438315596481536 0
-0.23016367023243 0.00413099286873992 0
-0.140192243027626 0.00730885193384356 0
-0.142287013763768 0.00726143207051852 0
-0.183378799893539 0.00946136894100074 0
-0.144229125107246 0.00710565100926111 0
-0.146265425385821 0.00702562109005833 0
-0.148204190915127 0.00692383945173059 0
-0.150267658975283 0.00684770458742149 0
-0.152264469320111 0.00676546320811135 0
-0.154191520721211 0.00667285812433789 0
-0.0101426151536568 0.0233572336170377 0
-0.242119598173404 0.00873698483398683 0
-0.22831453939704 0.00569065133649035 0
-0.0129704890262546 0.0162522916843828 0
-0.156258090009778 0.00660098044949431 0
-0.0441763219437954 0.0238520412558425 0
-0.25411557284631 0.00333243736624004 0
-0.160197598831475 0.00642341093882196 0
-0.162221427372175 0.00638206885210027 0
-0.164204047125642 0.00637619440883767 0
-0.168239131899843 0.00611189820645867 0
-0.0630667235432372 0.0187176387413575 0
-0.170274294457211 0.00606936418880587 0
-0.172235214663174 0.00592694005388658 0
-0.293040272156388 0.000983799082818159 0
-0.293695105445693 0.00184766461015636 0
-0.174228545734183 0.00584047657661521 0
-0.0764859417070013 0.0109738730532501 0
-0.176224323192874 0.0057331568516954 0
-0.180185095566603 0.00568217438955088 0
-0.178155091403676 0.00574189866687426 0
-0.0860055089664628 0.0104196990788888 0
-0.184155083787875 0.00545389968027466 0
-0.188168597643417 0.00533993812212048 0
-0.18615108935565 0.00541359638003269 0
-0.190203865871932 0.00520287700121676 0
-0.190663677867491 0.00605456301377255 0
-0.194197486561592 0.00503839424259678 0
-0.19220058814562 0.00511849726563024 0
-0.289038796257638 0.00116810068632143 0
-0.291043560679247 0.00106844095717041 0
-0.196198050517593 0.00496030192547624 0
-0.176391305772329 0.0110139610745125 0
-0.198191107251254 0.00487391148396878 0
-0.198671657421009 0.00578785639156736 0
-0.200187426227288 0.00477973973199875 0
-0.202184727940922 0.00470942872534807 0
-0.0712563791568291 0.0184744783744152 0
-0.206321113148255 0.00469996863803436 0
-0.210162657457483 0.00442155252782609 0
-0.286050762423931 0.00125529079430628 0
-0.285634336779301 0.0023382810139832 0
-0.284497171723316 0.00227686767293216 0
-0.28804757276876 0.00117304941498645 0
-0.21614813720982 0.00424022618384473 0
-0.216755161899016 0.00509557297761498 0
-0.214146889502784 0.0042667163638663 0
-0.0741503734718164 0.0183508679936636 0
-0.0666433935228138 0.0144633021455179 0
-0.218159210699592 0.00405149769086468 0
-0.222231601818396 0.00402829210635591 0
-0.220125446111086 0.00408799668019169 0
-0.0873922585821584 0.019176690655074 0
-0.0958746328109274 0.0177991470090854 0
-0.0629693037295464 0.0236624217792898 0
-0.224247640915871 0.00381202004734927 0
-0.226115323074922 0.00358615896285348 0
-0.232159334137711 0.0034837289313038 0
-0.234117481710908 0.00351006690335938 0
-0.236141019399643 0.00342434118098911 0
-0.282076777942564 0.00147896594694405 0
-0.281451483947445 0.00252075505490369 0
-0.284053952079091 0.00133753217361798 0
-0.238127314147923 0.00322908389776067 0
-0.240077561526144 0.00315386796393309 0
-0.242120934837596 0.00306460113913678 0
-0.0811663845528191 0.0182014333115706 0
-0.24410993822523 0.00298206770337769 0
-0.250049677510572 0.00349203437840715 0
-0.122983083770524 0.0195564344286132 0
-0.14585726937108 0.00797395551658195 0
-0.24811136587209 0.0028178770012072 0
-0.24611455552726 0.0029001183805162 0
-0.252177317602496 0.0027654133379666 0
-0.0208148575980774 0.0232275069912872 0
-0.245725717122886 0.00384771326858155 0
-0.25608097159061 0.00247787525360684 0
-0.258074177969261 0.00245980505747647 0
-0.258620611302029 0.00340246194136171 0
-0.260059842397348 0.00237650631071585 0
-0.0139873784985006 0.016215432817721 0
-0.262039458714985 0.0022277690719458 0
-0.264085811382481 0.0021590415831313 0
-0.266142129361882 0.00209766918525188 0
-0.0840700895145832 0.0180876940748087 0
-0.268155018862563 0.00213999516677564 0
-0.27207157766523 0.00179426090653963 0
-0.270076279665261 0.00191322182877958 0
-0.232838200209476 0.00903488944318848 0
-0.0518422140864763 0.0202072101594364 0
-0.274069208245795 0.00173193474746645 0
-0.276066710699767 0.00166649769086106 0
-0.104649342908794 0.00979681197284656 0
-0.0783426085474701 0.0137668249844746 0
-0.0400371487910075 0.0193974717704714 0
-0.0808808023943507 0.0136534535905584 0
-0.289584517626908 0.00206646820907787 0
-0.089964202401103 0.0179239252159794 0
-0.0141361131638267 0.0197340070629893 0
-0.0927521176254566 0.0189982429788894 0
-0.294337478449934 0.00423497284237049 0
-0.047433558645254 0.0203915879727629 0
-0.0157907693711447 0.0205699418272801 0
-0.0908458010498701 0.0102043086176504 0
-0.27666761107501 0.00262364898694628 0
-0.019469791262356 0.0195986107411094 0
-0.1214513266886 0.0122025899030954 0
-0.208867702430104 0.015476944106944 0
-0.153877617142549 0.0187810983205903 0
-0.160906722365843 0.0102750387518346 0
-0.101737976785364 0.0188681881245442 0
-0.0843085577883026 0.00961241711591907 0
-0.193389992139384 0.02034542782479 0
-0.105065015655544 0.018829895315532 0
-0.104124198673943 0.0205555164549201 0
-0.10304016810949 0.013233479991901 0
-0.0552477390109623 0.0189597873533237 0
-0.152897361134241 0.012433996443103 0
-0.108313635375651 0.0185581388964069 0
-0.0306596896410262 0.0156987380166409 0
-0.110132184024838 0.018568644197032 0
-0.142074543860384 0.0167894160911155 0
-0.106932326789123 0.0127947232074236 0
-0.147191523104693 0.0113841242879617 0
-0.135651491429477 0.0239366057730778 0
-0.104401687949834 0.01315232427637 0
-0.057320500878964 0.0105197508476101 0
-0.113408449625114 0.0183282718114497 0
-0.0116796929855444 0.0250482405676575 0
-0.100534898573241 0.0131941310080558 0
-0.116639288902683 0.0180466619385191 0
-0.246832415845667 0.0230657733597757 0
-0.110478452755747 0.0122786171190714 0
-0.0499369401501171 0.0190393379283075 0
-0.28691687816657 0.0024449688705294 0
-0.0147090310683072 0.0206088090127191 0
-0.183454370188376 0.0205869368970186 0
-0.221716354685337 0.00830859445224368 0
-0.075976509263113 0.0234385728510247 0
-0.116377392926323 0.0127509602531634 0
-0.117191372120385 0.0139265122048112 0
-0.126734974350193 0.0116196800410996 0
-0.0487561072506123 0.0188680799147292 0
-0.0425729925663247 0.0153459294802497 0
-0.119900375728108 0.0180926079645277 0
-0.123375950458482 0.0176266552687354 0
-0.00667398759583541 0.0246973276893403 0
-0.24066308695343 0.00409164692445315 0
-0.118999919250853 0.00916396738997007 0
-0.126626320104146 0.0174468024945494 0
-0.0128259681937423 0.0251953782811628 0
-0.12401581524284 0.0117190557324488 0
-0.239153389994411 0.0194549787472991 0
-0.0150119973018216 0.016180007831983 0
-0.165595786730013 0.0158427264406021 0
-0.130046923957137 0.0174171124129793 0
-0.128500186452525 0.00881921883058226 0
-0.13190128196528 0.0172766470650635 0
-0.22985809205886 0.0135193652184724 0
-0.23729881584983 0.00867301323605709 0
-0.135409362282332 0.0167327424726094 0
-0.188764192466888 0.00621596938649966 0
-0.138950468481751 0.0166472751980969 0
-0.176574237339893 0.0160657777902632 0
-0.158254757280029 0.00651526523728107 0
-0.166300299987668 0.00620640610001186 0
-0.00671879619252199 0.0228403723167044 0
-0.220538552497023 0.0146644891489238 0
-0.081425102043344 0.00966621883983644 0
-0.0638359343327446 0.0199008186029496 0
-0.154784661074336 0.0106606703146211 0
-0.083638776285631 0.0106253874126708 0
-0.186042500155626 0.0161387930651584 0
-0.148936546890359 0.0175587864364352 0
-0.0160413151640102 0.016144164441514 0
-0.150785817057408 0.0173121601852216 0
-0.150088994033009 0.0194299420339897 0
-0.154535255370006 0.0169269213902836 0
-0.195737565981653 0.0157006765007929 0
-0.160000109213564 0.0161547640127407 0
-0.15634029331458 0.0167060480541678 0
-0.0526748064885329 0.0149708033594854 0
-0.239585260651391 0.0136294906589739 0
-0.098441873923473 0.0190766725158659 0
-0.161686976282196 0.0164798330872531 0
-0.0919892280729839 0.0101395910774876 0
-0.292798304689068 0.00519926641185174 0
-0.170820213916691 0.0168654739665395 0
-0.172800244110748 0.01830813985585 0
-0.205376446005682 0.0147292468293488 0
-0.167778609195426 0.00707160121582472 0
-0.107478582456101 0.00864255786191397 0
-0.164561249970331 0.017745450629988 0
-0.249460808007953 0.0130259022811107 0
-0.0823740982135201 0.00947776504059703 0
-0.180732693641464 0.0102923859692727 0
-0.258478254179434 0.00584421465615247 0
-0.226301498641373 0.0136093058337535 0
-0.282756302580495 0.00250170414617016 0
-0.255388920434298 0.0126432638638486 0
-0.0162604960910861 0.0196706668968263 0
-0.2359100972743 0.0142875315267061 0
-0.289669480010484 0.00608966387693388 0
-0.0213778395605443 0.0241892614332305 0
-0.181961725380371 0.0168293884597591 0
-0.177937331071794 0.0107377126943334 0
-0.169493755854436 0.0213099909737982 0
-0.229366450733624 0.00484014013407485 0
-0.22065165244139 0.00495125892793039 0
-0.0170771128716312 0.0161136986138467 0
-0.263413195991078 0.0124422963483973 0
-0.200762322793508 0.0210227834511475 0
-0.174124816796978 0.00994162907125519 0
-0.175557446982904 0.0183145524640071 0
-0.121849960619087 0.00891433472415471 0
-0.224828046728859 0.0200135247418515 0
-0.234655762332265 0.00438987275049656 0
-0.268026602629666 0.0136358279782405 0
-0.0225593366783737 0.0241876956810183 0
-0.0237425883554831 0.0241607779140359 0
-0.0141490626860278 0.0233046121170633 0
-0.168804332323976 0.0237151676081876 0
-0.191630508308425 0.0166258040457997 0
-0.0561674669789932 0.0201661165906373 0
-0.264565359573288 0.00308771227769214 0
-0.286419880764739 0.0100550114522529 0
-0.0927933149136676 0.0130464341242967 0
-0.204097471135432 0.0046441647013627 0
-0.0892406582940942 0.00939655221251016 0
-0.0623522020584885 0.0199427284981424 0
-0.0156583196105234 0.0242310216707015 0
-0.182013265755857 0.00986052193221266 0
-0.29158088428033 0.00197345405857572 0
-0.00674908136786527 0.0209812492431863 0
-0.2503088016637 0.0183190341312599 0
-0.284971720863358 0.00346887993841129 0
-0.201387422896459 0.0159078641953169 0
-0.073420411266475 0.0196531281603447 0
-0.0181475660207908 0.0161074527081731 0
-0.00752677551173603 0.0157802856150828 0
-0.106054661046766 0.0203313820338789 0
-0.0719809576568569 0.0196890685124255 0
-0.0173167604590286 0.0196502268470517 0
-0.00753852778481519 0.0137392731862503 0
-0.281847873918456 0.0150607189217446 0
-0.0659239222913272 0.0186612845523947 0
-0.0873332367592269 0.00925222456564753 0
-0.236734456621151 0.00421954469808227 0
-0.185113705020564 0.0185164779560815 0
-0.00764464311143976 0.0188712170107991 0
-0.0884762877667761 0.010387835633726 0
-0.208149349283297 0.00442760232929868 0
-0.0163548930275351 0.0232515621447298 0
-0.0187707323122361 0.0169685640376488 0
-0.278135495731674 0.00158302870832015 0
-0.0190357922326966 0.0241922556626284 0
-0.0196563561169027 0.0232438374030372 0
-0.234733618805472 0.00553213295669308 0
-0.170276198279772 0.0100230639464796 0
-0.171977666416848 0.00887914388885295 0
-0.0602407261772885 0.0188195090311255 0
-0.151995088352402 0.0112692013196705 0
-0.12018769529004 0.0122075459072871 0
-0.00673246695887363 0.01708682153333 0
-0.017889348820728 0.0205315315408525 0
-0.182184062939748 0.00535635300330556 0
-0.280027515507509 0.00133998427737622 0
-0.0174311717501721 0.0232507844906024 0
-0.209083507020937 0.00884232833392236 0
-0.0819656950752902 0.0194417369586967 0
-0.132767465027867 0.0186846867441591 0
-0.02492078327411 0.0241110840140311 0
-0.0328409262546541 0.0156436767306816 0
-0.239490747632056 0.0161485143913538 0
-0.0592525469819294 0.0201011983544916 0
-0.0803179528736051 0.0147655874224332 0
-0.145102908734544 0.0178567612736007 0
-0.146309954842985 0.0195205805885276 0
-0.120329561150938 0.0079024041848205 0
-0.22286053226931 0.00475572569725772 0
-0.220312992818654 0.00874944732604845 0
-0.057732476032338 0.0186098995042336 0
-0.21464739763406 0.00506936691977927 0
-0.214770439592298 0.0192708225543631 0
-0.257519430782195 0.00348833266732546 0
-0.127543964188122 0.0240997868154123 0
-0.194934876434454 0.0181456457676018 0
-0.212120853525966 0.00418600362832748 0
-0.0311933882715203 0.0165866950021876 0
-0.292514954923133 0.00694474410741222 0
-0.10366937472362 0.0225427500136214 0
-0.0202599925291823 0.016045228495249 0
-0.294723033459161 0.00162619745301669 0
-0.110835981855159 0.00929612972188754 0
-0.217791989644503 0.0087374060053656 0
-0.219108500268511 0.00957622383370954 0
-0.171744439302916 0.0207902387875953 0
-0.136099148566223 0.021060182118835 0
-0.0867858382394961 0.0133230262533993 0
-0.292633281770131 0.00195965391328352 0
-0.0323179018743442 0.016552793291962 0
-0.191740855780714 0.00603870856522031 0
-0.0261294395960454 0.0241206995441848 0
-0.118920501137334 0.0121995962966165 0
-0.290591365942427 0.00183699990728439 0
-0.018993388230745 0.020507906353151 0
-0.0209971070743017 0.0169524223890234 0
-0.278902212621029 0.00611615059270471 0
-0.0400118703151246 0.0239489899636952 0
-0.203386367865381 0.0198732540795956 0
-0.0934197410142561 0.00912929768334932 0
-0.172854603965061 0.0067683157237148 0
-0.0268510010447582 0.0251190056370742 0
-0.0948899261051518 0.00994945056147364 0
-0.0703895489496246 0.0196889350306145 0
-0.122868359313182 0.00882164438517789 0
-0.0413495714924822 0.0238973864246244 0
-0.0725134270076801 0.0140052619631398 0
-0.146771439536198 0.00769272360925861 0
-0.085494984339869 0.0133775521234027 0
-0.0907181358683175 0.0191926860262616 0
-0.0891162685830411 0.0192128630439727 0
-0.094028762458202 0.0129396081139569 0
-0.0803284947240874 0.0194525613319322 0
-0.0993350699674765 0.0204682092339892 0
-0.0222237522194024 0.0157844627840833 0
-0.291616020698653 0.0111998617923344 0
-0.108328876600084 0.00954844199955584 0
-0.212836532169784 0.00853651819195709 0
-0.191832527118553 0.0082635722145995 0
-0.0393150908155822 0.025058356459795 0
-0.0914907105631335 0.0130853805427217 0
-0.0669743613128586 0.0199060369027809 0
-0.244608888655566 0.00390015525275091 0
-0.0420937800406527 0.0250349803395621 0
-0.0789377349174509 0.014803518952255 0
-0.0232545860499962 0.0169906930705948 0
-0.259682527875034 0.0139746836671684 0
-0.261748106203024 0.0141045586822869 0
-0.192801016844677 0.0059392381402069 0
-0.15078273754859 0.0219840858177697 0
-0.153377628716964 0.00749955682463519 0
-0.0339272008234495 0.0155613138546511 0
-0.172866040577461 0.00997199894871937 0
-0.11547139628325 0.00812373647430429 0
-0.159486044317879 0.0105584876716979 0
-0.0835069781046584 0.0193647790770106 0
-0.243684733371232 0.00885216104053715 0
-0.0642960030911473 0.0144671801746714 0
-0.0205603107777452 0.01955349639913 0
-0.228137248914001 0.00353662616396246 0
-0.172567481552853 0.0162417943344754 0
-0.162539142179522 0.00731051433628311 0
-0.214238159901523 0.0073460352710652 0
-0.270458687957809 0.00582684172470316 0
-0.0379118728911348 0.0250713570419638 0
-0.0286522791574014 0.0240561956937517 0
-0.0294982685148426 0.0157425098947812 0
-0.0266598102310818 0.0167530671052831 0
-0.0243093791426342 0.0157056960801309 0
-0.0283531285716027 0.0157890373003193 0
-0.257645718680215 0.0163850572037193 0
-0.0881070360436996 0.0133393202878792 0
-0.168772845026285 0.00692924943751819 0
-0.0540394186284091 0.0236828902165966 0
-0.0252524677294194 0.0158098298629346 0
-0.199707346485609 0.00570791828177789 0
-0.0783143122420299 0.0180139992703032 0
-0.0869557000837579 0.0179070494884502 0
-0.0434412986029897 0.025026997467006 0
-0.0928754316567955 0.01755070567625 0
-0.148165282274334 0.0191572129336267 0
-0.089050115306943 0.0144375137108868 0
-0.0685318066193692 0.0182554558992205 0
-0.0297340312237566 0.0238743401575975 0
-0.0211849942450708 0.0204409121237738 0
-0.2736576782594 0.00261557591553219 0
-0.0308829500812672 0.0252819909828639 0
-0.0341293585175733 0.0191912626581764 0
-0.0983351212142447 0.0088408162054239 0
-0.287784162208649 0.0114185790593308 0
-0.209625668003815 0.00523816480226485 0
-0.12525127749602 0.0188583365420478 0
-0.0754371678933012 0.0180952706993355 0
-0.0768901873957121 0.0197787656376083 0
-0.0795134359203533 0.0234509682548112 0
-0.175789774208301 0.0065850029784597 0
-0.291970400769938 0.0226916536494042 0
-0.232525795257616 0.0231693691868474 0
-0.0649297250066942 0.015415341948121 0
-0.0222869135057835 0.0204123639541613 0
-0.0351694948977358 0.0250480014408487 0
-0.216606701410072 0.0139556064930047 0
-0.109379422676878 0.00830984429443945 0
-0.0359878371502604 0.0240077808713278 0
-0.0350028743250142 0.0154778373910521 0
-0.217771144675247 0.0047794615091052 0
-0.266473057312445 0.00686149125252108 0
-0.197710580507806 0.0056516298527024 0
-0.0362960018859701 0.0192097839079338 0
-0.15479323940373 0.00745800102826346 0
-0.159444098671467 0.00732800611604585 0
-0.250097130635052 0.00252630001983892 0
-0.0832381866153851 0.0148025086385805 0
-0.111804590978317 0.00923433305751868 0
-0.228489640952524 0.00695922325584282 0
-0.0329092380717512 0.0241190453768134 0
-0.0847628152790868 0.0190387144195324 0
-0.090410351806976 0.0129460230465896 0
-0.0555350412561386 0.0236474497945966 0
-0.0449032471154539 0.0152728982837991 0
-0.245494529425509 0.00627125261700144 0
-0.28370465060495 0.0178928399580013 0
-0.200760928471783 0.00560855578160911 0
-0.0273137445986007 0.0157997434192179 0
-0.254096204830841 0.00243537796761457 0
-0.0459631118123999 0.0118439156713184 0
-0.275536486310561 0.00257682077741057 0
-0.0966062615160328 0.0191534863692572 0
-0.205617244465353 0.00542449038555469 0
-0.0843887065105229 0.0132655013209123 0
-0.293373477091591 0.00295981636546307 0
-0.101102300473553 0.0202429633065233 0
-0.0524328310366591 0.0237367989255431 0
-0.0713404554604007 0.0140666669467767 0
-0.242704220388092 0.02346982178746 0
-0.211914893416985 0.0109490125592539 0
-0.0662660772052666 0.0236026282207597 0
-0.0819688021243817 0.0134097164223638 0
-0.173788767675579 0.00654879429989842 0
-0.24785009767907 0.0143781402240838 0
-0.052384454996159 0.0140737639330164 0
-0.0737736928310334 0.0139459170732313 0
-0.0362005339460387 0.0155439339815095 0
-0.0945810771300399 0.0192794149837104 0
-0.111194569256349 0.013252927576503 0
-0.111869116074221 0.0143214767067536 0
-0.213752995963758 0.00508039040398052 0
-0.0678839965726293 0.0234648154169399 0
-0.114964926092226 0.0128474987671029 0
-0.228008214014535 0.0142893367428759 0
-0.0550344147307076 0.0149151386073014 0
-0.26982460771105 0.00290726312322313 0
-0.160720823923612 0.00717884030181402 0
-0.195790367210234 0.00580115077615378 0
-0.0662136779257522 0.015335718762844 0
-0.0760857923672844 0.0151034537523845 0
-0.218609057952279 0.00481575798816331 0
-0.183445661412013 0.00645048326549615 0
-0.0443956940162414 0.016213443846368 0
-0.0430777652209602 0.0162855556053801 0
-0.0454482925886303 0.0236340253120856 0
-0.174760798488871 0.00662237016528118 0
-0.0467695262148748 0.0252037002844011 0
-0.148698874703723 0.00773793117859453 0
-0.0369038273636817 0.0164050195152396 0
-0.0234650122984571 0.0203564717035553 0
-0.139630872098879 0.00816354270910178 0
-0.0507292354656703 0.0238499925725621 0
-0.046052422896742 0.0151971950242471 0
-0.292117186735249 0.00894663850903175 0
-0.0708207755489335 0.0151096482838648 0
-0.128135048114001 0.0119991635406349 0
-0.0653252438556179 0.0249257546498798 0
-0.0570483006548674 0.0236390436507723 0
-0.123991055444574 0.00871188372853779 0
-0.0772333864317048 0.0136381771750919 0
-0.237892413070258 0.0147738619537323 0
-0.0786384521580206 0.0248192347323659 0
-0.0748411661806327 0.0137434550519311 0
-0.106305907248102 0.013670606620543 0
-0.16295896348037 0.0175833766191656 0
-0.18469258010445 0.00620152725706555 0
-0.21013660946751 0.00986098920255977 0
-0.0560195267035075 0.0114272897752118 0
-0.102566329734934 0.0244396891136429 0
-0.151955716569526 0.0186064832414445 0
-0.0491376641353882 0.0238809470654978 0
-0.125619028064362 0.0242347060093204 0
-0.0549031491817966 0.0114822677179493 0
-0.271877869375335 0.0200694633386561 0
-0.268729413095425 0.018781485246068 0
-0.0359782528498856 0.0122035958224159 0
-0.258930986962497 0.00724436824295839 0
-0.0470418221114658 0.011826872519578 0
-0.0578625219833919 0.0249033136329327 0
-0.256587417844526 0.00320807674086066 0
-0.0622031989144671 0.0103512153765715 0
-0.244628910004477 0.0210210648953874 0
-0.0135291359461934 0.024253332028939 0
-0.259561084873494 0.00319952302419816 0
-0.246660062888406 0.00366561927866089 0
-0.190774312091668 0.0211336463661641 0
-0.200397402572278 0.0233553401693918 0
-0.0630076824540013 0.0145219216818033 0
-0.189736245238607 0.00599024318950239 0
-0.143422402316879 0.0179223445109631 0
-0.00664270727096437 0.0125690580607266 0
-0.22952047132724 0.0184324550388793 0
-0.239183619489451 0.00408181451867657 0
-0.150707652666038 0.0113105933848052 0
-0.18096541882422 0.0211257106397956 0
-0.254184098469372 0.00436974926327273 0
-0.277850618300718 0.00907388320237137 0
-0.284257158299594 0.00455456711485627 0
-0.171961346925956 0.00674035561802345 0
-0.0636235729614392 0.0249151473901348 0
-0.0405787787281785 0.016467526918228 0
-0.147692673524698 0.00775466848829272 0
-0.0384439211717847 0.0154111808287082 0
-0.0561991710144191 0.0147587945990282 0
-0.133657695199772 0.0241585753733662 0
-0.273204887346331 0.00358936931250511 0
-0.0448761779996685 0.011895449153991 0
-0.234797040759017 0.00680994171345187 0
-0.263607595109606 0.00292835456418077 0
-0.0250936904058263 0.0193702446138006 0
-0.255926251748429 0.0194069733377995 0
-0.135664855171404 0.0185065135105289 0
-0.0899474467921132 0.0232031771317735 0
-0.0482043690545523 0.0118342515763025 0
-0.13282954412096 0.00823206460896542 0
-0.00728259728953254 0.0233790644264055 0
-0.243643028283399 0.00380348868566481 0
-0.0537589217641885 0.0115824309350797 0
-0.0544741262918219 0.0158778550846854 0
-0.0108628670125169 0.024232232339067 0
-0.241558797293229 0.00393433770909891 0
-0.0394074696377084 0.0152506046488468 0
-0.274574362465406 0.00241312389811378 0
-0.127926171112107 0.0098698218863779 0
-0.0768335991635582 0.0248371102259739 0
-0.0955771367452316 0.011736647631157 0
-0.0683037073694055 0.0142837237022677 0
-0.199771467342554 0.00985919919369635 0
-0.0349604136041332 0.0122374063464157 0
-0.261471023381536 0.00324366693920587 0
-0.113795073236247 0.0127900149787 0
-0.0415846620972019 0.0152058713431262 0
-0.127356339888729 0.0187987837507105 0
-0.0616773867523676 0.0146005793860769 0
-0.236752715143362 0.0197725827543631 0
-0.0635753830064027 0.0103170123377734 0
-0.0696237751960421 0.0234573580936502 0
-0.00662996832863284 0.0254751170333384 0
-0.107046497464685 0.021641747120104 0
-0.0988352138800607 0.00961295967794931 0
-0.0600594945264409 0.0233244041302311 0
-0.0526374724663376 0.0116643859547436 0
-0.126832928269984 0.00849412256736392 0
-0.0472500482418226 0.0151512277933624 0
-0.0370497763023882 0.0121895753034927 0
-0.21553654375723 0.0172311178036967 0
-0.216720487246647 0.0208158480834137 0
-0.0860542189478419 0.0192440603955759 0
-0.0949989570492196 0.0127866655644765 0
-0.0437332912911591 0.0119845490527605 0
-0.0260930193106222 0.0192248112905096 0
-0.230130495927863 0.00332552492663939 0
-0.149252564684445 0.0130092250035723 0
-0.0189990377713739 0.0128491921186715 0
-0.0515358732774427 0.0117200823412659 0
-0.18660939218832 0.00624452211965356 0
-0.223846156246983 0.00478044470671215 0
-0.190399955808967 0.0105111293280479 0
-0.0493346865741673 0.011799636630533 0
-0.283584332044555 0.00207635315191982 0
-0.0504385899625388 0.0116844354958767 0
-0.0613508207971157 0.0235714983588328 0
-0.0320329889794561 0.0239095583213695 0
-0.173093190407165 0.0227496121304042 0
-0.255878120209958 0.0147483148438672 0
-0.124883052873335 0.00847193386042446 0
-0.0531411868556287 0.0159732127118947 0
-0.0200053585377063 0.0128053934546295 0
-0.169795355608856 0.0068180164529882 0
-0.138481430073341 0.0115762140161506 0
-0.16676001408072 0.0237056704556399 0
-0.201099038700158 0.0092346244444322 0
-0.0381893020218506 0.0121965215113093 0
-0.0272151207819645 0.02042424897554 0
-0.0939970005814949 0.00983593305282774 0
-0.0339381935293244 0.0122671444190571 0
-0.0596388354659659 0.0158131926234396 0
-0.155733459545766 0.00731948141853446 0
-0.131438061414977 0.0119477763846099 0
-0.163447185781598 0.0190389178170714 0
-0.143761149099511 0.00791949534761796 0
-0.166886086497231 0.00694456626470957 0
-0.225011427192065 0.00469617458168824 0
-0.0727094673306677 0.0251404411190978 0
-0.216487795411689 0.00923706237185347 0
-0.0480561017855205 0.0236557612261298 0
-0.169779650527948 0.011393299461668 0
-0.0325424642586704 0.0200380955991089 0
-0.130212309178252 0.0119643314039399 0
-0.0179902787488436 0.0128907170668655 0
-0.253119256920197 0.00784151303853789 0
-0.2717194356708 0.00257059724219251 0
-0.110041463966325 0.0132900693423908 0
-0.081071549555464 0.0233480705180697 0
-0.288426016319316 0.0130858356451024 0
-0.149743436869299 0.00755841371556362 0
-0.057410209784478 0.0146995293454209 0
-0.117503056117905 0.0191275986636016 0
-0.124716730649074 0.0123957008296921 0
-0.0347218841609399 0.0200766980325073 0
-0.199168676904839 0.00672942979222591 0
-0.0711054029819699 0.0232734495268282 0
-0.227128517190735 0.0179984250496582 0
-0.048282901370011 0.0150141559252438 0
-0.12576687401206 0.00856548563402081 0
-0.255785686057146 0.00328313338845358 0
-0.191213840512644 0.0070034185309572 0
-0.0571407676216681 0.0113742443756878 0
-0.286660531224797 0.0194781924378197 0
-0.0210192420756799 0.0127701929987987 0
-0.279000325788885 0.00247084990128329 0
-0.115792184659219 0.00886663226608813 0
-0.287619511666263 0.00196927740046261 0
-0.0403946372007653 0.0121457168721533 0
-0.183204371487333 0.0181327957438388 0
-0.160078031796463 0.0180129368972778 0
-0.202878579122159 0.0173595633368212 0
-0.178611942274532 0.00653485569694369 0
-0.158276773958484 0.0107303921773723 0
-0.266992851422524 0.0217287212493993 0
-0.136878094252658 0.00806728714952434 0
-0.0426044880790047 0.0120480083448228 0
-0.294784939526286 0.00075350737156387 0
-0.0584689531752083 0.0145479565826459 0
-0.0918813452104789 0.0230952997161429 0
-0.232747755182654 0.00429213456702102 0
-0.0493468948351354 0.0162580125897115 0
-0.271165617255928 0.00733184160502198 0
-0.016981604977417 0.0129286134370876 0
-0.113460267061486 0.00919555467513683 0
-0.192983202995536 0.0180446511490865 0
-0.20166473437671 0.00547413375878428 0
-0.262645833596782 0.00300987129365095 0
-0.00808629572957424 0.0132422360487489 0
-0.220567752768308 0.0235663729922365 0
-0.204806509897228 0.0224103487453408 0
-0.0392884878342098 0.0121648992948117 0
-0.100927475249454 0.0245795824807731 0
-0.0283359549592664 0.0191610635622556 0
-0.0220179536961912 0.0127190562463229 0
-0.0308240642691817 0.0202631544584793 0
-0.213925184987719 0.00839476842242999 0
-0.191688156009175 0.0099559594547568 0
-0.033763673699946 0.0238900086449201 0
-0.0296941052170221 0.0202757666104955 0
-0.05080520237758 0.0141253253659871 0
-0.140366112058193 0.0179161051807168 0
-0.0620052832711284 0.0110465964380181 0
-0.00888648083199728 0.0132808263175926 0
-0.00735945250173386 0.0215335830806101 0
-0.041506122346338 0.0119876916197033 0
-0.268991876606562 0.0158450043212555 0
-0.203582908772682 0.00549252839768649 0
-0.0330321422889971 0.0122757069540244 0
-0.096925555182462 0.00953938726406929 0
-0.0359626735079367 0.0200572313690814 0
-0.193690941470746 0.00577931840879692 0
-0.0744179202719579 0.0232229930828828 0
-0.212641002511071 0.0156165742184706 0
-0.248692174030575 0.0034804671664192 0
-0.234290260092075 0.009077528602172 0
-0.206874562678609 0.0158389402419065 0
-0.148423382680358 0.0120027808300152 0
-0.0159901842908232 0.0129420196455708 0
-0.137813920166695 0.0080009014509916 0
-0.272625209517322 0.0026416369964836 0
-0.146504474737354 0.0126060370178 0
-0.0504660464989837 0.0161217276847204 0
-0.102548124928315 0.0199594134621017 0
-0.0607612432933175 0.0112085356868463 0
-0.0878471260542471 0.0233753583945365 0
-0.0857402824579527 0.023465651027 0
-0.275065178535009 0.00966920096225662 0
-0.00738659101575224 0.0241884327503516 0
-0.0316400682816172 0.0124418645686853 0
-0.199836814578651 0.00753874392007285 0
-0.00985604728409521 0.0132476807413583 0
-0.0229573171736386 0.0126467778386083 0
-0.0150454971818702 0.0129604529596746 0
-0.0329707712490141 0.0191797752665863 0
-0.0960214952041884 0.0108824790792641 0
-0.0379236874552086 0.0191902200965087 0
-0.139213427064654 0.0223658460967806 0
-0.17667665634844 0.00645167135302869 0
-0.0692273888359168 0.0141754246429187 0
-0.107995457369692 0.0122356583353479 0
-0.178952893882012 0.0117510545079073 0
-0.0241784666939722 0.0126846189832485 0
-0.155742181033689 0.0115516149213676 0
-0.127788626091183 0.00839272942758931 0
-0.266708141488952 0.00290287008366541 0
-0.0138621905011887 0.0130970918558106 0
-0.0108672958018879 0.013184595816027 0
-0.0607420142871664 0.0144409111115988 0
-0.0118584950963577 0.0131626614892013 0
-0.0838577425039309 0.023288772718553 0
-0.112841089415629 0.0196302892232882 0
-0.151549445534796 0.0241989811596007 0
-0.012875205425559 0.0130903315329034 0
-0.140188103511133 0.0117661303868172 0
-0.0699526617668803 0.0106866476769868 0
-0.0973428125106682 0.00881849681424529 0
-0.249422438136956 0.0206347153808986 0
-0.188346095002521 0.0114571943390959 0
-0.272595542634531 0.0233077168055604 0
-0.289652981229595 0.0203500608146066 0
-0.0758974215722514 0.0104314422772301 0
-0.246233230267453 0.00547650770289522 0
-0.00733196545292341 0.0165797927411065 0
-0.112933953648751 0.0142814186420933 0
-0.163140566577904 0.0109238075322216 0
-0.0698701985733005 0.0149207343656651 0
-0.197819134324492 0.0108638141767431 0
-0.0263731688599068 0.0125362380483671 0
-0.138430809864926 0.0180395342873057 0
-0.27385557200937 0.00445165675385955 0
-0.20743249036981 0.00521442381600204 0
-0.135420044903648 0.00809532059131476 0
-0.0306594431670821 0.0124115229553891 0

Triangles
19765
3089 2638 3182 19
1592 2766 3097 19
981 980 2929 19
2765 1521 3004 19
2811 1482 3152 19
2154 1725 2825 19
980 1606 3986 19
3000 2205 3516 19
3390 2639 3469 19
2096 2807 3834 19
1590 3089 3182 19
1609 2941 2942 19
3152 1482 3344 19
2367 2154 2825 19
2881 2874 3269 19
2549 2028 2996 19
2277 2919 2921 19
1472 3163 3193 19
2818 1654 3171 19
2929 980 3986 19
2982 1522 3825 19
2834 1581 2836 19
2944 1522 2982 19
2869 1506 2931 19
2745 1715 3443 19
2740 1523 3007 19
2636 2904 3546 19
2496 2497 2850 19
2903 2258 3743 19
2961 2084 3426 19
2038 2893 3409 19
1636 2786 3338 19
1499 3449 3687 19
2995 1547 3434 19
2119 3268 3273 19
1521 2765 3217 19
2688 2062 3815 19
2087 2849 3404 19
2103 1736 2953 19
2062 2688 3336 19
2886 3279 3513 19
2945 1475 3362 19
2944 2979 3221 19
2904 1496 3299 19
1488 2950 2997 19
3121 3197 3730 19
2941 1609 2943 19
3136 3377 3619 19
1523 2740 3223 19
264 265 2645 19
2946 2096 3834 19
274 1571 2853 19
1577 3390 3469 19
2836 1581 2854 19
2437 2277 2921 19
2893 2366 3409 19
260 2851 3853 19
2014 2567 3427 19
1613 2881 3269 19
3197 2033 3730 19
2028 2549 3417 19
2643 2563 3413 19
2832 3479 3627 19
998 997 2942 19
3165 2403 3780 19
3155 2570 3768 19
1485 2855 3331 19
2972 2985 2986 19
2781 1546 3045 19
2783 2225 4006 19
913 912 3098 19
264 2645 2895 19
2567 2014 3391 19
1615 2767 3060 19
2643 3413 3436 19
165 166 3151 19
2523 2258 2903 19
265 1568 2645 19
2930 3426 3747 19
1506 2869 3264 19
997 1609 2942 19
1555 2838 2854 19
167 168 3180 19
942 941 3005 19
2014 3247 3391 19
2876 2523 2902 19
2904 3299 3857 19
3015 1605 3530 19
213 3155 3768 19
2883 2286 3242 19
2812 1633 3258 19
2832 2095 3479 19
3267 2843 3764 19
1480 2847 3347 19
1531 2883 3242 19
2953 1736 3875 19
2980 2548 3595 19
3311 3188 3445 19
3217 2765 3954 19
3701 3341 3718 19
3247 2823 3391 19
3230 1626 3236 19
3133 2246 3158 19
1576 1661 1662 19
2808 2226 3781 19
3449 3067 3687 19
2904 2543 3546 19
1492 3188 3311 19
2808 1639 3533 19
3510 1605 3538 19
267 2637 2878 19
2844 2843 3267 19
1802 2087 3404 19
2090 3220 3862 19
2972 2984 2985 19
1556 2969 2970 19
3004 1521 3005 19
1633 2812 3721 19
1494 3235 3306 19
1558 3413 3810 19
2080 3205 3852 19
1559 243 3036 19
1640 2894 3346 19
2054 2980 3595 19
1607 2781 3382 19
2809 2132 2810 19
2086 2986 3429 19
3231 1525 3304 19
1486 3100 3258 19
3220 2763 3862 19
3030 3036 3847 19
2986 3034 3429 19
2099 3471 3495 19
3413 2563 3810 19
1715 1712 3443 19
911 910 3116 19
2226 2553 3781 19
2799 2137 2800 19
1795 1797 3293 19
2496 2850 3783 19
274 2853 3924 19
1605 3015 3538 19
2173 2534 2815 19
260 261 2851 19
2838 1555 2840 19
2798 3276 3489 19
2637 267 3775 19
3284 3079 3625 19
1522 2944 3221 19
1731 2909 3422 19
2996 2038 3402 19
3398 2844 3761 19
2078 2833 3021 19
2246 3133 3286 19
2628 3135 3158 19
2081 2886 3513 19
2824 1602 3115 19
3426 2084 3747 19
2905 3231 3304 19
3180 2445 3535 19
2767 1615 3277 19
2205 2630 3516 19
269 2990 3878 19
3117 3510 3538 19
2781 1607 3244 19
3205 2746 3852 19
1620 2926 3295 19
1482 2811 3153 19
2164 2474 2820 19
2246 2628 3158 19
3046 1696 3712 19
3125 3029 3435 19
3036 243 3847 19
1618 3284 3625 19
2960 2140 3492 19
295 1577 2897 19
3431 3352 3781 19
2618 2961 3426 19
2900 2500 3128 19
1662 1661 3696 19
3163 1472 3372 19
284 2623 3901 19
3268 2970 3273 19
2976 3136 3619 19
2771 2770 2888 19
1469 3129 3519 19
1579 2934 3017 19
2461 2995 3434 19
3075 2017 3076 19
2914 2913 2951 19
3436 1528 3771 19
2766 1592 3116 19
2858 3007 3222 19
1731 3422 3564 19
2880 2665 2926 19
1639 2808 3351 19
3547 2020 3558 19
2858 1601 2979 19
2844 3398 3704 19
1501 2887 3079 19
1521 942 3005 19
2818 3171 3522 19
2643 3436 3771 19
3076 2017 3966 19
3195 2028 3417 19
2907 1660 2977 19
2156 2225 2783 19
1733 3137 3452 19
3019 3549 3583 19
2945 3362 3523 19
2177 2541 2831 19
1566 260 3853 19
253 2917 3933 19
2080 1760 3205 19
2090 1750 3220 19
2100 2181 2886 19
2901 2028 3195 19
284 285 2623 19
2507 3230 3236 19
2092 2861 2862 19
1484 3052 3339 19
3285 3625 3686 19
3406 2936 3778 19
2936 3406 3937 19
3139 3547 3558 19
1608 3474 3609 19
277 3224 3673 19
3444 2043 3836 19
3164 2403 3165 19
3029 2118 3435 19
3087 2293 3270 19
1592 3097 3098 19
3075 2400 3384 19
3474 3178 3609 19
3008 1478 3353 19
2879 2872 3747 19
2911 3676 3679 19
2786 1636 3490 19
2641 2041 3668 19
1537 2560 3661 19
1725 1722 2825 19
3235 3236 3306 19
2812 2559 3219 19
1780 2095 2832 19
2043 3033 3836 19
2305 2798 3489 19
1696 1695 3712 19
1546 2781 3244 19
1556 236 2969 19
2565 2807 3201 19
3230 1493 3552 19
1481 2798 3275 19
1625 2890 3312 19
3007 1523 3222 19
2815 2534 3183 19
2934 2937 3017 19
2837 3701 3718 19
2950 2368 2997 19
1692 2132 2809 19
3066 1621 3082 19
2027 2569 3608 19
3036 3030 3536 19
1794 2109 2848 19
2216 2247 2830 19
2891 2494 3186 19
2998 2822 3447 19
1701 2137 2799 19
1555 233 2841 19
3639 3101 3649 19
2274 3512 3532 19
2286 3045 3243 19
1576 287 1661 19
2101 3058 3218 19
2523 2876 3058 19
3447 2822 3477 19
3676 1585 3679 19
2560 1537 3664 19
2569 2027 3618 19
3402 2038 3409 19
2780 1608 3609 19
2798 1481 3276 19
2998 1527 3233 19
2848 2109 3397 19
3084 2364 3485 19
3095 2884 3226 19
2954 1575 2955 19
2180 2584 2859 19
2973 2143 2974 19
1600 3095 3226 19
2979 1601 3221 19
1768 2100 2886 19
1556 2970 3267 19
2041 2641 3669 19
3643 2333 3645 19
2930 2620 3426 19
3019 2067 3549 19
3696 1661 3899 19
2861 2101 3218 19
294 295 2897 19
1493 3230 3735 19
3512 3112 3532 19
2973 2972 3796 19
2872 2879 3879 19
2233 2580 3820 19
3101 2024 3649 19
2972 2986 3796 19
2820 2474 3188 19
1498 3142 3296 19
2841 233 3927 19
2823 2042 3173 19
2103 2561 3709 19
2859 2584 2924 19
1568 266 2878 19
293 294 2877 19
2745 2644 3945 19
3570 2022 3587 19
2914 2951 3799 19
3028 3025 3032 19
2826 2216 2830 19
2645 2415 2895 19
2902 2523 2903 19
2085 1828 3014 19
3056 1471 3376 19
1608 2780 3678 19
1601 2858 3222 19
1509 3180 3535 19
2908 3570 3587 19
1505 3269 4007 19
1631 2997 3650 19
1624 2845 3307 19
3043 3030 3847 19
1569 269 3878 19
269 270 2990 19
2017 3075 3384 19
2561 2103 3610 19
3269 2874 4007 19
1545 2822 3455 19
3122 2931 3263 19
2153 3398 3761 19
2912 2913 2914 19
2753 2751 3984 19
165 3151 3550 19
912 1592 3098 19
2771 2888 3906 19
2233 2231 2580 19
3100 1486 3326 19
3180 168 3515 19
1514 913 3098 19
2198 2316 2899 19
2092 1824 2861 19
3238 3002 3499 19
3142 3082 3296 19
1797 2108 3293 19
2217 2128 2999 19
2226 2195 2553 19
2711 2998 3233 19
1563 253 3933 19
1478 3008 3807 19
277 1572 3224 19
2210 2314 2798 19
3646 2072 3659 19
1667 1666 2782 19
1610 2995 3496 19
3089 1590 3974 19
3002 3238 3708 19
2199 2259 2581 19
1487 3325 3908 19
2877 294 2897 19
253 254 2917 19
2761 1572 3707 19
2869 2865 2881 19
3331 2855 3332 19
2184 1871 2901 19
2064 2739 3711 19
2739 2064 3689 19
2084 1832 2879 19
1663 1662 1664 19
1634 2949 3667 19
2830 2247 3908 19
2500 2900 3129 19
1578 2912 2914 19
1838 2078 3021 19
2985 1559 3035 19
2269 3179 3892 19
2831 2541 3473 19
1912 2062 3729 19
2020 2889 3558 19
3246 3245 3382 19
2987 1570 2988 19
3258 1633 3568 19
1547 2995 3562 19
2796 3646 3659 19
2078 1836 2961 19
2899 2316 3349 19
3776 2680 3823 19
1538 3327 3418 19
2809 2810 2813 19
2799 2800 2802 19
3295 2926 3636 19
3242 2286 3243 19
2171 2502 3048 19
2504 2244 2890 19
2125 3084 3485 19
2731 3061 3468 19
3528 3261 3614 19
2976 2627 3136 19
2535 2455 3009 19
1715 2745 3945 19
166 1509 3151 19
2549 2996 3402 19
1654 2818 3526 19
3061 1604 3468 19
2813 2810 2814 19
2850 2497 2851 19
3780 2269 3892 19
2907 2977 2978 19
3717 2032 3742 19
1509 167 3180 19
241 242 2984 19
2701 2824 3115 19
1576 1662 1663 19
3078 3643 3645 19
3346 2894 3498 19
2034 3072 3379 19
1579 2932 2933 19
3009 2463 3252 19
1665 1664 1666 19
3015 1526 3308 19
2805 2801 3046 19
2802 2800 2827 19
2579 2975 2976 19
2068 2739 3689 19
3228 2041 3669 19
2784 2783 2785 19
2203 2216 2826 19
2889 2020 3565 19
2721 3015 3308 19
2957 2955 2958 19
3137 2303 3452 19
2552 3717 3742 19
2158 2156 2783 19
2581 2259 3873 19
1678 1677 2104 19
2053 3528 3614 19
3025 3024 3032 19
1666 1668 1669 19
910 1513 3116 19
2926 2665 3636 19
3033 2043 3839 19
2048 2762 3893 19
1592 911 3116 19
1524 2884 3016 19
2494 2891 3882 19
3327 3328 3418 19
2744 2071 3731 19
2171 2151 2231 19
2073 3125 3435 19
2221 2781 3045 19
2907 2625 3899 19
204 1542 3654 19
192 3199 3593 19
2925 2088 3010 19
2188 2365 2860 19
2768 2769 3068 19
2863 2867 3014 19
2062 3336 3729 19
3389 2077 3655 19
3019 2470 3425 19
3339 3052 3490 19
2077 3389 3718 19
2047 1856 2891 19
3338 2786 3563 19
3957 2753 3984 19
2172 2173 2815 19
2501 3700 3812 19
1561 3024 3025 19
2198 2197 2316 19
2132 1690 3774 19
2122 2120 2197 19
2910 2503 3366 19
2071 2744 3756 19
2801 2137 3046 19
2078 2961 3888 19
1673 1674 2120 19
1542 2602 3738 19
1577 296 3390 19
1572 2761 3438 19
1552 222 3814 19
2984 242 4008 19
2838 2836 2854 19
1858 2047 2893 19
283 1575 2954 19
3028 3032 3033 19
2104 2155 2156 19
2579 2976 3193 19
2041 3228 3652 19
2955 2956 2960 19
2762 2048 3915 19
232 1555 2854 19
2503 2910 3290 19
1602 2824 3229 19
266 267 2878 19
2138 2129 2195 19
1556 3267 3764 19
2359 2360 2600 19
2188 2189 2359 19
1731 1728 2909 19
2225 2260 2499 19
2156 2157 2225 19
1585 199 3641 19
2122 2201 3086 19
2960 3492 3621 19
2962 2233 3820 19
2028 1864 2996 19
1535 3009 3252 19
3083 1784 3877 19
2931 1506 3263 19
2602 1542 3740 19
3035 1559 3036 19
231 232 2854 19
3611 3022 3852 19
2202 2900 3128 19
2567 3072 3411 19
2163 2164 2820 19
2305 2210 2798 19
2128 1747 2999 19
2739 2068 3702 19
1615 3060 3278 19
2735 3399 3455 19
1603 2905 3207 19
1743 3709 3762 19
2948 2446 3150 19
3423 1552 3814 19
2159 2127 2210 19
2963 2964 2966 19
2391 2564 3008 19
2800 2801 2803 19
3705 2427 3744 19
2159 2210 2305 19
3228 2614 3606 19
2567 3411 3427 19
2840 1555 2841 19
3060 3202 3278 19
2587 2588 2896 19
2092 2863 3014 19
2995 2464 3496 19
1871 1868 2901 19
2231 2232 2576 19
2749 3018 3984 19
2887 1501 3283 19
2975 2627 2976 19
2983 2982 3825 19
2117 2626 2627 19
2056 3228 3606 19
2138 2195 2226 19
1676 1667 1677 19
2199 2154 2259 19
2140 2960 3238 19
2079 2663 3841 19
2143 2973 3414 19
1784 2082 3877 19
1682 1680 2117 19
3018 2749 3883 19
2126 2154 2199 19
2237 2815 3020 19
261 2850 2851 19
1721 2127 2159 19
2954 2955 2957 19
1669 3086 3087 19
2822 1545 3477 19
3410 3032 3955 19
1800 2888 3975 19
1686 1684 2151 19
2171 2231 2233 19
2446 3012 3150 19
1707 1704 3130 19
1663 1664 1665 19
1695 1692 2809 19
1692 1690 2132 19
1711 2129 2138 19
2042 2823 3247 19
3020 1490 3315 19
1578 255 2912 19
3026 3030 3043 19
1701 1699 2137 19
2083 1878 2906 19
3471 2099 3634 19
2096 1701 2799 19
2116 2128 2203 19
2941 2535 2942 19
2411 2226 2808 19
3347 2847 3533 19
2158 2783 2784 19
2675 3004 3005 19
236 237 2969 19
3100 2558 3258 19
1711 1709 2129 19
1580 2963 2966 19
257 258 2921 19
2922 2015 3057 19
1612 3122 3263 19
3245 1607 3382 19
2037 2927 3790 19
2481 2206 2883 19
2922 3173 3241 19
2202 2198 2899 19
1951 1953 3159 19
2950 1488 3323 19
271 1570 2987 19
1665 1666 1667 19
1686 2151 2171 19
2793 2792 3332 19
2402 3438 3467 19
1686 2171 3048 19
2800 2803 2827 19
2195 2390 2553 19
2231 2576 2580 19
2928 2481 2929 19
3191 1682 3684 19
2104 2156 2158 19
1670 1672 1673 19
3067 1619 3068 19
1721 1719 2127 19
1676 1677 1678 19
3209 1519 3850 19
250 1579 3017 19
2106 2161 2172 19
3285 1618 3625 19
2087 1800 3975 19
3045 1546 3243 19
2121 2124 2188 19
2981 3776 3823 19
3471 2852 3495 19
2225 2499 2501 19
2357 2199 2581 19
2085 3014 3870 19
2860 2365 3517 19
2126 1725 2154 19
3050 2049 3464 19
1872 2088 2925 19
1680 1678 2626 19
2261 3725 3785 19
1579 251 2932 19
2733 3594 3866 19
1616 2924 3356 19
286 1576 2622 19
2176 2177 2831 19
3129 1652 3394 19
3020 2815 3728 19
2096 2799 2807 19
2068 1886 2923 19
3403 3162 3505 19
1667 2782 3958 19
2884 1524 3226 19
1666 1669 2782 19
1844 3019 3425 19
2100 2162 2163 19
2083 2796 3659 19
2955 1575 2956 19
2845 2511 3905 19
1690 3048 3774 19
2833 2078 3437 19
2927 2037 3822 19
2066 2744 3731 19
2868 2869 2931 19
2066 1896 3617 19
3399 1545 3455 19
2203 2128 2216 19
1581 231 2854 19
3163 2579 3193 19
2195 2196 2390 19
2120 2121 2860 19
1561 246 3024 19
3843 3209 3850 19
1673 2122 3086 19
3521 2019 3541 19
3122 1612 3441 19
2894 1640 3914 19
2987 2988 2989 19
1666 1664 1668 19
2916 2914 3799 19
2792 2789 3052 19
2390 2391 3008 19
2447 2943 3690 19
1561 3026 3043 19
2887 2593 3079 19
2359 2189 2360 19
2173 2436 2534 19
3072 2426 3379 19
2980 2053 3614 19
2798 2314 3275 19
1472 3193 3374 19
2539 2165 3083 19
2202 2899 2900 19
2274 3127 3512 19
2991 2989 2992 19
2800 2137 2801 19
288 1657 1661 19
1669 1668 1670 19
2120 1674 2121 19
2204 2203 2368 19
2932 1563 2939 19
3325 2830 3908 19
1695 2809 3148 19
2182 2172 2237 19
2047 3186 3407 19
3016 3115 3225 19
3601 2585 3791 19
2360 2362 3386 19
3068 1619 3291 19
3748 2640 3788 19
2962 1647 3367 19
2122 2197 2198 19
3255 1646 3359 19
2316 2197 2317 19
3829 3155 3851 19
2368 2203 2826 19
2117 2627 2975 19
2806 3148 3985 19
2116 1747 2128 19
2047 2891 3186 19
2915 2914 2916 19
2188 2124 2189 19
2872 2930 3747 19
2011 3092 3887 19
2082 2832 2857 19
2172 2161 2173 19
2181 2163 2244 19
1673 2120 2122 19
2238 2237 2816 19
1673 1672 1674 19
2115 2165 2176 19
2974 2143 3412 19
3120 1810 3951 19
3148 2813 3985 19
2907 3899 3994 19
2740 2693 3095 19
2453 2535 2941 19
2164 2473 2474 19
2259 3152 3873 19
2968 2966 3131 19
2245 2244 2504 19
1612 3262 3441 19
2244 2820 2890 19
3199 2480 3593 19
3554 2999 3762 19
3352 1479 3781 19
1748 1747 2116 19
2847 1480 3498 19
1758 1757 2106 19
2958 2955 2960 19
3041 3521 3541 19
3073 1591 3959 19
3173 2042 3241 19
3332 2792 3683 19
1768 1767 2100 19
2733 2742 3594 19
2084 2879 3747 19
2065 1904 2947 19
3056 3376 3377 19
1682 2117 3684 19
2092 2862 2863 19
2237 2172 2815 19
2178 2180 2859 19
1542 3292 3654 19
3050 3464 3715 19
1699 1696 3046 19
2736 2982 2983 19
2210 2211 2314 19
2183 2176 2388 19
1694 3620 3640 19
2106 1757 2161 19
2943 2447 3983 19
1578 2914 2915 19
2934 2933 2935 19
3219 2559 3637 19
2543 2857 3546 19
2200 2199 2357 19
2188 2359 2365 19
3012 2102 3150 19
3087 3270 3784 19
2190 2481 2928 19
2089 3340 3604 19
2411 2808 3533 19
2163 2162 2164 19
2474 2473 2475 19
2912 1565 2913 19
1580 238 2963 19
1529 3117 3393 19
2889 2045 3505 19
1790 1789 2115 19
1591 3073 3940 19
2627 2626 3638 19
2913 2919 2920 19
3410 3080 3836 19
3174 2959 3923 19
2104 1677 2155 19
2863 2862 2864 19
2885 2040 3868 19
2857 2543 3545 19
1810 2070 3951 19
2626 1678 3916 19
2855 1485 3566 19
2358 2357 2786 19
1684 1682 3191 19
2156 2155 2157 19
2244 2163 2820 19
2225 2157 2260 19
3077 3076 3966 19
2499 2260 2500 19
2388 3066 3082 19
1543 293 2877 19
2259 2367 2811 19
2100 1767 2162 19
2290 2537 3586 19
3005 941 3432 19
1579 2933 2934 19
2966 2964 3131 19
2535 3009 3903 19
2177 2540 2541 19
3127 2274 3502 19
1669 1670 3086 19
2989 2988 2993 19
2107 2170 2178 19
2391 2393 2564 19
1770 1768 2886 19
1726 1725 2126 19
3340 2756 3604 19
3529 3108 3543 19
2045 3403 3505 19
2904 2636 3787 19
2121 2188 2860 19
2691 2740 3007 19
1707 3130 3630 19
3026 3025 3027 19
2165 1789 3083 19
3092 2011 3931 19
2513 2511 2845 19
240 241 2971 19
248 1562 3023 19
2813 2814 2945 19
3294 3687 3727 19
2179 2178 2255 19
3389 2076 3603 19
2865 2864 2881 19
3129 1469 3537 19
2803 2804 3360 19
2764 2369 2828 19
2944 2685 2979 19
1816 1815 2107 19
2851 2497 2852 19
2231 2151 2232 19
2869 2881 3804 19
3208 3848 3850 19
3792 2036 3811 19
2578 2232 3191 19
3085 3116 4004 19
1782 1780 2832 19
3129 2900 3519 19
3268 2119 3531 19
2511 3235 3905 19
3596 2942 3903 19
1720 1719 1721 19
2807 2565 3834 19
2061 1920 2981 19
2628 3806 3978 19
1780 1778 2095 19
3103 2036 3792 19
2997 2826 3650 19
1561 3025 3026 19
2582 2170 3120 19
2227 2226 2411 19
1762 1760 2080 19
3383 2066 3617 19
2864 2866 2874 19
2368 2826 2997 19
1752 1750 2090 19
1772 1770 2081 19
2015 2922 3241 19
2591 2593 2887 19
2576 2232 2577 19
2736 2681 2982 19
1554 229 3006 19
1766 1764 1767 19
1746 1744 1747 19
2515 2513 2631 19
2081 1770 2886 19
1519 3208 3850 19
1709 1707 3287 19
2176 2165 2177 19
2541 2540 2542 19
1776 1774 1777 19
288 289 1657 19
1756 1754 1757 19
2665 2880 3146 19
1784 1782 2082 19
2247 2554 2949 19
3101 2569 3618 19
2767 2256 3060 19
2814 2810 2910 19
2921 258 3861 19
2082 2857 3545 19
3155 1550 3851 19
2555 2558 3100 19
2117 1680 2626 19
1738 1736 2103 19
3249 1585 3641 19
3059 3705 3744 19
2631 2513 2845 19
2615 2411 2847 19
2388 2176 2831 19
2501 2499 3700 19
2943 1609 3250 19
3024 3023 3032 19
1788 1786 1789 19
2292 3529 3543 19
1794 1792 2109 19
3027 3028 3031 19
2357 2581 3846 19
2504 2890 3760 19
2795 2793 2855 19
2964 2974 3953 19
1796 1794 2848 19
2765 2677 2994 19
2180 2583 2584 19
3182 2638 4004 19
2115 1789 2165 19
3312 2890 3844 19
1742 1740 1743 19
1582 227 3013 19
1741 2993 3944 19
3744 2425 3758 19
1567 2895 3420 19
2369 2368 2950 19
1798 1796 2091 19
2690 2688 3815 19
3795 1595 3837 19
3431 2390 3845 19
3116 1513 4004 19
2051 3139 3511 19
2050 1928 3001 19
2047 3407 3757 19
2314 2315 2894 19
1802 1800 2087 19
1734 1732 1735 19
2803 2801 2804 19
2126 2200 2909 19
2015 1951 3159 19
2933 2932 2939 19
2588 2591 2896 19
2967 2966 2968 19
3033 3410 3836 19
1710 1709 1711 19
282 2954 2959 19
2503 2233 2962 19
1719 1716 3378 19
2675 2672 3004 19
2082 1782 2832 19
1524 3016 3225 19
3139 2525 3511 19
1806 1804 2079 19
2769 2772 3068 19
2476 3022 3611 19
3341 2077 3718 19
2934 2935 2936 19
1553 225 3018 19
2971 241 2984 19
2232 2151 3191 19
2542 2904 3857 19
2255 2859 3202 19
1708 1707 1709 19
2791 2789 2792 19
2070 3841 3946 19
1800 1798 2888 19
2258 2256 2767 19
1810 1808 2070 19
2083 2906 3613 19
2744 2066 3752 19
3034 2139 3429 19
2670 2667 3011 19
3725 2877 3785 19
3032 3023 3955 19
1730 1728 1731 19
2713 2822 2998 19
1580 2966 2967 19
1814 1812 1815 19
2101 1820 3266 19
3709 2561 3762 19
2040 2885 3912 19
2390 3008 3845 19
2868 2865 2869 19
1744 1743 2999 19
2856 1583 3874 19
2170 1815 3120 19
2963 1557 2964 19
276 277 3673 19
1678 2104 3916 19
3265 2081 3478 19
280 1573 3415 19
262 1567 2850 19
2270 3392 3419 19
1822 1820 2101 19
2183 2664 3166 19
2760 3389 3603 19
3390 1655 3703 19
1824 1822 2861 19
2585 2587 3791 19
1702 1701 2096 19
1724 1722 1725 19
3026 3027 3029 19
3131 2964 3953 19
286 287 1576 19
1700 1699 1701 19
2115 2176 2183 19
3644 2023 3698 19
3625 2597 3686 19
3708 2623 3733 19
2178 2170 2180 19
1826 1824 2092 19
2100 2163 2181 19
2584 2583 2585 19
2502 2233 2503 19
2807 2802 3201 19
2255 2178 2859 19
2091 1796 2848 19
2558 2559 2812 19
2108 2951 3293 19
2106 2172 2182 19
2102 3012 3138 19
3563 2357 3846 19
1830 1828 2085 19
3302 1655 3571 19
2871 2868 2931 19
1832 1830 2879 19
2988 1570 3544 19
2107 1815 2170 19
1722 1721 2825 19
283 284 1575 19
3206 3767 3803 19
2183 2388 2389 19
2959 3174 3981 19
3135 2628 3978 19
282 283 2954 19
2863 2864 2865 19
256 1565 2912 19
2509 2507 3236 19
2553 3431 3781 19
1834 1832 2084 19
282 2959 3981 19
2116 2203 2204 19
2746 3611 3852 19
2913 1565 2919 19
2216 2217 2247 19
2181 2244 2245 19
3112 3113 3540 19
2849 2087 3454 19
2184 2901 3195 19
1568 2878 3400 19
2179 2257 3160 19
280 281 1573 19
1718 1716 1719 19
2828 2369 2950 19
2949 2554 3667 19
2185 2191 3010 19
1551 218 3040 19
3532 3112 3540 19
2608 2641 3520 19
3117 2727 3393 19
2245 2504 2505 19
1838 1836 2078 19
2802 2827 3200 19
1571 3164 3165 19
2457 2459 2463 19
3049 2049 3050 19
2182 2237 2238 19
1693 1692 1695 19
1836 1834 2961 19
1798 2091 2888 19
1691 1690 1692 19
1679 1678 1680 19
2195 2129 2196 19
2999 1743 3762 19
270 2987 2990 19
254 1578 2917 19
2645 1568 3773 19
1786 1784 3083 19
277 278 1572 19
2864 2874 2881 19
2190 2206 2481 19
2453 2455 2535 19
2554 2555 3100 19
2238 2816 2817 19
1842 1840 2067 19
1788 1789 1790 19
2107 2178 2179 19
2515 2631 2632 19
2247 2248 2554 19
1776 1777 1778 19
2185 2186 2190 19
2451 2453 2941 19
2941 2943 3983 19
2191 2190 2928 19
2864 2862 2866 19
2115 2183 3166 19
2258 2767 3743 19
252 1563 2932 19
1828 1826 3014 19
1754 2952 4003 19
2182 2746 3205 19
2992 2989 2993 19
2088 2184 2185 19
2179 2255 2256 19
2913 2920 2951 19
3531 2153 3761 19
274 275 1571 19
1848 1846 2060 19
2204 2368 2369 19
1872 1871 2088 19
2652 2647 3037 19
1844 1842 3019 19
2039 1944 3039 19
2764 2828 2829 19
2874 2866 2875 19
2569 3101 3639 19
2418 2823 3173 19
1683 1682 1684 19
1714 1712 1715 19
1766 1767 1768 19
2780 2322 3572 19
1685 1684 1686 19
2968 3131 3995 19
1822 2101 2861 19
2320 2322 2780 19
1681 1680 1682 19
267 268 3775 19
2009 3106 3864 19
2886 2181 3279 19
1743 1740 3709 19
2965 2972 2973 19
271 272 1570 19
1854 1852 2046 19
1814 1815 1816 19
247 3023 3024 19
1856 1854 2891 19
270 271 2987 19
2845 1624 3969 19
1675 1667 1676 19
2564 2393 2565 19
2455 2457 3009 19
1850 1848 3047 19
287 288 1661 19
2425 2423 3758 19
1690 1687 3048 19
2575 2572 3042 19
2173 2435 2436 19
1754 1752 2952 19
2106 2182 3205 19
1756 1757 1758 19
1830 2085 2879 19
2107 2179 3160 19
1858 1856 2047 19
2390 2196 2391 19
1840 1838 3021 19
3163 1648 3506 19
268 269 1569 19
2461 2464 2995 19
3085 2766 3116 19
2873 2871 3122 19
216 3748 3788 19
2221 2249 2781 19
1862 1860 2038 19
1764 1762 3038 19
2964 2965 2974 19
2816 2237 3020 19
2204 2763 3220 19
3386 2362 3584 19
1567 263 2895 19
2307 2907 2978 19
1706 1704 1707 19
3027 3025 3028 19
2053 2980 3660 19
2214 2219 2286 19
3937 3446 4005 19
1864 1862 2996 19
1575 284 3901 19
1747 1744 2999 19
2784 2785 3056 19
1764 3038 3992 19
2591 2887 2896 19
2960 2956 3238 19
265 266 1568 19
2924 2584 3356 19
1746 1747 1748 19
1812 1810 3120 19
2893 2047 3757 19
2965 2973 2974 19
2120 2860 3935 19
2568 2491 3044 19
2445 2446 3535 19
1868 1866 2901 19
2840 2841 2842 19
1866 1864 2028 19
2709 2711 3233 19
2116 2204 3220 19
3178 1532 3246 19
1860 1858 2893 19
2903 1504 3271 19
3003 3708 3733 19
3590 3401 3858 19
1878 1876 2906 19
1834 2084 2961 19
2206 2214 2883 19
1870 1868 1871 19
262 263 1567 19
1584 210 3054 19
2197 2120 3935 19
3057 2015 3159 19
1698 1696 1699 19
1876 1874 2075 19
239 1557 2963 19
3248 2780 3572 19
295 296 1577 19
3086 2201 3087 19
292 293 1543 19
2699 2701 3115 19
2768 3068 3869 19
2219 2221 3045 19
2663 2079 3782 19
2888 2770 3975 19
2388 2831 3066 19
259 260 1566 19
2360 2361 2362 19
2164 2472 2473 19
1544 208 3059 19
3115 1602 3225 19
2367 2825 3691 19
1757 1754 4003 19
2977 1543 2978 19
2522 2523 3058 19
2796 2083 3693 19
1854 2046 2891 19
2210 2127 2211 19
2621 2485 3070 19
1742 1743 1744 19
2126 2199 2200 19
2118 3029 3991 19
1880 1878 2083 19
1842 2067 3019 19
2251 3246 3382 19
2555 2557 2558 19
1801 1803 3458 19
1886 1884 2923 19
2096 2946 3130 19
256 257 1565 19
2781 2249 3382 19
2400 2395 3057 19
2364 3084 3580 19
1884 1882 2072 19
1874 1872 2925 19
1583 2856 3891 19
3082 1621 3296 19
2139 3034 3214 19
2362 2363 2412 19
3261 2025 3453 19
254 255 1578 19
2532 2443 3051 19
2502 2503 3290 19
2413 3076 3077 19
3272 2875 3910 19
2964 1557 2965 19
2190 2186 2206 19
2990 2989 2991 19
2721 2723 3015 19
2905 1603 3231 19
2359 2600 3902 19
1862 2038 2996 19
2088 2185 3010 19
1689 1687 1690 19
1848 2060 3047 19
1752 2090 2952 19
297 298 1655 19
1888 1886 2068 19
292 1543 2977 19
2185 2184 2186 19
2185 2190 2191 19
2717 2719 2735 19
1866 2028 2901 19
252 253 1563 19
1664 1662 3527 19
2121 2123 2124 19
2875 3272 4007 19
2882 2024 3644 19
2762 3915 3952 19
2088 1871 2184 19
1876 2075 2906 19
2942 2535 3903 19
261 262 2850 19
1734 1735 1736 19
2713 2715 2822 19
250 251 1579 19
2038 1860 2893 19
2675 3005 3895 19
2986 2985 3034 19
1892 1890 2064 19
3309 3735 3760 19
230 1581 3006 19
237 1580 2969 19
2905 2707 3207 19
1870 1871 1872 19
2711 2713 2998 19
3188 2474 3445 19
1721 2159 2825 19
2259 2154 2367 19
273 274 3924 19
248 249 1562 19
3072 2034 3411 19
2030 1964 3063 19
2658 2659 3064 19
2500 3129 3394 19
2644 2745 3797 19
247 248 3023 19
3830 1597 3843 19
1774 1772 3265 19
1826 2092 3014 19
2214 2286 2883 19
2444 2439 3062 19
2457 2463 3009 19
228 1554 3013 19
1904 1902 2947 19
2314 2211 2315 19
2890 2820 3844 19
255 256 2912 19
1898 1896 2066 19
2200 2357 2358 19
2791 2792 2793 19
2413 2383 3076 19
2705 2707 2905 19
3202 1503 3278 19
245 246 1561 19
3044 3795 3837 19
2895 2415 3420 19
1767 1764 3992 19
1884 2072 2923 19
1603 3207 3232 19
2542 2543 2904 19
2201 2198 2202 19
2400 3159 3384 19
1902 1900 2071 19
2358 2786 2787 19
2917 2915 2918 19
1670 1671 1672 19
226 1582 3018 19
1792 3166 4000 19
2067 1840 3021 19
2256 2255 3060 19
251 252 2932 19
1892 2064 3559 19
1804 1802 3404 19
3088 2560 3664 19
2772 2774 3067 19
2701 2703 2824 19
3106 2009 3838 19
242 243 1559 19
2882 3644 3698 19
1906 1904 2065 19
2897 1577 3580 19
2075 1874 2925 19
1730 1731 1732 19
2389 2388 3082 19
2263 3178 3246 19
2776 2880 2926 19
3378 1716 3945 19
2774 2775 2776 19
2551 2405 3065 19
290 291 1660 19
1660 291 2977 19
2641 3335 3520 19
1567 3420 3783 19
2196 2129 3287 19
1527 2998 3447 19
1855 1857 3274 19
246 247 3024 19
2410 2379 3074 19
2695 2697 2884 19
1726 2126 2909 19
3202 2859 3871 19
2608 2610 2641 19
2665 2389 3142 19
2259 2811 3152 19
3136 2627 3638 19
1677 1667 3958 19
2031 1970 3569 19
239 240 1557 19
2772 2773 2774 19
3314 2475 3896 19
2109 1792 4000 19
2177 2539 2540 19
1912 1910 2062 19
1792 1790 3166 19
2803 3360 3688 19
3008 2564 3807 19
3956 2755 3957 19
2799 2802 2807 19
1920 1918 2981 19
2890 1625 3760 19
2691 2693 2740 19
1818 1816 3160 19
2697 2699 3016 19
3138 3012 3168 19
2070 1808 3841 19
237 238 1580 19
1806 2079 3841 19
2642 2338 3073 19
2045 2889 3565 19
2937 2936 2938 19
3196 3833 3863 19
1646 3255 3523 19
1738 2103 3709 19
1902 2071 2947 19
2810 2132 3290 19
233 234 3927 19
2687 2689 2858 19
2918 2915 3457 19
3081 2602 3740 19
1598 3763 3895 19
219 1583 3040 19
238 239 2963 19
1918 1916 2058 19
2023 1974 3078 19
207 1544 3081 19
2068 2923 3602 19
3097 3096 3098 19
2392 2196 3287 19
2593 2595 3079 19
1818 3160 3988 19
2595 2596 2597 19
3049 2762 3952 19
1778 1777 3334 19
2705 2905 3304 19
2685 2687 2979 19
2597 2598 2768 19
2546 2548 2980 19
2689 2691 3007 19
235 236 1556 19
2489 2568 3069 19
2251 2263 3246 19
3162 2044 3257 19
2683 2685 2944 19
2593 2594 2595 19
1910 1908 3055 19
2400 3057 3159 19
2316 2317 3481 19
1552 2856 3874 19
1928 1926 3001 19
1724 1725 1726 19
245 1561 3043 19
232 233 1555 19
2138 2226 2227 19
1922 1920 2061 19
185 3107 3114 19
2529 3261 3453 19
2681 2683 2982 19
286 2622 3993 19
2994 1599 3954 19
2591 2592 2593 19
2850 1567 3783 19
2824 2703 3304 19
2731 2733 3061 19
3108 1534 3494 19
2286 2219 3045 19
2679 2681 2736 19
1762 2080 3038 19
2060 1846 3425 19
230 231 1581 19
1926 1924 2040 19
291 292 2977 19
2027 2908 3587 19
2585 2586 2587 19
2587 2896 3741 19
2677 2679 2994 19
2601 2373 3092 19
2553 2390 3431 19
229 230 3006 19
3907 3198 3926 19
2766 2332 3097 19
2993 2988 3144 19
2459 2461 3434 19
1479 3351 3781 19
1562 249 3017 19
2387 2400 3075 19
2674 2677 2765 19
2862 2861 3218 19
228 229 1554 19
2924 1616 3280 19
227 228 3013 19
1720 1721 1722 19
2969 2967 2970 19
1918 2058 2981 19
1596 3803 3848 19
2194 2629 3093 19
1565 257 2921 19
2884 2697 3016 19
2672 2674 3004 19
1930 1928 2050 19
3132 3133 3158 19
3090 2410 3091 19
2430 3162 3257 19
3392 2005 3419 19
225 226 3018 19
2669 2672 2675 19
1597 3209 3843 19
2693 2695 3095 19
2052 3446 3937 19
226 227 1582 19
2667 2669 3011 19
1572 278 3707 19
1488 2997 3585 19
2101 3266 3859 19
2687 2858 2979 19
2659 2662 3064 19
2137 1699 3046 19
2970 2967 3273 19
2061 2885 3868 19
2888 2091 3906 19
1712 1711 3443 19
1670 1673 3086 19
2180 2582 2583 19
2638 2328 3085 19
2858 2689 3007 19
211 1549 3054 19
2662 2667 2670 19
1926 2040 3001 19
263 264 2895 19
2683 2944 2982 19
1936 1934 2049 19
224 225 1553 19
2624 2356 3094 19
3253 2463 3434 19
2564 2565 3616 19
209 1584 3059 19
218 219 3040 19
2062 1910 3055 19
2517 2519 2889 19
2468 2616 3751 19
1718 1719 1720 19
1944 1942 3039 19
2584 2585 3356 19
2717 2735 3455 19
2679 2736 2994 19
3268 3531 3761 19
244 245 3043 19
3005 3432 3895 19
3181 2566 3974 19
1586 189 3102 19
3321 2534 3890 19
2354 3105 3106 19
2867 2865 2868 19
2566 2313 3089 19
2262 2978 3725 19
2674 2765 3004 19
2822 2715 3455 19
2566 3181 3964 19
221 222 1552 19
1942 1940 2048 19
1789 1786 3083 19
3067 2774 3687 19
1599 2994 3938 19
1570 272 3071 19
2649 2651 2653 19
219 220 1583 19
2624 3094 3134 19
2769 2771 2772 19
2647 2649 3037 19
2012 3138 3168 19
2333 2331 3645 19
2537 3395 3586 19
3003 3002 3708 19
2669 2675 3011 19
981 2929 3635 19
2451 2941 3983 19
217 218 1551 19
2247 2949 3908 19
2377 2410 3090 19
1760 1758 3205 19
2949 1634 3539 19
210 211 3054 19
2354 2351 3105 19
2320 2780 3609 19
2662 2670 3064 19
2192 2194 3093 19
2900 2899 3519 19
3837 3204 3897 19
208 209 3059 19
2574 2647 2652 19
1803 2131 3458 19
1946 1944 2039 19
3767 2652 3803 19
2227 2411 2615 19
1581 2834 3913 19
2572 2574 3042 19
196 1539 3088 19
3079 2595 3625 19
3255 3359 3360 19
2870 2868 2871 19
2872 2871 2873 19
2395 2397 3057 19
2109 3146 3397 19
2792 3052 3732 19
1534 187 3110 19
2024 2882 3649 19
1942 2048 3039 19
2533 2309 3099 19
2422 2424 2567 19
2491 2493 3044 19
1475 2945 3805 19
2336 2642 3096 19
2493 2572 2575 19
2649 2653 3037 19
1952 1950 2037 19
3016 2699 3115 19
2397 2922 3057 19
2752 2754 3835 19
214 215 1550 19
2619 2620 2892 19
1958 1956 3103 19
1817 1816 1818 19
2616 2617 2619 19
3765 1520 3808 19
2466 2467 2468 19
2875 2876 2902 19
2588 2590 2591 19
2468 2469 2616 19
2574 2652 3042 19
1964 1962 3063 19
1714 1715 1716 19
2464 2465 2466 19
2257 2256 2258 19
1735 1732 3574 19
2489 2491 2568 19
2383 2385 3076 19
1483 3338 3563 19
2577 2579 3163 19
2485 2487 3070 19
2487 2489 3069 19
2461 2462 2464 19
2459 2460 2461 19
2418 2420 2823 19
211 212 1549 19
1956 1954 2036 19
1791 1790 1792 19
2385 3075 3076 19
3232 3207 3233 19
2457 2458 2459 19
3415 1573 3990 19
1795 3293 3577 19
2653 2651 2654 19
2853 1571 3497 19
2455 2456 2457 19
209 210 1584 19
2102 2069 3189 19
2453 2454 2455 19
2397 2399 2922 19
2434 2298 3109 19
2665 3142 3636 19
2443 2483 3051 19
2493 2575 3044 19
2483 2485 2621 19
2216 2128 2217 19
1821 1820 1822 19
1528 181 3126 19
2664 2389 2665 19
2379 2381 3074 19
1819 1818 1820 19
2026 1996 3119 19
2451 2452 2453 19
2789 2787 3052 19
1653 176 3132 19
2362 2412 3514 19
207 208 1544 19
1823 1822 1824 19
3801 2757 3956 19
2381 2413 3074 19
1710 1711 1712 19
1750 1748 3220 19
1962 1960 2032 19
1873 1872 1874 19
3267 2970 3268 19
206 207 3081 19
2725 2727 3117 19
2387 2395 2400 19
1831 1830 1832 19
2881 1613 3804 19
998 2942 3596 19
1825 1824 1826 19
2487 3069 3070 19
2522 2258 2523 19
2441 2443 2532 19
1980 2024 3101 19
1708 1709 1710 19
2211 2127 3378 19
2439 2441 3062 19
1793 1792 1794 19
3809 2821 3855 19
189 190 3102 19
1827 1826 1828 19
1833 1832 1834 19
3406 2052 3937 19
1829 1828 1830 19
3015 2723 3538 19
204 205 1542 19
3159 1953 3384 19
1841 1840 1842 19
3252 2463 3253 19
1557 240 2971 19
2385 2387 3075 19
1857 2119 3274 19
2320 2321 2322 19
3751 2616 3854 19
2772 3067 3068 19
2483 2621 3051 19
1795 1794 1796 19
1835 1834 1836 19
249 250 3017 19
1962 2032 3063 19
1528 3126 3127 19
2013 2000 3123 19
2206 2213 2214 19
2719 2721 3308 19
1837 1836 1838 19
1779 1778 1780 19
2322 2323 2447 19
1839 1838 1840 19
1843 1842 1844 19
2292 3113 3529 19
1974 1972 3078 19
3121 2354 3197 19
187 188 3110 19
1815 1812 3120 19
1875 1874 1876 19
1807 1806 1808 19
2318 2319 2320 19
1801 1800 1802 19
272 273 3071 19
1956 2036 3103 19
1797 1796 1798 19
1676 1679 3002 19
1813 1812 1814 19
1799 1798 1800 19
1845 1844 1846 19
2373 2375 3092 19
2375 3090 3092 19
1849 1848 1850 19
1861 1860 1862 19
2929 2481 3828 19
2263 2264 2318 19
2633 2632 2634 19
1847 1846 1848 19
2405 2407 3065 19
2251 2252 2263 19
2424 2426 3072 19
1809 1808 1810 19
1966 1964 2030 19
1803 1802 1804 19
1655 298 3571 19
1805 1804 1806 19
2842 2843 2844 19
1855 1854 1856 19
1851 1850 1852 19
1877 1876 1878 19
2407 2439 2444 19
1811 1810 1812 19
1853 1852 1854 19
1477 3200 3357 19
2441 2532 3062 19
1863 1862 1864 19
1857 1856 1858 19
1859 1858 1860 19
1658 3227 3526 19
2249 2250 2251 19
2871 2931 3122 19
1879 1878 1880 19
2221 2222 2249 19
190 1536 3102 19
3107 1534 3108 19
2219 2220 2221 19
2577 2578 2579 19
1881 1880 1882 19
2171 2233 2502 19
1547 3253 3434 19
1869 1868 1870 19
2695 2884 3095 19
2567 2424 3072 19
1865 1864 1866 19
2338 2340 3073 19
1867 1866 1868 19
2214 2215 2219 19
1885 1884 1886 19
2371 2601 3094 19
2548 2604 3595 19
2349 2354 3121 19
1883 1882 1884 19
2558 2812 3258 19
3154 1593 3907 19
2356 2371 3094 19
2495 2281 3124 19
2381 2383 2413 19
1661 1657 3899 19
181 182 3126 19
2340 2405 2551 19
3424 2060 3425 19
201 202 1540 19
2985 2984 4008 19
3307 2845 3905 19
1972 1970 2031 19
1887 1886 1888 19
2911 1539 3676 19
1893 1892 1894 19
1785 1784 1786 19
1889 1888 1890 19
1781 1780 1782 19
3199 1537 3642 19
176 177 3132 19
2029 2004 3140 19
2407 2444 3065 19
1891 1890 1892 19
1972 2031 3078 19
213 214 3155 19
1899 1898 1900 19
3150 2102 3189 19
1787 1786 1788 19
198 199 1585 19
2353 2624 3105 19
2635 2634 2636 19
1706 1707 1708 19
1783 1782 1784 19
1895 1894 1896 19
2580 2576 3921 19
2064 3385 3559 19
2377 2379 2410 19
1774 3265 3973 19
3469 2364 3580 19
3098 3096 3996 19
1576 1663 2622 19
3119 2019 3491 19
188 1586 3110 19
1897 1896 1898 19
2351 2353 3105 19
1901 1900 1902 19
1905 1904 1906 19
196 197 1539 19
2919 2277 3922 19
2016 2102 3138 19
1903 1902 1904 19
1976 1974 2023 19
2332 2334 3097 19
2336 2338 2642 19
2340 2551 3073 19
2639 3390 3703 19
2334 2336 3096 19
2375 2377 3090 19
1907 1906 1908 19
184 185 3114 19
1911 1910 1912 19
3111 1541 3112 19
2636 2634 3592 19
195 196 3088 19
2506 2505 2507 19
1909 1908 1910 19
1514 3098 3996 19
3328 2365 3418 19
1769 1768 1770 19
3058 2876 3218 19
3118 1653 3135 19
1593 3198 3907 19
2173 2161 2435 19
186 1534 3107 19
3478 2081 3513 19
1919 1918 1920 19
1913 1912 1914 19
2993 1741 3433 19
2067 3021 3396 19
193 194 1537 19
2328 2330 3085 19
2343 2344 3145 19
3366 2503 3772 19
1917 1916 1918 19
2334 3096 3097 19
2330 2332 2766 19
1915 1914 1916 19
3692 2752 3835 19
275 276 3164 19
1921 1920 1922 19
2095 1778 3334 19
2004 2002 3140 19
2558 2557 2559 19
2521 2525 3139 19
1571 275 3164 19
2628 2212 3053 19
1980 1978 2024 19
1923 1922 1924 19
1925 1924 1926 19
2026 3119 3460 19
175 1653 3118 19
2731 2732 2733 19
1931 1930 1932 19
1927 1926 1928 19
2313 2326 3089 19
1700 1701 1702 19
2000 1998 3123 19
2475 2473 2476 19
2729 2730 2731 19
1996 1994 3119 19
1929 1928 1930 19
2725 2726 2727 19
2330 2766 3085 19
2371 2373 2601 19
2727 2728 2729 19
1982 1980 3101 19
1937 1936 1938 19
183 1541 3111 19
2733 2734 2742 19
3020 3315 3942 19
2814 2910 3599 19
2326 2328 2638 19
2006 2016 3138 19
1933 1932 1934 19
190 191 1536 19
1775 1774 1776 19
1935 1934 1936 19
3070 3069 3154 19
2723 2724 2725 19
2721 2722 2723 19
2965 2971 2972 19
2448 2450 2451 19
2719 2720 2721 19
2715 2716 2717 19
2717 2718 2719 19
1939 1938 1940 19
2536 2266 3143 19
3736 2743 3737 19
1816 2107 3160 19
1771 1770 1772 19
3362 1646 3523 19
2508 2507 2509 19
2326 2638 3089 19
3833 2532 3863 19
2510 2509 2511 19
1773 1772 1774 19
2353 2356 2624 19
2713 2714 2715 19
2514 2513 2515 19
2711 2712 2713 19
2192 2113 2194 19
2804 2805 2806 19
2344 2347 3145 19
3047 2060 3723 19
1660 2907 3994 19
1941 1940 1942 19
1986 1984 2027 19
2309 2311 3099 19
1587 892 3141 19
1945 1944 1946 19
2247 2217 2248 19
2512 2511 2513 19
182 3111 3126 19
1951 1950 1952 19
2311 2313 2566 19
1728 1726 2909 19
1943 1942 1944 19
2709 2710 2711 19
188 189 1586 19
2997 1631 3585 19
1790 2115 3166 19
1947 1946 1948 19
2212 2192 3093 19
2951 2920 3293 19
1949 1948 1950 19
2991 3401 3590 19
3635 2929 3828 19
2311 2566 3099 19
2705 2706 2707 19
1953 1952 1954 19
2707 2708 2709 19
1687 1686 3048 19
1880 2083 3659 19
2554 2248 2555 19
1998 2026 3123 19
2899 3349 3624 19
1676 1678 1679 19
2703 2704 2705 19
1994 2019 3119 19
2422 2567 3391 19
2097 2063 2113 19
2298 2300 3109 19
1955 1954 1956 19
1698 1699 1700 19
1990 1988 2022 19
2225 2501 4006 19
1957 1956 1958 19
2701 2702 2703 19
2194 2445 2629 19
1963 1962 1964 19
2699 2700 2701 19
1959 1958 1960 19
3197 3106 3800 19
2820 3188 3844 19
2194 2218 2445 19
1759 1758 1760 19
2349 2351 2354 19
2006 2004 2016 19
2003 2002 2004 19
2428 2430 3257 19
1961 1960 1962 19
2300 2309 2533 19
2697 2698 2699 19
2695 2696 2697 19
2347 2349 3121 19
2001 2000 2002 19
3287 1707 3630 19
2693 2694 2695 19
3294 1499 3687 19
2347 3121 3145 19
2097 2113 2192 19
2012 2006 3138 19
174 175 3118 19
2300 2533 3109 19
1965 1964 1966 19
185 186 3107 19
243 244 3847 19
186 187 1534 19
2687 2688 2689 19
177 1558 3132 19
2689 2690 2691 19
2164 2162 2472 19
2002 2013 3140 19
2691 2692 2693 19
2187 2228 2777 19
214 1550 3155 19
1967 1966 1968 19
1971 1970 1972 19
1969 1968 1970 19
1994 1992 2019 19
2644 2211 3378 19
2685 2686 2687 19
2016 2029 2069 19
2433 2303 3137 19
2003 2004 2006 19
2187 2142 2228 19
2324 2241 3147 19
2001 2002 2003 19
183 184 1541 19
1998 1996 2026 19
2110 2142 2187 19
182 183 3111 19
2281 2283 3124 19
2908 2027 3608 19
2681 2682 2683 19
2683 2684 2685 19
3142 1498 3636 19
192 193 3199 19
3656 1965 3971 19
2069 2074 2110 19
1973 1972 1974 19
2679 2680 2681 19
1578 2915 2917 19
175 176 1653 19
2283 2298 2434 19
1975 1974 1976 19
2016 2069 2102 19
3156 2846 3185 19
2263 2318 3178 19
1977 1976 1978 19
3134 2009 3864 19
2283 2434 3124 19
2677 2678 2679 19
180 181 1528 19
1979 1978 1980 19
1763 1762 1764 19
2674 2676 2677 19
1981 1980 1982 19
1765 1764 1766 19
2669 2671 2672 19
2795 2855 3219 19
1983 1982 1984 19
1999 1998 2000 19
2499 2500 3394 19
2672 2673 2674 19
1653 3132 3158 19
1987 1986 1988 19
2151 1684 3191 19
2072 1882 3659 19
1985 1984 1986 19
2667 2668 2669 19
2269 2098 3442 19
1999 2000 2001 19
2654 2655 2656 19
2049 3049 3952 19
3053 2212 3093 19
2239 2145 3167 19
2223 3156 3185 19
1761 1760 1762 19
1580 2967 2969 19
2002 2000 2013 19
1989 1988 1990 19
177 178 1558 19
2266 2268 3143 19
3132 1558 3133 19
2927 2036 3790 19
2811 2367 3288 19
3642 1537 3661 19
1993 1992 1994 19
891 1658 3141 19
891 890 1658 19
1997 1996 1998 19
2290 2341 2537 19
1995 1994 1996 19
2662 2666 2667 19
1991 1990 1992 19
893 1587 3149 19
2194 2113 2218 19
2399 2418 3173 19
2837 2838 2839 19
2823 2420 3391 19
2623 3708 3901 19
2763 2369 2764 19
2268 2495 3143 19
2760 2834 2835 19
2855 2793 3332 19
2656 2657 2658 19
2600 2360 3386 19
2835 2836 2837 19
2445 2218 2446 19
2954 2957 2959 19
2110 2134 2142 19
2241 2243 3147 19
1665 1667 1675 19
2268 2281 2495 19
1559 2985 4008 19
2228 2229 2818 19
1693 1695 1696 19
2063 2012 3168 19
2883 1531 3828 19
2016 2004 2029 19
3028 3033 3839 19
2246 2212 2628 19
2193 2192 2212 19
1691 1692 1693 19
2758 2759 2760 19
2243 2536 3147 19
3800 3106 3838 19
2069 2029 2074 19
2778 2777 2779 19
2898 2224 3161 19
2750 2751 2752 19
2756 2757 2758 19
3481 2317 3849 19
1501 3079 3284 19
2752 2753 2754 19
2754 2755 2756 19
2987 2989 2990 19
1749 1748 1750 19
1997 1998 1999 19
2948 2779 3151 19
2649 2650 2651 19
2574 2646 2647 19
3959 3187 3996 19
1647 2962 3820 19
2218 2113 3168 19
2572 2573 2574 19
2647 2648 2649 19
2748 2749 2750 19
2493 2571 2572 19
2940 2938 3080 19
2614 2747 2748 19
2174 2409 3211 19
3026 3029 3030 19
1995 1996 1997 19
2272 2284 2471 19
1571 3165 3497 19
2612 2613 2614 19
2022 3041 3541 19
2491 2492 2493 19
1993 1994 1995 19
3151 2779 3550 19
3183 1630 3319 19
2934 2936 2937 19
2007 2006 2012 19
3012 2218 3168 19
2610 2611 2612 19
2608 2609 2610 19
2487 2488 2489 19
2485 2486 2487 19
2243 2266 2536 19
1991 1992 1993 19
2606 2607 2608 19
2806 2805 3148 19
2018 2012 2063 19
1736 1735 3875 19
2507 2505 3230 19
296 297 3390 19
2483 2484 2485 19
2093 2063 2097 19
2489 2490 2491 19
1989 1990 1991 19
893 892 1587 19
2443 2482 2483 19
1987 1988 1989 19
3266 1818 3988 19
1888 2068 3689 19
2110 2074 2134 19
2548 2603 2604 19
1985 1986 1987 19
1548 894 3149 19
1753 1752 1754 19
2441 2442 2443 19
2360 2189 2361 19
2531 2545 2546 19
2407 2438 2439 19
2529 2530 2531 19
1689 1690 1691 19
2659 2661 2662 19
2439 2440 2441 19
2224 2236 3161 19
2604 2605 2606 19
2405 2406 2407 19
2542 2540 2543 19
3068 3291 3869 19
3438 2402 3824 19
1983 1984 1985 19
2340 2404 2405 19
2546 2547 2548 19
2517 2889 3505 19
1755 1754 1756 19
892 891 3141 19
1751 1750 1752 19
1981 1982 1983 19
2236 2241 2324 19
2725 3117 3538 19
2174 2253 2409 19
2729 2731 3468 19
2338 2339 2340 19
3577 3293 3754 19
2527 2528 2529 19
1979 1980 1981 19
2228 2142 2229 19
2187 2777 2778 19
2223 2898 3156 19
1977 1978 1979 19
2334 2335 2336 19
2314 2894 3914 19
2525 2526 2527 19
2332 2333 2334 19
894 893 3149 19
895 894 1548 19
2317 3329 3849 19
1975 1976 1977 19
3491 2019 3521 19
2365 2359 3418 19
2330 2331 2332 19
2521 2524 2525 19
2336 2337 2338 19
895 1548 3157 19
1971 1972 1973 19
2328 2329 2330 19
2236 2324 3161 19
2465 2462 3396 19
2326 2327 2328 19
1969 1970 1971 19
1973 1974 1975 19
2169 2145 2239 19
3638 2626 3916 19
3438 2234 3467 19
1683 1684 1685 19
3112 1541 3113 19
2313 2325 2326 19
2223 2224 2898 19
2430 2432 3162 19
2519 2520 2521 19
1758 2106 3205 19
1963 1964 1965 19
1967 1968 1969 19
2474 2475 3445 19
2432 2516 2517 19
1965 1966 1967 19
1961 1962 1963 19
2013 3123 3368 19
1685 1686 1687 19
2517 2518 2519 19
2311 2312 2313 19
2309 2310 2311 19
1681 1682 1683 19
2300 2308 2309 19
2629 2445 3180 19
2069 2110 3189 19
2778 2779 2948 19
2430 2431 2432 19
2422 2423 2424 19
1959 1960 1961 19
2428 2429 2430 19
2298 2299 2300 19
2177 2165 2539 19
2424 2425 2426 19
2426 2427 2428 19
1679 1680 1681 19
1468 3348 3481 19
2134 2135 2223 19
242 1559 4008 19
1745 1744 1746 19
2283 2297 2298 19
2064 1890 3689 19
1957 1958 1959 19
2859 2924 3871 19
1951 1952 1953 19
896 895 3157 19
3123 2026 3439 19
1955 1956 1957 19
2029 3140 3184 19
2281 2282 2283 19
2003 2006 2007 19
1953 1954 1955 19
2103 2953 3930 19
1496 2904 3787 19
1949 1950 1951 19
2399 2417 2418 19
2097 2192 2193 19
2420 2421 2422 19
2229 2142 3185 19
2268 2280 2281 19
3351 2808 3781 19
2113 2063 3168 19
2397 2398 2399 19
2666 3726 3793 19
2387 2394 2395 19
2418 2419 2420 19
1947 1948 1949 19
1945 1946 1947 19
2818 2229 2819 19
2266 2267 2268 19
3030 3029 3125 19
2395 2396 2397 19
2223 2135 2224 19
1943 1944 1945 19
2585 2583 2586 19
897 896 3170 19
2385 2386 2387 19
1541 184 3114 19
1937 1938 1939 19
2993 3144 3944 19
896 3157 3170 19
2243 2265 2266 19
2354 3106 3197 19
2562 3265 3478 19
2846 2229 3185 19
1935 1936 1937 19
1941 1942 1943 19
1939 1940 1941 19
3135 1653 3158 19
2546 2980 3614 19
2629 3180 3515 19
2193 2212 2246 19
2187 2778 3189 19
1997 1999 2005 19
2241 2242 2243 19
2007 2012 2018 19
2381 2382 2383 19
1933 1934 1935 19
2863 2865 2867 19
2383 2384 2385 19
1931 1932 1933 19
2755 2753 3957 19
2379 2380 2381 19
2776 2775 2880 19
1929 1930 1931 19
2375 2376 2377 19
2446 2218 3012 19
898 897 1510 19
2018 2063 2093 19
2774 2773 2775 19
2377 2378 2379 19
2922 2399 3173 19
1927 1928 1929 19
2134 2074 2135 19
899 898 3169 19
2426 2428 3379 19
1870 1872 1873 19
2236 2240 2241 19
1898 2066 3731 19
1925 1926 1927 19
2169 2239 2563 19
2707 2709 3207 19
2481 2883 3828 19
1748 2116 3220 19
3310 3108 3494 19
2391 2392 2393 19
2412 2363 2639 19
2373 2374 2375 19
2937 2938 2940 19
2180 2170 2582 19
1574 3053 3939 19
163 164 1564 19
2121 1674 2123 19
2612 2614 3228 19
2356 2370 2371 19
1919 1920 1921 19
2873 3122 3441 19
900 899 1588 19
2293 3087 3588 19
2347 2348 2349 19
3224 1572 3824 19
2371 2372 2373 19
1923 1924 1925 19
2349 2350 2351 19
2353 2355 2356 19
1917 1918 1919 19
1921 1922 1923 19
2224 2235 2236 19
2134 2223 3185 19
901 900 3175 19
162 163 3171 19
2351 2352 2353 19
2939 1563 3658 19
1510 897 3170 19
3103 2552 3742 19
1991 1993 2008 19
3214 3536 3860 19
902 901 1511 19
2909 2200 3422 19
2341 2342 2343 19
1911 1912 1913 19
193 1537 3199 19
2290 2291 2341 19
1915 1916 1917 19
2475 2476 3896 19
2142 2134 3185 19
1909 1910 1911 19
2804 2806 3255 19
903 902 3177 19
1675 1676 3002 19
2110 2187 3189 19
161 162 1654 19
2288 2289 2290 19
1913 1914 1915 19
2778 3150 3189 19
2344 2346 2347 19
904 903 1589 19
2283 2282 2297 19
1905 1906 1907 19
3666 2230 3884 19
1907 1908 1909 19
2268 2267 2280 19
1777 1774 3973 19
2281 2280 2282 19
3763 3011 3895 19
1903 1904 1905 19
905 904 3176 19
2243 2242 2265 19
2298 2297 2299 19
2300 2299 2308 19
2772 2771 2773 19
2362 2361 2363 19
2224 2135 2235 19
2654 2651 2655 19
2511 2509 3235 19
2206 2186 2213 19
2266 2265 2267 19
2309 2308 2310 19
906 905 1512 19
2284 2285 2288 19
3620 2958 3640 19
1737 1736 1738 19
2272 2273 2284 19
2239 3167 3286 19
2595 2594 2596 19
1899 1900 1901 19
1901 1902 1903 19
2641 2610 3669 19
2326 2325 2327 19
2597 2596 2598 19
2311 2310 2312 19
2270 2271 2272 19
2145 2093 3167 19
2328 2327 2329 19
2241 2240 2242 19
3140 2013 3289 19
907 906 3181 19
2313 2312 2325 19
2842 2841 2843 19
2768 2598 2769 19
898 1510 3169 19
1897 1898 1899 19
281 282 3981 19
2593 2592 2594 19
2330 2329 2331 19
2889 2519 3558 19
2236 2235 2240 19
2074 2029 3184 19
2819 2229 2846 19
908 907 1590 19
2809 2813 3148 19
2332 2331 2333 19
3931 3213 3934 19
166 167 1509 19
1893 1894 1895 19
1985 1987 2010 19
909 908 3182 19
2778 2948 3150 19
1895 1896 1897 19
2071 1900 3731 19
2334 2333 2335 19
1891 1892 1893 19
2093 2097 3167 19
3021 2833 3396 19
3405 2031 3569 19
1588 899 3169 19
910 909 1513 19
2138 2227 3443 19
2967 2968 3273 19
2253 2254 2270 19
1741 1740 1742 19
3208 1596 3848 19
2135 2074 3184 19
3808 3210 3830 19
2340 2339 2404 19
3053 1574 3451 19
2336 2335 2337 19
3178 2318 3609 19
2991 2992 3401 19
1889 1890 1891 19
1885 1886 1887 19
1883 1884 1885 19
2405 2404 2406 19
1887 1888 1889 19
2338 2337 2339 19
2174 2175 2253 19
1873 1874 1875 19
2407 2406 2438 19
912 911 1592 19
163 1564 3171 19
900 1588 3175 19
2740 3095 3989 19
1881 1882 1883 19
1879 1880 1881 19
1670 1668 1671 19
1875 1876 1877 19
1981 1983 2033 19
2094 2146 2174 19
2439 2438 2440 19
1877 1878 1879 19
1739 1738 1740 19
1852 1850 3720 19
169 170 1574 19
914 913 1514 19
1652 3129 3537 19
2441 2440 2442 19
3707 3415 3770 19
2443 2442 2482 19
2483 2482 2484 19
2485 2484 2486 19
2794 2793 2795 19
2875 2866 2876 19
2591 2590 2592 19
1511 901 3175 19
2995 1610 3562 19
915 914 3187 19
2094 2093 2145 19
2587 2586 2588 19
2487 2486 2488 19
2122 2198 2201 19
2146 2145 2169 19
916 915 1591 19
2534 2436 3890 19
1814 1816 1817 19
1654 162 3171 19
2493 2492 2571 19
1772 2081 3265 19
2928 3240 3967 19
2271 2254 2274 19
2489 2488 2490 19
902 1511 3177 19
2572 2571 2573 19
3440 2105 3475 19
917 916 3190 19
2574 2573 2646 19
2297 2282 3041 19
3113 1541 3114 19
2656 2655 2657 19
2491 2490 2492 19
918 917 1515 19
2179 2256 2257 19
1975 1977 2009 19
3145 3121 3730 19
2669 2668 2671 19
2647 2646 2648 19
1589 903 3177 19
2658 2657 2659 19
919 918 3194 19
2235 2135 3184 19
3460 3119 3491 19
2667 2666 2668 19
1867 1868 1869 19
2571 3695 3745 19
2649 2648 2650 19
3256 2034 3379 19
2272 2271 2273 19
920 919 1594 19
2672 2671 2673 19
2674 2673 2676 19
2662 2661 2666 19
1861 1862 1863 19
2290 2289 2291 19
2867 2868 2870 19
171 172 1656 19
2097 2193 3167 19
904 1589 3176 19
2169 2563 2643 19
1733 1732 1734 19
2870 2871 2872 19
2872 2873 2930 19
2677 2676 2678 19
921 920 3196 19
1865 1866 1867 19
2343 2342 2344 19
2018 2093 2094 19
2341 2291 2342 19
2270 2254 2271 19
2679 2678 2680 19
2308 2299 2908 19
2288 2285 2289 19
2446 2948 3535 19
2681 2680 2682 19
2001 2003 3251 19
1863 1864 1865 19
2289 2285 2292 19
1859 1860 1861 19
2284 2273 2285 19
2925 3010 3962 19
2687 2686 2688 19
1621 3066 3450 19
2347 2346 2348 19
922 921 1516 19
2349 2348 2350 19
2174 2146 2175 19
2683 2682 2684 19
1820 1818 3266 19
1512 905 3176 19
2751 2749 3984 19
2144 3401 3472 19
160 161 3227 19
2689 2688 2690 19
2685 2684 2686 19
2253 2175 2254 19
2940 3080 3410 19
923 922 3198 19
1498 3295 3636 19
2634 2632 3739 19
2124 2123 2125 19
1983 1985 3192 19
2691 2690 2692 19
924 923 1593 19
2453 2452 2454 19
2619 2617 2620 19
906 1512 3181 19
2094 2145 2146 19
2693 2692 2694 19
2695 2694 2696 19
2312 2310 2569 19
1857 1858 1859 19
1971 1973 2035 19
2466 2465 2467 19
2124 2125 3485 19
2351 2350 2352 19
2461 2460 2462 19
1855 1856 1857 19
2459 2458 2460 19
2468 2467 2469 19
2457 2456 2458 19
3113 2292 3540 19
2697 2696 2698 19
2455 2454 2456 19
2616 2469 2617 19
2464 2462 2465 19
2214 2213 2215 19
2353 2352 2355 19
2356 2355 2370 19
2933 2939 3561 19
1853 1854 1855 19
2699 2698 2700 19
926 925 1518 19
1590 907 3181 19
2371 2370 2372 19
1958 3103 3742 19
2541 2542 3647 19
2705 2704 2706 19
2703 2702 2704 19
2701 2700 2702 19
927 926 3204 19
2320 2319 2321 19
2221 2220 2222 19
2521 3139 3558 19
2219 2215 2220 19
1851 1852 1853 19
2375 2374 2376 19
3127 3126 3512 19
2711 2710 2712 19
2263 2252 2264 19
2251 2250 2252 19
1849 1850 1851 19
3107 3108 3529 19
2377 2376 2378 19
928 927 1595 19
2322 2321 2323 19
2707 2706 2708 19
2318 2264 2319 19
2713 2712 2714 19
2717 2716 2718 19
2373 2372 2374 19
1847 1848 1849 19
2709 2708 2710 19
2715 2714 2716 19
2249 2222 2250 19
908 1590 3182 19
2978 1543 3725 19
929 928 3203 19
2451 2450 2452 19
1619 3067 3449 19
1518 3154 3897 19
1841 1842 1843 19
2576 2577 3506 19
2447 2323 2448 19
2381 2380 2382 19
930 929 1517 19
2719 2718 2720 19
2344 2342 2345 19
2129 1709 3287 19
2001 3251 3388 19
3091 3656 3971 19
3204 1518 3897 19
1845 1846 1847 19
2329 2327 2882 19
3034 2985 3035 19
2379 2378 2380 19
2721 2720 2722 19
2852 2497 3495 19
1843 1844 1845 19
1839 1840 1841 19
1967 1969 2011 19
2387 2386 2394 19
931 930 3206 19
1513 909 3182 19
3418 2359 3902 19
2986 2086 3796 19
2725 2724 2726 19
2788 2787 2789 19
2723 2722 2724 19
2965 1557 2971 19
3374 3193 3619 19
2270 2272 3392 19
2399 2398 2417 19
2727 2726 2728 19
932 931 1596 19
3439 2026 3460 19
2383 2382 2384 19
1788 1790 1791 19
180 1528 3436 19
2385 2384 2386 19
2395 2394 2396 19
2183 2389 2664 19
2731 2730 2732 19
3257 3256 3379 19
2397 2396 2398 19
2304 2303 2433 19
2729 2728 2730 19
2919 1565 2921 19
1837 1838 1839 19
1831 1832 1833 19
933 932 3208 19
3211 2409 3251 19
2418 2417 2419 19
1985 2010 3192 19
2344 2345 2346 19
2733 2732 2734 19
2125 2261 3084 19
1835 1836 1837 19
2815 3183 3728 19
1833 1834 1835 19
934 933 1519 19
1829 1830 1831 19
2422 2421 2423 19
161 1654 3227 19
2424 2423 2425 19
935 934 3209 19
2827 2803 3734 19
1961 1963 2021 19
2007 2018 3211 19
1821 1822 1823 19
1526 3015 3530 19
936 935 1597 19
3214 3035 3536 19
1819 1820 1821 19
2420 2419 2421 19
937 936 3210 19
2033 1983 3192 19
1817 1818 1819 19
1558 178 3413 19
1827 1828 1829 19
1823 1824 1825 19
3544 1570 3819 19
2426 2425 2427 19
1932 3809 3855 19
1825 1826 1827 19
938 937 1520 19
3174 1573 3981 19
2094 2174 3211 19
1908 1906 3746 19
2428 2427 2429 19
939 938 3212 19
3147 1510 3977 19
2432 2431 2516 19
1617 3741 3885 19
940 939 1598 19
2430 2429 2431 19
1648 3163 3372 19
2217 2999 3554 19
3162 2432 3505 19
2622 1663 3509 19
2517 2516 2518 19
2790 2789 2791 19
2355 2352 2480 19
3187 1514 3996 19
1727 1726 1728 19
2339 2337 2544 19
2521 2520 2524 19
2205 3000 3714 19
2525 2524 2526 19
2529 2528 2530 19
2307 2978 3884 19
2519 2518 2520 19
914 1514 3187 19
1922 2061 3868 19
2531 2530 2545 19
2527 2526 2528 19
2366 2893 3757 19
2257 2258 2522 19
943 942 1521 19
2389 3082 3142 19
2169 2643 3215 19
2735 2719 3308 19
2436 2435 3172 19
2529 2531 3261 19
2146 2169 3215 19
944 943 3217 19
1591 915 3187 19
1672 1671 2230 19
2546 2545 2547 19
1510 3147 3965 19
945 944 1599 19
1955 1957 2017 19
2548 2547 2603 19
1729 1728 1730 19
2602 3081 3876 19
1702 2096 3130 19
3137 2141 3818 19
2950 3323 3920 19
1776 1778 1779 19
916 1591 3190 19
2374 2372 2560 19
2608 2607 2609 19
1949 1951 2015 19
1948 3736 3737 19
2604 2603 2605 19
258 259 3503 19
1969 1971 3213 19
948 947 1522 19
2606 2605 2607 19
3136 3056 3377 19
2980 2054 3660 19
2018 2094 3211 19
949 948 3221 19
1515 917 3190 19
1657 289 3672 19
2610 2609 2611 19
2612 2611 2613 19
3289 2013 3368 19
950 949 1601 19
3078 2031 3643 19
2614 2613 2747 19
2515 2632 2633 19
1811 1812 1813 19
3070 3154 3907 19
2750 2749 2751 19
2082 3545 3877 19
951 950 3222 19
2748 2747 2749 19
2833 2465 3396 19
2752 2751 2753 19
918 1515 3194 19
1870 1873 3341 19
952 951 1523 19
2623 285 3993 19
2754 2756 3340 19
1807 1808 1809 19
953 952 3223 19
1809 1810 1811 19
1672 2230 3507 19
2442 2440 2552 19
2754 2753 2755 19
2413 3077 3941 19
2175 2146 3215 19
954 953 1600 19
2065 2947 3600 19
3060 2255 3202 19
1805 1806 1807 19
1594 919 3194 19
2380 2378 2911 19
2756 2755 2757 19
955 954 3226 19
1716 1715 3945 19
2760 2759 2834 19
3462 3657 3658 19
2040 1924 3868 19
2758 2757 2759 19
956 955 1524 19
2839 2838 2840 19
1945 1947 2042 19
2003 2007 3251 19
3113 3114 3529 19
2835 2834 2836 19
920 1594 3196 19
1803 1804 1805 19
3041 2022 3570 19
2837 2836 2838 19
957 956 3225 19
1801 1802 1803 19
1791 1792 1793 19
221 1552 3874 19
1799 1800 1801 19
3213 2035 3934 19
2486 2484 2927 19
958 957 1602 19
1793 1794 1795 19
3230 2505 3735 19
2005 1999 3388 19
3100 3326 3667 19
2235 3184 3289 19
1516 3863 3926 19
2839 2840 3607 19
1516 921 3196 19
2957 2958 3620 19
2703 2705 3304 19
1797 1798 1799 19
1795 1796 1797 19
3091 2410 3889 19
2500 2260 3128 19
2260 2157 2293 19
959 958 3229 19
1482 3153 3633 19
2035 3134 3934 19
3023 1562 3955 19
1554 3801 3956 19
1723 1722 1724 19
3448 2099 3495 19
3034 3035 3214 19
3153 1638 3633 19
2503 2962 3772 19
2972 2971 2984 19
960 959 1525 19
2427 2425 3744 19
1936 2049 3952 19
3153 3288 3489 19
3368 3123 3439 19
922 1516 3198 19
961 960 3231 19
3184 3140 3289 19
1941 1943 2014 19
2119 3273 3274 19
2386 2384 2538 19
2302 2148 2303 19
962 961 1603 19
2245 2505 2506 19
1695 3148 3712 19
963 962 3232 19
2650 2762 3049 19
2343 3145 3675 19
1593 923 3198 19
1935 1937 2034 19
1637 3152 3344 19
964 963 1527 19
2983 946 3769 19
3047 3723 3821 19
1989 1991 3395 19
2492 2490 2743 19
1766 1768 1769 19
2826 2830 3650 19
967 966 1545 19
1971 2035 3213 19
2659 2660 2661 19
3293 2920 3754 19
2560 3088 3865 19
2079 1804 3404 19
1657 3672 3994 19
969 968 3234 19
3111 3112 3512 19
970 969 1526 19
2007 3211 3251 19
3309 1493 3735 19
3343 3846 3873 19
2075 2925 3605 19
2974 3412 3953 19
2091 2848 3628 19
1931 1933 2044 19
1706 1708 3216 19
972 971 1605 19
2398 2396 2550 19
2009 3134 3928 19
3064 3765 3808 19
926 1518 3204 19
2782 1669 3784 19
3342 1550 3788 19
2227 2745 3443 19
1785 1786 1787 19
974 973 1529 19
2011 1969 3213 19
2249 2251 3382 19
1595 927 3204 19
975 974 3237 19
1783 1784 1785 19
2787 2786 3490 19
3165 3780 3892 19
2515 2633 3104 19
976 975 1604 19
2915 2916 3457 19
2049 1934 3855 19
928 1595 3203 19
2127 1719 3378 19
1779 1780 1781 19
2586 2583 3408 19
1990 2022 3541 19
946 2983 3825 19
2253 2270 3419 19
3000 2150 3476 19
978 977 1530 19
1517 929 3203 19
1781 1782 1783 19
2650 2648 2762 19
7 290 3672 19
979 978 3239 19
1927 1929 2045 19
980 979 1606 19
3167 2193 3286 19
2421 2419 2602 19
930 1517 3206 19
2664 2665 3146 19
2228 2818 3522 19
2680 2678 3823 19
2182 2238 2746 19
3251 2409 3388 19
2760 2835 3389 19
983 982 1531 19
2767 3277 3743 19
1717 1716 1718 19
2633 2634 2635 19
3153 2811 3288 19
1596 931 3206 19
2750 2752 3629 19
984 983 3242 19
2926 1620 3727 19
2659 2657 2660 19
985 984 3243 19
986 985 1546 19
987 986 3244 19
932 1596 3208 19
3240 2928 3986 19
2727 2729 3393 19
1756 1758 1759 19
988 987 1607 19
2240 2235 3289 19
2473 2472 3022 19
1923 1925 2020 19
3033 3032 3410 19
989 988 3245 19
2048 1940 3915 19
3348 3349 3481 19
1947 1949 3241 19
2019 1992 3541 19
2345 2342 3310 19
941 940 3432 19
990 989 1532 19
1519 933 3208 19
234 235 3764 19
2193 2246 3286 19
2384 2382 3249 19
206 3081 3740 19
992 991 1608 19
2837 2839 3701 19
3498 2894 3542 19
934 1519 3209 19
1583 220 3874 19
3420 2498 3783 19
2167 2401 2402 19
3053 3093 3939 19
2577 2232 2578 19
1986 2027 3587 19
994 993 3248 19
1919 1921 2051 19
995 994 1533 19
1597 935 3209 19
1527 3232 3233 19
2952 2435 4003 19
996 995 3250 19
1669 3087 3784 19
2037 1950 3737 19
997 996 1609 19
3154 3069 3897 19
2856 1552 3943 19
936 1597 3210 19
2612 3228 3669 19
1773 1774 1775 19
1952 2037 3790 19
1943 1945 3247 19
2676 2673 2885 19
1520 937 3210 19
1504 2903 3743 19
1000 999 1535 19
1915 1917 2025 19
2830 3325 3650 19
1769 1770 1771 19
2661 2660 2821 19
1814 1817 3406 19
1001 1000 3252 19
198 1585 3676 19
938 1520 3212 19
1911 1913 2053 19
1771 1772 1773 19
1002 1001 3253 19
2514 2515 3104 19
1003 1002 1547 19
2303 2148 3452 19
1953 1955 3384 19
2506 2507 2508 19
195 3088 3664 19
2512 2513 2514 19
2204 2369 2763 19
1598 939 3212 19
2510 2511 2512 19
1976 2023 3644 19
2508 2509 2510 19
1982 3101 3618 19
3171 1564 3522 19
1005 1004 1610 19
3134 3094 3934 19
1006 1005 3254 19
2404 3557 3626 19
2186 2184 3195 19
3106 3105 3864 19
1550 215 3788 19
2804 2801 2805 19
2022 1988 3587 19
2520 2518 2570 19
1007 1006 1508 19
2159 2305 3691 19
2918 3457 3665 19
1907 1909 2054 19
1638 3153 3489 19
1008 1007 3260 19
3400 3567 3919 19
3235 2509 3236 19
1009 1008 1611 19
2910 2810 3290 19
2860 3517 3935 19
2463 2459 3434 19
2304 3071 3924 19
1746 1748 1749 19
1010 1009 3259 19
3092 3090 3887 19
2168 2098 2269 19
2686 2684 2741 19
1011 1010 1507 19
3137 1733 3677 19
3207 2709 3233 19
1012 1011 3262 19
1713 1712 1714 19
1013 1012 1612 19
1704 1702 3130 19
1014 1013 3263 19
1604 3061 3591 19
943 1521 3217 19
1903 1905 2055 19
1015 1014 1506 19
1016 1015 3264 19
2275 3440 3475 19
2342 2291 3310 19
2036 2927 3811 19
1017 1016 1613 19
1599 944 3217 19
2027 1984 3618 19
1933 1935 3256 19
2530 2528 2640 19
1018 1017 3269 19
2032 1960 3742 19
3050 2655 3936 19
2240 3289 3368 19
2036 1954 3790 19
1019 1018 1505 19
2786 2357 3563 19
1897 1899 2041 19
1020 1019 3272 19
1763 1764 1765 19
1021 1020 1614 19
2694 2692 2738 19
968 967 3399 19
1949 2015 3241 19
1022 1021 3271 19
2024 1978 3644 19
1023 1022 1504 19
1873 2077 3341 19
1024 1023 3277 19
1761 1762 1763 19
1025 1024 1615 19
3592 2634 3713 19
2538 2384 3249 19
2044 3162 3403 19
1026 1025 3278 19
1542 205 3740 19
1027 1026 1503 19
1759 1760 1761 19
3657 2939 3658 19
1997 2005 3483 19
3117 1529 3510 19
2802 3200 3201 19
2655 3050 3715 19
3052 1484 3732 19
1028 1027 3280 19
2525 2527 3511 19
2083 3613 3693 19
1029 1028 1616 19
1574 170 3451 19
948 1522 3221 19
2420 2422 3391 19
1893 1895 2056 19
1999 2001 3388 19
1030 1029 3281 19
2042 1947 3241 19
2935 2933 3561 19
1031 1030 1502 19
1869 1870 3341 19
3236 1626 3306 19
1601 949 3221 19
1032 1031 3282 19
1539 197 3676 19
2545 3710 3722 19
2272 2471 3392 19
3077 1959 3682 19
1033 1032 1617 19
2635 2636 3546 19
1742 1744 1745 19
2464 2466 3496 19
1034 1033 3283 19
3151 1509 3535 19
1035 1034 1501 19
950 1601 3222 19
2242 2240 3368 19
1534 3110 3494 19
2992 2993 3433 19
2394 3589 3598 19
1537 194 3664 19
2147 2301 3179 19
1036 1035 3284 19
1037 1036 1618 19
2704 2702 2744 19
202 203 3615 19
1038 1037 3285 19
1523 951 3222 19
1945 2042 3247 19
2555 2556 2557 19
2624 3134 3864 19
2577 3163 3506 19
1039 1038 1500 19
1889 1891 2057 19
1656 172 3421 19
1040 1039 3291 19
2784 3056 3136 19
191 192 3593 19
1788 1791 3440 19
3261 2531 3614 19
952 1523 3223 19
3288 2305 3489 19
171 1656 3451 19
1553 3018 3883 19
3048 2502 3774 19
1041 1040 1619 19
3275 2314 3914 19
2543 2540 3545 19
1885 1887 2059 19
2607 2605 2856 19
1600 953 3223 19
2284 2288 3551 19
3210 1597 3830 19
1043 1042 1499 19
2710 2708 2737 19
1044 1043 3294 19
2894 2315 3542 19
3456 2133 3534 19
2847 2411 3533 19
1045 1044 1620 19
954 1600 3226 19
1703 1702 1704 19
1046 1045 3295 19
2818 2819 3526 19
1047 1046 1498 19
2014 1943 3247 19
2239 3286 3810 19
1048 1047 3296 19
2005 3388 3419 19
2765 2994 3954 19
2616 2619 3894 19
3234 2735 3308 19
1524 955 3226 19
1049 1048 1621 19
1630 3183 3685 19
2958 2960 3621 19
1051 1050 1497 19
2544 2337 3405 19
2448 2449 2450 19
1052 1051 3297 19
1881 1883 2089 19
3615 203 3654 19
1753 1754 1755 19
2761 2234 3438 19
1053 1052 1622 19
956 1524 3225 19
3573 1735 3574 19
1054 1053 3299 19
2613 2611 2797 19
2260 2293 3128 19
1991 2008 3395 19
1055 1054 1496 19
2716 2714 2739 19
2936 2935 3778 19
1705 1704 1706 19
3329 2317 3517 19
1751 1752 1753 19
2417 2398 3292 19
2579 2578 2975 19
1056 1055 3300 19
1178 1177 1659 19
3174 3516 3990 19
1050 1049 3450 19
1602 957 3225 19
2565 3201 3370 19
2008 1993 3525 19
1057 1056 1623 19
1749 1750 1751 19
1711 2138 3443 19
3264 2869 3804 19
3030 3125 3536 19
1042 1041 3449 19
1177 1176 3301 19
1058 1057 3303 19
1582 3013 3957 19
3687 2776 3727 19
2866 2862 3218 19
1877 1879 2076 19
2274 2254 3502 19
1059 1058 1495 19
2527 2529 3453 19
1060 1059 3305 19
1176 1175 1629 19
958 1602 3229 19
1873 1875 2077 19
1061 1060 1624 19
1593 3154 3949 19
1062 1061 3307 19
1063 1062 1494 19
1917 1919 3298 19
1064 1063 3306 19
3133 1558 3810 19
1065 1064 1626 19
2428 3257 3379 19
1525 959 3229 19
3255 2806 3523 19
2948 3151 3535 19
1935 2034 3256 19
1067 1066 1493 19
2769 2770 2771 19
1734 1736 1737 19
3413 179 3436 19
1068 1067 3309 19
1532 3178 3474 19
1069 1068 1625 19
1175 1174 3318 19
1966 2030 3579 19
3464 2049 3855 19
1070 1069 3312 19
2726 2724 2796 19
960 1525 3231 19
2391 2196 2392 19
1071 1070 1492 19
3620 2479 3923 19
2209 2136 2234 19
2631 2845 3969 19
3369 3820 3921 19
3038 2472 3992 19
1072 1071 3311 19
1776 1779 3448 19
178 179 3413 19
2288 2290 3586 19
1073 1072 1627 19
2044 1933 3256 19
1603 961 3231 19
1074 1073 3313 19
2614 2748 3606 19
1566 3488 3503 19
1075 1074 1491 19
2588 2589 2590 19
1076 1075 3316 19
1989 3395 3632 19
1955 2017 3384 19
3052 2787 3490 19
1564 164 3550 19
1077 1076 1628 19
962 1603 3232 19
3441 2892 3813 19
1078 1077 3315 19
1174 1173 1560 19
2447 2448 3983 19
1079 1078 1490 19
1697 1696 1698 19
1865 1867 2112 19
2398 2550 3292 19
2058 1916 3674 19
1527 963 3232 19
1080 1079 3319 19
2044 3256 3257 19
2466 2468 3597 19
1908 3746 4001 19
3277 1504 3743 19
1490 3020 3728 19
212 213 3768 19
1081 1080 1630 19
3720 1850 3999 19
2213 2186 3195 19
2470 3019 3583 19
3104 2095 3334 19
172 173 3421 19
1658 3526 3925 19
169 1574 3515 19
1082 1081 3320 19
199 200 3641 19
1083 1082 1489 19
1084 1083 3322 19
2715 2717 3455 19
2791 2793 2794 19
2279 3448 3495 19
1085 1084 1632 19
1929 1931 3403 19
3041 2282 3521 19
1086 1085 3323 19
965 964 3447 19
1087 1086 1488 19
2528 2526 3342 19
3102 1536 3556 19
1089 1088 1631 19
1090 1089 3325 19
2361 2189 3485 19
1937 1939 3411 19
1091 1090 1487 19
279 3415 3707 19
1526 969 3234 19
1861 1863 2153 19
1093 1092 1634 19
1730 1732 1733 19
2947 2071 3716 19
1094 1093 3326 19
3077 3682 3941 19
1095 1094 1486 19
3273 2968 3274 19
2220 2215 2549 19
179 180 3436 19
1959 3077 3966 19
1097 1096 1633 19
1098 1097 3333 19
1171 1170 1538 19
1172 1171 3330 19
1173 1172 3317 19
2034 1937 3411 19
1857 1859 2119 19
1635 3331 3332 19
3080 2111 3836 19
1099 1098 1485 19
2242 3368 3439 19
1905 1907 3324 19
1100 1099 3331 19
3389 2835 3718 19
1101 1100 1635 19
2589 2586 3408 19
1846 1844 3425 19
1102 1101 3337 19
2271 2274 3532 19
1103 1102 1484 19
2885 2061 3980 19
1104 1103 3339 19
2688 2686 3336 19
1170 1169 3327 19
2409 2253 3419 19
2292 2285 3540 19
1105 1104 1636 19
1106 1105 3338 19
2831 3473 3872 19
1107 1106 1483 19
2167 2402 3484 19
1108 1107 3343 19
2131 3457 3458 19
3274 2968 3553 19
2534 3321 3685 19
2252 2250 2366 19
2341 2343 3662 19
1109 1108 1637 19
1110 1109 3344 19
1939 1941 3427 19
1941 2014 3427 19
974 1529 3237 19
1901 1903 3335 19
1169 1168 1641 19
2140 3238 3499 19
1111 1110 1482 19
2576 3798 3921 19
2337 2335 3405 19
1113 1112 1638 19
2358 2787 2788 19
1931 2044 3403 19
1604 975 3237 19
3035 3036 3536 19
3726 2050 3793 19
3286 3133 3810 19
1766 1769 3456 19
1115 1114 1481 19
2478 2150 3000 19
1116 1115 3345 19
2321 2319 2494 19
3471 2278 3575 19
1168 1167 3350 19
2175 3215 3502 19
1117 1116 1640 19
2030 3063 3626 19
3551 2288 3586 19
1665 1675 3509 19
1118 1117 3346 19
3139 2051 3547 19
1119 1118 1480 19
2230 2307 3884 19
1851 1853 2114 19
1572 3438 3824 19
1120 1119 3347 19
2743 2490 3428 19
1121 1120 1639 19
2448 2323 2449 19
1122 1121 3351 19
1732 1731 3574 19
1167 1166 1468 19
1739 1740 1741 19
1847 1849 2143 19
1123 1122 1479 19
2166 2295 2408 19
3656 3091 3889 19
2045 1929 3403 19
1124 1123 3352 19
1688 1687 1689 19
978 1530 3239 19
1125 1124 1643 19
1126 1125 3353 19
1127 1126 1478 19
2435 2952 3816 19
1128 1127 3355 19
1606 979 3239 19
2315 2211 2644 19
1737 1738 1739 19
1129 1128 1642 19
2583 2582 3408 19
967 1545 3399 19
203 204 3654 19
1130 1129 3358 19
3675 3145 3730 19
1131 1130 1477 19
1132 1131 3357 19
1166 1165 3348 19
1133 1132 1644 19
1134 1133 3361 19
1135 1134 1476 19
2289 2292 3543 19
3234 968 3399 19
1136 1135 3359 19
289 7 3672 19
1137 1136 1646 19
2458 2456 2470 19
1138 1137 3362 19
2829 2828 3697 19
1724 1726 1727 19
1139 1138 1475 19
2207 2414 2416 19
2824 3304 3997 19
1140 1139 3363 19
170 171 3451 19
1141 1140 1645 19
1813 1814 3406 19
3063 2032 3680 19
2061 2981 3823 19
1142 1141 3365 19
1586 3102 3501 19
1165 1164 1651 19
1143 1142 1474 19
1144 1143 3367 19
1891 1893 3354 19
1843 1845 2086 19
983 1531 3242 19
3400 2416 3773 19
1145 1144 1647 19
2265 2242 3439 19
1839 1841 2139 19
1817 2052 3406 19
3428 2037 3737 19
1146 1145 3369 19
1147 1146 1473 19
2208 2496 2498 19
2005 3392 3483 19
1148 1147 3371 19
1471 3056 3881 19
2050 3001 3793 19
2297 3041 3570 19
1919 2051 3298 19
2010 3632 3662 19
984 3242 3243 19
2467 2465 2833 19
1149 1148 1648 19
2908 2299 3570 19
1150 1149 3372 19
1164 1163 3364 19
1151 1150 1472 19
1546 985 3243 19
3334 1777 3487 19
1835 1837 2073 19
1152 1151 3374 19
2617 2469 2618 19
1153 1152 1649 19
2480 3582 3593 19
986 1546 3244 19
1154 1153 3376 19
2160 2276 2278 19
1155 1154 1471 19
279 280 3415 19
2025 1917 3298 19
2362 3514 3584 19
2305 3288 3691 19
2008 3525 3551 19
1156 1155 3375 19
2393 2392 2946 19
2794 2795 2953 19
1157 1156 1650 19
2708 2706 3383 19
1607 987 3244 19
3502 3215 3771 19
259 1566 3503 19
1158 1157 3380 19
1626 3230 3552 19
2181 2245 3279 19
1159 1158 1470 19
1160 1159 3381 19
1161 1160 1652 19
1163 1162 1469 19
2234 2136 3216 19
1887 1889 3373 19
2902 2903 3948 19
988 1607 3245 19
224 1553 3755 19
2123 1674 3507 19
1532 989 3245 19
964 1527 3447 19
991 990 3474 19
2604 2606 3524 19
1756 1759 3463 19
1831 1833 2118 19
1720 1722 1723 19
1513 3182 4004 19
2404 2339 3557 19
2951 2108 3799 19
2067 3396 3549 19
2450 2449 2599 19
2490 2488 3428 19
1526 3234 3308 19
3463 2149 3567 19
1825 1827 2043 19
2712 2710 3385 19
940 1598 3432 19
2943 3250 3690 19
1850 3047 3999 19
2010 1987 3632 19
2876 2866 3218 19
2640 2528 3342 19
3071 2304 3819 19
2191 2928 3967 19
3631 2682 3776 19
2756 2758 3604 19
1533 994 3248 19
3483 2471 3525 19
995 1533 3250 19
1554 3006 3801 19
2139 3214 3430 19
3388 2409 3419 19
1609 996 3250 19
2160 1787 2275 19
966 965 3477 19
1821 1823 2111 19
1879 1881 3387 19
2686 2741 3336 19
3049 3050 3936 19
2302 2303 2304 19
2125 2130 2261 19
1817 1819 2052 19
1539 2911 3917 19
3114 3107 3529 19
2276 2275 2277 19
2788 2789 2790 19
2857 2832 3627 19
1907 2054 3324 19
2640 3342 3788 19
3488 1566 3575 19
1528 3127 3771 19
2636 3592 3787 19
2588 2586 2589 19
2670 3011 3763 19
3237 1529 3393 19
2265 3439 3460 19
2596 2594 2849 19
999 998 3596 19
2569 2310 3608 19
2055 1905 3324 19
1000 1535 3252 19
1727 1728 1729 19
2308 2908 3608 19
2769 2598 2770 19
2141 3137 3677 19
3029 3027 3991 19
1001 3252 3253 19
1481 3275 3345 19
2764 3172 3862 19
1787 1788 3440 19
2606 2608 3520 19
1714 1716 1717 19
2480 2352 3582 19
1547 1002 3253 19
1637 3343 3873 19
3411 1939 3427 19
1829 3802 3898 19
3198 1516 3926 19
2261 2262 3725 19
1903 2055 3335 19
2267 2265 3460 19
2287 3456 3534 19
234 3764 3927 19
1545 966 3477 19
2635 3546 3627 19
1741 1742 3433 19
3466 2839 3607 19
1963 1965 3656 19
2245 2506 3279 19
3713 2634 3739 19
3188 1492 3844 19
2852 3471 3575 19
1005 1610 3254 19
1896 1894 3617 19
3695 2039 3745 19
2891 2046 3882 19
2817 2816 3622 19
1606 3239 3240 19
2785 2783 3794 19
2736 2983 3938 19
1508 1006 3254 19
2227 2615 2745 19
1746 1749 3472 19
2476 2473 3022 19
2208 1775 2279 19
1809 1811 2152 19
1007 1508 3260 19
3014 2867 3870 19
982 981 3635 19
1611 1008 3260 19
2416 3400 3919 19
2978 2262 3884 19
3040 1583 3826 19
2496 2279 2497 19
1671 1668 3527 19
3310 2291 3543 19
1791 2105 3440 19
3539 1487 3908 19
1009 1611 3259 19
1486 3258 3568 19
2611 2609 3423 19
3193 2976 3619 19
2825 2159 3691 19
1507 1010 3259 19
2147 3179 3480 19
1573 3174 3990 19
1775 1776 3448 19
1803 1805 2131 19
1863 1865 3398 19
2923 2072 3576 19
1011 1507 3262 19
2758 2760 3603 19
3580 3084 3785 19
2784 3136 3638 19
1970 1968 3569 19
3522 1564 3998 19
2555 2248 2556 19
1612 1012 3262 19
1710 1712 1713 19
2312 2569 3639 19
3110 1586 3500 19
3200 1477 3750 19
1591 3187 3959 19
1013 1612 3263 19
1797 1799 2108 19
2599 3047 3821 19
1506 1014 3263 19
1893 2056 3354 19
3470 2278 3471 19
2222 2220 3402 19
2392 3287 3630 19
2812 3219 3721 19
2625 3696 3899 19
298 299 3571 19
1015 1506 3264 19
1613 1016 3264 19
1551 3040 3722 19
3458 2916 3623 19
2554 3100 3667 19
1791 1793 2105 19
890 5 3779 19
2882 2327 3649 19
2057 1891 3354 19
2590 2589 2663 19
2763 2764 3862 19
1017 1613 3269 19
2480 3199 3642 19
3134 2035 3928 19
2432 2517 3505 19
1729 1730 3452 19
2737 2708 3383 19
1532 3245 3246 19
2264 2252 3407 19
3395 2537 3632 19
1505 1018 3269 19
2189 2124 3485 19
1019 1505 3272 19
3013 3956 3957 19
200 201 3612 19
2207 1765 2287 19
972 1605 3510 19
990 1532 3474 19
3317 2600 3386 19
1614 1020 3272 19
2615 2847 3542 19
2620 2930 3813 19
3400 2296 3567 19
1889 2057 3373 19
1021 1614 3271 19
297 1655 3390 19
2166 2408 3518 19
1995 1997 3483 19
1608 991 3474 19
1529 973 3510 19
1504 1022 3271 19
2059 1887 3373 19
2710 2737 3385 19
2250 2222 3409 19
2414 2287 2415 19
2840 2842 3607 19
2345 3494 3500 19
1023 1504 3277 19
1717 1718 2098 19
1765 1766 3456 19
2215 2213 3417 19
1582 3957 3984 19
1615 1024 3277 19
2157 2155 3270 19
2906 2075 3508 19
3392 2471 3483 19
2025 3261 3528 19
1025 1615 3278 19
1663 1665 3509 19
2394 2386 3589 19
2821 2660 3464 19
1503 1026 3278 19
1785 1787 2160 19
973 972 3510 19
2961 2618 3888 19
2723 2725 3538 19
1027 1503 3280 19
970 1526 3530 19
3672 1660 3994 19
1914 1912 3729 19
1779 2099 3448 19
2230 2306 2307 19
1617 3282 3741 19
1855 3274 3553 19
1959 1961 3682 19
1162 1161 3537 19
2597 2768 3686 19
1779 1781 2099 19
1616 1028 3280 19
1605 971 3530 19
3001 2040 3886 19
2878 2296 3400 19
2267 3460 3491 19
2552 3103 3792 19
3154 1518 3949 19
1867 1869 3466 19
2331 2329 3698 19
1029 1616 3281 19
1849 1851 3412 19
1700 1702 1703 19
2039 3039 3745 19
1502 1030 3281 19
3556 1536 3582 19
3059 1584 3705 19
2307 2625 2907 19
2323 2321 3416 19
5 160 3779 19
2797 2611 3423 19
2355 2480 3642 19
3108 3310 3543 19
1031 1502 3282 19
2748 2750 3555 19
2735 3234 3399 19
2560 2372 3661 19
1617 1032 3282 19
3494 3110 3500 19
3497 3165 3892 19
1659 3302 3571 19
1881 2089 3387 19
946 945 3769 19
1033 1617 3283 19
2166 1755 2294 19
2620 2617 3426 19
3126 3111 3512 19
1501 1034 3283 19
1845 1847 3414 19
965 3447 3477 19
2910 3366 3599 19
2433 3137 3818 19
1674 1672 3507 19
2637 2296 2878 19
6 174 3827 19
1035 1501 3284 19
1755 1756 3463 19
2945 2814 3805 19
1618 1036 3284 19
2364 2361 3485 19
2076 1879 3387 19
2295 2294 2296 19
3298 2051 3511 19
1773 1775 2208 19
3087 2201 3588 19
1037 1618 3285 19
1092 1091 3539 19
1596 3206 3803 19
2053 1913 3528 19
2033 3197 3800 19
2051 1921 3547 19
1500 1038 3285 19
1927 2045 3565 19
1923 2020 3547 19
2514 3104 3334 19
2456 2454 3424 19
1039 1500 3291 19
1769 1771 2133 19
2595 2597 3625 19
2550 2396 3598 19
2020 1925 3565 19
2880 2775 3397 19
2510 2512 2562 19
1915 2025 3528 19
2557 2556 2561 19
2874 2875 4007 19
1841 1843 3429 19
2280 2267 3491 19
1619 1040 3291 19
2435 2161 4003 19
2136 1706 3216 19
2009 1977 3838 19
2207 2416 3504 19
1584 3054 3648 19
1693 1696 1697 19
1981 2033 3800 19
168 169 3515 19
947 946 3825 19
2777 2228 3522 19
3662 2343 3675 19
1837 1839 3430 19
2747 3670 3883 19
3365 1645 3599 19
1689 1691 1694 19
2746 2238 3611 19
2655 2651 3936 19
1043 1499 3294 19
3146 2880 3397 19
2565 3370 3616 19
1620 1044 3294 19
1041 1619 3449 19
2363 2361 2364 19
1045 1620 3295 19
2276 2277 2437 19
2294 3463 3567 19
1498 1046 3295 19
2011 3213 3931 19
1499 1042 3449 19
2472 3038 3786 19
3267 3268 3761 19
3328 1641 3329 19
2254 2175 3502 19
1763 1765 2207 19
1047 1498 3296 19
1745 1746 3472 19
971 970 3530 19
2160 2275 2276 19
2346 2345 3500 19
1621 1048 3296 19
1833 1835 3435 19
2469 2467 3437 19
285 286 3993 19
1759 1761 2149 19
1995 3483 3525 19
3557 2030 3626 19
201 1540 3612 19
2035 1973 3928 19
1769 2133 3456 19
1051 1497 3297 19
2275 1787 3440 19
1049 1621 3450 19
1622 1052 3297 19
2322 2447 3572 19
1497 1050 3450 19
3002 1679 3499 19
2632 2631 3671 19
3561 2939 3657 19
1053 1622 3299 19
2505 2504 3735 19
2025 3298 3453 19
173 6 3827 19
1894 1892 3559 19
1595 3204 3837 19
3118 3135 3978 19
1496 1054 3299 19
3228 2056 3652 19
299 8 3911 19
2209 2234 2761 19
1675 3003 3509 19
1703 1704 1705 19
1055 1496 3300 19
1705 1706 2136 19
1066 1065 3552 19
2684 2682 3631 19
1685 1687 1688 19
1975 2009 3928 19
1681 1683 2140 19
1957 1959 3966 19
2348 2346 3501 19
3017 2937 3968 19
1623 1056 3300 19
1865 2112 3398 19
1659 1177 3301 19
1753 1755 2166 19
3008 3353 3845 19
1057 1623 3303 19
2208 2498 3486 19
3009 1535 3903 19
2946 2392 3630 19
1853 1855 3553 19
2650 3049 3936 19
1742 1745 3433 19
2571 2492 3695 19
1495 1058 3303 19
1749 1751 2144 19
1176 1629 3301 19
2208 2279 2496 19
2472 2162 3992 19
2814 3599 3753 19
1993 1995 3525 19
8 1178 3911 19
1059 1495 3305 19
2125 2123 2130 19
1823 1825 3444 19
924 1593 3949 19
976 1604 3591 19
1624 1060 3305 19
2345 3310 3494 19
2153 1863 3398 19
2879 2085 3879 19
2280 3491 3521 19
1061 1624 3307 19
2112 1867 3466 19
2380 2911 3679 19
2552 2440 3717 19
1530 977 3591 19
1494 1062 3307 19
2220 2549 3402 19
1518 925 3949 19
2346 3500 3501 19
1668 1664 3527 19
2282 2280 3521 19
1819 1821 3446 19
1063 1494 3306 19
3680 2032 3717 19
2897 3580 3785 19
2575 3042 3699 19
1968 1966 3579 19
3472 3401 4002 19
1626 1064 3306 19
2957 3620 3923 19
1629 1175 3318 19
2630 3415 3990 19
2816 3020 3942 19
1992 1990 3541 19
3010 2191 3789 19
1675 3002 3003 19
2853 2304 3924 19
2873 3441 3813 19
1067 1493 3309 19
2540 2539 3545 19
1946 2039 3736 19
1724 1727 3480 19
1625 1068 3309 19
2828 2950 3920 19
2549 2215 3417 19
1697 1698 2150 19
1069 1625 3312 19
3536 3125 3860 19
3735 2504 3760 19
3249 2382 3679 19
1730 1733 3452 19
1492 1070 3312 19
2414 2415 2645 19
2666 2661 3726 19
2519 2521 3558 19
3272 1505 4007 19
1737 1739 2141 19
1071 1492 3311 19
1967 2011 3971 19
1096 1095 3568 19
1930 2050 3809 19
2207 2287 2414 19
1627 1072 3311 19
2252 2366 3407 19
2213 3195 3417 19
2774 2776 3687 19
1073 1627 3313 19
3519 2899 3624 19
2279 1775 3448 19
1174 1560 3318 19
2130 2123 3507 19
1003 1547 3562 19
1723 1724 3480 19
1573 281 3981 19
3453 3298 3511 19
1491 1074 3313 19
1570 3071 3819 19
2366 2250 3409 19
1075 1491 3316 19
3281 1616 3356 19
1610 1004 3562 19
1759 2149 3463 19
3131 2114 3995 19
2657 2655 3715 19
2732 2730 3508 19
1628 1076 3316 19
2791 2794 3573 19
2318 2320 3609 19
3841 2663 3946 19
1077 1628 3315 19
1697 2150 2477 19
2393 2946 3834 19
2378 2376 3917 19
1727 1729 2147 19
1490 1078 3315 19
2953 2795 3637 19
2981 2058 3776 19
1713 1714 3484 19
2302 2304 2853 19
2273 2271 3532 19
1079 1490 3319 19
2570 3155 3829 19
2147 1729 2148 19
1004 1003 3562 19
2365 3328 3517 19
2295 2296 2637 19
1630 1080 3319 19
1717 2098 2167 19
164 165 3550 19
258 3503 3861 19
2166 2294 2295 19
3235 1494 3905 19
2114 3131 3953 19
1081 1630 3320 19
2301 2148 2302 19
1705 2136 2205 19
2321 2494 3416 19
1913 1915 3528 19
1489 1082 3320 19
2277 2275 3475 19
2652 3037 3803 19
1807 1809 3459 19
2498 3420 3904 19
2887 3283 3885 19
1083 1489 3322 19
3227 1654 3526 19
2200 2358 3422 19
2449 2323 3416 19
1632 1084 3322 19
2143 1849 3412 19
2471 2284 3551 19
1851 2114 3412 19
1085 1632 3323 19
3589 1540 3598 19
3653 2059 3835 19
2160 2278 3470 19
2442 2552 3792 19
1488 1086 3323 19
1560 1173 3317 19
2598 2596 3454 19
2938 3937 4005 19
3127 3502 3771 19
3420 3534 3904 19
2927 2484 3811 19
3054 1549 3694 19
2285 2273 3540 19
2639 2363 3469 19
2376 2374 3865 19
1089 1631 3325 19
1859 1861 3531 19
1847 2143 3414 19
1487 1090 3325 19
268 1569 3775 19
3405 2335 3643 19
3302 3578 3703 19
2602 2419 3738 19
2477 2478 2479 19
1805 1807 3461 19
3854 2616 3894 19
3462 2918 3665 19
216 217 3748 19
2470 3424 3425 19
2551 3065 3867 19
1599 3217 3954 19
1093 1634 3326 19
1486 1094 3326 19
3517 2317 3935 19
2261 2130 2262 19
2230 1671 2306 19
1088 1087 3585 19
2293 2157 3270 19
2273 3532 3540 19
2470 2456 3424 19
2291 2289 3543 19
1714 1717 3484 19
3039 2048 3832 19
3569 1968 3579 19
2098 1718 3442 19
3500 1586 3501 19
1097 1633 3333 19
3186 2494 3972 19
2486 2927 3822 19
2086 1845 3414 19
1568 3400 3773 19
2205 2209 2630 19
1171 1538 3330 19
2167 2098 2168 19
3317 1172 3330 19
1485 1098 3333 19
2023 3078 3645 19
2054 1909 3660 19
2301 2302 3497 19
2147 2148 2301 19
1099 1485 3331 19
2111 3080 4005 19
3216 1708 3465 19
2287 1765 3456 19
2167 2168 2401 19
1921 1923 3547 19
1635 1100 3331 19
2928 2929 3986 19
3501 3102 3556 19
2070 3408 3951 19
3164 276 3673 19
1911 2053 3660 19
1538 1170 3327 19
1861 2153 3531 19
1101 1635 3337 19
2401 2403 3224 19
3276 1638 3489 19
2139 1841 3429 19
2617 2618 3426 19
2119 1859 3531 19
1484 1102 3337 19
2222 3402 3409 19
2401 2168 2403 19
3356 2585 3601 19
3144 2141 3944 19
1103 1484 3339 19
1843 2086 3429 19
2776 2926 3727 19
1749 2144 3472 19
1636 1104 3339 19
3457 2916 3458 19
1839 2139 3430 19
1718 1720 3442 19
3297 1497 3473 19
2073 1837 3430 19
1520 3210 3808 19
1105 1636 3338 19
2804 3255 3360 19
2030 3557 3579 19
1483 1106 3338 19
2742 3240 3594 19
2348 3501 3556 19
1169 1641 3327 19
1107 1483 3343 19
2068 3602 3702 19
2467 2833 3437 19
2844 3267 3761 19
1637 1108 3343 19
3340 2089 3653 19
1109 1637 3344 19
3073 2551 3940 19
2544 3569 3579 19
1604 3237 3468 19
1482 1110 3344 19
1835 2073 3435 19
2618 2469 3437 19
2842 2844 3704 19
3366 3365 3599 19
1577 3469 3580 19
1783 1785 3470 19
200 3612 3641 19
3578 2412 3703 19
1641 1168 3350 19
2920 2919 3922 19
2896 2887 3885 19
1659 3301 3302 19
3152 1637 3873 19
2805 3046 3712 19
1115 1481 3345 19
2008 3551 3586 19
1801 3458 3623 19
1640 1116 3345 19
3629 2752 3692 19
2550 3615 3654 19
1117 1640 3346 19
2118 1833 3435 19
3071 273 3924 19
1988 1986 3587 19
2339 2544 3557 19
3582 1536 3593 19
1480 1118 3346 19
2545 2530 3710 19
2938 2936 3937 19
2056 1895 3652 19
1119 1480 3347 19
1733 1734 3677 19
1167 1468 3350 19
3420 2415 3534 19
2041 1899 3668 19
2205 2136 2209 19
1639 1120 3347 19
1897 2041 3652 19
2762 2648 3893 19
992 1608 3678 19
2304 2433 3819 19
1121 1639 3351 19
1479 1122 3351 19
3525 2471 3551 19
2568 3044 3837 19
1530 3591 3866 19
2952 2090 3816 19
3248 993 3678 19
1123 1479 3352 19
2747 2613 3670 19
2594 2592 3548 19
2350 2348 3556 19
1925 1927 3565 19
1643 1124 3352 19
3708 2956 3901 19
3254 1610 3496 19
1065 1626 3552 19
1125 1643 3353 19
2570 2518 3749 19
1493 1066 3552 19
1478 1126 3353 19
1468 1166 3348 19
3716 2071 3756 19
2477 2150 2478 19
2423 2421 3876 19
2294 1755 3463 19
1127 1478 3355 19
3369 1647 3820 19
1585 3249 3679 19
2497 2279 3495 19
1642 1128 3355 19
3027 3031 3991 19
3237 3393 3468 19
2299 2297 3570 19
1129 1642 3358 19
2158 2784 3638 19
2539 3083 3877 19
2531 2546 3614 19
1477 1130 3358 19
1544 3059 3744 19
1131 1477 3357 19
1825 2043 3444 19
1644 1132 3357 19
3408 2070 3946 19
1133 1644 3361 19
1476 1134 3361 19
2743 3428 3737 19
1135 1476 3359 19
3710 1551 3722 19
1646 1136 3359 19
2479 2478 3174 19
1137 1646 3362 19
3631 2058 3674 19
2076 3389 3655 19
977 976 3591 19
2306 1671 3527 19
1475 1138 3362 19
1165 1651 3348 19
1627 3311 3445 19
3104 2633 3479 19
1139 1475 3363 19
2111 1823 3444 19
2508 2510 3478 19
1645 1140 3363 19
1491 3313 3314 19
1141 1645 3365 19
2089 1883 3653 19
3216 3465 3467 19
1550 3342 3851 19
1821 2111 3446 19
1885 2059 3653 19
1474 1142 3365 19
1091 1487 3539 19
1143 1474 3367 19
1634 1092 3539 19
2052 1819 3446 19
244 3043 3847 19
1647 1144 3367 19
1145 1647 3369 19
1544 3744 3758 19
2694 2738 3706 19
2031 3405 3643 19
1473 1146 3369 19
2148 1729 3452 19
1651 1164 3364 19
2790 2791 3573 19
1536 191 3593 19
1147 1473 3371 19
2621 3070 3907 19
3637 2559 3930 19
1882 1880 3659 19
1648 1148 3371 19
2417 3292 3738 19
2248 2217 3554 19
1149 1648 3372 19
1472 1150 3372 19
3414 2973 3796 19
1151 1472 3374 19
222 223 3814 19
3066 2831 3872 19
1649 1152 3374 19
2077 1875 3655 19
1708 1710 3465 19
2358 2788 3422 19
1489 3320 3321 19
1153 1649 3376 19
2885 2673 3912 19
3006 1581 3913 19
1471 1154 3376 19
1163 1469 3364 19
2796 2724 3646 19
217 1551 3748 19
1155 1471 3375 19
2633 2635 3479 19
2408 2295 3493 19
2437 2921 3861 19
1650 1156 3375 19
1157 1650 3380 19
2307 2306 2625 19
1470 1158 3380 19
1516 3196 3863 19
1159 1470 3381 19
1652 1160 3381 19
2458 2470 3583 19
1877 2076 3655 19
1629 3318 3514 19
1916 1914 3674 19
2570 3749 3768 19
2568 3837 3897 19
2444 3062 3766 19
1948 1946 3736 19
1740 1738 3709 19
2596 2849 3454 19
2352 2350 3582 19
2055 3324 3524 19
1095 1486 3568 19
2478 3000 3516 19
1633 1096 3568 19
1540 202 3615 19
3044 2575 3795 19
3042 2652 3767 19
2918 3462 3658 19
3335 2055 3520 19
3560 2935 3561 19
1984 1982 3618 19
2350 3556 3582 19
1087 1488 3585 19
3461 3459 3462 19
2021 3889 3941 19
2269 3442 3724 19
1901 3335 3668 19
1631 1088 3585 19
2522 3266 3988 19
2520 2570 3829 19
2278 2276 3488 19
2600 3317 3330 19
2079 3404 3548 19
2770 2598 3454 19
1799 1801 3623 19
2744 2702 3756 19
2875 2902 3910 19
2532 3051 3863 19
2716 2739 3702 19
1809 2152 3459 19
2544 3405 3569 19
2739 2714 3711 19
3803 3037 3848 19
2046 1852 3720 19
3292 1542 3738 19
3464 2660 3715 19
2704 2744 3752 19
1698 1700 3476 19
3626 3063 3680 19
3520 2055 3524 19
2557 2561 3610 19
1560 3317 3386 19
3329 1641 3350 19
2722 2720 3576 19
2619 2892 3831 19
2460 2458 3583 19
3527 1662 3696 19
1720 1723 3442 19
1771 1773 3486 19
1636 3339 3490 19
1655 3302 3703 19
2726 2796 3693 19
2658 3064 3808 19
2777 3522 3998 19
3201 3200 3750 19
2512 2514 3487 19
3404 2849 3548 19
2949 3539 3908 19
1811 1813 3560 19
2386 2538 3589 19
3421 3118 3978 19
2131 1805 3461 19
3886 2040 3912 19
3741 2896 3885 19
1161 1652 3537 19
1606 3240 3986 19
1469 1162 3537 19
2849 2594 3548 19
2940 3955 3968 19
1808 1806 3841 19
2111 3444 3836 19
2415 2287 3534 19
3507 2230 3666 19
3415 2630 3770 19
1112 1111 3633 19
3061 2733 3866 19
2856 2605 3891 19
2150 1698 3476 19
1890 1888 3689 19
1727 2147 3480 19
2114 1853 3553 19
3088 1539 3681 19
3031 3028 3839 19
3219 2855 3566 19
2310 2308 3608 19
2610 2612 3669 19
2462 2460 3549 19
2058 3631 3776 19
3327 1641 3328 19
3342 2526 3851 19
3349 2316 3481 19
1691 1693 3482 19
3428 2488 3822 19
3396 2462 3549 19
3130 2946 3630 19
1639 3347 3533 19
3632 2537 3662 19
2550 3598 3615 19
1562 3017 3968 19
1978 1976 3644 19
3623 2916 3799 19
1643 3352 3431 19
3240 3239 3594 19
1543 2877 3725 19
3183 2534 3685 19
3219 3566 3721 19
3125 2073 3860 19
2302 2853 3497 19
3358 1642 3370 19
3013 1554 3956 19
2506 2508 3513 19
1590 3181 3974 19
3359 1476 3360 19
1761 1763 3504 19
3128 2293 3588 19
3018 1582 3984 19
2152 1811 3560 19
3335 2641 3668 19
1785 2160 3470 19
3081 1544 3758 19
3064 2670 3765 19
2757 2755 3956 19
2396 2394 3598 19
1683 1685 3492 19
3038 2080 3786 19
2582 3120 3951 19
2412 2639 3703 19
2607 2856 3943 19
3645 2331 3698 19
2448 2451 3983 19
3348 1651 3349 19
1474 3365 3366 19
1553 3670 3755 19
2712 3385 3711 19
1987 1989 3632 19
3149 3963 3979 19
3047 2599 3999 19
3647 2542 3857 19
1932 1930 3809 19
3383 2706 3752 19
3826 1583 3891 19
1111 1482 3633 19
1679 1681 3499 19
1717 2167 3484 19
2835 2837 3718 19
1638 1112 3633 19
2011 3887 3971 19
1480 3346 3498 19
235 1556 3764 19
2141 3144 3818 19
1648 3371 3506 19
2720 2718 3602 19
2698 2696 3600 19
1829 1831 3802 19
2450 2599 3821 19
1807 3459 3461 19
3364 1469 3519 19
3488 2437 3503 19
2642 3073 3959 19
2734 2732 3605 19
2406 2404 3626 19
2559 3610 3930 19
3432 1598 3895 19
1649 3374 3619 19
3376 1649 3377 19
2559 2557 3610 19
3055 1908 4001 19
3062 2532 3833 19
1652 3381 3394 19
194 195 3664 19
2533 3099 3929 19
2403 3164 3673 19
2202 3128 3588 19
2780 3248 3678 19
2556 2248 3554 19
3144 2988 3544 19
2057 3354 3555 19
3328 3329 3517 19
1793 1795 3577 19
3056 2785 3881 19
3149 1587 3963 19
2732 3508 3605 19
2962 3367 3772 19
2510 2562 3478 19
2621 3907 3926 19
3706 2738 3746 19
1638 3276 3840 19
1900 1898 3731 19
2408 3590 3858 19
3276 1481 3840 19
3393 2729 3468 19
2296 2294 3567 19
3508 2730 3613 19
2410 3074 3889 19
1710 1713 3465 19
2730 2728 3613 19
3395 2008 3586 19
2325 2312 3639 19
1535 999 3596 19
1587 3141 3932 19
2537 2341 3662 19
1751 1753 3518 19
1906 2065 3746 19
1533 3248 3572 19
3863 3051 3926 19
1492 3312 3844 19
2363 2364 3469 19
2238 2817 3611 19
3385 2737 3559 19
3099 2566 3964 19
2335 2333 3643 19
2105 1793 3577 19
2066 3383 3752 19
2590 2663 3782 19
2276 2437 3488 19
2994 2736 3938 19
1773 2208 3486 19
2514 3334 3487 19
197 198 3676 19
3802 3031 3898 19
2201 2202 3588 19
2578 3191 3684 19
3069 2568 3897 19
3270 2155 3958 19
3470 3471 3634 19
3889 3074 3941 19
2327 2325 3649 19
2370 2355 3642 19
2234 3216 3467 19
2527 3453 3511 19
2642 3959 3996 19
2152 3560 3561 19
2117 2975 3684 19
2522 3058 3859 19
2133 1771 3486 19
2877 2897 3785 19
3279 2506 3513 19
2562 2512 3487 19
3239 1530 3594 19
3466 1869 3701 19
1689 1694 3640 19
278 279 3707 19
2037 3428 3822 19
2821 3464 3855 19
3095 1600 3989 19
2638 3085 4004 19
2782 3270 3958 19
2741 2684 3631 19
2325 3639 3649 19
3179 2269 3724 19
2295 2637 3493 19
1763 2207 3504 19
3605 2925 3962 19
1700 1703 3476 19
3546 2857 3627 19
2692 2690 3970 19
1694 1691 3482 19
2494 2319 3972 19
3423 2609 3943 19
3266 2522 3859 19
3670 1553 3883 19
3612 2538 3641 19
2021 1963 3656 19
2091 3628 3906 19
3157 3982 3987 19
993 992 3678 19
3620 1694 3909 19
2599 2449 3719 19
2775 2773 3628 19
2062 3055 3815 19
223 224 3755 19
2601 3092 3931 19
1548 3149 3979 19
3576 2720 3602 19
1697 2477 3482 19
3397 2775 3628 19
2959 2957 3923 19
3157 1548 3982 19
3832 2048 3893 19
2149 1761 3504 19
2431 2429 3648 19
1895 1897 3652 19
2676 2885 3980 19
1909 1911 3660 19
2372 2370 3661 19
1548 3979 3982 19
3977 3170 3987 19
2277 3475 3922 19
3324 2054 3595 19
3848 2653 3850 19
1950 1948 3737 19
1531 982 3635 19
1883 1885 3653 19
2099 1781 3634 19
3065 2444 3817 19
2376 3681 3917 19
2658 3808 3830 19
1753 2166 3518 19
1658 890 3779 19
3549 2460 3583 19
2158 3638 3916 19
3340 3653 3835 19
3377 1649 3619 19
3559 2737 3617 19
2930 2873 3813 19
2724 2722 3646 19
3166 2664 4000 19
1508 3254 3597 19
2370 3642 3661 19
1693 1697 3482 19
1113 1638 3840 19
1875 1877 3655 19
3160 2257 3988 19
1960 1958 3742 19
2566 3089 3974 19
1481 1114 3840 19
2604 3524 3595 19
3424 2454 3723 19
1781 1783 3634 19
1623 3300 3592 19
2140 1683 3492 19
3080 2938 4005 19
3493 1569 3590 19
2475 3314 3777 19
3288 2367 3691 19
2406 3626 3680 19
1538 3418 3902 19
3437 2078 3888 19
2622 3509 3733 19
2043 1827 3898 19
2983 3769 3938 19
1502 3281 3601 19
3457 2131 3665 19
174 3118 3827 19
2057 3555 3629 19
3170 3157 3987 19
2144 1751 3518 19
3354 2056 3606 19
3281 3356 3601 19
2722 3576 3646 19
3192 2010 3675 19
1485 3333 3566 19
2742 2734 3789 19
1688 1689 3640 19
2434 3109 3856 19
1503 3202 3871 19
3174 2478 3516 19
3523 2806 3985 19
290 1660 3672 19
2538 3249 3641 19
2656 3830 3843 19
205 206 3740 19
2606 3520 3524 19
3096 2642 3996 19
1635 3332 3683 19
3254 3496 3597 19
1899 1901 3668 19
3597 2468 3751 19
2264 3407 3972 19
2536 3143 3947 19
2438 2406 3680 19
3806 1656 3978 19
3223 2740 3989 19
3011 2675 3895 19
1685 1688 3492 19
3093 2629 3939 19
2508 3478 3513 19
3385 2064 3711 19
2382 2380 3679 19
2329 2882 3698 19
1681 2140 3499 19
2745 2615 3797 19
1961 2021 3682 19
3555 2750 3629 19
1549 212 3768 19
3037 2653 3848 19
3576 2072 3646 19
2076 3387 3603 19
3915 1938 3952 19
3357 3200 3961 19
1510 3170 3977 19
2108 1799 3623 19
2653 2654 3850 19
3147 2536 3965 19
2495 3124 3880 19
1924 1922 3868 19
3591 3061 3866 19
1540 3589 3612 19
2161 1757 4003 19
2257 2522 3988 19
3000 3476 3714 19
1705 2205 3714 19
1954 1952 3790 19
2737 3383 3617 19
3148 2805 3712 19
3515 1574 3939 19
2112 3466 3607 19
2104 2158 3916 19
1783 3470 3634 19
1587 3932 3963 19
2601 3931 3934 19
2492 2743 3695 19
2401 3224 3824 19
2654 3843 3850 19
3694 1549 3749 19
1934 1932 3855 19
2656 2658 3830 19
2403 2168 3780 19
2095 3104 3479 19
1564 3550 3998 19
3573 2794 3875 19
3524 3324 3595 19
3681 2376 3865 19
3109 2533 3900 19
2613 2797 3670 19
3387 2089 3604 19
2654 2656 3843 19
3557 2544 3579 19
3292 2550 3654 19
215 216 3788 19
2847 3498 3542 19
3401 2992 4002 19
2788 2790 3564 19
3301 1629 3578 19
2278 3488 3575 19
3789 2734 3962 19
3090 3091 3887 19
2152 3561 3657 19
1737 2141 3677 19
3600 2696 3706 19
1938 1936 3952 19
2408 3493 3590 19
2516 2431 3694 19
2162 1767 3992 19
2551 3867 3940 19
1940 1938 3915 19
2813 2945 3985 19
2628 3053 3806 19
2440 2438 3717 19
2728 2726 3693 19
3553 2968 3995 19
2010 3662 3675 19
3373 2057 3629 19
2698 3600 3716 19
3051 2621 3926 19
3074 2413 3941 19
2438 3680 3717 19
3602 2718 3702 19
2431 3648 3694 19
3899 1657 3994 19
3648 2429 3705 19
2060 3424 3723 19
3143 2495 3918 19
3611 2817 3896 19
2429 2427 3705 19
3758 2423 3876 19
2301 3497 3892 19
3316 1491 3581 19
3613 2728 3693 19
3297 3473 3647 19
2718 2716 3702 19
3302 3301 3578 19
3105 2624 3864 19
2848 3397 3628 19
2696 2694 3706 19
1552 3423 3943 19
1517 3203 3699 19
3820 2580 3921 19
3192 3675 3730 19
2660 2657 3715 19
2033 3192 3730 19
2414 2645 3773 19
3094 2601 3934 19
2851 2852 3853 19
220 221 3874 19
1628 3316 3622 19
1494 3307 3905 19
2530 2640 3710 19
2714 2712 3711 19
1584 3648 3705 19
3318 1560 3584 19
2700 2698 3716 19
3227 1658 3779 19
1622 3297 3647 19
3963 3156 3979 19
1734 1737 3677 19
2664 3146 4000 19
3508 2075 3605 19
3124 2434 3842 19
2990 2991 3878 19
2661 2821 3726 19
2906 3508 3613 19
3407 3186 3972 19
1491 3314 3581 19
3794 3663 3950 19
2079 3548 3782 19
2419 2417 3738 19
3200 2827 3961 19
2573 2571 3745 19
3555 3354 3606 19
2764 2829 3960 19
3548 2592 3782 19
2790 3573 3574 19
3929 3099 3964 19
2563 2239 3810 19
2956 1575 3901 19
1629 3514 3578 19
3172 2764 3960 19
2317 2197 3935 19
2761 3707 3770 19
2795 3219 3637 19
2112 3607 3704 19
2536 3947 3965 19
2940 3410 3955 19
2547 2545 3722 19
2039 3695 3736 19
2436 3172 3960 19
3598 1540 3615 19
3445 2475 3777 19
3322 1489 3651 19
1483 3563 3846 19
2454 2452 3723 19
1979 1981 3800 19
2839 3466 3701 19
3408 2582 3951 19
2892 2620 3813 19
3745 3039 3832 19
3422 2788 3564 19
3793 3001 3886 19
2050 3726 3809 19
3240 2742 3967 19
2917 2918 3933 19
2324 3147 3977 19
1533 3572 3690 19
1489 3321 3651 19
2923 3576 3602 19
3141 1658 3925 19
3454 2087 3975 19
3282 1502 3791 19
3215 2643 3771 19
1894 3559 3617 19
160 3227 3779 19
3304 1525 3997 19
2518 2516 3749 19
3600 2947 3716 19
3514 3318 3584 19
3589 2538 3612 19
2779 2777 3998 19
2803 3688 3734 19
2706 2704 3752 19
2516 3694 3749 19
3412 2114 3953 19
3560 1813 3778 19
2702 2700 3756 19
1869 3341 3701 19
3250 1533 3690 19
1560 3386 3584 19
2630 2209 3770 19
3265 2562 3973 19
3839 2043 3898 19
945 1599 3769 19
3492 1688 3621 19
3401 2144 3858 19
2846 3156 3963 19
3143 3918 3947 19
1594 3194 3766 19
3321 3320 3685 19
2482 2442 3792 19
2898 3161 3982 19
2561 2556 3762 19
3479 2635 3627 19
3674 1914 3729 19
1979 3800 3838 19
3343 1483 3846 19
1977 1979 3838 19
2741 3674 3729 19
3982 3161 3987 19
3183 3319 3728 19
2324 3977 3987 19
3326 1634 3667 19
3900 2533 3929 19
2682 2680 3776 19
3749 1549 3768 19
3648 3054 3694 19
1517 3699 3767 19
2059 3373 3692 19
2484 2482 3811 19
1731 3564 3574 19
3280 1503 3871 19
3451 1656 3806 19
3156 2898 3979 19
1642 3355 3616 19
1497 3450 3872 19
3699 3203 3795 19
3161 2324 3987 19
2668 2666 3793 19
3722 3040 3826 19
3979 2898 3982 19
3325 1631 3650 19
1723 3480 3724 19
2155 1677 3958 19
3206 1517 3767 19
1114 1113 3840 19
2700 3716 3756 19
2065 3600 3706 19
2488 2486 3822 19
2495 3880 3918 19
3177 1511 3842 19
3564 2790 3574 19
3475 2105 3754 19
1627 3445 3777 19
3314 3313 3777 19
2141 1739 3944 19
2770 3454 3975 19
3955 1562 3968 19
3010 3789 3962 19
3305 1495 3671 19
2477 2479 3909 19
3651 3321 3890 19
3380 1650 3663 19
3320 1630 3685 19
1598 3212 3763 19
2573 3745 3832 19
3212 1520 3765 19
3603 3387 3604 19
3065 3817 3867 19
2482 3792 3811 19
2476 3611 3896 19
1589 3177 3856 19
1500 3285 3686 19
2819 2846 3932 19
925 924 3949 19
2651 2650 3936 19
3651 2829 3697 19
2589 3408 3946 19
3467 3465 3759 19
1511 3175 3880 19
3337 1635 3683 19
3177 3842 3856 19
2738 3970 4001 19
3856 3109 3900 19
3842 1511 3880 19
3433 1745 4002 19
3462 3459 3657 19
1973 1975 3928 19
3194 1515 3817 19
1651 3364 3624 19
3846 2581 3873 19
3370 1642 3616 19
1522 947 3825 19
3766 3194 3817 19
3203 1595 3795 19
2479 3174 3923 19
2646 2573 3832 19
3545 2539 3877 19
2975 2578 3684 19
3175 1588 3918 19
1640 3345 3914 19
3484 2402 3759 19
1508 3597 3751 19
2592 2590 3782 19
3290 2132 3774 19
1476 3361 3688 19
2565 2393 3834 19
3880 3175 3918 19
3124 3842 3880 19
1588 3169 3947 19
1594 3766 3833 19
3336 2741 3729 19
3169 1510 3965 19
1589 3856 3900 19
3461 3462 3665 19
2903 3271 3948 19
3480 3179 3724 19
3176 1589 3900 19
2576 3506 3798 19
2754 3340 3835 19
3842 2434 3856 19
3360 1476 3688 19
1703 1705 3714 19
3518 2408 3858 19
2374 2560 3865 19
3918 1588 3947 19
2911 2378 3917 19
3947 3169 3965 19
3022 2472 3786 19
3270 2782 3784 19
3196 1594 3833 19
1965 1967 3971 19
2524 2520 3829 19
3303 1623 3713 19
2547 3722 3826 19
3349 1651 3624 19
2315 2644 3797 19
3398 2112 3704 19
3766 3062 3833 19
2575 3699 3795 19
1512 3176 3929 19
2759 2757 3801 19
3364 3519 3624 19
3496 2466 3597 19
3621 1688 3640 19
2892 3441 3976 19
3146 2109 4000 19
3316 3581 3622 19
2603 2547 3826 19
3176 3900 3929 19
3763 3212 3765 19
1632 3322 3697 19
3381 1470 3700 19
1623 3592 3713 19
3932 2846 3963 19
2678 2676 3980 19
3058 2101 3859 19
1515 3190 3867 19
3628 2773 3906 19
3699 3042 3767 19
2599 3719 3720 19
2452 2450 3821 19
3817 1515 3867 19
2065 3706 3746 19
2526 2524 3851 19
2017 1957 3966 19
3181 1512 3964 19
2648 2646 3893 19
2421 2602 3876 19
3441 3262 3976 19
3394 3381 3700 19
3476 1703 3714 19
3358 3370 3750 19
1512 3929 3964 19
2671 2668 3886 19
3459 2152 3657 19
3224 2403 3673 19
2615 3542 3797 19
223 3755 3814 19
2668 3793 3886 19
2168 2269 3780 19
3260 1508 3751 19
2444 3766 3817 19
3118 3421 3827 19
2748 3555 3606 19
3970 3055 4001 19
2416 2414 3773 19
2498 2496 3783 19
3373 3629 3692 19
2646 3832 3893 19
2924 3280 3871 19
1694 3482 3909 19
1831 2118 3802 19
3723 2452 3821 19
2629 3515 3939 19
3755 2797 3814 19
2738 2692 3970 19
3465 1713 3759 19
2262 2130 3666 19
2673 2671 3912 19
1468 3481 3849 19
2449 3416 3719 19
3190 1591 3940 19
2131 3461 3665 19
1495 3303 3739 19
3446 2111 4005 19
3867 3190 3940 19
1620 3294 3727 19
3607 2842 3704 19
3514 2412 3578 19
2524 3829 3851 19
3084 2261 3785 19
3238 2956 3708 19
3333 1633 3721 19
3592 3300 3787 19
2605 2603 3891 19
3566 3333 3721 19
2130 3507 3666 19
1474 3366 3772 19
1643 3431 3845 19
3506 3371 3798 19
2749 2747 3883 19
2564 3616 3807 19
3442 1723 3724 19
2671 3886 3912 19
2209 2761 3770 19
2108 3623 3799 19
1656 3421 3978 19
3581 2817 3622 19
2562 3487 3973 19
2814 3753 3805 19
3421 173 3827 19
2603 3826 3891 19
3683 2792 3732 19
2867 2870 3870 19
2870 2872 3879 19
1713 3484 3759 19
2644 3378 3945 19
2402 3467 3759 19
2402 2401 3824 19
2843 2841 3927 19
1551 3710 3748 19
3572 2447 3690 19
1813 3406 3778 19
2609 2607 3943 19
2741 3631 3674 19
3322 3651 3697 19
2670 3763 3765 19
1484 3337 3732 19
1477 3358 3750 19
2834 2759 3913 19
1625 3309 3760 19
2690 3815 3970 19
3509 3003 3733 19
2502 3290 3774 19
3172 2435 3816 19
3319 1490 3728 19
3361 1644 3734 19
3482 2477 3909 19
2953 3637 3930 19
2785 3794 3950 19
2023 3645 3698 19
3450 3066 3872 19
3407 2366 3757 19
2829 3651 3890 19
2758 3603 3604 19
2773 2771 3906 19
1827 1829 3898 19
3550 2779 3998 19
3053 3451 3806 19
3370 3201 3750 19
2759 3801 3913 19
3487 1777 3973 19
3473 2541 3647 19
3313 1627 3777 19
3542 2315 3797 19
1178 1659 3911 19
3741 3282 3791 19
3172 3816 3862 19
2625 2306 3696 19
2499 3394 3700 19
2797 3423 3814 19
2319 2264 3972 19
2073 3430 3860 19
3671 1495 3739 19
1613 3264 3804 19
2935 3560 3778 19
3179 2301 3892 19
1622 3647 3857 19
2937 2940 3968 19
2144 3518 3858 19
3430 3214 3860 19
3300 1496 3787 19
2306 3527 3696 19
3303 3713 3739 19
2556 3554 3762 19
3534 2133 3904 19
2105 3577 3754 19
1507 3259 3831 19
3345 3275 3914 19
3599 1645 3753 19
1611 3260 3854 19
3870 2870 3879 19
3764 2843 3927 19
1600 3223 3989 19
2992 3433 4002 19
1628 3622 3942 19
3337 3683 3732 19
3473 1497 3872 19
3260 3751 3854 19
2663 2589 3946 19
1645 3363 3753 19
3371 1473 3798 19
1735 3573 3875 19
2794 2953 3875 19
1500 3686 3869 19
3571 299 3911 19
3355 1478 3807 19
3229 2824 3997 19
2479 3620 3909 19
2086 3414 3796 19
1525 3229 3997 19
3367 1474 3772 19
3688 3361 3734 19
3504 2416 3919 19
3516 2630 3990 19
3259 1611 3894 19
3616 3355 3807 19
3299 1622 3857 19
3581 3314 3896 19
1470 3380 3812 19
3291 1500 3869 19
2622 3733 3993 19
3144 3544 3818 19
1739 1741 3944 19
3567 2149 3919 19
3363 1475 3805 19
3544 2433 3818 19
2433 3544 3819 19
3283 1617 3885 19
3305 3671 3969 19
3031 3802 3991 19
3801 3006 3913 19
3590 1569 3878 19
3380 3663 3812 19
1502 3601 3791 19
3486 2498 3904 19
1614 3272 3910 19
3503 2437 3861 19
2619 3831 3894 19
3719 2046 3720 19
3526 2819 3925 19
3695 2743 3736 19
3416 2494 3882 19
1569 3493 3775 19
3575 1566 3853 19
3670 2797 3755 19
3700 1470 3812 19
1632 3697 3920 19
3733 2623 3993 19
3831 3259 3894 19
3271 1614 3948 19
1611 3854 3894 19
3262 1507 3976 19
1659 3571 3911 19
3353 1643 3845 19
3816 2090 3862 19
3710 2640 3748 19
3663 1650 3950 19
3022 3786 3852 19
2501 3663 3794 19
2817 3581 3896 19
2618 3437 3888 19
1507 3831 3976 19
2632 3671 3739 19
3323 1632 3920 19
3719 3416 3882 19
2958 3621 3640 19
3315 1628 3942 19
3493 2637 3775 19
3350 1468 3849 19
3375 1471 3881 19
3330 1538 3902 19
1624 3305 3969 19
2085 3870 3879 19
3594 1530 3866 19
1614 3910 3948 19
2021 3656 3889 19
3753 3363 3805 19
3031 3839 3898 19
1473 3369 3921 19
3794 2783 4006 19
3658 1563 3933 19
3734 1644 3961 19
3088 3681 3865 19
1531 3635 3828 19
1745 3472 4002 19
2852 3575 3853 19
1644 3357 3961 19
3887 3091 3971 19
1650 3375 3950 19
3686 2768 3869 19
3681 1539 3917 19
3798 1473 3921 19
3682 2021 3941 19
3925 2819 3932 19
3622 2816 3942 19
2991 3590 3878 19
3726 2821 3809 19
2133 3486 3904 19
1535 3596 3903 19
3141 3925 3932 19
2059 3692 3835 19
2829 3890 3960 19
2149 3504 3919 19
3671 2631 3969 19
2734 3605 3962 19
3831 2892 3976 19
2114 3553 3995 19
3329 3350 3849 19
2046 3719 3882 19
2600 3330 3902 19
2599 3720 3999 19
3081 3758 3876 19
3375 3881 3950 19
2945 3523 3985 19
3697 2828 3920 19
3910 2902 3948 19
3786 2080 3852 19
2742 3789 3967 19
2587 3741 3791 19
3663 2501 3812 19
2262 3666 3884 19
2918 3658 3933 19
3823 2678 3980 19
3890 2436 3960 19
3789 2191 3967 19
3610 2103 3930 19
2827 3734 3961 19
3769 1599 3938 19
3746 2738 4001 19
3475 3754 3922 19
3802 2118 3991 19
3881 2785 3950 19
3815 3055 3970 19
2061 3823 3980 19
3754 2920 3922 19
2501 3794 4006 19
4872 6536 6538 19
6495 5051 6497 19
5452 5399 5936 19
6387 5175 6388 19
6229 6230 6790 19
4106 5983 5985 19
839 840 4422 19
4912 6540 7681 19
1049 4213 5518 19
5536 4245 5538 19
4279 5533 5535 19
6230 4814 6790 19
4872 6538 6539 19
4106 5985 5986 19
5050 6464 6466 19
5251 5253 6373 19
6310 4719 6312 19
5605 4355 6777 19
4356 5604 6779 19
6439 5028 7639 19
5026 5028 6439 19
4383 5605 6777 19
5604 4384 6779 19
6540 6542 7681 19
4041 6105 6107 19
4212 5452 5936 19
6340 4185 6942 19
6942 4185 7101 19
5052 5124 5942 19
933 4057 5971 19
5732 4241 5733 19
6464 5050 6465 19
5905 4122 5907 19
6638 6827 7645 19
504 505 7280 19
4792 4790 7091 19
6638 5308 6827 19
4719 6310 6313 19
5725 5724 6954 19
5911 4188 5912 19
5498 4248 5578 19
5725 6954 7201 19
5062 5060 7042 19
6371 5251 6373 19
1129 1130 4393 19
1419 1418 4394 19
6497 5051 6499 19
5907 4122 6910 19
6388 5175 6389 19
420 421 5541 19
6342 5217 7674 19
588 589 5568 19
4359 6990 7123 19
6989 4360 7122 19
5219 5217 6342 19
4800 6589 6592 19
6990 4387 7123 19
4388 6989 7122 19
6438 6939 7538 19
4225 6048 6049 19
5452 4212 5454 19
5538 4245 5567 19
4206 5768 7677 19
4039 6110 6112 19
4022 6991 7536 19
6105 4041 6117 19
4213 5491 5518 19
5932 4176 6979 19
6589 4800 6591 19
5500 5498 5578 19
4383 4359 5605 19
4360 4384 5604 19
932 933 5971 19
1160 1161 7514 19
1450 1449 7515 19
4359 4383 6990 19
4384 4360 6989 19
4186 6874 7496 19
6019 4024 6881 19
5249 5251 6371 19
5377 6991 7124 19
5410 5377 7124 19
5768 4206 5770 19
5372 5932 6979 19
5057 5054 7333 19
5733 4241 5734 19
5266 6361 6373 19
4800 6592 6723 19
4126 5908 7189 19
5867 4134 5868 19
5908 4126 7287 19
6443 5048 7199 19
5048 6443 7248 19
6493 4792 7091 19
6385 5062 7042 19
5922 4094 5927 19
4057 5969 5971 19
7231 6315 7270 19
5446 7231 7270 19
5685 6739 7774 19
6745 5721 7773 19
4111 503 6469 19
6347 4181 7252 19
4364 4392 7212 19
4391 4363 7213 19
7252 4181 7298 19
7170 4190 7232 19
4392 4364 7259 19
4363 4391 7260 19
950 951 7010 19
5379 7170 7232 19
6939 5034 7538 19
4026 5418 5420 19
871 872 7515 19
317 318 7514 19
6110 4039 7318 19
5912 4188 5913 19
6373 6361 7382 19
6442 5034 6939 19
5983 4106 6982 19
5866 4134 5867 19
4185 5389 7101 19
5034 6442 7099 19
6991 5377 7536 19
5389 4185 7200 19
4794 4792 6493 19
6727 6624 7214 19
4390 839 4422 19
7186 6573 7240 19
7229 6413 7274 19
7305 5672 7348 19
5059 7229 7274 19
951 952 5986 19
4316 7305 7348 19
4929 7186 7240 19
5064 5062 6385 19
6365 6058 7225 19
5927 4094 6835 19
5708 7302 7346 19
7302 4315 7346 19
6442 6443 7099 19
6419 4976 7709 19
4978 4976 6419 19
6417 7053 7494 19
7099 6443 7199 19
759 760 5497 19
951 5986 7010 19
4279 5535 5541 19
5372 6979 7211 19
7210 5676 7258 19
5712 7206 7257 19
4312 7210 7258 19
5043 5041 6389 19
6307 4724 6308 19
6981 5680 7116 19
7206 4311 7257 19
5454 4212 5497 19
5908 5907 6910 19
5716 6973 7112 19
1048 1049 5518 19
4029 6151 6152 19
5915 5372 7211 19
6559 7040 7474 19
6562 4753 7721 19
4308 6981 7116 19
4275 5529 5531 19
4755 4753 6562 19
6973 4307 7112 19
4144 6392 6403 19
7226 6555 7272 19
5908 6910 7189 19
5054 5052 5942 19
6592 5145 6723 19
6063 5501 6064 19
4932 7226 7272 19
6726 6624 6727 19
6540 4912 7453 19
6347 5389 7200 19
4724 6307 6839 19
6048 4225 6066 19
5071 4794 6493 19
4303 5716 5717 19
5389 6347 7252 19
6338 5346 6874 19
5680 4304 5681 19
4180 5997 7304 19
6469 504 7280 19
5997 4180 7398 19
7355 6326 7405 19
422 423 5542 19
4802 7355 7405 19
6548 4946 7358 19
4946 6548 7407 19
5346 6338 7054 19
6739 5685 6740 19
5721 6745 6746 19
5716 4303 6973 19
5770 4206 6971 19
4304 5680 6981 19
6874 5346 7496 19
4236 5494 7320 19
5494 4236 7367 19
5645 4339 7048 19
7267 6305 7312 19
4216 588 5568 19
4340 5634 7047 19
5495 5402 7362 19
5495 7362 7411 19
4718 7267 7312 19
7026 6301 7151 19
5928 7150 7268 19
4029 6149 6151 19
5234 5064 6385 19
910 911 6881 19
6308 4724 6313 19
4713 7026 7151 19
6338 4190 7054 19
5511 5456 7069 19
5646 4305 6746 19
5533 4279 5542 19
7150 4098 7268 19
4306 5635 6740 19
7054 4190 7170 19
1131 1132 4401 19
1421 1420 4402 19
4212 759 5497 19
4387 4363 7123 19
4364 4388 7122 19
6409 5070 7361 19
5054 5942 7333 19
6114 6112 7470 19
5070 6409 7409 19
4363 4387 7213 19
4388 4364 7212 19
5366 5770 6971 19
6310 6308 6313 19
1419 4394 4420 19
4393 1130 4419 19
6270 6727 7214 19
5145 6592 6594 19
6403 6392 7401 19
5253 5266 6373 19
6491 5071 6493 19
347 348 4419 19
841 842 4420 19
952 4106 5986 19
6489 5071 6491 19
6574 6573 7073 19
5868 5075 6044 19
6624 6726 6728 19
4309 5643 5644 19
6307 6301 6839 19
5075 5868 5870 19
5632 4310 5633 19
1455 877 4404 19
6383 5234 6384 19
4067 6268 6269 19
4319 5704 7392 19
7352 4270 7476 19
7073 6573 7186 19
5704 4319 7436 19
4269 7353 7475 19
5668 4320 7396 19
5731 5730 7390 19
5574 5983 6982 19
4320 5668 7438 19
5731 7390 7482 19
6839 6301 7026 19
5418 4026 5516 19
5501 6063 6065 19
5138 5139 6068 19
4368 4396 7307 19
4395 4367 7308 19
4283 420 5541 19
421 4279 5541 19
4396 4368 7349 19
4367 4395 7350 19
6151 6021 6152 19
5175 5043 6389 19
4152 5725 7201 19
6384 5234 6385 19
840 4394 4422 19
5968 4053 7230 19
4684 4682 6728 19
465 466 6372 19
7300 4210 7395 19
934 935 5973 19
7053 5047 7494 19
5267 5249 6371 19
6739 4336 7774 19
4335 6745 7773 19
5725 4152 7299 19
4885 4887 7194 19
6414 6413 7166 19
6111 6126 7470 19
6126 6111 7492 19
5928 5927 6835 19
6148 4033 6846 19
5949 4202 7354 19
5519 7300 7395 19
5145 6594 6595 19
6144 7317 7477 19
4202 5949 7593 19
6414 5047 7053 19
5069 6929 7084 19
4805 4803 7180 19
7166 6413 7229 19
4053 5968 7680 19
5969 4057 5972 19
5124 5941 5942 19
5366 6971 7207 19
5047 6414 7166 19
4394 1418 4422 19
4102 6073 7447 19
5084 5082 7141 19
7040 4913 7474 19
6073 4102 7544 19
5643 5645 7048 19
1129 4393 4421 19
5634 5632 7047 19
5928 6835 7150 19
5683 7352 7476 19
5049 5987 6884 19
6554 6555 7159 19
591 592 6903 19
6149 4029 7006 19
5075 5870 5871 19
6554 4913 7040 19
7353 5719 7475 19
4268 5511 7069 19
5238 6692 6693 19
6104 7000 7095 19
6152 6021 6881 19
503 504 6469 19
4222 7340 7590 19
7159 6555 7226 19
5753 5366 7207 19
4913 6554 7159 19
4275 5531 5542 19
5867 5868 6044 19
4196 5395 7410 19
589 4026 5568 19
7010 6899 7544 19
4161 5506 6776 19
4024 6019 7632 19
5395 4196 7455 19
6284 4740 7495 19
550 551 7044 19
4740 6284 7532 19
6337 4236 7275 19
7340 5450 7590 19
4307 5712 7112 19
4152 5730 7299 19
1159 1160 7573 19
1449 1448 7574 19
6749 6315 7231 19
6370 5267 6371 19
5936 5399 7754 19
5676 4308 7116 19
4225 6049 6050 19
5511 4268 5513 19
7275 4236 7320 19
4067 6267 6268 19
5559 4253 5561 19
5175 6387 7042 19
5516 591 6903 19
6464 4111 6469 19
4069 7383 7605 19
7383 5401 7605 19
5712 4307 7206 19
5730 4152 7390 19
4308 5676 7210 19
6976 5468 7039 19
6147 6149 7006 19
5267 6370 6372 19
424 425 5553 19
4253 5559 5567 19
6092 7331 7429 19
6446 5048 7248 19
4181 5408 7298 19
590 591 5516 19
5051 6495 7091 19
5402 4123 7362 19
7276 1350 7499 19
911 6152 6881 19
5557 5069 7084 19
6059 4870 6237 19
6058 6365 7548 19
7000 4045 7095 19
5643 4309 5645 19
4310 5632 5634 19
5408 4181 7338 19
5048 6446 7297 19
5060 5175 7042 19
4391 4367 7260 19
4368 4392 7259 19
5089 4807 6487 19
960 7296 7412 19
5559 5538 5567 19
6104 6105 6117 19
4790 5051 7091 19
4271 5525 5527 19
6304 6305 7222 19
7317 6119 7477 19
6526 4958 7497 19
6230 4855 7528 19
4323 5700 7483 19
4123 5402 7629 19
870 871 7574 19
318 319 7573 19
7331 4049 7429 19
7373 5207 7596 19
4958 6526 7540 19
4367 4391 7308 19
4392 4368 7307 19
5664 4324 7484 19
4855 6230 7578 19
6315 6749 7710 19
5700 4323 7522 19
5561 4253 7090 19
5987 6899 7010 19
5529 4275 5553 19
5506 4161 6375 19
4324 5664 7523 19
549 550 6596 19
4026 5420 5568 19
4402 1420 4420 19
1131 4401 4419 19
7222 6305 7267 19
5562 5564 7561 19
4743 6217 7365 19
5562 7561 7603 19
5491 4213 6936 19
5891 5268 7083 19
4041 6107 6108 19
5997 7398 7487 19
6596 550 7044 19
4279 422 5542 19
423 4275 5542 19
6104 6117 7000 19
6351 5408 7338 19
4017 5448 7389 19
4372 4398 7399 19
4397 4371 7400 19
6021 6019 6881 19
1421 4402 4424 19
4401 1132 4423 19
5290 5086 6382 19
5408 6351 7391 19
5768 5769 7677 19
5448 4017 7434 19
4398 4372 7439 19
4371 4397 7440 19
5998 5997 7487 19
6304 4713 7151 19
6936 4213 7197 19
6148 6846 7317 19
345 346 4423 19
843 844 4424 19
6217 4743 7640 19
6410 6409 7319 19
5077 5574 5982 19
6349 7373 7596 19
6337 5379 7232 19
5861 5862 7379 19
6727 6270 7221 19
6405 5081 7503 19
5088 4883 5558 19
6147 7006 7216 19
6487 4805 7180 19
7319 6409 7361 19
6642 4035 7481 19
4713 6304 7222 19
5081 6405 7547 19
5543 5238 6693 19
6382 5084 7141 19
4180 5915 7211 19
7481 4035 7521 19
5379 6337 7275 19
7289 5201 7465 19
6263 6267 6614 19
7424 5945 7541 19
6485 5089 6487 19
1133 1134 4409 19
1423 1422 4410 19
4102 950 7010 19
5861 7379 7467 19
4076 549 6596 19
5643 5641 5644 19
6118 4621 6210 19
5645 5646 6746 19
5635 5634 6740 19
5630 5632 5633 19
5634 4340 6740 19
5319 5138 6068 19
6118 6210 7477 19
4339 5645 6746 19
4188 5911 7734 19
4807 4805 6487 19
5507 5506 6375 19
6549 6548 7316 19
5540 6936 7197 19
4401 347 4419 19
842 4402 4420 19
348 4393 4419 19
4394 841 4420 19
6468 4107 7084 19
7360 4630 7530 19
5086 5084 6382 19
5915 4180 7304 19
4898 4896 5871 19
6355 6356 7552 19
7316 6548 7358 19
7322 6472 7368 19
6148 6147 7216 19
7552 6356 7597 19
5468 5733 5734 19
6270 6268 7221 19
4305 5721 6746 19
5685 4306 6740 19
6579 4929 7240 19
4199 6976 7039 19
6112 6111 7470 19
5987 5985 6884 19
7322 4950 7478 19
7215 5319 7336 19
6381 5290 6382 19
5468 5734 7039 19
6472 4116 7368 19
6929 6468 7084 19
4026 590 5516 19
6595 4076 6596 19
7174 4619 7321 19
4929 6579 7286 19
4682 4799 6728 19
6726 4684 6728 19
5563 5561 7090 19
4796 6365 7225 19
466 4161 6372 19
6370 465 6372 19
5513 4268 5569 19
5155 5093 5610 19
505 4107 7280 19
5319 6068 7336 19
5558 4885 7194 19
7277 4857 7313 19
7277 5974 7551 19
7437 5144 7563 19
4148 6388 6389 19
4103 5508 5555 19
6066 4019 6067 19
4024 910 6881 19
4172 7424 7541 19
5641 4343 5642 19
5139 6067 6068 19
5924 7539 7601 19
4057 934 5973 19
4344 5630 5631 19
5509 7203 7301 19
6372 4161 6776 19
6622 6728 7781 19
5291 5155 5610 19
4126 5862 7287 19
5889 7276 7499 19
5941 5940 7648 19
5486 4261 7325 19
1016 1017 5913 19
7228 4934 7351 19
4188 1016 5913 19
509 510 5554 19
5941 7648 7740 19
633 634 6269 19
6544 4841 7580 19
7217 4709 7356 19
5217 5323 7674 19
4110 5572 5573 19
4841 6544 7620 19
5294 6346 7604 19
4271 5527 5553 19
4311 5708 7257 19
901 902 6066 19
5563 7090 7244 19
4896 5075 5871 19
7223 4828 7337 19
4327 5696 7567 19
6288 4789 7617 19
6346 5294 7618 19
5672 4312 7258 19
5574 5077 5983 19
6264 4842 6265 19
5660 4328 7571 19
4789 6288 7661 19
5497 760 7069 19
4017 5450 7340 19
5696 4327 7607 19
5862 4126 7379 19
634 4067 6269 19
4328 5660 7609 19
4130 5861 7467 19
5708 4311 7302 19
5319 7215 7310 19
5921 942 7364 19
4312 5672 7305 19
4015 6056 6057 19
5450 4017 7389 19
7539 4090 7601 19
7203 4251 7301 19
4250 5520 7546 19
6336 7437 7563 19
5861 4130 7557 19
7296 5896 7412 19
5268 5913 7083 19
4395 4371 7350 19
4372 4396 7349 19
5456 5497 7069 19
6410 5059 7274 19
1456 878 4399 19
311 1167 4400 19
5520 4250 7592 19
1167 311 4403 19
6594 4076 6595 19
1423 4410 4414 19
4409 1134 4413 19
7193 5194 7341 19
6048 6066 6067 19
6429 7579 7600 19
4164 5543 6693 19
7579 5056 7600 19
7168 5281 7342 19
6108 6110 7318 19
4371 4395 7400 19
4396 4372 7399 19
4347 5638 5640 19
5627 4348 5629 19
5059 6410 7319 19
4275 424 5553 19
425 4271 5553 19
7564 6241 7583 19
5974 5975 7551 19
5028 5033 7639 19
7242 5959 7283 19
5973 935 7765 19
7406 5403 7502 19
6353 5283 7457 19
6333 7360 7530 19
6234 4622 7655 19
4376 4408 7485 19
4407 4375 7486 19
5268 5912 5913 19
897 6055 7678 19
343 344 4413 19
845 846 4414 19
4343 5641 5643 19
4622 6234 7700 19
5630 4344 5632 19
5525 4271 5566 19
5609 5291 5610 19
7072 4584 7236 19
6262 4842 6264 19
6549 4932 7272 19
6406 6405 7451 19
5283 6353 7509 19
4408 4376 7526 19
4375 4407 7527 19
6622 6624 6728 19
6505 5036 7624 19
468 469 6376 19
6583 5401 7383 19
5508 4103 5554 19
7215 4047 7310 19
5320 6320 7568 19
4410 1422 4424 19
1133 4409 4423 19
4192 5891 7083 19
5036 6505 7664 19
592 4012 6903 19
5899 7511 7553 19
4045 6093 7095 19
6320 5320 7602 19
426 427 5566 19
6321 4250 7505 19
1058 1059 5567 19
4184 5649 7572 19
7451 6405 7503 19
6483 5089 6485 19
5401 6583 7431 19
6827 5504 7645 19
4932 6549 7316 19
5545 4272 5547 19
7309 4920 7385 19
4261 5486 7705 19
1168 310 4400 19
879 1457 4399 19
981 7359 7386 19
7505 4250 7546 19
5987 5049 6899 19
6380 5290 6381 19
5649 4184 7656 19
4039 6112 6113 19
7202 5593 7284 19
6389 5041 7744 19
6055 897 7418 19
1037 1038 5734 19
4241 1037 5734 19
6363 7289 7465 19
4037 6050 6051 19
6267 4067 6614 19
6073 6074 7357 19
6064 5501 7764 19
4210 5753 7207 19
6359 6360 7673 19
5050 6466 6467 19
5986 5985 5987 19
6466 6464 6469 19
911 912 6152 19
912 4029 6152 19
6728 4799 7781 19
4409 345 4423 19
844 4410 4424 19
346 4401 4423 19
4402 843 4424 19
5238 5057 7333 19
7673 6360 7717 19
4241 5732 7730 19
4347 5640 5642 19
4722 7564 7583 19
5629 4348 5631 19
6527 6526 7450 19
5903 963 7446 19
4148 6389 6390 19
439 7426 7498 19
4110 5570 5572 19
4883 4885 5558 19
1454 876 4416 19
6903 4012 7075 19
5574 5572 5982 19
312 1166 4403 19
6459 6458 7545 19
5508 5088 5558 19
7508 6350 7520 19
5608 5291 5609 19
4410 845 4414 19
344 4409 4413 19
6093 4045 7245 19
5416 7490 7493 19
7450 6526 7497 19
6391 712 7704 19
6458 5035 7591 19
942 5921 7691 19
7545 6458 7591 19
5266 6360 6361 19
1381 1380 5631 19
6472 7322 7478 19
4842 6262 6906 19
6692 5238 7333 19
1091 1092 5642 19
5349 6353 7457 19
762 763 5569 19
4085 7531 7556 19
7423 1023 7512 19
4199 5509 6976 19
6073 7357 7447 19
4753 4875 7721 19
5035 6458 7630 19
4348 5627 6752 19
5638 4347 6751 19
551 4072 7044 19
7335 5104 7404 19
4267 5521 5523 19
565 7519 7533 19
6092 6093 7245 19
5753 4210 7300 19
4035 5510 7521 19
4012 5610 7075 19
6064 4032 6844 19
6056 4015 7678 19
6263 6264 6267 19
5550 5287 6812 19
712 6391 7397 19
6059 6237 7585 19
691 7516 7518 19
6108 7318 7667 19
4976 5007 7709 19
7489 6242 7510 19
5082 5234 7141 19
6290 6284 7445 19
4845 6218 7657 19
4331 5692 7646 19
5089 6483 6877 19
5510 4035 7569 19
5507 6375 6376 19
6065 5989 6859 19
4098 6074 7268 19
7384 5374 7430 19
5234 6383 7141 19
5656 4332 7647 19
4272 5545 5569 19
4803 5071 7180 19
5692 4331 7690 19
4103 509 5554 19
4887 5069 7194 19
5547 4272 5602 19
1158 1159 7626 19
1448 1447 7627 19
4332 5656 7693 19
4646 4644 6313 19
6377 6378 7066 19
6378 5127 7066 19
7511 4118 7553 19
5501 6065 6859 19
506 507 6841 19
7445 6284 7495 19
6061 6064 6844 19
5290 6380 6847 19
5459 4235 7558 19
4613 6535 7428 19
4611 7237 7279 19
4204 5449 7628 19
6189 984 7525 19
4891 4893 6467 19
5213 6345 7441 19
5071 6489 7180 19
6262 6261 6906 19
5535 5537 5541 19
5449 4204 7668 19
1425 1424 6969 19
1135 1136 6968 19
6092 7245 7331 19
5509 4199 7203 19
4225 901 6066 19
902 4019 6066 19
922 923 6117 19
4041 922 6117 19
954 955 5573 19
6627 4799 7748 19
7414 5885 7458 19
6074 4098 7357 19
4799 6627 7781 19
7239 5110 7271 19
4870 6059 7035 19
5076 5145 6595 19
4196 5494 7367 19
5272 5076 6595 19
5570 4110 7128 19
6617 7174 7321 19
6326 4718 7312 19
869 870 7627 19
319 320 7626 19
5891 4192 5892 19
7448 6335 7468 19
5554 510 6812 19
5640 5641 5642 19
955 4110 5573 19
5974 7277 7313 19
5627 5626 6752 19
5637 5638 6751 19
5291 5608 6816 19
5630 5629 5631 19
7237 6612 7279 19
5241 5244 6379 19
5543 4164 5958 19
7072 6609 7183 19
6642 5448 7434 19
4056 7406 7502 19
5868 4134 5869 19
6483 6481 6877 19
7244 4289 7363 19
5277 7508 7520 19
4315 5704 7346 19
5415 7516 7554 19
4072 6599 7106 19
4340 6739 6740 19
7531 5396 7556 19
6745 4339 6746 19
6421 5007 6422 19
4107 6468 7280 19
5494 4196 7410 19
522 7463 7472 19
5668 4316 7348 19
7262 6893 7285 19
507 5556 6841 19
7374 1002 7435 19
5521 4267 6274 19
5236 5418 5516 19
4718 6326 7355 19
4267 5523 5566 19
5448 6642 7481 19
6218 4845 7666 19
4235 5459 7608 19
6906 6261 7077 19
4893 5050 6467 19
5032 6433 7488 19
4397 4375 7440 19
4376 4398 7439 19
4099 5550 6812 19
6269 6268 6270 19
963 5903 7665 19
6591 4800 7777 19
5371 5415 7554 19
6475 7228 7351 19
7442 6424 7444 19
4382 4412 7575 19
4411 4381 7576 19
5390 7423 7512 19
6119 6118 7477 19
5704 4315 7392 19
5931 1005 7599 19
6380 4162 6847 19
6249 7217 7356 19
469 4157 6376 19
6375 468 6376 19
7519 5451 7533 19
4316 5668 7396 19
310 1168 4406 19
1457 879 4405 19
434 7265 7281 19
4412 4382 7613 19
4381 4411 7612 19
4271 426 5566 19
427 4267 5566 19
6609 6608 7183 19
5496 6453 7480 19
5545 5513 5569 19
4245 1058 5567 19
1059 4253 5567 19
4375 4397 7486 19
4398 4376 7485 19
7393 6473 7425 19
6519 7223 7337 19
7381 6364 7422 19
6393 7140 7155 19
6617 5330 7174 19
5072 7489 7510 19
4254 7414 7458 19
6007 7014 7076 19
6353 5349 7662 19
6499 5051 7753 19
5972 4057 5973 19
4898 5871 7014 19
6877 6481 7051 19
7490 4146 7493 19
5531 5533 5542 19
1420 1419 4420 19
1130 1131 4419 19
5564 5756 7561 19
507 508 5556 19
7516 5415 7518 19
4874 7175 7235 19
6261 6271 7077 19
894 895 6060 19
5471 7408 7417 19
1166 312 4415 19
5866 5865 7638 19
4102 7010 7544 19
7426 5490 7498 19
5769 1026 7677 19
5683 5742 7352 19
5750 5719 7353 19
4692 4690 6265 19
4842 4692 6265 19
5571 5570 7128 19
5330 6617 7234 19
6367 7193 7341 19
5892 4192 7115 19
763 4272 5569 19
4268 762 5569 19
1380 4344 5631 19
4348 1381 5631 19
7044 4072 7106 19
4343 1091 5642 19
1092 4347 5642 19
6008 7233 7292 19
7014 5871 7076 19
6847 4162 7031 19
4156 5731 7482 19
4198 7168 7342 19
5608 4215 6816 19
4033 6148 7216 19
4605 4607 6539 19
4607 4872 6539 19
4231 5540 7197 19
984 6189 7631 19
6609 7072 7236 19
880 1458 4405 19
1169 309 4406 19
6481 6480 7051 19
4245 5536 7715 19
5866 7638 7726 19
5507 6376 6377 19
4168 7242 7283 19
6108 6107 6109 19
5069 5557 7194 19
4644 4719 6313 19
4724 4646 6313 19
7175 6255 7235 19
5287 5554 6812 19
5125 7161 7224 19
5507 6377 6379 19
5626 4352 6752 19
4351 5637 6751 19
6342 4186 7496 19
4749 6223 7427 19
7326 154 7370 19
5731 4156 7566 19
5493 5521 6274 19
7359 5736 7386 19
6470 6465 7670 19
6060 6061 6844 19
6355 5283 7509 19
6521 7309 7385 19
6506 6505 7589 19
6063 6062 7269 19
4223 5517 7606 19
917 6116 7725 19
5316 6318 7633 19
4011 7202 7284 19
5610 5093 7075 19
5563 7244 7363 19
343 4413 6968 19
4414 846 6969 19
5942 4160 7333 19
5550 4099 5552 19
4162 6374 7031 19
4107 506 6841 19
5527 5529 5553 19
5517 4223 7649 19
5941 4160 5942 19
1422 1421 4424 19
1132 1133 4423 19
6067 4019 6068 19
4231 6707 7288 19
7670 6465 7711 19
633 6269 7057 19
6356 5264 7597 19
5283 6355 7552 19
5122 5241 6379 19
5244 5507 6379 19
7690 4331 7736 19
4332 7693 7735 19
7589 6505 7624 19
1136 5598 6968 19
5599 1425 6969 19
5272 6595 6596 19
508 4103 5556 19
7411 4119 7692 19
7314 6399 7343 19
7310 4047 7403 19
5555 5508 5558 19
4103 5555 5556 19
7323 602 7347 19
5231 7381 7422 19
6269 6270 7057 19
5068 7448 7468 19
5264 6356 7634 19
895 4015 6060 19
6439 6438 7538 19
4156 5940 7566 19
7161 6478 7224 19
5322 7145 7220 19
4160 6692 7333 19
6467 6468 6929 19
5573 5572 5574 19
5958 4164 6966 19
7016 5180 7108 19
5645 4309 5646 19
4310 5634 5635 19
5913 1017 7083 19
4352 5626 6996 19
5637 4351 6995 19
4331 6741 7736 19
6742 4332 7735 19
7249 7192 7263 19
6465 5050 7711 19
1005 5931 7623 19
5540 4231 7288 19
4107 6841 7084 19
4015 6057 6060 19
7023 978 7070 19
6406 5070 7409 19
6345 5213 7706 19
6361 462 7382 19
6535 4613 7714 19
5940 4156 7648 19
7269 6062 7339 19
6287 6288 7584 19
5983 5077 5984 19
5523 5525 5566 19
4087 7384 7430 19
6401 7335 7404 19
6984 5116 7064 19
5235 7393 7425 19
5388 7347 7394 19
6638 4022 7536 19
6113 6112 6114 19
4037 6051 6052 19
5070 6406 7451 19
6264 6265 6266 19
4891 6467 6929 19
6467 6466 6468 19
5756 5564 7637 19
4413 1135 6968 19
1424 4414 6969 19
5788 6923 7055 19
7145 4166 7220 19
6539 6538 6540 19
7584 6288 7617 19
5794 6922 7049 19
894 6060 6844 19
313 1165 4415 19
5236 5516 6903 19
5734 1038 7039 19
4077 6541 7750 19
4215 5549 6816 19
7288 6707 7380 19
6055 6056 7678 19
5800 6920 7043 19
5334 5892 7115 19
5806 6918 7036 19
5812 6916 7032 19
932 5971 7751 19
6527 4946 7407 19
5818 6915 7024 19
7736 6741 7773 19
1136 1137 5598 19
1426 1425 5599 19
6742 7735 7774 19
5824 6913 7020 19
7196 599 7243 19
7463 5409 7472 19
4386 4418 7651 19
4417 4385 7650 19
4047 6682 7403 19
5267 6372 6776 19
6755 4352 6996 19
4351 6754 6995 19
5552 4099 6848 19
5830 6911 7017 19
6599 5312 7106 19
5836 6909 7011 19
7172 6395 7227 19
6292 4258 7708 19
6433 5032 7682 19
5481 7191 7238 19
4418 4386 7697 19
4385 4417 7696 19
1179 4 6987 19
6007 4138 7023 19
5842 6907 7005 19
954 5573 6982 19
5295 5388 7394 19
429 430 6275 19
6741 4335 7773 19
4336 6742 7774 19
5573 5574 6982 19
974 975 5869 19
4134 974 5869 19
5515 444 7549 19
4869 7146 7218 19
6321 5395 7455 19
1026 5769 7663 19
5989 6065 7015 19
5495 7411 7692 19
4946 6527 7450 19
6117 923 7000 19
1418 1417 4422 19
4240 6699 7479 19
7708 4258 7754 19
5289 7442 7444 19
5944 7374 7435 19
5848 6904 6997 19
6116 917 7449 19
5972 5973 5974 19
4407 4381 7527 19
4382 4408 7526 19
6397 7239 7271 19
7140 6378 7155 19
799 800 5635 19
389 390 5646 19
7182 5458 7184 19
4214 7182 7184 19
6290 4802 7405 19
5549 4215 6978 19
5593 5576 5594 19
7173 5386 7176 19
6805 5312 7181 19
5395 6321 7505 19
4208 7173 7176 19
6139 6897 6960 19
6108 6109 6110 19
4319 5700 7436 19
7059 4138 7076 19
7164 5333 7165 19
4200 7164 7165 19
5598 1137 7003 19
1426 5599 7004 19
6157 6895 6952 19
5664 4320 7438 19
6755 6996 7118 19
6995 6754 7119 19
7152 5332 7153 19
4209 7152 7153 19
4381 4407 7576 19
4408 4382 7575 19
6271 4874 7077 19
7057 6270 7214 19
7147 5331 7149 19
5077 4616 5984 19
5493 6274 6275 19
4616 4614 5984 19
4205 7147 7149 19
6453 5496 7692 19
7142 5327 7144 19
430 4211 6275 19
6274 429 6275 19
5871 5870 7076 19
6233 6234 7614 19
6166 6894 6943 19
4201 7142 7144 19
5556 5555 5557 19
6390 5096 6391 19
7137 5326 7139 19
5577 7326 7370 19
4197 7137 7139 19
7134 5325 7136 19
4303 5717 5718 19
4283 5565 7669 19
4191 7134 7136 19
5975 5973 7765 19
7131 5324 7133 19
5868 5869 5870 19
4187 7131 7133 19
7127 5935 7129 19
5681 4304 5682 19
6060 6057 6061 19
6822 5433 6858 19
6175 6892 6934 19
4183 7127 7129 19
7117 5948 7120 19
6562 6559 7474 19
4179 7117 7120 19
7111 5962 7113 19
4175 7111 7113 19
7107 5978 7109 19
6183 6890 6925 19
800 4310 5635 19
4306 799 5635 19
5565 4283 7712 19
4802 6290 7445 19
4171 7107 7109 19
5312 6599 7181 19
5501 5500 7764 19
4309 389 5646 19
390 4305 5646 19
7103 5981 7104 19
6113 6114 6115 19
6052 6051 6053 19
6264 6266 6267 19
4 4010 6987 19
4167 7103 7104 19
7097 5992 7100 19
5700 4319 7483 19
6540 6538 6541 19
6419 6417 7494 19
4163 7097 7100 19
7093 5995 7094 19
4159 7093 7094 19
4320 5664 7484 19
6192 6887 6917 19
7088 6001 7089 19
5584 5585 5592 19
5632 4344 7047 19
764 765 5602 19
4343 5643 7048 19
5420 5422 5568 19
4155 7088 7089 19
7082 6004 7085 19
4797 5584 5592 19
5592 5593 5594 19
6480 5125 7051 19
5575 4620 5594 19
4151 7082 7085 19
5983 5984 5985 19
7079 6011 7080 19
5576 5575 5594 19
6853 6123 6860 19
6376 4157 6377 19
4149 7079 7080 19
5314 6122 6834 19
7056 5786 7060 19
7071 6025 7074 19
5592 5585 5593 19
7065 5774 7067 19
7061 5780 7063 19
4145 7071 7074 19
6033 6888 6908 19
4141 7065 7067 19
7614 6234 7655 19
5334 7115 7256 19
6312 4719 7671 19
4137 7061 7063 19
5584 4797 5596 19
5974 5973 5975 19
6006 7023 7070 19
4027 7262 7285 19
4013 5544 7689 19
7479 6699 7562 19
7265 5482 7281 19
4133 7056 7060 19
4134 5866 7726 19
6955 4427 6987 19
4021 7016 7108 19
4620 5575 6815 19
6031 6882 6901 19
6122 5161 6834 19
6923 4129 7055 19
765 4276 5602 19
4272 764 5602 19
5160 5597 6842 19
6110 6109 6111 19
4432 4428 5588 19
4450 4620 6815 19
6805 7181 7236 19
4547 6822 6858 19
6922 4125 7049 19
6394 6984 7064 19
4428 4427 5588 19
5156 5595 6832 19
1180 4247 4425 19
6920 4121 7043 19
5544 4013 7738 19
6918 4117 7036 19
5887 5767 5889 19
5541 5537 7712 19
6391 5096 6392 19
4256 5766 5888 19
6916 4113 7032 19
4618 5580 5581 19
462 6361 7749 19
6915 4109 7024 19
6061 6057 6062 19
5718 5717 5719 19
4258 5936 7754 19
6913 4105 7020 19
4866 5790 5791 19
5681 5682 5683 19
4618 5581 5596 19
4286 5666 5667 19
5597 4496 6842 19
6608 4611 7183 19
6911 4101 7017 19
4282 5670 5671 19
4434 5135 5579 19
4852 4854 5789 19
4288 5662 5663 19
4907 5784 5785 19
6909 4097 7011 19
4865 5796 5797 19
4278 5674 5675 19
4425 4247 4426 19
4618 5579 5580 19
5595 4482 6832 19
5767 5887 5888 19
6113 6115 6116 19
4274 5678 5679 19
5581 5584 5596 19
6907 4093 7005 19
4806 4808 5795 19
6052 6053 6054 19
5579 5135 5580 19
6053 6051 6059 19
1180 1179 4247 19
890 891 4248 19
6115 6114 6118 19
6267 6266 6268 19
4864 5802 5803 19
4904 4906 5783 19
4861 5820 5821 19
6630 6289 6631 19
4862 5814 5815 19
4860 5826 5827 19
5744 5765 5873 19
4863 5808 5809 19
4559 4462 6824 19
4859 5832 5833 19
6540 6541 6542 19
5335 5080 5589 19
4858 5838 5839 19
4866 5789 5790 19
4874 6271 7175 19
4797 4444 5596 19
4856 5844 5845 19
4793 4795 5801 19
4963 5850 5851 19
4620 5591 5594 19
4286 5665 5666 19
6784 5421 6831 19
6221 4070 6564 19
4092 6497 6498 19
5591 5592 5594 19
4774 4776 5819 19
4768 4770 5825 19
789 790 5665 19
4780 4782 5813 19
5008 5907 5908 19
5758 5752 5874 19
4907 5783 5784 19
4786 4788 5807 19
4031 6853 6860 19
4282 5669 5670 19
4762 4764 5831 19
787 788 5669 19
4288 5661 5662 19
4854 5787 5789 19
6194 6036 6196 19
4088 6503 6504 19
4756 4758 5837 19
4750 4752 5843 19
892 4032 5578 19
4865 5795 5796 19
4744 4746 5849 19
4620 4448 5591 19
4278 5673 5674 19
5766 5767 5888 19
785 786 5673 19
4292 5658 5659 19
5136 5590 5601 19
5580 5135 5586 19
6036 6194 6197 19
672 673 6496 19
4808 5793 5795 19
5135 4432 5588 19
791 792 5661 19
4274 5677 5678 19
669 670 6502 19
783 784 5677 19
4426 4247 4427 19
6377 4157 6378 19
4071 6259 6260 19
4864 5801 5802 19
781 782 5684 19
4861 5819 5820 19
4862 5813 5814 19
4860 5825 5826 19
4863 5807 5808 19
4248 891 5578 19
4839 4837 5906 19
4859 5831 5832 19
5008 5906 5907 19
4866 4852 5789 19
4906 5781 5783 19
6563 6222 6564 19
4858 5837 5838 19
4436 4434 5579 19
5597 5318 6849 19
6265 4690 6999 19
4856 5843 5844 19
5581 5580 5582 19
4854 4877 5787 19
4795 5799 5801 19
5586 5135 5588 19
4963 5849 5850 19
6325 6306 6327 19
4907 4904 5783 19
638 639 6258 19
4256 5888 5890 19
4776 5817 5819 19
4292 5657 5658 19
4092 6496 6497 19
4770 5823 5825 19
6084 6879 6880 19
4782 5811 5813 19
4808 4850 5793 19
4865 4806 5795 19
6021 6151 6153 19
4788 5805 5807 19
4764 5829 5831 19
4096 6491 6492 19
5743 5744 5873 19
4758 5835 5837 19
4880 4878 5909 19
4752 5841 5843 19
4088 6502 6503 19
4746 5847 5849 19
4938 5778 5779 19
6222 6221 6564 19
4864 4793 5801 19
771 772 5890 19
670 6500 6502 19
6593 6235 6597 19
5872 4880 5909 19
4286 789 5665 19
673 6494 6496 19
4861 4774 5819 19
4862 4780 5813 19
4863 4786 5807 19
4795 4804 5799 19
4860 4768 5825 19
772 4256 5890 19
4264 5743 5873 19
4282 787 5669 19
5752 5751 5874 19
4288 791 5661 19
4859 4762 5831 19
4071 6258 6259 19
4906 4922 5781 19
4075 6253 6254 19
5008 4839 5906 19
4858 4756 5837 19
4499 4625 5603 19
801 802 5633 19
4776 4778 5817 19
4938 5777 5778 19
4856 4750 5843 19
4770 4772 5823 19
4278 785 5673 19
4782 4784 5811 19
4788 4791 5805 19
4963 4744 5849 19
4764 4766 5829 19
6327 6306 6650 19
4758 4760 5835 19
4274 783 5677 19
6631 6289 6649 19
4096 6490 6491 19
5751 4263 5874 19
4752 4754 5841 19
4012 5609 5610 19
675 676 6490 19
6035 4730 6196 19
4746 4748 5847 19
4270 781 5684 19
4310 801 5633 19
5582 5586 5587 19
4627 4629 5600 19
5590 5136 5600 19
4092 672 6496 19
793 794 5657 19
639 6256 6258 19
4741 4742 5852 19
6153 6150 6162 19
4837 5904 5906 19
4088 669 6502 19
6632 6631 6649 19
670 671 6500 19
4464 4559 5647 19
5581 5582 5583 19
4935 4937 5777 19
4292 793 5657 19
1181 1180 4425 19
673 674 6494 19
4938 4935 5777 19
641 642 6252 19
4075 6252 6253 19
4444 4442 5596 19
6259 6257 6271 19
4031 1181 4425 19
5852 5851 5854 19
4560 6784 6831 19
790 4288 5665 19
6122 6123 6853 19
788 4286 5669 19
6036 6035 6196 19
4071 638 6258 19
6329 6327 6650 19
6110 6111 6112 19
6564 4070 6565 19
786 4282 5673 19
4096 675 6490 19
4442 4440 4618 19
5591 4797 5592 19
4012 593 5609 19
6207 6084 6272 19
4837 4835 5904 19
6086 5174 6369 19
5080 5078 5589 19
4070 654 6565 19
639 640 6256 19
784 4278 5677 19
5306 5080 5335 19
6061 6062 6063 19
4448 4446 5591 19
782 4274 5684 19
5667 5666 5668 19
6597 6235 6652 19
792 4292 5661 19
6202 6042 6204 19
6137 6133 6139 19
4809 6020 6153 19
6584 6597 6652 19
4741 5852 5853 19
4439 4499 5603 19
6155 6142 6157 19
5140 5142 6793 19
5078 5079 5317 19
4877 4907 5787 19
6164 6160 6166 19
5671 5670 5672 19
5179 5318 5597 19
676 6488 6490 19
6078 5929 6087 19
4314 5628 5629 19
6173 6169 6175 19
5663 5662 5664 19
6181 6178 6183 19
4850 4866 5793 19
4075 641 6252 19
4446 4444 4797 19
6085 6086 6369 19
5136 4627 5600 19
5675 5674 5676 19
5743 4264 6386 19
4450 4448 4620 19
4442 4618 5596 19
6611 6610 6616 19
6523 6507 6524 19
4088 6504 6780 19
5923 4588 5955 19
5679 5678 5680 19
595 4215 5608 19
4314 803 5628 19
386 4313 5639 19
5791 5790 5792 19
5766 4256 6398 19
1221 6963 6965 19
4296 5653 5654 19
6151 6150 6153 19
6098 5968 6171 19
4446 4797 5591 19
6610 4064 6616 19
771 5890 6669 19
4434 4432 5135 19
4878 5008 5909 19
4071 6260 6724 19
388 4309 5644 19
6317 6316 6729 19
4314 5629 5630 19
4452 4450 6815 19
4629 4632 5600 19
5954 5924 5955 19
642 6250 6252 19
5639 4313 5640 19
4456 4454 4815 19
4804 4865 5799 19
4937 5775 5777 19
4843 4815 5078 19
6374 5322 7031 19
6020 4809 6508 19
4263 5751 6648 19
6041 6042 6202 19
5785 5784 5786 19
4809 4514 6508 19
5340 5576 5577 19
6193 6192 6194 19
6132 6133 6137 19
4296 795 5653 19
394 4295 5689 19
5638 5639 5640 19
6141 6142 6155 19
5797 5796 5798 19
5582 5580 5586 19
4726 6085 6369 19
6159 6160 6164 19
5313 5314 6834 19
6168 6169 6173 19
396 4291 5693 19
1218 6956 6958 19
5078 4815 5079 19
4738 6132 6137 19
4778 4862 5817 19
4296 5654 5655 19
4772 4861 5823 19
6177 6178 6181 19
654 655 6565 19
5417 5727 6188 19
4791 4864 5805 19
6761 5856 6811 19
4737 6141 6155 19
5689 4295 5690 19
5867 6044 6581 19
4784 4863 5811 19
6094 6101 6102 19
4732 6041 6202 19
6185 6186 6191 19
398 4287 5697 19
4945 5900 5901 19
5659 5658 5660 19
4766 4860 5829 19
4736 6159 6164 19
6077 6016 6209 19
4625 5136 5603 19
4734 6168 6173 19
676 677 6488 19
400 4285 5701 19
4760 4859 5835 19
5727 5417 6189 19
5693 4291 5694 19
5881 4276 6651 19
6311 6317 6729 19
4733 6177 6181 19
5688 5689 5690 19
4754 4858 5841 19
402 4281 5705 19
4731 6185 6191 19
5697 4287 5698 19
4441 4440 4442 19
653 4070 6509 19
6550 6566 6567 19
4748 4856 5847 19
4922 4938 5781 19
5803 5802 5804 19
4937 4943 5775 19
4945 5901 5902 19
404 4277 5709 19
4070 6221 6509 19
4742 4963 5852 19
5701 4285 5702 19
5821 5820 5822 19
4866 5791 5793 19
484 4135 6430 19
5815 5814 5816 19
5078 5317 5589 19
6545 6528 6546 19
5691 5693 5694 19
406 4273 5713 19
5317 5079 5338 19
5827 5826 5828 19
5809 5808 5810 19
671 4092 6500 19
416 4255 5759 19
5705 4281 5706 19
548 4076 6640 19
408 4269 5720 19
1215 6948 6950 19
5833 5832 5834 19
5695 5697 5698 19
5156 5158 5595 19
5709 4277 5710 19
4076 6594 6640 19
6206 6207 6272 19
5839 5838 5840 19
5924 5923 5955 19
4440 4436 5579 19
5699 5701 5702 19
5929 6078 6639 19
4487 6855 6861 19
6052 6054 6055 19
5713 4273 5714 19
5293 5910 6236 19
5845 5844 5846 19
6498 6497 6499 19
5703 5705 5706 19
642 643 6250 19
4055 6632 6649 19
625 4055 6582 19
5707 5709 5710 19
6191 6192 6193 19
4907 5785 5787 19
4055 6285 6582 19
617 4023 6635 19
6193 6194 6196 19
6504 6503 6505 19
4286 5667 5669 19
5970 6100 6643 19
674 4096 6494 19
4728 6206 6272 19
5711 5713 5714 19
4865 5797 5799 19
618 619 6329 19
4023 6302 6635 19
655 656 6783 19
557 4064 6655 19
6576 6578 6579 19
802 4314 5633 19
4809 6153 6162 19
4843 5078 5080 19
6611 6616 6617 19
4282 5671 5673 19
5136 5601 5603 19
6761 4717 6795 19
6461 6463 6470 19
4730 6035 6697 19
1212 6938 6941 19
4443 4442 4444 19
4064 6610 6655 19
5142 6120 6793 19
5412 6200 6814 19
6625 6626 6629 19
6429 6430 6431 19
5079 4815 6731 19
5066 5025 5729 19
6020 6021 6153 19
502 4111 6462 19
4288 5663 5665 19
6115 6118 6119 19
5160 5179 5597 19
5584 5583 5585 19
4059 6625 6629 19
4278 5675 5677 19
6430 4135 6431 19
6260 6259 6261 19
794 4296 5657 19
5179 5181 5318 19
4864 5803 5805 19
4861 5821 5823 19
535 4069 6577 19
4274 5679 5684 19
4862 5815 5817 19
640 4075 6256 19
517 4091 6516 19
4860 5827 5829 19
6792 4559 6824 19
520 4087 6522 19
594 5608 5609 19
4356 823 5604 19
366 4355 5605 19
4863 5809 5811 19
6260 6263 6724 19
6504 6507 6780 19
4859 5833 5835 19
6629 6630 6631 19
1209 6930 6932 19
5293 5571 5910 19
6435 6436 6437 19
4438 4436 4440 19
5066 5729 5730 19
822 4356 5606 19
4355 367 5607 19
6191 6186 6192 19
4858 5839 5841 19
5884 5883 5885 19
6462 4111 6463 19
4856 5845 5847 19
6492 6491 6493 19
4100 6484 6485 19
4945 4833 5900 19
5686 5687 5721 19
4349 369 5612 19
4023 618 6329 19
4963 5851 5852 19
4346 819 5611 19
6565 655 6783 19
4305 5686 5721 19
5779 5778 5780 19
4092 6498 6500 19
5008 5908 5909 19
6463 6465 6470 19
818 4346 5613 19
4345 371 5614 19
6097 6098 6171 19
4100 6485 6486 19
4873 6097 6171 19
4959 4960 5313 19
5856 5857 6811 19
5603 5601 6819 19
6516 4091 6517 19
6132 4738 6654 19
4338 815 5615 19
374 4337 5616 19
6263 6614 6724 19
6041 4732 6644 19
4954 5772 5773 19
6141 4737 6656 19
4079 6246 6247 19
4835 4945 5904 19
4084 6584 6652 19
4079 6247 6248 19
814 4338 5617 19
6159 4736 6657 19
376 4333 5618 19
4445 4444 4446 19
4669 4730 6697 19
6461 6462 6463 19
6576 6577 6578 19
4456 4815 4843 19
6168 4734 6658 19
6101 6094 6664 19
4014 6334 6335 19
5124 5939 5940 19
5124 5031 5939 19
5339 5079 6731 19
6507 6523 6780 19
1206 6919 6921 19
6177 4733 6659 19
6124 6106 6665 19
812 4334 5619 19
6454 6456 6459 19
460 4169 6358 19
378 4329 5620 19
5925 5922 5927 19
6567 661 6662 19
6185 4731 6660 19
6528 6545 6661 19
5098 5097 6043 19
6254 6253 6255 19
5655 5654 5656 19
6577 4069 6578 19
4326 809 5621 19
380 4325 5622 19
5882 5883 5884 19
6162 6150 6667 19
5468 5465 5733 19
5650 4306 5685 19
595 596 4215 19
597 598 4021 19
592 593 4012 19
589 590 4026 19
4514 4512 6508 19
4325 381 5623 19
5339 6731 6815 19
5880 5876 5882 19
4322 807 5624 19
5755 5758 5874 19
5765 5761 5873 19
385 386 5639 19
803 804 5628 19
6515 6516 6517 19
4959 5313 5590 19
6550 6567 6662 19
6568 6537 6647 19
6358 4169 6359 19
4880 5872 6675 19
806 4322 5625 19
4321 383 5636 19
6206 4728 6653 19
594 595 5608 19
6044 4892 6581 19
6076 6077 6209 19
4447 4446 4448 19
5543 5958 6043 19
483 484 6430 19
4813 6076 6209 19
5265 5648 5649 19
4266 5737 5738 19
415 416 5759 19
6454 6455 6456 19
6629 6626 6630 19
387 388 5644 19
6085 4726 6645 19
4084 6231 6646 19
4618 4440 5579 19
5366 5357 5770 19
4120 6450 6451 19
4136 705 6408 19
5023 5728 5729 19
5173 5934 5935 19
4260 5760 5761 19
5754 4259 5755 19
770 771 6669 19
6200 4583 6814 19
5172 5947 5948 19
4124 696 6423 19
4292 5659 5661 19
4132 702 6412 19
4014 604 6334 19
393 394 5689 19
795 796 5653 19
4454 4452 6731 19
490 4127 6441 19
412 4263 6648 19
5171 5961 5962 19
4449 4448 4450 19
5334 5262 5892 19
4128 699 6416 19
798 4306 5650 19
4305 391 5686 19
5761 5760 5873 19
5754 5755 5874 19
4136 6408 6409 19
5139 6046 6067 19
5170 5977 5978 19
619 6328 6329 19
493 4123 6445 19
4954 5771 5772 19
395 396 5693 19
5268 5256 5912 19
6456 6458 6459 19
4588 5923 6674 19
4632 4698 4959 19
6357 459 6358 19
4120 693 6450 19
5169 5980 5981 19
4132 6412 6413 19
5265 5250 5648 19
5880 5882 5884 19
652 653 6509 19
6441 4127 6442 19
1203 6912 6914 19
6435 6434 6436 19
6078 4600 6639 19
6037 6031 6039 19
397 398 5697 19
5640 4313 5641 19
6434 486 6436 19
5168 5991 5992 19
4264 777 6386 19
4128 6416 6417 19
4023 6329 6650 19
5139 6045 6046 19
5876 5875 5882 19
5023 5021 5728 19
399 400 5701 19
6445 4123 6446 19
5167 5994 5995 19
4464 4462 4559 19
4512 4510 6730 19
4468 4585 5989 19
4100 678 6484 19
5038 5723 5724 19
5372 5119 5932 19
5166 6000 6001 19
401 402 5705 19
4256 773 6398 19
6600 6602 6613 19
5173 5130 5934 19
4096 6492 6494 19
4276 766 6651 19
6100 4571 6643 19
5165 6003 6004 19
5296 5113 5945 19
4831 5898 5900 19
4964 5184 5771 19
403 404 5709 19
847 848 5599 19
341 342 5598 19
6070 6072 6075 19
5679 5680 5681 19
5172 5083 5947 19
5164 6010 6011 19
6354 4173 6355 19
5232 5107 5959 19
547 548 6640 19
5025 5023 5729 19
5306 5335 5391 19
405 406 5713 19
1200 6902 6905 19
4318 5625 5626 19
5636 4317 5637 19
4451 4450 4452 19
6332 6331 6333 19
5171 5061 5961 19
4074 6556 6557 19
6625 4059 6663 19
5690 4295 5691 19
5856 6761 6795 19
677 4100 6488 19
5690 5691 5692 19
5853 5852 5854 19
407 408 5720 19
5170 5040 5977 19
6239 6240 6241 19
624 625 6582 19
5875 4284 5882 19
4938 5779 5781 19
5694 5695 5696 19
5037 5858 5863 19
5996 5997 5998 19
5694 4291 5695 19
6212 6213 6240 19
5169 5002 5980 19
6604 6609 6613 19
534 535 6577 19
844 845 4410 19
344 345 4409 19
616 617 6635 19
5168 4995 5991 19
5698 5699 5700 19
6600 6601 6602 19
5698 4287 5699 19
5768 5365 5769 19
4269 409 5745 19
5038 5019 5723 19
4266 779 5737 19
4453 4452 4454 19
5917 5922 5925 19
5167 4989 5994 19
5702 5703 5704 19
5702 4285 5703 19
5727 5185 6188 19
4831 4829 5898 19
4074 657 6556 19
5405 6198 6804 19
448 4185 6340 19
5101 5098 6043 19
5166 4983 6000 19
4302 5650 5651 19
5686 4301 5687 19
5858 5859 5863 19
842 843 4402 19
346 347 4401 19
4917 5893 5894 19
5706 5707 5708 19
5706 4281 5707 19
5416 5009 5735 19
6285 4055 6649 19
5165 4977 6003 19
414 4259 5754 19
4260 775 5760 19
6396 4147 6397 19
4075 6254 6256 19
4266 5739 6386 19
5239 4925 6008 19
619 620 6328 19
4730 6195 6196 19
5710 5711 5712 19
5710 4277 5711 19
5164 4971 6010 19
6400 4143 6401 19
6213 6216 6240 19
4074 6557 6558 19
643 4079 6250 19
5163 6024 6025 19
458 459 6357 19
5714 4273 5715 19
6523 667 6780 19
5714 5715 5716 19
840 841 4394 19
348 349 4393 19
4833 4831 5900 19
6097 4873 6671 19
6302 4023 6650 19
6425 4139 6426 19
546 547 6744 19
5572 5292 5982 19
4260 5762 6398 19
457 4173 6354 19
4953 4964 5771 19
5037 4888 5858 19
4079 644 6246 19
6602 6604 6613 19
4943 4954 5775 19
4919 5916 5925 19
5460 5463 5732 19
5996 5242 5997 19
6531 6534 6543 19
4466 4464 5647 19
769 4284 5875 19
6316 4221 6729 19
4588 4586 5955 19
4036 608 6320 19
5902 5901 5903 19
838 839 4390 19
350 351 4389 19
4455 4454 4456 19
660 661 6567 19
4585 4466 5647 19
6190 6193 6195 19
5739 5743 6386 19
5067 5950 5953 19
6571 6574 6580 19
5930 5296 5931 19
5097 5543 6043 19
824 4360 5604 19
4359 365 5605 19
706 6407 6408 19
5771 5184 5772 19
4055 626 6632 19
4917 4827 5893 19
5359 5366 5753 19
5943 5232 5944 19
836 837 4386 19
352 353 4385 19
5910 5045 6236 19
556 557 6655 19
4801 5964 5965 19
6046 6048 6067 19
5916 5917 5925 19
501 502 6462 19
5163 4965 6024 19
5739 5738 5740 19
5900 5899 5901 19
615 616 6734 19
5762 5766 6398 19
5956 5123 5957 19
5952 5046 6022 19
891 892 5578 19
4438 4440 4441 19
5353 5365 5768 19
4738 4708 6654 19
4545 6101 6664 19
703 6411 6412 19
5292 4817 5982 19
5370 5369 5914 19
6440 489 6441 19
4350 821 5606 19
368 4349 5607 19
4737 4702 6656 19
4539 6124 6665 19
700 6415 6416 19
6586 6593 6597 19
5726 5185 5727 19
5950 5951 5953 19
593 594 5609 19
758 4212 5936 19
834 835 4382 19
354 355 4381 19
4736 4695 6657 19
475 4147 6396 19
432 4257 5937 19
5762 5761 5763 19
5746 5747 5748 19
5755 5756 5757 19
519 520 6522 19
4606 6070 6075 19
6444 492 6445 19
820 4350 5611 19
4734 4689 6658 19
4633 4635 6666 19
4847 4558 6797 19
370 4345 5612 19
620 4219 6328 19
6530 6531 6543 19
5968 5965 6171 19
478 4143 6400 19
5745 4265 5746 19
482 483 6428 19
4919 4596 5916 19
4733 4683 6659 19
5258 5268 5891 19
4518 6162 6667 19
5965 5964 6171 19
6027 6031 6037 19
832 833 4376 19
356 357 4375 19
4731 4677 6660 19
4203 436 5963 19
481 4139 6425 19
5348 5347 5949 19
4342 817 5613 19
372 4341 5614 19
6454 6452 6455 19
6570 6571 6580 19
4318 5626 5627 19
5637 4317 5638 19
5252 5265 5911 19
4813 4504 6672 19
6074 6071 6087 19
516 517 6516 19
5067 4581 5950 19
4224 6331 6332 19
6200 5505 6818 19
5046 4577 6022 19
651 652 6748 19
816 4342 5615 19
4341 373 5616 19
5898 5899 5900 19
830 831 4372 19
358 359 4371 19
4867 6012 6013 19
6341 4186 6342 19
4195 441 5988 19
6076 4813 6672 19
4801 4567 5964 19
6614 636 6724 19
5134 5188 5933 19
4426 4427 4428 19
4735 6026 6037 19
6005 5128 6006 19
5121 5372 5915 19
645 6244 6246 19
5669 5667 5670 19
6344 4182 6345 19
4337 375 5618 19
5877 5876 5878 19
6585 6586 6597 19
4334 813 5617 19
5087 5173 5946 19
600 601 4027 19
587 588 4216 19
828 829 4368 19
360 361 4367 19
5651 5650 5685 19
6061 6063 6064 19
609 6319 6320 19
6195 6193 6196 19
5115 5296 5930 19
4881 4880 6675 19
697 6420 6423 19
6530 4081 6531 19
6348 4178 6349 19
5139 4940 6045 19
6047 4914 6069 19
5065 5172 5960 19
6071 4949 6087 19
5773 5772 5774 19
4280 5875 5876 19
4333 377 5620 19
5673 5671 5674 19
6428 483 6430 19
4816 4535 6126 19
4330 811 5619 19
459 460 6358 19
4732 4657 6644 19
5109 5232 5943 19
4266 5738 5739 19
6198 4522 6804 19
6486 6485 6487 19
5897 5045 5910 19
6362 4174 6363 19
5243 5242 5996 19
5665 5663 5666 19
5044 5171 5976 19
4848 5154 6199 19
5687 4301 5688 19
4302 5651 5652 19
826 827 4364 19
362 363 4363 19
4182 738 6343 19
6016 6013 6209 19
6570 4073 6571 19
5103 5123 5956 19
4728 4651 6653 19
810 4330 5621 19
4329 379 5622 19
6013 6012 6209 19
5747 4265 6648 19
6366 4170 6367 19
6026 6027 6037 19
5006 5170 5979 19
1193 6883 6885 19
6324 6323 6325 19
679 6482 6484 19
4178 735 6346 19
6231 4084 6652 19
4260 5761 5762 19
5723 5185 5726 19
5677 5675 5678 19
824 825 4360 19
364 365 4359 19
5755 4259 5756 19
4999 5169 5990 19
808 4326 5624 19
5575 5339 6815 19
733 6348 6350 19
382 4321 5623 19
623 624 6735 19
6246 6245 6247 19
5031 5029 5939 19
4993 5168 5993 19
4673 6190 6195 19
756 4258 6292 19
4867 4508 6012 19
6585 4080 6586 19
6504 6505 6506 19
730 6362 6364 19
6431 4135 6432 19
822 823 4356 19
366 367 4355 19
4318 805 5625 19
384 4317 5636 19
4987 5167 5999 19
6084 6080 6272 19
6545 664 6661 19
4735 4661 6026 19
5793 5791 5794 19
727 6366 6368 19
6088 6090 6095 19
6543 6534 6544 19
6080 6079 6272 19
4959 4698 4960 19
5066 5730 5731 19
4981 5166 6002 19
6393 4153 6394 19
4727 6079 6080 19
5011 5417 6188 19
6248 6247 6249 19
751 4250 6321 19
820 821 4350 19
368 369 4349 19
5751 5747 6648 19
4468 4466 4585 19
6070 4949 6071 19
4975 5165 6009 19
4632 4959 5600 19
4589 4588 6674 19
4280 5877 6651 19
5524 5522 5540 19
721 6380 6381 19
5581 5583 5584 19
4430 4428 4432 19
5716 5715 5717 19
4969 5164 6023 19
818 819 4346 19
370 371 4345 19
4909 5128 6005 19
746 4236 6337 19
6402 4144 6403 19
6452 498 6455 19
4441 4442 4443 19
526 4081 6530 19
5740 5738 5742 19
718 6383 6384 19
5491 5488 5518 19
5760 4264 5873 19
4263 5754 5874 19
533 534 6575 19
5746 5748 5750 19
5066 5731 5938 19
743 4190 6338 19
6225 6229 6273 19
5012 5011 6188 19
5338 5339 5340 19
816 817 4342 19
372 373 4341 19
5787 5785 5788 19
5124 5940 5941 19
4148 714 6388 19
532 4073 6570 19
6600 6598 6601 19
6637 4022 6638 19
4940 4492 6045 19
4302 797 5650 19
392 4301 5686 19
706 707 6407 19
6463 4111 6464 19
705 706 6408 19
6261 6259 6271 19
740 4186 6341 19
5799 5797 5800 19
5893 5045 5897 19
5755 5757 5758 19
5453 5455 5458 19
5478 5476 5483 19
5746 4265 5747 19
5763 5761 5765 19
5739 5740 5741 19
6260 6261 6262 19
6359 4169 6360 19
6127 4739 6128 19
814 815 4338 19
374 375 4337 19
645 646 6244 19
703 704 6411 19
609 610 6319 19
451 4181 6347 19
6088 4939 6090 19
709 6402 6404 19
6244 6245 6246 19
5748 5747 5749 19
737 4182 6344 19
6240 6216 6241 19
604 605 6334 19
6136 4738 6137 19
5877 5881 6651 19
6508 4512 6730 19
488 489 6440 19
4727 4647 6079 19
4698 4633 6666 19
700 701 6415 19
6101 4902 6102 19
702 703 6412 19
5472 5470 5509 19
489 490 6441 19
5465 5462 5733 19
6238 6239 6242 19
6154 4737 6155 19
454 4177 6351 19
5037 5864 6581 19
5762 5763 5764 19
812 813 4334 19
376 377 4333 19
5467 5465 5468 19
5381 5383 5386 19
545 4080 6585 19
734 4178 6348 19
6447 4124 6448 19
697 698 6420 19
491 492 6444 19
699 700 6416 19
5661 5659 5662 19
6224 4218 6225 19
6212 4066 6213 19
6163 4736 6164 19
6322 6323 6324 19
4083 6238 6242 19
4819 5293 6236 19
5462 5460 5732 19
6172 4734 6173 19
6055 6054 6056 19
731 4174 6362 19
492 493 6445 19
5882 4284 5883 19
555 556 6732 19
810 811 4330 19
378 379 4329 19
6517 4091 6518 19
693 694 6450 19
5460 5376 5463 19
6144 4871 6145 19
6471 4116 6472 19
5878 5876 5880 19
6180 4733 6181 19
6575 534 6577 19
6431 6432 6433 19
4177 6352 6353 19
5298 5300 5333 19
728 4170 6366 19
6190 4731 6191 19
6474 4112 6475 19
518 519 6520 19
5367 5363 5519 19
528 6568 6647 19
808 809 4326 19
380 381 4325 19
500 501 6460 19
6277 6280 6322 19
6224 6225 6273 19
6484 6483 6485 19
4726 4643 6645 19
5805 5803 5806 19
6330 4036 6336 19
4604 4949 6070 19
5357 5355 5770 19
6477 4108 6478 19
4280 5876 5877 19
560 4060 6618 19
5361 5359 5753 19
4914 4488 6069 19
6558 6557 6559 19
4018 6316 6317 19
5877 5878 5879 19
6355 4173 6356 19
5864 5867 6581 19
5188 5189 5324 19
5359 5357 5366 19
563 4056 6634 19
806 807 4322 19
382 383 4321 19
4820 4819 6236 19
5340 5575 5576 19
5476 5474 5722 19
722 4162 6380 19
5823 5821 5824 19
4224 6330 6331 19
5817 5815 5818 19
4873 4563 6671 19
5355 5353 5768 19
5811 5809 5812 19
5829 5827 5830 19
6296 6301 6307 19
5353 5351 5365 19
679 680 6482 19
4165 6370 6371 19
4112 687 6473 19
4136 6409 6410 19
719 4158 6383 19
696 697 6423 19
5029 5938 5939 19
5387 5996 5998 19
5038 5724 5725 19
6510 4095 6511 19
804 805 4318 19
384 385 4317 19
5218 5220 5332 19
6201 4732 6202 19
5376 5370 5914 19
685 6474 6476 19
5347 5284 5390 19
571 4022 6637 19
472 4153 6393 19
5835 5833 5836 19
5262 5260 5892 19
716 4154 6387 19
6293 4044 6294 19
4132 6413 6414 19
542 4084 6646 19
6276 4051 6277 19
682 6477 6479 19
5212 5214 5331 19
4158 6381 6382 19
4919 5926 6639 19
802 803 4314 19
386 387 4313 19
4043 6314 6315 19
5886 5883 6669 19
6442 4127 6443 19
5841 5839 5842 19
515 516 6514 19
5279 5262 5334 19
6463 6464 6465 19
4059 629 6663 19
780 4270 5737 19
6418 6417 6419 19
4128 6417 6418 19
5256 5254 5912 19
410 4265 5745 19
5260 5258 5891 19
5847 5845 5848 19
4154 6384 6385 19
5206 5208 5327 19
6279 6284 6290 19
6420 6421 6423 19
4552 4939 6088 19
4712 4739 6127 19
678 679 6484 19
800 801 4310 19
388 389 4309 19
5258 5256 5268 19
5250 5248 5648 19
6331 6330 6336 19
710 4144 6402 19
4221 6293 6673 19
6500 6498 6501 19
4543 4902 6101 19
5254 5252 5911 19
4706 4738 6136 19
6276 6277 6322 19
4638 4725 5140 19
5200 5202 5326 19
5252 5250 5265 19
776 4264 5760 19
4263 413 5754 19
798 799 4306 19
390 391 4305 19
5351 5348 5949 19
4537 4816 6124 19
4700 4737 6154 19
6598 553 6601 19
652 6509 6748 19
6551 4078 6552 19
5248 5246 5387 19
5037 5863 5864 19
5462 5732 5733 19
4531 4621 6125 19
4801 5966 6643 19
6482 6483 6484 19
5193 5196 5325 19
4693 4736 6163 19
796 797 4302 19
392 393 4301 19
4140 6404 6405 19
5724 5723 5726 19
5119 5117 5932 19
4687 4734 6172 19
5864 5863 5865 19
5926 5929 6639 19
5240 5121 5915 19
657 658 6556 19
6437 6438 6439 19
4523 4871 6144 19
6517 6518 6519 19
4255 417 6211 19
5121 5119 5372 19
4681 4733 6180 19
5134 5187 5188 19
5132 5134 5933 19
4480 4796 6237 19
5113 5111 5945 19
794 795 4296 19
394 395 4295 19
6426 4139 6427 19
5117 5115 5930 19
4516 4809 6162 19
4641 4726 6668 19
644 645 6246 19
4675 4731 6190 19
6436 4131 6437 19
5115 5113 5296 19
5087 5130 5173 19
5085 5087 5946 19
5107 5105 5959 19
695 4124 6447 19
792 793 4292 19
396 397 4291 19
5111 5109 5943 19
4917 5894 5895 19
5735 5239 5736 19
4280 768 5875 19
5109 5107 5232 19
5065 5083 5172 19
6322 6280 6323 19
5063 5065 5960 19
608 609 6320 19
5355 5768 5770 19
5414 5505 6200 19
6532 4081 6647 19
4526 4525 6210 19
5895 5894 5896 19
5105 5103 5956 19
5966 5970 6643 19
790 791 4288 19
398 399 4287 19
5314 6121 6122 19
5130 5132 5934 19
5483 5476 5722 19
5246 5243 5996 19
5103 5101 5123 19
5044 5061 5171 19
689 4116 6471 19
4964 4965 5163 19
5042 5044 5976 19
6325 6323 6326 19
6456 6457 6458 19
650 4066 6212 19
540 4218 6224 19
547 6640 6744 19
5097 5057 5238 19
4655 4732 6201 19
4083 647 6238 19
788 789 4286 19
400 401 4285 19
5083 5085 5947 19
5853 5854 5855 19
686 4112 6474 19
5006 5040 5170 19
5004 5006 5979 19
4119 6452 6453 19
5858 4961 5859 19
5029 5027 5938 19
624 6582 6735 19
5052 5031 5124 19
4735 6038 6644 19
6455 4115 6456 19
6619 4063 6620 19
683 4108 6477 19
5061 5063 5961 19
5957 5123 5958 19
786 787 4282 19
402 403 4281 19
4999 5002 5169 19
4267 428 6274 19
4997 4999 5990 19
5260 5891 5892 19
6226 4218 6646 19
5027 5025 5066 19
6628 4059 6629 19
4919 5925 5926 19
5019 5017 5723 19
4217 6212 6240 19
5463 5376 5914 19
5040 5042 5977 19
4993 4995 5168 19
4991 4993 5993 19
784 785 4278 19
404 405 4277 19
5021 5019 5038 19
5254 5911 5912 19
4211 431 5937 19
5926 5925 5927 19
6511 6512 6513 19
5859 5860 5861 19
4258 757 5936 19
5894 5893 5897 19
626 627 6632 19
6520 519 6522 19
4987 4989 5167 19
5002 5004 5980 19
4985 4987 5999 19
514 4095 6510 19
5067 5953 5954 19
4104 6479 6480 19
5017 5015 5185 19
616 6635 6734 19
4945 5902 5904 19
782 783 4274 19
406 407 4273 19
5248 5387 5648 19
5009 4947 5735 19
365 366 5605 19
823 824 5604 19
6537 6532 6647 19
5011 5009 5416 19
4925 4923 6008 19
6531 6532 6533 19
6072 6071 6073 19
4981 4983 5166 19
4979 4981 6002 19
4995 4997 5991 19
821 822 5606 19
367 368 5607 19
6460 501 6462 19
780 781 4270 19
408 409 4269 19
4165 6371 6373 19
5293 5292 5570 19
4947 4925 5239 19
4801 5965 5966 19
4975 4977 5165 19
437 4249 5963 19
4973 4975 6009 19
4989 4991 5994 19
4923 4909 6005 19
6571 6572 6573 19
6038 6041 6644 19
778 779 4266 19
410 411 4265 19
4909 4900 5128 19
5966 5965 5967 19
369 370 5612 19
622 4051 6276 19
4052 567 6291 19
4726 6369 6668 19
4969 4971 5164 19
5117 5930 5932 19
6525 6524 6526 19
4967 4969 6023 19
4983 4985 6000 19
6231 6226 6646 19
5365 5351 5949 19
6534 6533 6535 19
4888 4886 5858 19
4474 4610 6641 19
4896 4894 5075 19
776 777 4264 19
412 413 4263 19
6547 6546 6548 19
6553 6552 6554 19
6560 6559 6562 19
819 820 5611 19
4953 4957 4964 19
6494 6492 6495 19
4977 4979 6003 19
442 4235 5988 19
5111 5943 5945 19
5132 5933 5934 19
4943 4951 4954 19
529 4077 6568 19
4086 6523 6524 19
4890 4888 5037 19
5781 5779 5782 19
6213 6214 6215 19
659 4078 6551 19
817 818 5613 19
371 372 5614 19
774 775 4260 19
414 415 4259 19
4886 4884 4961 19
6334 6332 6335 19
4971 4973 6010 19
5916 4868 5917 19
6006 5128 6007 19
614 4044 6293 19
4043 575 6314 19
5105 5956 5959 19
4922 4935 4938 19
5188 5187 5189 19
5085 5946 5947 19
4082 6545 6546 19
6529 6530 6543 19
5015 5012 6188 19
5154 5155 5156 19
6225 6226 6227 19
5437 5435 5447 19
4018 611 6316 19
4727 6081 6645 19
6129 6128 6130 19
772 773 4256 19
416 417 4255 19
6586 6587 6588 19
4189 446 6339 19
4877 4904 4907 19
5097 5238 5543 19
4878 4839 5008 19
4965 4967 6024 19
6514 516 6516 19
6339 447 6340 19
5063 5960 5961 19
4018 6317 6318 19
6138 6137 6139 19
607 4036 6330 19
538 4065 6583 19
5950 5046 5951 19
6216 6215 6217 19
4827 4825 5893 19
6531 4081 6532 19
6569 6570 6580 19
4850 4852 4866 19
5969 5967 5971 19
4835 4833 4945 19
6070 6071 6072 19
5917 5918 5919 19
6229 6227 6230 19
6156 6155 6157 19
815 816 5615 19
373 374 5616 19
5140 5141 5142 19
5042 5976 5977 19
6447 6448 6449 19
739 6341 6343 19
6081 6085 6645 19
4949 6078 6087 19
769 770 4284 19
419 420 4283 19
5919 5920 5921 19
4804 4806 4865 19
4829 4827 4917 19
6165 6164 6166 19
813 814 5617 19
5387 5246 5996 19
4817 4810 5982 19
4825 4823 5045 19
5027 5066 5938 19
656 4074 6783 19
5004 5979 5980 19
6571 4073 6572 19
4867 6013 6014 19
767 768 4280 19
421 422 4279 19
6174 6173 6175 19
4791 4793 4864 19
736 6344 6346 19
4951 4953 5771 19
4819 4817 5292 19
6588 6589 6591 19
4140 6405 6406 19
375 376 5618 19
6090 6091 6092 19
6089 6088 6095 19
6294 6295 6296 19
4259 415 5759 19
6014 6013 6015 19
6238 4217 6239 19
6182 6181 6183 19
4997 5990 5991 19
4784 4786 4863 19
811 812 5619 19
4177 455 6352 19
4810 4616 5077 19
765 766 4276 19
423 424 4275 19
5017 5185 5723 19
6102 6103 6104 19
5864 5865 5866 19
6297 6296 6307 19
4894 4892 6044 19
6352 456 6354 19
4735 6037 6038 19
6127 6129 6654 19
4174 732 6350 19
6038 6037 6039 19
6584 6585 6597 19
4778 4780 4862 19
4612 4608 5049 19
5011 5416 5417 19
377 378 5620 19
4991 5993 5994 19
763 764 4272 19
425 426 4271 19
6136 6138 6656 19
6437 4131 6438 19
5964 4873 6171 19
4606 4604 6070 19
6621 6620 6622 19
4596 4594 5916 19
5657 5655 5658 19
4772 4774 4861 19
6277 6278 6279 19
4604 4602 4949 19
4170 729 6364 19
631 4063 6619 19
6604 6605 6608 19
6602 6603 6604 19
4947 5239 5735 19
6296 6298 6301 19
4985 5999 6000 19
6154 6156 6657 19
761 762 4268 19
427 428 4267 19
4629 4631 4632 19
6586 4080 6587 19
4625 4627 5136 19
4086 6525 6661 19
6145 6146 6147 19
4766 4768 4860 19
4923 6005 6008 19
5313 4960 5314 19
4598 4596 4919 19
379 380 5622 19
809 810 5621 19
628 4059 6628 19
4072 6598 6599 19
6163 6165 6658 19
4594 4592 4868 19
4166 726 6368 19
4979 6002 6003 19
6256 6254 6257 19
581 4035 6642 19
4082 6547 6662 19
6601 4068 6602 19
381 382 5623 19
758 759 4212 19
430 431 4211 19
4581 4579 5950 19
4964 5163 5184 19
4760 4762 4859 19
6172 6174 6659 19
4165 464 6370 19
4284 770 6669 19
6279 6281 6284 19
4577 4575 6022 19
6280 6279 6290 19
4727 6080 6081 19
4973 6009 6010 19
4586 4581 5067 19
4823 4820 6236 19
4162 723 6374 19
6511 4095 6512 19
807 808 5624 19
4754 4756 4858 19
6180 6182 6660 19
6127 6128 6129 19
4064 6615 6616 19
756 757 4258 19
432 433 4257 19
4579 4577 5046 19
6453 6452 6454 19
6220 6222 6223 19
6203 6202 6204 19
805 806 5625 19
383 384 5636 19
4161 467 6375 19
6029 6030 6034 19
6213 4066 6214 19
755 756 6292 19
4567 4565 5964 19
4967 6023 6024 19
4748 4750 4856 19
6136 6137 6138 19
4886 4961 5858 19
6027 6028 6029 19
4158 720 6381 19
6026 4729 6027 19
4741 5853 6795 19
4575 4573 4857 19
6091 4939 6664 19
6456 4115 6457 19
753 754 4204 19
435 436 4203 19
6225 4218 6226 19
4742 4744 4963 19
6154 6155 6156 19
6098 6096 6099 19
4569 4567 4801 19
6129 6132 6654 19
6103 4902 6665 19
4565 4563 4873 19
4667 4669 6697 19
4154 717 6384 19
4083 6242 6243 19
4721 4723 4741 19
6558 6559 6560 19
6228 6232 6233 19
6163 6164 6165 19
5293 5570 5571 19
6201 6203 6653 19
4554 4552 6088 19
751 752 4250 19
437 438 4249 19
6133 6131 6134 19
6525 6528 6661 19
6138 6141 6656 19
4153 473 6395 19
6081 6080 6082 19
4552 4550 4939 19
750 751 6321 19
715 6387 6388 19
4964 4957 4965 19
4608 4606 6075 19
6395 474 6396 19
6172 6173 6174 19
4712 4715 4739 19
5269 5138 5319 19
4545 4543 6101 19
6142 6140 6143 19
6156 6159 6657 19
6547 6550 6662 19
4710 4712 6127 19
4543 4541 4902 19
4104 6480 6481 19
4535 4533 6126 19
748 749 4196 19
440 441 4195 19
4954 4951 5771 19
5926 5927 5928 19
4147 476 6399 19
6180 6181 6182 19
4602 4600 6078 19
4706 4708 4738 19
4539 4537 6124 19
6160 6158 6161 19
6399 477 6400 19
6551 6552 6553 19
6165 6168 6658 19
4704 4706 6136 19
4537 4535 4816 19
6012 4813 6209 19
4825 5045 5893 19
5185 5015 6188 19
6146 4871 6667 19
746 747 4236 19
442 443 4235 19
5890 5886 6669 19
6190 6191 6193 19
4700 4702 4737 19
4533 4531 6125 19
6169 6167 6170 19
4143 479 6424 19
4819 5292 5293 19
745 746 6337 19
6174 6177 6659 19
4697 4700 6154 19
4531 4529 4621 19
4892 4890 6581 19
6424 480 6425 19
5156 5157 5158 19
5021 5038 5728 19
4140 708 6404 19
6090 4939 6091 19
4693 4695 4736 19
4810 5077 5982 19
6178 6176 6179 19
6182 6185 6660 19
4691 4693 6163 19
4525 4523 6144 19
743 744 4190 19
445 446 4189 19
5859 4961 5860 19
6102 4902 6103 19
391 392 5686 19
797 798 5650 19
742 743 6338 19
4687 4689 4734 19
6531 6533 6534 19
4523 4520 4871 19
6186 6184 6187 19
5137 4940 5138 19
4685 4687 6172 19
447 448 6340 19
6607 6611 6612 19
6626 6623 6627 19
6619 6621 6663 19
4518 4516 6162 19
6203 6206 6653 19
5917 5919 5922 19
6294 4044 6295 19
6201 6202 6203 19
4681 4683 4733 19
5966 5967 5969 19
487 4131 6436 19
740 741 4186 19
448 449 4185 19
4679 4681 6180 19
4516 4514 4809 19
6277 4051 6278 19
4573 4571 6100 19
6283 6286 6287 19
739 740 6341 19
5861 5860 5862 19
6300 6303 6304 19
5075 4894 6044 19
4675 4677 4731 19
6533 6532 6536 19
6525 6526 6527 19
6571 6573 6574 19
450 451 6347 19
6554 6552 6555 19
4673 4675 6190 19
4086 6524 6525 19
4510 4508 4867 19
485 486 6434 19
6079 4728 6272 19
737 738 4182 19
451 452 4181 19
4669 4671 4730 19
4594 4868 5916 19
6145 4871 6146 19
6547 6548 6549 19
736 737 6344 19
4065 6224 6273 19
4082 6546 6547 19
4508 4506 6012 19
556 6655 6732 19
6094 6091 6664 19
453 454 6351 19
6215 6214 6218 19
734 735 4178 19
454 455 4177 19
4313 387 5644 19
4663 4665 4729 19
4506 4504 4813 19
5405 5407 6198 19
4529 4526 6210 19
6106 6103 6665 19
4659 4661 4735 19
5412 5414 6200 19
5414 5503 5505 19
733 734 6348 19
6089 6095 6096 19
6297 6307 6308 19
456 457 6354 19
5885 5886 5887 19
4579 5046 5950 19
6046 6047 6048 19
4078 660 6567 19
5570 5292 5572 19
4314 5630 5633 19
6045 4914 6046 19
731 732 4174 19
457 458 4173 19
4119 497 6452 19
4575 4857 6022 19
6225 6227 6229 19
499 4115 6455 19
6213 6215 6216 19
730 731 6362 19
4655 4657 4732 19
6619 6620 6621 19
6207 6205 6208 19
6129 6130 6131 19
6586 6588 6593 19
4661 4663 6026 19
4317 385 5639 19
804 4318 5628 19
5628 5627 5629 19
6227 6226 6228 19
4504 4501 6672 19
4647 4649 6079 19
6073 6071 6074 19
728 729 4170 19
460 461 4169 19
688 6471 6473 19
4565 4873 5964 19
6628 6629 6631 19
6239 4217 6240 19
4483 4480 6237 19
4653 4655 6201 19
6138 6139 6140 19
6621 6625 6663 19
727 728 6366 19
6294 6296 6297 19
4554 6088 6089 19
6150 6146 6667 19
6130 6128 6135 19
4671 4673 6195 19
4600 4598 6639 19
6588 6587 6589 19
5045 4823 6236 19
6156 6157 6158 19
6145 6147 6148 19
4108 684 6476 19
725 726 4166 19
463 464 4165 19
6165 6166 6167 19
5917 4868 5918 19
6032 6670 6697 19
6014 6015 6017 19
4104 681 6479 19
4829 4917 5898 19
4500 4492 4940 19
4796 4478 6365 19
722 723 4162 19
466 467 4161 19
5049 4608 6075 19
6174 6175 6176 19
721 722 6380 19
4533 6125 6126 19
6604 6608 6609 19
4173 458 6357 19
4295 395 5693 19
4741 4723 4742 19
5919 5918 5920 19
5967 5965 5968 19
6182 6183 6184 19
4949 4602 6078 19
719 720 4158 19
469 470 4157 19
6622 6620 6624 19
6233 6232 6234 19
718 719 6383 19
5951 5046 5952 19
6599 6598 6600 19
4219 6276 6322 19
4571 4569 6643 19
6604 6603 6605 19
4296 5655 5657 19
471 472 6393 19
4478 4476 6365 19
6602 4068 6603 19
4291 397 5697 19
716 717 4154 19
472 473 4153 19
6621 6622 6623 19
5904 5902 5905 19
5860 4961 6675 19
6279 6278 6281 19
715 716 6387 19
6296 6295 6298 19
5653 5652 5654 19
474 475 6396 19
4301 393 5689 19
796 4302 5653 19
6038 6039 6040 19
409 410 5745 19
713 714 4148 19
475 476 4147 19
6277 6279 6280 19
4649 4651 4728 19
4287 399 5701 19
4443 4444 4445 19
779 780 5737 19
477 478 6400 19
4086 666 6523 19
6203 6204 6205 19
4476 4474 6641 19
6027 6029 6031 19
710 711 4144 19
478 479 4143 19
6092 6091 6093 19
4857 4573 6100 19
4085 524 6529 19
4285 401 5705 19
709 710 6402 19
5140 4725 5141 19
6529 525 6530 19
4082 663 6545 19
480 481 6425 19
6029 6028 6030 19
6104 6103 6105 19
6287 6286 6288 19
4586 5067 5955 19
707 708 4140 19
481 482 4139 19
4870 4483 6237 19
6027 4729 6028 19
4649 4728 6079 19
4492 4490 6045 19
4645 4647 4727 19
4281 403 5709 19
4663 4729 6026 19
413 414 5754 19
775 776 5760 19
5562 5561 5563 19
4077 530 6569 19
4506 4813 6012 19
6304 6303 6305 19
704 705 4136 19
484 485 4135 19
4490 4488 4914 19
6569 531 6570 19
5137 5138 5269 19
4277 405 5713 19
6147 6146 6149 19
701 702 4132 19
487 488 4131 19
5560 5559 5561 19
4730 4671 6195 19
6015 6013 6016 19
6081 6082 6083 19
4621 4529 6210 19
417 418 6211 19
5537 5536 5538 19
698 699 4128 19
490 491 4127 19
5539 5538 5559 19
4079 6248 6250 19
4065 539 6224 19
4217 649 6212 19
4273 407 5720 19
648 4217 6238 19
5535 5534 5536 19
695 696 4124 19
493 494 4123 19
4084 543 6584 19
768 769 5875 19
4139 482 6428 19
5533 5532 5534 19
6584 544 6585 19
694 695 6447 19
4100 6486 6488 19
5918 4868 6674 19
692 693 4120 19
496 497 4119 19
6046 4914 6047 19
5138 4940 5139 19
5531 5530 5532 19
5529 5528 5530 19
4510 4867 6730 19
689 690 4116 19
499 500 4115 19
6028 4729 6670 19
688 689 6471 19
5527 5526 5528 19
4072 552 6598 19
5525 5524 5526 19
554 4068 6601 19
4067 635 6614 19
5872 5860 6675 19
686 687 4112 19
502 503 4111 19
4500 4940 5137 19
685 686 6474 19
5487 5486 5488 19
6365 4476 6641 19
683 684 4108 19
505 506 4107 19
4064 558 6615 19
4954 5773 5775 19
682 683 6477 19
6615 559 6618 19
5489 5488 5491 19
5523 5522 5524 19
428 429 6274 19
4060 561 6633 19
4554 6089 6671 19
680 681 4104 19
508 509 4103 19
5485 5484 5486 19
6633 562 6634 19
4657 4659 6644 19
5158 5159 5160 19
757 758 5936 19
5481 5480 5484 19
677 678 4100 19
511 512 4099 19
5479 5478 5480 19
513 514 6510 19
4219 621 6276 19
568 4220 6291 19
431 432 5937 19
4220 569 6636 19
674 675 4096 19
514 515 4095 19
5475 5474 5476 19
6636 570 6637 19
5477 5476 5478 19
6048 6047 6049 19
5743 5741 5744 19
671 672 4092 19
517 518 4091 19
5749 5751 5752 19
5473 5472 5474 19
436 437 5963 19
5471 5470 5472 19
4708 4710 6654 19
668 669 4088 19
520 521 4087 19
4221 613 6293 19
576 4222 6314 19
612 4221 6316 19
4219 6322 6324 19
6089 6097 6671 19
4884 4881 6675 19
5469 5467 5470 19
4702 4704 6656 19
6032 6028 6670 19
4485 4483 4870 19
665 666 4086 19
523 524 4085 19
4643 4645 6645 19
5464 5462 5465 19
5766 5764 5767 19
525 526 6530 19
5466 5465 5467 19
4695 4697 6657 19
4224 606 6330 19
5775 5773 5776 19
441 442 5988 19
662 663 4082 19
526 527 4081 19
5923 5918 6674 19
5461 5460 5462 19
4689 4691 6658 19
528 529 6568 19
4456 4843 6806 19
5368 5367 5369 19
659 660 4078 19
529 530 4077 19
4490 4914 6045 19
658 659 6551 19
5364 5363 5367 19
531 532 6570 19
4683 4685 6659 19
656 657 4074 19
532 533 4073 19
6035 6032 6697 19
6082 6080 6084 19
4677 4679 6660 19
5358 5357 5359 19
5459 5376 5460 19
5362 5361 5363 19
653 654 4070 19
535 536 4069 19
4488 4485 6069 19
446 447 6339 19
5360 5359 5361 19
537 538 6583 19
4550 4545 6664 19
5123 5101 6043 19
5356 5355 5357 19
6488 6486 6489 19
650 651 4066 19
538 539 4065 19
648 649 4217 19
540 541 4218 19
4541 4539 6665 19
5354 5353 5355 19
646 647 4083 19
542 543 4084 19
4651 4653 6653 19
738 739 6343 19
544 545 6585 19
5282 5281 5284 19
5285 5284 5347 19
5352 5351 5353 19
643 644 4079 19
545 546 4080 19
580 581 6642 19
640 641 4075 19
548 549 4076 19
4080 546 6744 19
735 736 6346 19
4073 533 6575 19
4520 4518 6667 19
5280 5279 5281 19
5261 5260 5262 19
5263 5262 5279 19
637 638 4071 19
551 552 4072 19
732 733 6350 19
455 456 6352 19
4592 4589 6674 19
634 635 4067 19
554 555 4068 19
778 4266 6386 19
5255 5254 5256 19
4496 6840 6842 19
5259 5258 5260 19
5257 5256 5258 19
729 730 6364 19
557 558 4064 19
631 632 4063 19
630 631 6619 19
559 560 6618 19
628 629 4059 19
560 561 4060 19
5249 5248 5250 19
726 727 6368 19
646 4083 6244 19
5253 5252 5254 19
5251 5250 5252 19
562 563 6634 19
627 628 6628 19
625 626 4055 19
563 564 4056 19
774 4260 6398 19
6250 6248 6251 19
4044 615 6734 19
723 724 6374 19
622 623 4051 19
566 567 4052 19
5241 5240 5242 19
464 465 6370 19
5120 5119 5121 19
620 621 4219 19
568 569 4220 19
5122 5121 5240 19
5118 5117 5119 19
720 721 6381 19
570 571 6637 19
467 468 6375 19
5247 5246 5248 19
617 618 4023 19
571 572 4022 19
4641 4643 4726 19
5114 5113 5115 19
4848 5093 5154 19
5546 5547 5548 19
717 718 6384 19
5116 5115 5117 19
5112 5111 5113 19
5514 5545 5546 19
4480 4478 4796 19
614 615 4044 19
574 575 4043 19
5092 4847 6797 19
5512 5513 5514 19
612 613 4221 19
576 577 4222 19
5108 5107 5109 19
610 611 4018 19
578 579 4017 19
5457 5511 5512 19
5106 5105 5107 19
473 474 6395 19
5110 5109 5111 19
5400 5452 5453 19
714 715 6388 19
5885 5883 5886 19
607 608 4036 19
581 582 4035 19
5453 5454 5455 19
605 606 4224 19
583 584 4223 19
5455 5456 5457 19
5104 5103 5105 19
476 477 6399 19
603 604 4014 19
585 586 4013 19
4890 5037 6581 19
5055 5054 5057 19
5058 5057 5097 19
6849 5318 6855 19
5398 5399 5400 19
610 4018 6319 19
5102 5101 5103 19
708 709 6404 19
5344 5380 5381 19
479 480 6424 19
5385 5397 5398 19
4639 4641 6668 19
5898 5895 5899 19
5030 5029 5031 19
4665 4667 6670 19
6311 6310 6312 19
5053 5052 5054 19
5032 5031 5052 19
5381 5382 5383 19
4846 4848 6199 19
5383 5384 5385 19
6432 6434 6435 19
486 487 6436 19
5024 5023 5025 19
5028 5027 5029 19
5026 5025 5027 19
5342 5343 5344 19
4091 518 6520 19
5302 5341 5342 19
5276 5297 5298 19
5020 5019 5021 19
5022 5021 5023 19
5018 5017 5019 19
5298 5299 5300 19
5795 5794 5796 19
5300 5301 5302 19
5010 5009 5011 19
5789 5788 5790 19
4485 4870 6069 19
5224 5225 5226 19
5274 5275 5276 19
4926 4925 4947 19
5226 5227 5228 19
4924 4923 4925 19
4948 4947 5009 19
5230 5273 5274 19
5228 5229 5230 19
5016 5015 5017 19
6309 6308 6310 19
5218 5219 5220 19
5906 5905 5907 19
5801 5800 5802 19
5189 5190 5191 19
6427 6428 6429 19
498 499 6455 19
4901 4900 4909 19
4899 4898 4900 19
4910 4909 4923 19
497 498 6452 19
5222 5223 5224 19
5216 5217 5218 19
4219 6324 6328 19
704 4136 6411 19
4895 4894 4896 19
4893 4892 4894 19
4598 4919 6639 19
4897 4896 4898 19
701 4132 6415 19
5220 5221 5222 19
5212 5213 5214 19
687 688 6473 19
4638 4639 4725 19
6420 6418 6421 19
5210 5211 5212 19
4887 4886 4888 19
4889 4888 4890 19
5807 5806 5808 19
684 685 6476 19
5214 5215 5216 19
4891 4890 4892 19
698 4128 6420 19
5206 5207 5208 19
4127 491 6444 19
5204 5205 5206 19
681 682 6479 19
5813 5812 5814 19
4879 4878 4880 19
5208 5209 5210 19
5521 5492 5522 19
5783 5782 5784 19
5819 5818 5820 19
4838 4837 4839 19
4840 4839 4878 19
5200 5201 5202 19
707 4140 6407 19
5198 5199 5200 19
4885 4884 4886 19
5825 5824 5826 19
4836 4835 4837 19
5202 5203 5204 19
4832 4831 4833 19
4834 4833 4835 19
4569 4801 6643 19
5831 5830 5832 19
4830 4829 4831 19
5193 5194 5196 19
5191 5192 5193 19
4826 4825 4827 19
5196 5197 5198 19
4828 4827 4829 19
4818 4817 4819 19
5970 5969 5972 19
5837 5836 5838 19
6518 6520 6521 19
4131 488 6440 19
6450 6449 6451 19
5843 5842 5844 19
4617 4616 4810 19
4824 4823 4825 19
4811 4810 4817 19
4615 4614 4616 19
666 667 6523 19
6097 6096 6098 19
5134 5186 5187 19
6502 6501 6503 19
694 6447 6450 19
4609 4608 4612 19
4613 4612 4614 19
524 525 6529 19
663 664 6545 19
5132 5133 5134 19
4607 4606 4608 19
5777 5776 5778 19
5087 5129 5130 19
5130 5131 5132 19
5849 5848 5850 19
4603 4602 4604 19
4605 4604 4606 19
6457 6460 6461 19
4601 4600 4602 19
5085 5086 5087 19
5065 5082 5083 19
4597 4596 4598 19
5083 5084 5085 19
4599 4598 4600 19
4595 4594 4596 19
530 531 6569 19
4115 500 6460 19
5063 5064 5065 19
6496 6495 6497 19
5044 5060 5061 19
5061 5062 5063 19
4587 4586 4588 19
5042 5043 5044 19
4582 4581 4586 19
4580 4579 4581 19
6482 6481 6483 19
5006 5039 5040 19
5375 5370 5376 19
4578 4577 4579 19
5040 5041 5042 19
4593 4592 4594 19
4965 4966 4967 19
5856 5855 5857 19
6085 6083 6086 19
649 650 6212 19
6263 6262 6264 19
5004 5005 5006 19
4576 4575 4577 19
539 540 6224 19
4572 4571 4573 19
6512 6514 6515 19
4574 4573 4575 19
647 648 6238 19
4999 5001 5002 19
4570 4569 4571 19
5002 5003 5004 19
680 4104 6482 19
4566 4565 4567 19
4997 4998 4999 19
543 544 6584 19
4568 4567 4569 19
4993 4994 4995 19
4995 4996 4997 19
6018 6017 6019 19
5305 5080 5306 19
4659 4735 6644 19
4553 4552 4554 19
4645 4727 6645 19
4095 515 6514 19
4991 4992 4993 19
4551 4550 4552 19
5350 5348 5351 19
4564 4563 4565 19
4987 4988 4989 19
4989 4990 4991 19
4544 4543 4545 19
4546 4545 4550 19
4985 4986 4987 19
4542 4541 4543 19
4981 4982 4983 19
553 554 6601 19
635 636 6614 19
4983 4984 4985 19
4538 4537 4539 19
552 553 6598 19
4540 4539 4541 19
4979 4980 4981 19
6572 6575 6576 19
6218 6219 6220 19
4536 4535 4537 19
4534 4533 4535 19
4975 4976 4977 19
4977 4978 4979 19
4532 4531 4533 19
6556 6553 6557 19
4973 4974 4975 19
6490 6489 6491 19
4524 4523 4525 19
558 559 6615 19
6561 6560 6563 19
4969 4970 4971 19
6020 6019 6021 19
6536 6537 6538 19
4967 4968 4969 19
561 562 6633 19
4519 4518 4520 19
4521 4520 4523 19
4971 4972 4973 19
4530 4529 4531 19
6132 6131 6133 19
4517 4516 4518 19
658 6551 6556 19
621 622 6276 19
567 568 6291 19
569 570 6636 19
6141 6140 6142 19
6206 6205 6207 19
6244 6243 6245 19
5245 5243 5246 19
4953 4956 4957 19
4515 4514 4516 19
6258 6257 6259 19
4513 4512 4514 19
4951 4952 4953 19
6159 6158 6160 19
6076 5269 6077 19
4943 4950 4951 19
4937 4942 4943 19
6168 6167 6169 19
4935 4936 4937 19
4511 4510 4512 19
613 614 6293 19
575 576 6314 19
4906 4921 4922 19
4922 4934 4935 19
6177 6176 6178 19
6228 6231 6232 19
611 612 6316 19
4904 4905 4906 19
4854 4876 4877 19
4877 4903 4904 19
6220 6221 6222 19
6185 6184 6186 19
4852 4853 4854 19
606 607 6330 19
6589 6590 6592 19
4808 4849 4850 19
4509 4508 4510 19
4850 4851 4852 19
6056 6054 6058 19
4806 4807 4808 19
6041 6040 6042 19
4795 4803 4804 19
6281 6282 6283 19
4804 4805 4806 19
4793 4794 4795 19
4742 4743 4744 19
4788 4790 4791 19
4791 4792 4793 19
5100 5098 5101 19
4507 4506 4508 19
4786 4787 4788 19
4782 4783 4784 19
4784 4785 4786 19
6605 6606 6607 19
5141 5143 5162 19
4780 4781 4782 19
6298 6299 6300 19
4776 4777 4778 19
627 6628 6632 19
4778 4779 4780 19
6625 6623 6626 19
6252 6251 6253 19
4774 4775 4776 19
4770 4771 4772 19
4772 4773 4774 19
4768 4769 4770 19
4764 4765 4766 19
4766 4767 4768 19
4762 4763 4764 19
4758 4759 4760 19
4760 4761 4762 19
4756 4757 4758 19
5014 5012 5015 19
4505 4504 4506 19
4752 4753 4754 19
4754 4755 4756 19
4750 4751 4752 19
6030 6032 6033 19
6283 6285 6286 19
4746 4747 4748 19
4748 4749 4750 19
4744 4745 4746 19
5162 5143 5174 19
777 778 6386 19
4721 4722 4723 19
4717 4720 4721 19
4715 4716 4717 19
4710 4711 4712 19
4712 4714 4715 19
4708 4709 4710 19
6607 6610 6611 19
4704 4705 4706 19
773 774 6398 19
4218 541 6646 19
4706 4707 4708 19
6300 6302 6303 19
4702 4703 4704 19
4697 4699 4700 19
4700 4701 4702 19
4695 4696 4697 19
4691 4692 4693 19
4693 4694 4695 19
4883 4881 4884 19
4689 4690 4691 19
4685 4686 4687 19
4687 4688 4689 19
6033 6035 6036 19
4683 4684 4685 19
4679 4680 4681 19
4681 4682 4683 19
4635 4638 6666 19
4677 4678 4679 19
5920 5923 5924 19
4675 4676 4677 19
4673 4674 4675 19
4081 527 6647 19
4822 4820 4823 19
4671 4672 4673 19
4669 4670 4671 19
4667 4668 4669 19
4665 4666 4667 19
5160 5178 5179 19
6105 6106 6107 19
4663 4664 4665 19
4661 4662 4663 19
4591 4589 4592 19
4493 4492 4500 19
4632 4633 4698 19
6149 6150 6151 19
4659 4660 4661 19
4562 4555 4563 19
5414 5502 5503 19
5412 5413 5414 19
4657 4658 4659 19
5407 5411 5412 19
6324 6325 6327 19
4528 4526 4529 19
4653 6201 6653 19
5405 5406 5407 19
4846 6199 6817 19
4655 4656 4657 19
4265 411 6648 19
4491 4490 4492 19
4710 6127 6654 19
5328 4941 5329 19
4704 6136 6656 19
5444 5443 5445 19
6552 4078 6566 19
4697 6154 6657 19
4691 6163 6658 19
4685 6172 6659 19
4679 6180 6660 19
4653 4654 4655 19
767 4280 6651 19
5151 5149 5307 19
5442 5441 5443 19
4503 4501 4504 19
5329 4941 6695 19
4651 4652 4653 19
5857 6135 6811 19
4638 5140 6666 19
4939 4550 6664 19
4902 4541 6665 19
541 542 6646 19
5438 5437 5439 19
4871 4520 6667 19
527 528 6647 19
6504 6506 6507 19
5793 5794 5795 19
6260 6262 6263 19
4649 4650 4651 19
5440 5439 5441 19
5307 5149 6694 19
4489 4488 4490 19
5304 5495 5496 19
4725 4639 6668 19
5126 5550 5551 19
665 4086 6661 19
4635 4637 4638 19
662 4082 6662 19
5074 5336 5337 19
5310 5404 5405 19
411 412 6648 19
4931 5090 5311 19
766 767 6651 19
4844 4962 5309 19
5799 5800 5801 19
5787 5788 5789 19
4066 651 6748 19
4647 4648 4649 19
630 6619 6663 19
4051 623 6735 19
6818 5505 6820 19
5436 5435 5437 19
664 665 6661 19
661 662 6662 19
5829 5830 5831 19
5823 5824 5825 19
5835 5836 5837 19
5841 5842 5843 19
5817 5818 5819 19
5805 5806 5807 19
5847 5848 5849 19
6432 4135 6434 19
4486 4485 4488 19
6518 4091 6520 19
629 630 6663 19
5811 5812 5813 19
5038 5725 5728 19
4917 5895 5898 19
5126 5551 6750 19
5304 5496 6756 19
5067 5954 5955 19
5074 5337 6743 19
4931 5311 6725 19
4844 5309 6720 19
6081 6083 6085 19
4018 6318 6319 19
4729 4665 6670 19
4645 4646 4647 19
4135 485 6434 19
4563 4555 6671 19
5853 5855 5856 19
4433 4432 4434 19
6500 6501 6502 19
4715 4717 6761 19
6782 4549 6789 19
4221 6673 6729 19
6293 6294 6673 19
6297 6308 6309 19
5179 5180 5181 19
4868 4592 6674 19
5434 5433 5435 19
5966 5969 5970 19
6014 6017 6018 19
5926 5928 5929 19
4961 4884 6675 19
6443 4127 6444 19
6089 6096 6097 19
4136 6410 6411 19
4128 6418 6420 19
4132 6414 6415 19
6203 6205 6206 19
5864 5866 5867 19
4638 4637 4639 19
4484 4483 4485 19
4445 4446 4447 19
6256 6257 6258 19
5137 5269 6076 19
6572 4073 6575 19
6038 6040 6041 19
6494 6495 6496 19
5781 5782 5783 19
4068 555 6732 19
4643 4644 4645 19
4083 6243 6244 19
6427 4139 6428 19
6309 6310 6311 19
6628 6631 6632 19
6182 6184 6185 19
6174 6176 6177 19
6165 6167 6168 19
6281 6278 6282 19
6156 6158 6159 19
6138 6140 6141 19
6129 6131 6132 19
6558 6560 6561 19
6288 6286 6289 19
5715 4273 5720 19
6218 6214 6219 19
6551 6553 6556 19
5904 5905 5906 19
6555 6552 6566 19
5711 4277 5713 19
6621 6623 6625 19
6356 4173 6357 19
6605 6603 6606 19
5707 4281 5709 19
6030 6028 6032 19
5703 4285 5705 19
6305 6303 6306 19
6589 6587 6590 19
6228 6226 6231 19
5699 4287 5701 19
6512 4095 6514 19
6298 6295 6299 19
5691 4295 5693 19
5695 4291 5697 19
6536 6532 6537 19
4224 6332 6334 19
6447 6449 6450 19
6234 6232 6235 19
6547 6549 6550 19
6525 6527 6528 19
5641 4313 5644 19
4474 4472 4610 19
4104 6481 6482 19
5432 5431 5433 19
4742 4723 4743 19
6457 4115 6460 19
6018 6019 6020 19
6438 4131 6440 19
4524 4525 4526 19
6149 6146 6150 19
4517 4518 4519 19
4519 4520 4521 19
4521 4523 4524 19
4532 4533 4534 19
4140 6406 6407 19
4515 4516 4517 19
4511 4512 4513 19
4530 4531 4532 19
4534 4535 4536 19
4513 4514 4515 19
4536 4537 4538 19
4538 4539 4540 19
4542 4543 4544 19
6105 6103 6106 19
4544 4545 4546 19
4540 4541 4542 19
4551 4552 4553 19
4553 4554 4555 19
4546 4550 4551 19
6093 6091 6094 19
4509 4510 4511 19
4564 4565 4566 19
4570 4571 4572 19
4566 4567 4568 19
4568 4569 4570 19
4572 4573 4574 19
4507 4508 4509 19
4576 4577 4578 19
4574 4575 4576 19
4965 4957 4966 19
4578 4579 4580 19
4582 4586 4587 19
4580 4581 4582 19
4587 4588 4589 19
6250 6251 6252 19
4595 4596 4597 19
4593 4594 4595 19
4601 4602 4603 19
4481 4480 4483 19
4597 4598 4599 19
4505 4506 4507 19
5958 5123 6043 19
5920 5918 5923 19
4599 4600 4601 19
4607 4608 4609 19
4603 4604 4605 19
4605 4606 4607 19
4615 4616 4617 19
4818 4819 4820 19
4609 4612 4613 19
4811 4817 4818 19
4613 4614 4615 19
4528 4529 4530 19
4617 4810 4811 19
4824 4825 4826 19
4826 4827 4828 19
4830 4831 4832 19
4562 4563 4564 19
4828 4829 4830 19
4832 4833 4834 19
4836 4837 4838 19
5328 5329 5330 19
4834 4835 4836 19
5756 4259 5759 19
4838 4839 4840 19
4879 4880 4881 19
4840 4878 4879 19
6283 6282 6285 19
4887 4888 4889 19
5181 5182 5183 19
5151 5307 5308 19
4885 4886 4887 19
4893 4894 4895 19
4889 4890 4891 19
4891 4892 4893 19
5862 5860 5872 19
4591 4592 4593 19
4899 4900 4901 19
6122 6121 6123 19
5775 5776 5777 19
5189 5187 5190 19
6300 6299 6302 19
4897 4898 4899 19
4924 4925 4926 19
4895 4896 4897 19
4641 4642 4643 19
4910 4923 4924 19
5010 5011 5012 19
5883 4284 6669 19
4901 4909 4910 19
4503 4504 4505 19
4948 5009 5010 19
4926 4947 4948 19
6488 6489 6490 19
6607 6606 6610 19
5018 5019 5020 19
6033 6032 6035 19
5016 5017 5018 19
4822 4823 4824 19
5022 5023 5024 19
6220 6219 6221 19
5024 5025 5026 19
4493 4500 4501 19
5020 5021 5022 19
6666 5140 6793 19
6592 6590 6594 19
5030 5031 5032 19
5028 5029 5030 19
5026 5027 5028 19
5053 5054 5055 19
5055 5057 5058 19
4916 5095 5315 19
4447 4448 4449 19
5032 5052 5053 19
6576 6575 6577 19
5058 5097 5098 19
4673 4672 4674 19
4667 4666 4668 19
4669 4668 4670 19
4883 4884 4885 19
4675 4674 4676 19
6561 6563 6564 19
4671 4670 4672 19
4679 4678 4680 19
5106 5107 5108 19
4491 4492 4493 19
4677 4676 4678 19
4681 4680 4682 19
4665 4664 4666 19
4685 4684 4686 19
6566 4078 6567 19
4663 4662 4664 19
4683 4682 4684 19
5104 5105 5106 19
4661 4660 4662 19
5102 5103 5104 19
4687 4686 4688 19
5112 5113 5114 19
4691 4690 4692 19
4689 4688 4690 19
5108 5109 5110 19
6521 6520 6522 19
4693 4692 4694 19
5118 5119 5120 19
5241 5242 5243 19
5110 5111 5112 19
4697 4696 4699 19
4695 4694 4696 19
4700 4699 4701 19
5114 5115 5116 19
5503 5502 5504 19
5116 5117 5118 19
4704 4703 4705 19
4659 4658 4660 19
4702 4701 4703 19
5120 5121 5122 19
4706 4705 4707 19
5122 5240 5241 19
5414 5413 5502 19
4710 4709 4711 19
5412 5411 5413 19
4708 4707 4709 19
5877 5879 5881 19
4712 4711 4714 19
5014 5015 5016 19
4744 4743 4745 19
4715 4714 4716 19
6515 6514 6516 19
5407 5406 5411 19
5249 5250 5251 19
4717 4716 4720 19
4657 4656 4658 19
4721 4720 4722 19
4746 4745 4747 19
5247 5248 5249 19
5255 5256 5257 19
4748 4747 4749 19
4752 4751 4753 19
5253 5254 5255 19
4750 4749 4751 19
5174 5143 6369 19
4754 4753 4755 19
5762 5764 5766 19
5261 5262 5263 19
5251 5252 5253 19
4583 6813 6814 19
4758 4757 4759 19
4756 4755 4757 19
5259 5260 5261 19
4760 4759 4761 19
5282 5284 5285 19
4764 4763 4765 19
5257 5258 5259 19
5280 5281 5282 19
4762 4761 4763 19
4655 4654 4656 19
4766 4765 4767 19
5100 5101 5102 19
5263 5279 5280 19
4770 4769 4771 19
4768 4767 4769 19
4772 4771 4773 19
5285 5347 5348 19
5418 5092 5419 19
6461 6460 6462 19
4776 4775 4777 19
4774 4773 4775 19
4639 4640 4641 19
5853 5856 6795 19
4778 4777 4779 19
5739 5741 5743 19
5356 5357 5358 19
5444 5445 5446 19
4782 4781 4783 19
5405 5404 5406 19
5352 5353 5354 19
6670 4667 6697 19
4780 4779 4781 19
4784 4783 4785 19
5309 4962 5310 19
5749 5747 5751 19
4788 4787 4790 19
605 4224 6334 19
4786 4785 4787 19
5354 5355 5356 19
4555 4554 6671 19
5358 5359 5360 19
4489 4490 4491 19
4791 4790 4792 19
5362 5363 5364 19
5143 4725 6668 19
4795 4794 4803 19
4653 4652 4654 19
4793 4792 4794 19
4804 4803 4805 19
5364 5367 5368 19
5368 5369 5370 19
4808 4807 4849 19
5360 5361 5362 19
4806 4805 4807 19
4850 4849 4851 19
4854 4853 4876 19
5311 5090 5312 19
5245 5246 5247 19
4852 4851 4853 19
6429 6428 6430 19
4877 4876 4903 19
4906 4905 4921 19
4904 4903 4905 19
5442 5443 5444 19
5461 5462 5464 19
4922 4921 4934 19
4937 4936 4942 19
5464 5465 5466 19
5459 5460 5461 19
4935 4934 4936 19
4967 4966 4968 19
5469 5470 5471 19
4943 4942 4950 19
4651 4650 4652 19
5471 5472 5473 19
5485 5486 5487 19
5473 5474 5475 19
4953 4952 4956 19
5466 5467 5469 19
4951 4950 4952 19
4969 4968 4970 19
5350 5351 5352 19
5475 5476 5477 19
4975 4974 4976 19
5479 5480 5481 19
5481 5484 5485 19
5477 5478 5479 19
4971 4970 4972 19
4973 4972 4974 19
1186 1185 6677 19
4977 4976 4978 19
4501 4500 6672 19
5487 5488 5489 19
4981 4980 4982 19
4979 4978 4980 19
4983 4982 4984 19
5489 5491 5492 19
4987 4986 4988 19
4985 4984 4986 19
4989 4988 4990 19
4993 4992 4994 19
4959 5590 5600 19
4991 4990 4992 19
5688 4301 5689 19
4302 5652 5653 19
4995 4994 4996 19
4815 4454 6731 19
5337 5336 5396 19
5523 5524 5525 19
4999 4998 5001 19
5525 5526 5527 19
4997 4996 4998 19
4649 4648 4650 19
5002 5001 5003 19
5527 5528 5529 19
5375 5376 5459 19
5529 5530 5531 19
5006 5005 5039 19
5004 5003 5005 19
5531 5532 5533 19
4486 4488 4489 19
5533 5534 5535 19
5040 5039 5041 19
5560 5561 5562 19
5537 5538 5539 19
5535 5536 5537 19
5141 4725 5143 19
5044 5043 5060 19
5551 5550 5552 19
5440 5441 5442 19
5042 5041 5043 19
5061 5060 5062 19
4500 5137 6672 19
5562 5563 5564 19
5065 5064 5082 19
4479 4478 4480 19
5063 5062 5064 19
5539 5559 5560 19
1187 1186 6679 19
5083 5082 5084 19
636 637 6724 19
5087 5086 5129 19
5085 5084 5086 19
5638 4317 5639 19
4318 5627 5628 19
5130 5129 5131 19
5191 5190 5192 19
5134 5133 5186 19
5132 5131 5133 19
5193 5192 5194 19
4647 4646 4648 19
5200 5199 5201 19
5521 5522 5523 19
5196 5194 5197 19
5198 5197 5199 19
5206 5205 5207 19
5202 5201 5203 19
5204 5203 5205 19
5438 5439 5440 19
5887 5886 5888 19
892 893 4032 19
1182 1181 4031 19
5212 5211 5213 19
5208 5207 5209 19
5137 6076 6672 19
895 896 4015 19
1185 1184 4016 19
5210 5209 5211 19
5218 5217 5219 19
898 899 4037 19
1188 1187 4038 19
4484 4485 4486 19
1189 1188 6680 19
5214 5213 5215 19
6294 6297 6673 19
900 901 4225 19
1190 1189 4226 19
5216 5215 5217 19
1191 1190 6681 19
902 903 4019 19
1192 1191 4020 19
4632 4631 4633 19
5220 5219 5221 19
5224 5223 5225 19
905 906 4047 19
1195 1194 4048 19
906 907 6682 19
1196 1195 6684 19
5226 5225 5227 19
907 908 4227 19
1197 1196 4228 19
908 909 6683 19
1198 1197 6685 19
5222 5221 5223 19
909 910 4024 19
1199 1198 4025 19
5430 5429 5431 19
912 913 4029 19
1202 1201 4030 19
5228 5227 5229 19
915 916 4033 19
1205 1204 4034 19
5230 5229 5273 19
5276 5275 5297 19
6297 6309 6673 19
5298 5297 5299 19
5274 5273 5275 19
918 919 4039 19
1208 1207 4040 19
6369 5143 6668 19
921 922 4041 19
1211 1210 4042 19
5300 5299 5301 19
6677 4016 6678 19
924 925 4045 19
1214 1213 4046 19
5344 5343 5380 19
5302 5301 5341 19
5342 5341 5343 19
5381 5380 5382 19
5436 5437 5438 19
927 928 4049 19
1217 1216 4050 19
930 931 4053 19
1220 1219 4054 19
4645 4644 4646 19
933 934 4057 19
1223 1222 4058 19
5383 5382 5384 19
1224 1223 6686 19
5385 5384 5397 19
5400 5399 5452 19
1225 1224 6687 19
5398 5397 5399 19
5453 5452 5454 19
936 937 4061 19
1226 1225 4062 19
937 938 6688 19
1227 1226 6689 19
938 939 4229 19
1228 1227 4230 19
939 940 6690 19
1229 1228 6691 19
940 941 4090 19
1230 1229 4089 19
6286 6285 6649 19
943 944 4094 19
1233 1232 4093 19
6303 6302 6650 19
5455 5454 5456 19
5457 5456 5511 19
5512 5511 5513 19
946 947 4098 19
1236 1235 4097 19
5514 5513 5545 19
949 950 4102 19
1239 1238 4101 19
5546 5545 5547 19
952 953 4106 19
1242 1241 4105 19
955 956 4110 19
1245 1244 4109 19
958 959 4114 19
1248 1247 4113 19
961 962 4118 19
1251 1250 4117 19
964 965 4122 19
1254 1253 4121 19
6232 6231 6652 19
4639 4637 4640 19
4481 4483 4484 19
967 968 4126 19
1257 1256 4125 19
970 971 4130 19
1260 1259 4129 19
973 974 4134 19
1263 1262 4133 19
5307 6782 6789 19
4643 4642 4644 19
976 977 4138 19
1266 1265 4137 19
4717 4721 6795 19
667 668 6780 19
979 980 4142 19
1269 1268 4141 19
4449 4450 4451 19
982 983 4146 19
1272 1271 4145 19
4527 4526 4528 19
985 986 4150 19
1275 1274 4149 19
6328 6327 6329 19
988 989 4152 19
1278 1277 4151 19
5434 5435 5436 19
5144 4915 6721 19
4477 4476 4478 19
5094 4915 5144 19
991 992 4156 19
1281 1280 4155 19
4502 4501 4503 19
994 995 4160 19
1284 1283 4159 19
4561 4555 4562 19
5150 5149 5151 19
5271 4941 5328 19
995 996 6692 19
4933 4798 4941 19
996 997 6693 19
997 998 4164 19
1287 1286 4163 19
4522 6787 6804 19
5147 4557 5149 19
1000 1001 4168 19
1290 1289 4167 19
4502 4557 5146 19
1003 1004 4172 19
1293 1292 4171 19
4479 4480 4481 19
4590 4589 4591 19
5076 4930 5145 19
5310 5403 5404 19
6324 6327 6328 19
5428 5427 5429 19
4956 5371 6676 19
1006 1007 4176 19
1296 1295 4175 19
5146 5147 5148 19
4957 4956 6676 19
5150 5377 5410 19
6606 6603 6732 19
1009 1010 4180 19
1299 1298 4179 19
4641 4640 4642 19
4527 4798 4844 19
4584 6788 6805 19
4844 4933 4962 19
4635 4636 4637 19
1012 1013 4184 19
1302 1301 4183 19
5153 4944 5278 19
1186 6677 6679 19
1015 1016 4188 19
1305 1304 4187 19
6282 6278 6735 19
4821 4820 4822 19
1018 1019 4192 19
1308 1307 4191 19
4561 4930 4931 19
4931 5076 5090 19
6018 6020 6508 19
1021 1022 4198 19
1311 1310 4197 19
1185 4016 6677 19
6306 6303 6650 19
6289 6286 6649 19
4507 4509 4549 19
4513 4515 4583 19
637 4071 6724 19
4517 4519 4522 19
4882 4881 4883 19
1024 1025 4202 19
1314 1313 4201 19
5288 5073 5374 19
4494 6722 6786 19
5190 5187 6762 19
4524 4526 4527 19
4590 4944 5152 19
1027 1028 4206 19
1317 1316 4205 19
6302 6299 6635 19
5432 5433 5434 19
4493 4501 4502 19
6285 6282 6582 19
5152 5153 5321 19
4532 4534 4619 19
4528 4530 6695 19
4867 6014 6730 19
4503 4505 6694 19
4660 4658 4718 19
4664 4662 4802 19
4538 4540 4611 19
1030 1031 4210 19
1320 1319 4209 19
4670 4668 4740 19
6278 4051 6735 19
5315 5095 5316 19
4654 4652 4713 19
4544 4546 4584 19
4470 4468 5989 19
6219 6214 6748 19
1321 1320 6698 19
5406 5404 5451 19
4676 4674 4789 19
5310 4962 5403 19
4038 1187 6679 19
6610 6606 6655 19
4553 4555 4561 19
6603 4068 6732 19
1032 1033 4240 19
1322 1321 4239 19
1034 1035 4194 19
1324 1323 4193 19
1323 1322 6700 19
1033 1034 6699 19
4564 4566 4800 19
5287 5088 5508 19
4682 4680 4799 19
4489 4491 4494 19
4869 6794 6808 19
4688 4686 4812 19
4570 4572 4622 19
5013 5012 5014 19
6235 6232 6652 19
1035 1036 6701 19
1325 1324 6702 19
6295 4044 6734 19
4821 5073 5074 19
4694 4692 4842 19
5074 5288 5336 19
6594 6590 6640 19
4576 4578 4855 19
1036 1037 4241 19
1326 1325 4242 19
4701 4699 4874 19
4580 4582 4814 19
4451 4452 4453 19
4587 4589 4590 19
1188 4038 6680 19
4707 4705 4911 19
4226 1189 6680 19
1039 1040 4199 19
1329 1328 4200 19
1190 4226 6681 19
4020 1191 6681 19
6722 5146 6786 19
4714 4711 4928 19
1330 1329 6703 19
4720 4716 5072 19
4591 4593 6696 19
4595 4597 4929 19
4882 5088 5126 19
1041 1042 4251 19
1331 1330 4252 19
6221 6219 6509 19
4047 906 6682 19
1195 4048 6684 19
4648 4646 4724 19
907 4227 6682 19
4228 1196 6684 19
5150 5151 5377 19
4601 4603 4912 19
4431 6823 6830 19
4502 4503 4557 19
5126 5287 5550 19
4227 908 6683 19
1197 4228 6685 19
6587 4080 6744 19
4527 4528 4798 19
4747 4745 4845 19
909 4024 6683 19
4025 1198 6685 19
6561 6564 6565 19
4956 5286 5371 19
5099 5098 5100 19
5147 5149 5150 19
1044 1045 4207 19
1334 1333 4208 19
6214 4066 6748 19
4933 4941 5271 19
4607 4609 4872 19
4753 4751 4875 19
1045 1046 6704 19
1335 1334 6705 19
5146 4557 5147 19
4475 4474 4476 19
4615 4617 4841 19
4759 4757 4913 19
1046 1047 4261 19
1336 1335 4262 19
4484 4486 4497 19
4844 4798 4933 19
4818 4820 4821 19
5442 5444 5450 19
4765 4763 4932 19
4824 4826 4920 19
1049 1050 4213 19
1339 1338 4214 19
4561 4562 4930 19
1340 1339 6706 19
4771 4769 4946 19
4830 4832 4908 19
4477 4478 4479 19
1051 1052 4231 19
1341 1340 4232 19
4777 4775 4958 19
1052 1053 6707 19
1342 1341 6709 19
5013 5303 5304 19
4739 4715 6761 19
4836 4838 4869 19
5304 5402 5495 19
1053 1054 4237 19
1343 1342 4238 19
4783 4781 5036 19
5244 5243 5245 19
5090 5076 5272 19
5420 5419 5421 19
4879 4881 4882 19
4931 4930 5076 19
1054 1055 6708 19
1344 1343 6710 19
5145 4930 6723 19
4790 4787 5051 19
1055 1056 4243 19
1345 1344 4244 19
1223 4058 6686 19
4590 4591 4944 19
4633 4634 4635 19
1224 6686 6687 19
1056 1057 6711 19
1346 1345 6712 19
4644 4642 4719 19
4062 1225 6687 19
4803 4794 5071 19
4887 4889 5069 19
1057 1058 4245 19
1347 1346 4246 19
5153 5278 5401 19
4061 937 6688 19
1226 4062 6689 19
938 4229 6688 19
4230 1227 6689 19
4479 4481 4495 19
4229 939 6690 19
1228 4230 6691 19
1348 1347 6713 19
940 4090 6690 19
4089 1229 6691 19
5438 5440 5448 19
4849 4807 5089 19
4893 4895 5050 19
1059 1060 4253 19
1349 1348 4254 19
6655 6606 6732 19
5152 4944 5153 19
4876 4853 5125 19
4899 4901 5035 19
5314 6120 6121 19
4814 6733 6790 19
6582 6282 6735 19
4921 4905 5176 19
4924 4926 4955 19
1062 1063 4289 19
1352 1351 4290 19
4966 4957 6676 19
1063 1064 6714 19
1353 1352 6715 19
5349 5348 5350 19
4942 4936 5235 19
5010 5012 5013 19
4821 4822 5073 19
5016 5018 5048 19
1064 1065 4293 19
1354 1353 4294 19
4956 4952 5286 19
1065 1066 6716 19
1355 1354 6717 19
5022 5024 5034 19
1066 1067 4297 19
1356 1355 4298 19
5074 5073 5288 19
1067 1068 6718 19
1357 1356 6719 19
5336 5288 5409 19
5028 5030 5033 19
4970 4968 5000 19
5374 5073 6738 19
1068 1069 4299 19
1358 1357 4300 19
4453 4454 4455 19
4941 4798 6695 19
4976 4974 5007 19
5053 5055 5056 19
5244 5506 5507 19
4557 4503 6694 19
5149 4557 6694 19
4882 4883 5088 19
4798 4528 6695 19
5430 5431 5432 19
1070 1071 4303 19
1360 1359 4304 19
5373 5370 5375 19
5287 5508 5554 19
4475 4476 4477 19
4982 4980 5047 19
5058 5098 5099 19
4521 4524 6720 19
1072 1073 4307 19
1362 1361 4308 19
6309 6311 6729 19
4988 4986 5059 19
4491 4493 6722 19
6509 6219 6748 19
5126 5088 5287 19
5100 5102 5289 19
4916 5315 6771 19
6014 6018 6730 19
5106 5108 5237 19
4994 4992 5070 19
1074 1075 4311 19
1364 1363 4312 19
4637 4636 6771 19
4686 4684 6726 19
5187 5186 6762 19
5112 5114 5177 19
4562 4564 6723 19
6733 5152 6790 19
5001 4998 5081 19
668 4088 6780 19
1076 1077 4315 19
1366 1365 4316 19
6299 6295 6734 19
4551 4553 6725 19
5039 5005 5096 19
5118 5120 5127 19
5013 5014 5303 19
1078 1079 4319 19
1368 1367 4320 19
5371 5286 5415 19
5060 5043 5175 19
5241 5243 5244 19
5329 6695 6781 19
5278 4944 6696 19
5307 6694 6782 19
4944 4591 6696 19
1080 1081 4323 19
1370 1369 4324 19
5247 5249 5267 19
5304 5303 5402 19
5082 5064 5234 19
4530 4532 6781 19
4582 4587 6733 19
5493 5492 5521 19
4635 4634 4636 19
4505 4507 6782 19
5253 5255 5266 19
1082 1083 4327 19
1372 1371 4328 19
5129 5086 5290 19
5195 5190 6762 19
4716 4714 6736 19
6590 6587 6744 19
5259 5261 5264 19
5186 5133 5322 19
1084 1085 4331 19
1374 1373 4332 19
5192 5190 5195 19
1085 1086 6741 19
1375 1374 6742 19
4160 995 6692 19
4486 4489 6737 19
4502 5146 6722 19
5280 5282 5283 19
6692 996 6693 19
997 4164 6693 19
5338 5079 5339 19
1086 1087 4335 19
1376 1375 4336 19
5285 5348 5349 19
5199 5197 5231 19
1087 1088 6745 19
1377 1376 6739 19
4822 4824 6738 19
4811 4818 6743 19
5426 5425 5427 19
4640 4637 6771 19
4930 4562 6723 19
4916 5094 5095 19
1088 1089 4339 19
1378 1377 4340 19
6673 6309 6729 19
5205 5203 5277 19
5350 5352 5408 19
4527 4844 6720 19
4074 6558 6783 19
5356 5358 5389 19
5403 4962 6747 19
5211 5209 5294 19
4499 4624 4625 19
1090 1091 4343 19
1380 1379 4344 19
4962 4933 6747 19
6135 6128 6811 19
5150 5410 6749 19
5362 5364 5378 19
5148 5147 6749 19
5244 5245 5506 19
4455 4456 4457 19
5217 5215 5323 19
5310 5405 6804 19
1092 1093 4347 19
1382 1381 4348 19
4524 4527 6720 19
5368 5370 5373 19
4840 4879 6750 19
4435 4434 4436 19
6678 4016 6856 19
4493 4502 6722 19
1093 1094 6751 19
1383 1382 6752 19
4561 4931 6725 19
5223 5221 5346 19
1094 1095 4351 19
1384 1383 4352 19
6018 6508 6730 19
4494 4491 6722 19
6787 5309 6804 19
4507 4549 6782 19
1095 1096 6754 19
1385 1384 6755 19
6695 4530 6781 19
6694 4505 6782 19
5229 5227 5379 19
4564 4800 6723 19
5466 5469 5490 19
4812 4686 6726 19
5424 5423 5425 19
1096 1097 4353 19
1386 1385 4354 19
4532 4619 6781 19
6635 6299 6734 19
4553 4561 6725 19
5428 5429 5430 19
5297 5275 5494 19
1097 1098 6757 19
1387 1386 6758 19
4636 4634 4915 19
6720 5309 6787 19
4590 5152 6733 19
1098 1099 4357 19
1388 1387 4358 19
5073 4822 6738 19
5301 5299 5395 19
5477 5479 5482 19
4481 4484 6753 19
5095 5094 5320 19
4948 5010 6756 19
4812 6726 6727 19
6788 5311 6805 19
1099 1100 6759 19
1389 1388 6760 19
4489 4494 6737 19
5380 5343 5520 19
1100 1101 4361 19
1390 1389 4362 19
4587 4590 6733 19
4814 4582 6733 19
4636 4915 4916 19
4473 4472 4474 19
4714 4928 6736 19
5072 4716 6736 19
6725 5311 6788 19
1391 1390 6765 19
1101 1102 6764 19
5384 5382 5449 19
5489 5492 5493 19
5432 5434 5510 19
4972 4970 6763 19
1102 1103 4365 19
1392 1391 4366 19
4933 5271 6747 19
6640 6590 6744 19
5422 5421 5423 19
4473 4474 4475 19
4821 5074 6743 19
4497 4486 6737 19
5147 5150 6749 19
1103 1104 6768 19
1393 1392 6770 19
5373 5375 5515 19
1320 4209 6698 19
4239 1321 6698 19
1104 1105 4369 19
1394 1393 4370 19
5456 5454 5497 19
5055 5058 6766 19
1034 4194 6699 19
4193 1323 6700 19
4240 1033 6699 19
1322 4239 6700 19
4194 1035 6701 19
1324 4193 6702 19
1105 1106 6767 19
1395 1394 6769 19
4824 4920 6738 19
4818 4821 6743 19
4473 4475 4547 19
4916 4915 5094 19
4636 4916 6771 19
1106 1107 4373 19
1396 1395 4374 19
4968 4966 6773 19
4882 5126 6750 19
1036 4241 6701 19
4242 1325 6702 19
6558 6561 6783 19
1107 1108 6775 19
1397 1396 6772 19
5539 5560 5565 19
4484 4497 6753 19
1108 1109 4377 19
1398 1397 4378 19
1329 4200 6703 19
4522 4519 6787 19
5888 5886 5890 19
4495 4481 6753 19
4879 4882 6750 19
1399 1398 6778 19
1109 1110 6774 19
4252 1330 6703 19
5590 5313 6830 19
6743 5337 6791 19
5245 5247 6776 19
1110 1111 4379 19
1400 1399 4380 19
4629 4630 4631 19
4739 6761 6811 19
1111 1112 6777 19
1401 1400 6779 19
4207 1045 6704 19
1334 4208 6705 19
6794 5551 6808 19
4519 4521 6787 19
1046 4261 6704 19
4262 1335 6705 19
5013 5304 6756 19
1112 1113 4383 19
1402 1401 4384 19
4584 4546 6788 19
6679 6872 6873 19
6750 5551 6794 19
4633 4631 4634 19
4459 4457 4460 19
1339 4214 6706 19
6561 6565 6783 19
4232 1340 6706 19
510 511 6812 19
1114 1115 4387 19
1404 1403 4388 19
4231 1052 6707 19
1341 4232 6709 19
5010 5013 6756 19
4546 4551 6788 19
1053 4237 6707 19
4238 1342 6709 19
4521 6720 6787 19
4237 1054 6708 19
1343 4238 6710 19
1116 1117 4391 19
1406 1405 4392 19
1055 4243 6708 19
4244 1344 6710 19
4843 5305 6806 19
4970 5000 6763 19
4243 1056 6711 19
1345 4244 6712 19
5146 5148 6786 19
1057 4245 6711 19
4246 1346 6712 19
4631 4630 6721 19
4623 4498 6796 19
1347 4246 6713 19
5000 4968 6773 19
5506 5245 6776 19
6756 5496 6801 19
1118 1119 4395 19
1408 1407 4396 19
4254 1348 6713 19
5056 5055 6766 19
4551 6725 6788 19
5058 5099 6766 19
4966 6676 6773 19
4634 4631 6721 19
5364 5368 6785 19
4841 4617 6791 19
5308 5307 6789 19
1120 1121 4397 19
1410 1409 4398 19
6904 4089 6997 19
4289 1063 6714 19
1352 4290 6715 19
1064 4293 6714 19
4294 1353 6715 19
4721 4741 6795 19
4437 4436 4438 19
4293 1065 6716 19
1354 4294 6717 19
5314 4960 6120 19
4617 4811 6791 19
4471 4470 4472 19
1066 4297 6716 19
4298 1355 6717 19
1122 1123 4407 19
1412 1411 4408 19
5156 5155 5157 19
4869 4838 6794 19
4297 1067 6718 19
1356 4298 6719 19
4430 4432 4433 19
1068 4299 6718 19
4300 1357 6719 19
5426 5427 5428 19
5154 5093 5155 19
5158 5157 5159 19
5247 5267 6776 19
4915 4634 6721 19
1124 1125 4411 19
1414 1413 4412 19
4471 4472 4473 19
4838 4840 6794 19
4811 6743 6791 19
5340 5339 5575 19
5160 5159 5178 19
5407 5412 6814 19
1126 1127 4417 19
1416 1415 4418 19
5152 5321 6790 19
4955 4926 6801 19
6813 6198 6814 19
4719 4642 6802 19
4840 6750 6794 19
1128 1129 4421 19
5428 5430 5517 19
4926 4948 6801 19
4522 6198 6813 19
5378 5364 6785 19
5181 5180 5182 19
5368 5373 6785 19
5423 5421 6784 19
5179 5178 5180 19
4918 4623 4927 19
4331 1085 6741 19
1374 4332 6742 19
4625 4626 4627 19
4948 6756 6801 19
1086 4335 6741 19
4336 1375 6742 19
4469 4468 4470 19
4335 1087 6745 19
1376 4336 6739 19
4627 4628 4629 19
4469 4471 4548 19
4640 6771 6802 19
1088 4339 6745 19
4340 1377 6739 19
5183 5182 5270 19
4642 4640 6802 19
1134 1135 4413 19
1424 1423 4414 19
4927 4623 6796 19
4629 4628 4630 19
4469 4470 4471 19
4347 1093 6751 19
1382 4348 6752 19
5424 5425 5426 19
5419 5092 6797 19
1094 4351 6751 19
4352 1383 6752 19
4351 1095 6754 19
1384 4352 6755 19
4583 6200 6818 19
6771 5315 6802 19
1096 4353 6754 19
4354 1385 6755 19
5309 5310 6804 19
4353 1097 6757 19
1386 4354 6758 19
1098 4357 6757 19
4358 1387 6758 19
4625 4624 4626 19
4357 1099 6759 19
1388 4358 6760 19
4517 4522 6813 19
4583 4515 6813 19
5418 5419 5420 19
1100 4361 6759 19
4362 1389 6760 19
5311 5312 6805 19
4361 1101 6764 19
1390 4362 6765 19
1102 4365 6764 19
4366 1391 6765 19
4365 1103 6768 19
1392 4366 6770 19
1104 4369 6768 19
4370 1393 6770 19
4438 4441 4487 19
4960 4698 6793 19
6120 4960 6793 19
4369 1105 6767 19
1394 4370 6769 19
5422 5423 5424 19
1106 4373 6767 19
4374 1395 6769 19
5420 5421 5422 19
4843 5080 5305 19
4373 1107 6775 19
1396 4374 6772 19
1108 4377 6775 19
4378 1397 6772 19
155 156 4028 19
157 158 4233 19
156 157 6798 19
159 5 4009 19
158 159 6799 19
152 153 4011 19
4 149 4010 19
151 152 6800 19
150 151 4234 19
4377 1109 6774 19
1398 4378 6778 19
6128 4739 6811 19
4467 4468 4469 19
1110 4379 6774 19
4380 1399 6778 19
4379 1111 6777 19
1400 4380 6779 19
1112 4383 6777 19
4384 1401 6779 19
4698 6666 6793 19
5424 5426 5544 19
5551 5552 6808 19
4433 4434 4435 19
5435 5433 6822 19
511 4099 6812 19
4628 4626 5068 19
4473 4547 6803 19
4627 4626 4628 19
4467 4466 4468 19
4429 4428 4430 19
4499 4623 4624 19
4918 5233 5295 19
6731 4452 6815 19
4471 4473 6803 19
4435 4436 4437 19
4918 4927 5233 19
4461 4460 4462 19
4465 4467 4556 19
4439 4498 4499 19
4457 4456 6806 19
5295 5233 5388 19
4437 4438 6810 19
4435 4437 4439 19
4513 4583 6818 19
4515 4517 6813 19
4548 4471 6803 19
6819 5601 6823 19
4499 4498 4623 19
4624 4623 4918 19
4439 4437 4498 19
6796 4498 6810 19
5091 4847 5092 19
5270 5182 5345 19
5236 5092 5418 19
4458 4457 4459 19
4460 4457 6806 19
4549 4509 6820 19
4438 4487 6810 19
4459 4460 4461 19
4445 4447 4496 19
4458 4558 4846 19
4848 5091 5093 19
4846 4847 4848 19
4031 4425 6828 19
6198 5407 6814 19
4449 4451 4482 19
5647 4559 6838 19
4465 4466 4467 19
5178 5159 5549 19
4469 4548 6809 19
4463 4462 4464 19
4429 4430 4431 19
4465 4464 4466 19
5157 5155 5291 19
4461 4462 4463 19
4461 4463 4560 19
4455 4457 4458 19
6897 4054 6960 19
4467 4469 6809 19
4498 4437 6810 19
4626 4624 6807 19
5305 5306 6792 19
4549 6820 6826 19
5445 5443 6867 19
5091 5092 5236 19
4458 4459 4558 19
4463 4464 4465 19
4848 4847 5091 19
4556 4467 6809 19
6823 5601 6830 19
4846 4558 4847 19
4028 156 6798 19
157 4233 6798 19
4233 158 6799 19
159 4009 6799 19
152 4011 6800 19
4234 151 6800 19
5429 5427 6851 19
5427 5425 6845 19
5443 5441 6866 19
4426 4428 4429 19
5306 5391 5392 19
4624 4918 6807 19
4918 5295 6807 19
4511 4513 6818 19
5068 4626 6807 19
5392 5391 5393 19
5154 5156 6832 19
4439 5603 6819 19
5441 5439 6865 19
4462 4460 6824 19
6869 6786 6870 19
5433 5431 6858 19
4511 6818 6820 19
5443 6866 6867 19
4509 4511 6820 19
4435 4439 6819 19
5306 5392 6792 19
5159 5157 6816 19
4453 4455 6817 19
4482 6825 6832 19
4429 4431 5161 19
5447 5435 6822 19
4433 4435 6819 19
5431 5429 6854 19
6806 5305 6824 19
5445 6867 6869 19
957 958 6829 19
5505 5503 6826 19
5429 6851 6854 19
6797 4558 6821 19
4459 4461 6821 19
5549 5159 6816 19
4458 4846 6817 19
6895 4050 6952 19
4558 4459 6821 19
6863 4495 6864 19
5394 5393 5498 19
5157 5291 6816 19
6820 5505 6826 19
4431 4430 6823 19
5499 5500 5501 19
5441 6865 6866 19
4455 4458 6817 19
5421 5419 6831 19
6826 5503 6827 19
4425 4426 6828 19
6096 6095 6833 19
4010 5587 6955 19
6817 6199 6825 19
5392 5393 5394 19
6318 5316 7685 19
4461 4560 6821 19
5305 6792 6824 19
5447 6862 6863 19
5503 5504 6827 19
4482 4451 6825 19
4426 4429 6828 19
4430 4433 6823 19
5499 5498 5500 19
5394 5498 5499 19
6857 5142 6871 19
4433 6819 6823 19
4451 4453 6825 19
7408 4249 7417 19
6963 6134 6965 19
5447 6822 6862 19
6837 4556 6843 19
6894 4046 6943 19
6821 4560 6831 19
4453 6817 6825 19
6825 6199 6832 19
6789 4549 6826 19
6678 6856 6857 19
4094 944 6835 19
5742 5683 7784 19
6789 6826 6827 19
5719 5750 7785 19
6840 5595 6842 19
4585 5647 6850 19
5431 6854 6858 19
6797 6821 6831 19
1014 1015 6836 19
4482 5595 6840 19
4460 6806 6824 19
5601 5590 6830 19
5427 6845 6851 19
5989 4585 6859 19
4648 4724 6839 19
5308 6789 6827 19
6956 6143 6958 19
958 4114 6829 19
6892 4042 6934 19
5158 5160 6842 19
6830 5313 6834 19
6006 6007 7023 19
5556 5557 6841 19
4496 5597 6849 19
6784 4560 6837 19
5161 4431 6834 19
4429 5161 6828 19
4465 4556 6837 19
6948 6161 6950 19
6379 6377 7066 19
893 894 6844 19
1427 1426 7004 19
1137 1138 7003 19
6890 4040 6925 19
6099 6096 6833 19
4496 4447 6840 19
4560 4463 6837 19
4449 4482 6840 19
5425 5423 6843 19
6199 5154 6832 19
4431 6830 6834 19
5419 6797 6831 19
6938 6170 6941 19
4099 512 6848 19
513 6510 6848 19
6855 5318 6861 19
5647 6838 6850 19
5129 5290 6847 19
6887 4034 6917 19
6792 5392 6838 19
6784 6837 6843 19
4585 6850 6859 19
944 945 6835 19
6930 6179 6932 19
4016 1184 6852 19
4559 6792 6838 19
1015 4188 6836 19
6919 6187 6921 19
4445 4496 6849 19
6754 4353 7119 19
4354 6755 7118 19
6888 4030 6908 19
4650 4648 6839 19
4447 4449 6840 19
1182 4031 6860 19
4463 4465 6837 19
5181 5183 6861 19
4487 4441 6855 19
6882 4025 6901 19
6872 5162 6873 19
5439 5437 6864 19
5392 5394 6838 19
4547 4475 6862 19
4479 4495 6863 19
6120 5142 6857 19
6084 6207 6879 19
6912 6197 6914 19
6879 4020 6880 19
5595 5158 6842 19
5323 6343 7674 19
6822 4547 6862 19
6678 6857 6871 19
6902 6034 6905 19
4494 6786 6869 19
5141 5162 6871 19
742 6338 6874 19
4186 741 6874 19
6679 6677 6872 19
7403 6682 7491 19
4032 893 6844 19
5161 6122 6853 19
6883 6208 6885 19
5423 6784 6843 19
5425 6843 6845 19
7233 4142 7292 19
6116 6115 6846 19
5445 6869 6870 19
5447 6863 6864 19
6183 6178 6890 19
4849 5089 6877 19
6175 6169 6892 19
6796 6868 6886 19
6166 6160 6894 19
5984 4614 6884 19
6115 6119 6846 19
6707 4237 7380 19
6157 6142 6895 19
6033 6036 6888 19
6031 6029 6882 19
6838 5394 6850 19
6139 6133 6897 19
4612 5049 6884 19
5125 6480 7161 19
5131 5129 6847 19
5870 7059 7076 19
1192 4020 6883 19
4556 6809 6845 19
1194 1193 6885 19
512 513 6848 19
6123 6121 6856 19
6192 6186 6887 19
4443 4445 6849 19
5957 5958 6966 19
5049 6075 6899 19
5986 5987 7010 19
4061 6688 7278 19
5394 5499 6850 19
6796 6810 6868 19
6845 6809 6851 19
1184 1183 6852 19
6809 4548 6851 19
6851 4548 6854 19
5345 7196 7243 19
4443 6849 6855 19
5127 6378 7140 19
6123 6852 6860 19
6542 6580 7681 19
6208 6205 6889 19
1199 4025 6902 19
4441 4443 6855 19
6852 1183 6860 19
4016 6852 6856 19
4031 6828 6853 19
4548 6803 6854 19
1201 1200 6905 19
6501 6498 6900 19
5588 4427 6955 19
4223 5510 7569 19
4694 4842 6906 19
6121 6120 6857 19
6843 4556 6845 19
5439 6864 6865 19
4122 965 6910 19
6810 4487 6868 19
6850 5499 6859 19
6828 5161 6853 19
5 890 6994 19
6803 4547 6858 19
1183 1182 6860 19
5848 5845 6904 19
6854 6803 6858 19
1202 4030 6912 19
1204 1203 6914 19
5842 5839 6907 19
5499 5501 6859 19
5318 5181 6861 19
6868 5183 6886 19
4475 4477 6862 19
5836 5833 6909 19
4009 5 6994 19
5177 7172 7227 19
4010 6955 6987 19
5830 5827 6911 19
6862 4477 6863 19
4477 4479 6863 19
5824 5821 6913 19
5437 5447 6864 19
6580 6574 7681 19
1205 4034 6919 19
4955 6459 7545 19
1207 1206 6921 19
5818 5815 6915 19
6856 6121 6857 19
4495 6753 6865 19
5985 5984 6884 19
5812 5809 6916 19
4534 4536 6924 19
5184 5163 6928 19
5776 5773 6927 19
6753 4497 6866 19
6023 5164 6931 19
6865 6753 6866 19
6871 5162 6872 19
5806 5803 6918 19
6866 4497 6867 19
6786 5148 6870 19
6861 5183 6868 19
4497 6737 6867 19
5174 6086 6875 19
4611 6608 7237 19
6009 5165 6933 19
4889 4891 6929 19
5782 5779 6926 19
6737 4494 6869 19
1208 4040 6930 19
5800 5797 6920 19
6867 6737 6869 19
5162 5174 6873 19
1210 1209 6932 19
6002 5166 6935 19
6852 6123 6856 19
5446 5445 6870 19
5794 5791 6922 19
5540 5522 6936 19
5999 5167 6937 19
5788 5785 6923 19
6441 6442 6939 19
5142 5141 6871 19
6873 5174 6875 19
5993 5168 6940 19
5492 5491 6936 19
6438 6440 6939 19
5587 5586 6955 19
5990 5169 6944 19
1211 4042 6938 19
6677 6678 6872 19
1213 1212 6941 19
5979 5170 6945 19
5976 5171 6947 19
5362 5378 6942 19
4038 6679 6873 19
5960 5172 6949 19
741 742 6874 19
4705 4703 6946 19
4038 6873 6875 19
5183 5270 6886 19
5946 5173 6951 19
6680 4038 6875 19
6086 6083 6876 19
6034 6030 6908 19
6875 6086 6876 19
1214 4046 6948 19
4247 1179 6987 19
6680 6875 6876 19
1216 1215 6950 19
4226 6680 6876 19
5933 5188 6953 19
4851 4849 6877 19
4226 6876 6878 19
6886 5270 6893 19
6083 6082 6878 19
6876 6083 6878 19
6681 4226 6878 19
6204 6042 6891 19
6207 6208 6879 19
4150 986 6954 19
5191 5193 6957 19
6082 6084 6880 19
6681 6878 6880 19
6878 6082 6880 19
4020 6681 6880 19
1217 4050 6956 19
5198 5200 6959 19
1219 1218 6958 19
6205 6204 6889 19
5204 5206 6962 19
4020 6879 6883 19
6630 6626 6961 19
6042 6040 6896 19
6039 6031 6901 19
5210 5212 6964 19
6889 6204 6891 19
6040 6039 6898 19
4487 6861 6868 19
1220 4054 6963 19
5184 6928 7067 19
6896 6040 6898 19
6029 6034 6882 19
5216 5218 6967 19
6891 6042 6896 19
5510 4223 7606 19
1193 1192 6883 19
5776 6927 7063 19
342 343 6968 19
846 847 6969 19
1222 1221 6965 19
6023 6931 7074 19
4215 596 6978 19
597 4021 6978 19
6898 6039 6901 19
6197 6194 6917 19
4164 998 6966 19
6050 4037 7722 19
5322 6374 7145 19
4614 4612 6884 19
6864 4495 6865 19
6036 6197 6888 19
5509 5470 6976 19
5467 5468 6976 19
4048 1194 6885 19
4206 1028 6971 19
6186 6187 6887 19
5782 6926 7060 19
6009 6933 7080 19
6030 6033 6908 19
6194 6192 6917 19
4303 1071 6973 19
1072 4307 6973 19
4832 4834 6977 19
5276 5298 6980 19
4927 6796 6886 19
6178 6179 6890 19
4176 1007 6979 19
953 954 6982 19
6184 6183 6925 19
4927 6886 6893 19
4048 6889 6891 19
6002 6935 7085 19
5344 5381 6985 19
1360 4304 6981 19
4308 1361 6981 19
6169 6170 6892 19
6684 4048 6891 19
5114 5116 6984 19
6176 6175 6934 19
5400 5453 6988 19
6160 6161 6894 19
5999 6937 7089 19
4022 572 6991 19
5233 4927 6893 19
6684 6891 6896 19
6167 6166 6943 19
4025 6882 6902 19
6142 6143 6895 19
5636 5637 6995 19
5626 5625 6996 19
7249 5879 7295 19
6885 6208 6889 19
4383 1113 6990 19
1402 4384 6989 19
1114 4387 6990 19
4388 1403 6989 19
4584 6805 7236 19
6158 6157 6952 19
5844 5842 7005 19
4228 6684 6896 19
6133 6134 6897 19
5993 6940 7094 19
6846 6119 7317 19
5033 6435 7639 19
6135 5857 6975 19
6075 6072 6899 19
4228 6896 6898 19
6140 6139 6960 19
1230 4089 6993 19
6685 4228 6898 19
6498 6499 6900 19
5854 5851 6986 19
6678 6871 6872 19
5857 6974 6975 19
6131 6130 6970 19
5990 6944 7100 19
6685 6898 6901 19
341 5598 7003 19
5599 848 7004 19
5237 7314 7343 19
5838 5836 7011 19
6130 6135 6972 19
4025 6685 6901 19
4093 1232 6998 19
4030 6888 6912 19
6187 6184 6925 19
6970 6130 6972 19
5857 5855 6974 19
923 924 7000 19
1233 4093 7001 19
5979 6945 7104 19
6972 6135 6975 19
4905 4903 7002 19
1200 1199 6902 19
4029 913 7006 19
5832 5830 7017 19
6974 5855 6983 19
5845 5846 6904 19
5855 5854 6983 19
4097 1235 7007 19
4034 6887 6919 19
5976 6947 7109 19
5493 6275 7009 19
5851 5850 6992 19
4030 1201 6905 19
1236 4097 7008 19
5850 5848 6997 19
4696 4694 6906 19
5839 5840 6907 19
5489 5493 7009 19
6986 5851 6992 19
5960 6949 7113 19
5826 5824 7020 19
6983 5854 6986 19
4101 1238 7012 19
5833 5834 6909 19
965 966 6910 19
4040 6890 6930 19
6007 5128 7014 19
1239 4101 7013 19
4900 4898 7014 19
5946 6951 7120 19
4470 5989 7015 19
4610 4472 7015 19
5827 5828 6911 19
6179 6176 6934 19
6992 5850 6997 19
5820 5818 7024 19
1203 1202 6912 19
1427 7004 7126 19
7003 1138 7125 19
4105 1241 7018 19
5821 5822 6913 19
5182 5180 7016 19
1242 4105 7019 19
4034 1204 6914 19
6993 5846 6998 19
5933 6953 7129 19
4042 6892 6938 19
5815 5816 6915 19
5814 5812 7032 19
7119 4353 7204 19
4354 7118 7205 19
6848 6510 7030 19
7001 5840 7007 19
4109 1244 7021 19
5809 5810 6916 19
6879 6208 6883 19
4389 4421 7776 19
977 978 7023 19
1245 4109 7022 19
5191 6957 7133 19
4421 4389 7742 19
6978 4021 7108 19
5803 5804 6918 19
4093 6998 7005 19
7008 5834 7012 19
4046 6894 6948 19
5808 5806 7036 19
5198 6959 7136 19
4138 6007 7076 19
5797 5798 6920 19
4113 1247 7025 19
4713 4652 7026 19
5587 4010 7098 19
1206 1205 6919 19
7013 5828 7018 19
4097 7007 7011 19
1248 4113 7029 19
6170 6167 6943 19
5204 6962 7139 19
5791 5792 6922 19
4040 1207 6921 19
7019 5822 7021 19
5322 5133 7031 19
5802 5800 7043 19
4101 7012 7017 19
5785 5786 6923 19
6069 4870 7035 19
4050 6895 6956 19
4117 1250 7033 19
5779 5780 6926 19
5210 6964 7144 19
6275 4211 7009 19
4619 4534 6924 19
6905 6034 6908 19
6049 6047 7035 19
7022 5816 7025 19
1251 4117 7034 19
5773 5774 6927 19
4105 7018 7020 19
6882 6034 6902 19
5796 5794 7049 19
5163 6025 6928 19
5216 6967 7149 19
7029 5810 7033 19
4109 7021 7024 19
5069 4889 6929 19
4121 1253 7037 19
4048 6885 6889 19
4054 6897 6963 19
1209 1208 6930 19
1254 4121 7038 19
7034 5804 7037 19
4390 4422 7743 19
5164 6011 6931 19
7234 6618 7371 19
6387 4154 7042 19
4113 7025 7032 19
6559 6557 7040 19
6553 6554 7040 19
6887 6187 6919 19
1038 1039 7039 19
6593 6588 7041 19
5790 5788 7055 19
7062 5774 7065 19
6888 6197 6912 19
4042 1210 6932 19
7058 5780 7061 19
4117 7033 7036 19
5165 6004 6933 19
6161 6158 6952 19
7469 6114 7470 19
7068 6025 7071 19
7038 5798 7045 19
4125 1256 7045 19
6890 6179 6930 19
4650 6839 7026 19
1257 4125 7046 19
5786 5784 7060 19
5166 6001 6935 19
4121 7037 7043 19
1378 4340 7047 19
4344 1379 7047 19
5276 6980 7163 19
7052 5786 7056 19
7078 6011 7079 19
7046 5792 7050 19
4339 1089 7048 19
1090 4343 7048 19
6892 6170 6938 19
6417 6416 7053 19
5552 6848 7030 19
5522 5492 6936 19
5167 5995 6937 19
6415 6414 7053 19
4129 1259 7050 19
1212 1211 6938 19
5122 6379 7066 19
5303 7297 7629 19
7081 6004 7082 19
1260 4129 7052 19
5125 4853 7051 19
6440 6441 6939 19
6894 6161 6948 19
4125 7045 7049 19
5869 975 7059 19
5168 5992 6940 19
5344 6985 7171 19
4046 1213 6941 19
7146 6513 7218 19
7086 6001 7088 19
5360 5362 6942 19
6895 6143 6956 19
5223 5346 7054 19
632 633 7057 19
6914 6197 6917 19
4688 4812 6999 19
5169 5981 6944 19
4133 1262 7056 19
5780 5778 7063 19
4129 7050 7055 19
1263 4133 7058 19
7092 5995 7093 19
6897 6134 6963 19
5131 6847 7031 19
6143 6140 6960 19
5170 5978 6945 19
976 4138 7059 19
6927 4137 7063 19
5400 6988 7179 19
6926 4133 7060 19
4911 4705 6946 19
4137 1265 7061 19
4283 5541 7712 19
7096 5992 7097 19
6928 4141 7067 19
5171 5962 6947 19
1215 1214 6948 19
1266 4137 7062 19
4089 6904 6993 19
5774 5772 7067 19
5116 5118 7064 19
7102 5981 7103 19
6900 6499 7701 19
5172 5948 6949 19
6931 4145 7074 19
4141 1268 7065 19
4050 1216 6950 19
5120 5122 7066 19
6696 7286 7570 19
760 761 7069 19
1269 4141 7068 19
5173 5935 6951 19
7105 5978 7107 19
978 979 7070 19
6025 6024 7074 19
4145 1271 7071 19
5388 7323 7347 19
5188 5324 6953 19
6933 4149 7080 19
4093 6907 7001 19
986 987 6954 19
7110 5962 7111 19
5975 4061 7551 19
4544 4584 7072 19
4601 4912 7073 19
1272 4145 7078 19
4874 4699 7077 19
7114 5948 7117 19
5586 5588 6955 19
1218 1217 6956 19
6134 6131 6970 19
5193 5325 6957 19
6011 6010 7080 19
4184 5998 7487 19
4149 1274 7079 19
6935 4151 7085 19
7121 5935 7127 19
4030 6905 6908 19
4690 4688 6999 19
5093 5091 7075 19
4054 1219 6958 19
4097 6909 7008 19
6266 6265 6999 19
1275 4149 7081 19
5200 5326 6959 19
5548 5547 7219 19
7130 5324 7131 19
6004 6003 7085 19
6921 6187 6925 19
4151 1277 7082 19
6937 4155 7089 19
6904 5846 6993 19
1017 1018 7083 19
6626 6627 6961 19
7701 6499 7753 19
5206 5327 6962 19
7132 5325 7134 19
1278 4151 7086 19
6360 5266 7717 19
4101 6911 7013 19
6001 6000 7089 19
1221 1220 6963 19
5212 5331 6964 19
4155 1280 7088 19
6907 5840 7001 19
6940 4159 7094 19
7191 4257 7238 19
7135 5326 7137 19
6541 4077 7471 19
4253 1060 7090 19
4058 1222 6965 19
5598 342 6968 19
847 5599 6969 19
1281 4155 7092 19
998 999 6966 19
5218 5332 6967 19
5995 5994 7094 19
6495 6492 7091 19
6093 6094 7095 19
6909 5834 7008 19
4209 7153 7154 19
4105 6913 7019 19
6102 6104 7095 19
6944 4163 7100 19
4159 1283 7093 19
7138 5327 7142 19
6698 7154 7156 19
1028 1029 6971 19
4058 6970 6972 19
4239 7156 7157 19
1284 4159 7096 19
6686 4058 6972 19
6700 7157 7158 19
1071 1072 6973 19
6698 4209 7154 19
6911 5828 7013 19
7143 5331 7147 19
4193 7158 7160 19
5992 5991 7100 19
6686 6972 6975 19
4239 6698 7156 19
6945 4167 7104 19
6702 7160 7163 19
4062 6687 6974 19
4163 1286 7097 19
5470 5467 6976 19
5504 6636 7645 19
6687 6686 6975 19
6700 4239 7157 19
6974 6687 6975 19
4908 4832 6977 19
5022 5034 7099 19
4109 6915 7022 19
4193 6700 7158 19
4034 6914 6917 19
1007 1008 6979 19
7148 5332 7152 19
1287 4163 7102 19
6913 5822 7019 19
6702 4193 7160 19
5389 5358 7101 19
596 597 6978 19
7380 4237 7466 19
6932 6179 6934 19
5298 5333 6980 19
4062 6974 6983 19
4242 6702 7163 19
4010 149 7098 19
150 4234 7098 19
4200 7165 7167 19
5981 5980 7104 19
4851 6877 7051 19
1361 1360 6981 19
6947 4171 7109 19
6703 7167 7171 19
5879 5878 7295 19
4167 1289 7103 19
4106 953 6982 19
6689 4062 6983 19
6915 5816 7022 19
4113 6916 7029 19
5870 5869 7059 19
5312 5090 7106 19
5680 5678 7116 19
1290 4167 7105 19
6703 4200 7167 19
5177 5114 6984 19
5381 5386 6985 19
4208 7176 7177 19
4252 6703 7171 19
5978 5977 7109 19
6689 6983 6986 19
6705 7177 7179 19
6949 4175 7113 19
6916 5810 7029 19
4427 4247 6987 19
4171 1292 7107 19
1165 313 7027 19
5714 5716 7112 19
4230 6689 6986 19
6682 4227 7491 19
1293 4171 7110 19
6705 4208 7177 19
5712 5711 7112 19
7162 5333 7164 19
5453 5458 6988 19
4214 7184 7185 19
5180 5178 7108 19
4117 6918 7034 19
4262 6705 7179 19
6706 7185 7187 19
1403 1402 6989 19
1113 1114 6990 19
6918 5804 7034 19
5962 5961 7113 19
890 4248 6994 19
4232 7187 7188 19
6951 4179 7120 19
4040 6921 6925 19
572 573 6991 19
6709 7188 7190 19
4175 1295 7111 19
4230 6986 6992 19
6706 4214 7185 19
1296 4175 7114 19
4232 6706 7187 19
7169 5386 7173 19
7009 4211 7087 19
6709 4232 7188 19
6920 5798 7038 19
957 6829 7128 19
6691 4230 6992 19
5948 5947 7120 19
4238 6709 7190 19
4121 6920 7038 19
4192 1019 7115 19
6953 4183 7129 19
4179 1298 7117 19
826 4364 7122 19
4363 363 7123 19
364 4359 7123 19
4360 825 7122 19
6927 5774 7062 19
5576 5593 7202 19
6926 5780 7058 19
6393 6394 7140 19
6941 6170 6943 19
4321 5636 6995 19
5625 4322 6996 19
1231 1230 6993 19
1299 4179 7121 19
7178 5458 7182 19
5675 5676 7116 19
6922 5792 7046 19
6691 6992 6997 19
574 4043 7124 19
5935 5934 7129 19
6923 5786 7052 19
6928 6025 7068 19
4183 1301 7127 19
6957 4187 7133 19
4125 6922 7046 19
4110 956 7128 19
1231 6993 6998 19
1302 4183 7130 19
4089 6691 6997 19
6829 5571 7128 19
5236 6903 7075 19
6931 6011 7078 19
1232 1231 6998 19
5324 5189 7133 19
4187 1304 7131 19
6959 4191 7136 19
4042 6932 6934 19
1305 4187 7132 19
7278 6688 7369 19
4129 6923 7052 19
1234 1233 7001 19
924 4045 7000 19
5176 4905 7002 19
6933 6004 7081 19
5325 5196 7136 19
4191 1307 7134 19
6962 4197 7139 19
340 341 7003 19
848 849 7004 19
5846 5844 7005 19
1308 4191 7135 19
1234 7001 7007 19
913 914 7006 19
5549 6978 7108 19
6935 6001 7086 19
4133 6926 7058 19
877 1455 4416 19
876 1454 7028 19
5326 5202 7139 19
6964 4201 7144 19
4197 1310 7137 19
1235 1234 7007 19
6950 6161 6952 19
6977 4834 7218 19
4696 6906 7077 19
1311 4197 7138 19
4240 5519 7395 19
5272 6596 7044 19
6383 4158 7141 19
6937 5995 7092 19
1237 1236 7008 19
4137 6927 7062 19
1447 1446 7676 19
1157 1158 7675 19
5487 5489 7009 19
5327 5208 7144 19
6967 4205 7149 19
4201 1313 7142 19
7002 4903 7224 19
6374 724 7145 19
4046 6941 6943 19
725 4166 7145 19
1314 4201 7143 19
6940 5992 7096 19
5840 5838 7011 19
1237 7008 7012 19
4141 6928 7068 19
6359 5264 7634 19
5331 5214 7149 19
4205 1316 7147 19
1238 1237 7012 19
6944 5981 7102 19
1317 4205 7148 19
6300 6304 7151 19
6301 6298 7151 19
946 4098 7150 19
1240 1239 7013 19
6998 5846 7005 19
5332 5220 7153 19
6378 4157 7155 19
4145 6931 7078 19
6945 5978 7105 19
4209 1319 7152 19
5128 4900 7014 19
4157 470 7155 19
471 6393 7155 19
1240 7013 7018 19
5834 5832 7017 19
5345 5182 7016 19
6699 4194 7562 19
1428 1427 7126 19
1138 1139 7125 19
4472 4470 7015 19
6947 5962 7110 19
6958 6143 6960 19
6980 4242 7163 19
4149 6933 7081 19
1241 1240 7018 19
4050 6950 6952 19
7007 5840 7011 19
6949 5948 7114 19
4216 5568 7772 19
6271 6257 7175 19
6477 6478 7161 19
6480 6479 7161 19
1243 1242 7019 19
5998 4184 7572 19
4759 4913 7159 19
4353 6757 7204 19
6758 4354 7205 19
6951 5935 7121 19
1326 4242 7162 19
6835 945 7150 19
6985 4252 7171 19
4151 6935 7086 19
1243 7019 7021 19
5828 5826 7020 19
4130 5865 7557 19
5333 5300 7165 19
6953 5324 7130 19
4200 1328 7164 19
6510 6511 7030 19
7012 5834 7017 19
5957 6966 7198 19
1244 1243 7021 19
5284 5281 7168 19
4982 5047 7166 19
6394 4153 7172 19
4155 6937 7092 19
1246 1245 7022 19
1331 4252 7169 19
5264 6359 7673 19
4138 977 7023 19
6957 5325 7132 19
6988 4262 7179 19
5379 5227 7170 19
5330 5329 7174 19
7098 4234 7195 19
5386 5383 7176 19
4054 6958 6960 19
6965 6134 6970 19
1246 7022 7025 19
4208 1333 7173 19
5822 5820 7024 19
7018 5828 7020 19
4159 6940 7096 19
6781 4619 7174 19
6254 6255 7175 19
6959 5326 7135 19
1247 1246 7025 19
6599 6600 7181 19
4652 4650 7026 19
1336 4262 7178 19
6489 6486 7180 19
5548 7219 7263 19
1249 1248 7029 19
6392 4144 7397 19
5458 5455 7184 19
5483 5722 7387 19
6962 5327 7138 19
4163 6944 7102 19
4214 1338 7182 19
4611 4540 7183 19
7021 5822 7024 19
5133 5131 7031 19
5360 6942 7101 19
1249 7029 7033 19
6312 5316 7633 19
5816 5814 7032 19
6808 5552 7030 19
4929 4597 7186 19
6964 5331 7143 19
1250 1249 7033 19
4411 4385 7612 19
4386 4412 7613 19
4167 6945 7105 19
4058 6965 6970 19
1252 1251 7034 19
6047 6069 7035 19
967 4126 7189 19
7025 5816 7032 19
6946 4703 7235 19
6967 5332 7148 19
5583 5582 7195 19
1252 7034 7037 19
5197 5194 7193 19
4171 6947 7110 19
5810 5808 7036 19
7033 5810 7036 19
1253 1252 7037 19
1255 1254 7038 19
6223 4749 7763 19
4021 598 7196 19
4175 6949 7114 19
1039 4199 7039 19
1255 7038 7045 19
4213 1050 7197 19
1051 4231 7197 19
6588 6591 7041 19
5316 6312 7671 19
6557 6553 7040 19
5804 5802 7043 19
6836 4188 7734 19
4154 6385 7042 19
7037 5804 7043 19
5500 5578 7764 19
4179 6951 7121 19
6980 5333 7162 19
1000 4168 7198 19
4185 449 7200 19
450 6347 7200 19
5048 5018 7199 19
1256 1255 7045 19
1258 1257 7046 19
1379 1378 7047 19
5487 7009 7087 19
4183 6953 7130 19
1089 1090 7048 19
988 4152 7201 19
6985 5386 7169 19
1258 7046 7050 19
5565 6211 7669 19
7045 5798 7049 19
5798 5796 7049 19
4199 1040 7203 19
1041 4251 7203 19
4385 4411 7650 19
4412 4386 7651 19
7695 6627 7748 19
4187 6957 7132 19
1259 1258 7050 19
878 1456 4404 19
6988 5458 7178 19
4307 1073 7206 19
1074 4311 7206 19
320 321 7675 19
868 869 7676 19
1030 4210 7207 19
1261 1260 7052 19
4853 4851 7051 19
6416 6415 7053 19
1362 4308 7210 19
4312 1363 7210 19
1009 4180 7211 19
4191 6959 7135 19
4061 5975 7765 19
7050 5792 7055 19
1261 7052 7056 19
6961 6627 7695 19
5865 4130 7638 19
5225 5223 7054 19
5792 5790 7055 19
4387 1115 7213 19
1404 4388 7212 19
1116 4391 7213 19
4392 1405 7212 19
6996 4322 7118 19
1262 1261 7056 19
4321 6995 7119 19
4063 632 7057 19
4197 6962 7138 19
6624 6620 7214 19
6991 573 7124 19
1264 1263 7058 19
905 4047 7215 19
5585 5583 7241 19
915 4033 7216 19
975 976 7059 19
1264 7058 7061 19
6513 6977 7218 19
4711 4709 7217 19
5784 5782 7060 19
4201 6964 7143 19
1265 1264 7061 19
4836 4869 7218 19
340 7003 7125 19
7004 849 7126 19
1267 1266 7062 19
5778 5776 7063 19
5118 5127 7064 19
1267 7062 7065 19
4205 6967 7148 19
5186 5322 7220 19
1268 1267 7065 19
5127 5120 7066 19
5772 5184 7067 19
5519 4240 7479 19
1270 1269 7068 19
761 4268 7069 19
4654 4713 7222 19
979 4142 7070 19
1270 7068 7071 19
1271 1270 7071 19
6910 966 7189 19
4542 4544 7072 19
7204 6757 7250 19
1428 7126 7209 19
7125 1139 7208 19
4599 4601 7073 19
6758 7205 7251 19
6024 6023 7074 19
6478 7002 7224 19
1273 1272 7078 19
4699 4696 7077 19
4826 4828 7223 19
5091 5236 7075 19
4876 5125 7224 19
4932 4763 7226 19
1273 7078 7079 19
6395 6396 7227 19
6054 6053 7225 19
5547 5602 7219 19
4242 6980 7162 19
1274 1273 7079 19
5602 4276 7219 19
4936 4934 7228 19
6617 6616 7234 19
6010 6009 7080 19
5967 5968 7230 19
5059 4986 7229 19
6099 6833 7517 19
5148 6749 7231 19
1276 1275 7081 19
745 6337 7232 19
4190 744 7232 19
6615 6618 7234 19
1276 7081 7082 19
6984 6394 7172 19
4211 5937 7087 19
4252 6985 7169 19
1277 1276 7082 19
6255 6946 7235 19
4701 4874 7235 19
7562 4194 7641 19
6607 6612 7237 19
6608 6605 7237 19
7030 6511 7146 19
1018 4192 7083 19
6003 6002 7085 19
5479 5481 7238 19
1279 1278 7086 19
5108 5110 7239 19
4323 5696 7522 19
7658 6763 7757 19
1279 7086 7088 19
5485 5487 7087 19
7073 4912 7681 19
6576 6579 7240 19
4262 6988 7178 19
1280 1279 7088 19
6573 6572 7240 19
5232 5959 7242 19
6492 6493 7091 19
5660 4324 7523 19
6000 5999 7089 19
1060 1061 7090 19
6109 6107 7282 19
1282 1281 7092 19
4875 6563 7721 19
1453 875 7028 19
599 600 7243 19
1282 7092 7093 19
6808 7030 7146 19
6841 5557 7084 19
1283 1282 7093 19
6094 6102 7095 19
1062 4289 7244 19
4251 5722 7301 19
5994 5993 7094 19
4045 925 7245 19
6924 4536 7279 19
1285 1284 7096 19
1285 7096 7097 19
6390 6389 7744 19
149 150 7098 19
6445 6446 7248 19
5219 6342 7496 19
1286 1285 7097 19
6443 6444 7248 19
5020 5022 7099 19
6954 987 7201 19
5910 5571 7255 19
5007 6421 7709 19
5676 5674 7258 19
5991 5990 7100 19
6966 999 7198 19
5358 5360 7101 19
5356 5389 7252 19
1288 1287 7102 19
5710 5712 7257 19
1288 7102 7103 19
1021 4198 7256 19
5708 5707 7257 19
314 1164 7027 19
1289 1288 7103 19
4619 6924 7321 19
5571 6829 7255 19
6466 6469 7280 19
5980 5979 7104 19
1291 1290 7105 19
828 4368 7259 19
4367 361 7260 19
362 4363 7260 19
4364 827 7259 19
5090 5272 7106 19
4248 5498 7747 19
7703 4300 7784 19
4299 7702 7785 19
1291 7105 7107 19
6513 6512 7261 19
5671 5672 7258 19
6971 1029 7207 19
5696 4323 7567 19
4324 5660 7571 19
1292 1291 7107 19
5178 5549 7108 19
7016 4021 7196 19
5977 5976 7109 19
1294 1293 7110 19
6979 1008 7211 19
7256 4198 7342 19
1294 7110 7111 19
6403 5081 7547 19
434 435 7265 19
5711 5714 7112 19
1295 1294 7111 19
4814 6230 7528 19
5195 6762 7264 19
5961 5960 7113 19
1297 1296 7114 19
6478 4108 7266 19
5483 7387 7473 19
5225 7054 7170 19
5585 7241 7284 19
1297 7114 7117 19
4718 4658 7267 19
6053 6059 7585 19
6074 6087 7268 19
5929 5928 7268 19
1019 1020 7115 19
4322 5624 7118 19
5678 5675 7116 19
4013 5517 7649 19
1298 1297 7117 19
5623 4321 7119 19
6255 6253 7273 19
5947 5946 7120 19
1300 1299 7121 19
6315 6314 7270 19
6550 6549 7272 19
6555 6566 7272 19
1300 7121 7127 19
825 826 7122 19
363 364 7123 19
573 574 7124 19
1301 1300 7127 19
339 340 7125 19
849 850 7126 19
6413 6412 7274 19
5555 5558 7194 19
956 957 7128 19
6411 6410 7274 19
5934 5933 7129 19
1303 1302 7130 19
7006 914 7216 19
5229 5379 7275 19
1303 7130 7131 19
5517 4013 7689 19
1351 1350 7276 19
1304 1303 7131 19
5879 7249 7263 19
6005 6006 7233 19
6022 4857 7277 19
4237 6708 7466 19
6124 4816 7282 19
4542 7072 7183 19
1306 1305 7132 19
5189 5191 7133 19
4911 6946 7273 19
5909 5908 7287 19
4538 4611 7279 19
6612 6924 7279 19
6107 6106 7282 19
4599 7073 7186 19
1306 7132 7134 19
5959 5956 7283 19
1307 1306 7134 19
1429 1428 7209 19
1139 1140 7208 19
6829 4114 7255 19
6696 4593 7286 19
4595 4929 7286 19
1309 1308 7135 19
5196 5198 7136 19
4911 7273 7315 19
5587 7098 7195 19
6544 5396 7531 19
4358 6758 7251 19
6757 4357 7250 19
5862 5872 7287 19
5524 5540 7288 19
1309 7135 7137 19
7087 5937 7191 19
6688 4229 7369 19
5446 6870 7231 19
1310 1309 7137 19
6999 4812 7221 19
6511 6513 7146 19
5233 6893 7262 19
5239 6008 7292 19
1312 1311 7138 19
5203 5201 7289 19
5202 5204 7139 19
5485 7087 7191 19
960 961 7296 19
1312 7138 7142 19
6099 7517 7598 19
4158 6382 7141 19
5730 5729 7299 19
5303 5014 7297 19
1313 1312 7142 19
5016 5048 7297 19
5728 5725 7299 19
5408 5352 7298 19
1315 1314 7143 19
5361 5753 7300 19
5519 5363 7300 19
5208 5210 7144 19
5722 5474 7301 19
5472 5509 7301 19
6366 6367 7303 19
724 725 7145 19
1315 7143 7147 19
5997 5242 7304 19
5240 5915 7304 19
4311 1075 7302 19
1076 4315 7302 19
5972 5974 7313 19
6068 4019 7336 19
6517 6519 7306 19
4869 6808 7146 19
1316 1315 7147 19
1364 4312 7305 19
4316 1365 7305 19
4063 7057 7214 19
5557 5555 7194 19
1318 1317 7148 19
5214 5216 7149 19
4391 1117 7308 19
1406 4392 7307 19
1118 4395 7308 19
4396 1407 7307 19
945 946 7150 19
6298 6300 7151 19
1318 7148 7152 19
6574 7073 7681 19
5269 5319 7310 19
6738 4920 7309 19
1319 1318 7152 19
5396 6544 7580 19
4204 5520 7592 19
5220 5222 7153 19
5020 7099 7199 19
6305 6306 7312 19
7153 5222 7154 19
6474 6475 7311 19
6325 6326 7312 19
4908 7261 7306 19
6977 6513 7261 19
5330 7234 7371 19
5222 5224 7154 19
470 471 7155 19
7154 5224 7156 19
444 5515 7694 19
4908 6977 7261 19
5224 5226 7156 19
4857 6100 7313 19
7156 5226 7157 19
6397 4147 7314 19
5593 5585 7284 19
5970 5972 7313 19
5226 5228 7157 19
7157 5228 7158 19
6506 4958 7540 19
6946 6255 7273 19
4225 6050 7722 19
7731 6591 7777 19
5228 5230 7158 19
6248 6249 7315 19
6144 6145 7317 19
7158 5230 7160 19
4765 4932 7316 19
4761 4759 7159 19
5230 5274 7160 19
6479 6477 7161 19
7160 5274 7163 19
4039 919 7318 19
1327 1326 7162 19
5274 5276 7163 19
7297 6446 7629 19
5722 4251 7387 19
4988 5059 7319 19
6612 6611 7321 19
6710 4238 7192 19
5177 6984 7172 19
4027 601 7323 19
5494 5275 7320 19
5026 6439 7538 19
1327 7162 7164 19
4952 4950 7322 19
1328 1327 7164 19
5520 4204 7628 19
5488 5486 7325 19
5583 7195 7241 19
5176 7266 7311 19
7118 5624 7205 19
5623 7119 7204 19
5477 5482 7324 19
5300 5302 7165 19
7165 5302 7167 19
6266 6999 7221 19
4984 4982 7166 19
4148 6390 7704 19
5578 4032 7764 19
7064 5127 7140 19
5302 5342 7167 19
7002 6478 7266 19
7167 5342 7171 19
5390 5284 7168 19
1332 1331 7169 19
339 7125 7208 19
7126 850 7209 19
5342 5344 7171 19
5227 5225 7170 19
4153 6395 7172 19
6468 6466 7280 19
1332 7169 7173 19
7303 6367 7341 19
4011 153 7326 19
1333 1332 7173 19
927 4049 7331 19
5329 6781 7174 19
4958 6506 7589 19
4041 6108 7667 19
6257 6254 7175 19
5383 5385 7176 19
5896 5894 7334 19
7176 5385 7177 19
5176 7002 7266 19
5385 5398 7177 19
5672 5670 7348 19
4358 7251 7291 19
7250 4357 7290 19
7208 1140 7253 19
1429 7209 7254 19
7177 5398 7179 19
1337 1336 7178 19
4246 6712 7327 19
5272 7044 7106 19
4019 903 7336 19
5398 5400 7179 19
5102 5104 7335 19
6486 6487 7180 19
4181 452 7338 19
453 6351 7338 19
6600 6613 7181 19
4828 4830 7337 19
4222 577 7340 19
578 4017 7340 19
5706 5708 7346 19
5704 5703 7346 19
1337 7178 7182 19
6399 6400 7343 19
5281 5279 7342 19
5194 5192 7341 19
7286 6579 7570 19
1338 1337 7182 19
7041 6591 7731 19
4540 4542 7183 19
602 603 7347 19
830 4372 7349 19
4371 359 7350 19
360 4367 7350 19
4368 829 7349 19
4812 6727 7221 19
5455 5457 7184 19
7184 5457 7185 19
5667 5668 7348 19
4934 4921 7351 19
5457 5512 7185 19
5937 4257 7191 19
7185 5512 7187 19
4597 4599 7186 19
5512 5514 7187 19
7187 5514 7188 19
6390 6391 7704 19
4269 5745 7353 19
5737 4270 7352 19
4417 4389 7696 19
4390 4418 7697 19
5742 5738 7352 19
5746 5750 7353 19
5514 5546 7188 19
7188 5546 7190 19
5365 5949 7354 19
966 967 7189 19
5546 5548 7190 19
5481 5485 7191 19
4802 4662 7355 19
4660 4718 7355 19
4709 4707 7356 19
7090 1061 7244 19
4389 4417 7742 19
4418 4390 7743 19
4098 947 7357 19
7466 6708 7555 19
5231 5197 7193 19
4946 4769 7358 19
6713 4246 7372 19
5308 6638 7536 19
6421 6422 7454 19
4123 494 7362 19
5345 7016 7196 19
981 982 7359 19
6924 6612 7321 19
5070 4992 7361 19
6721 4630 7360 19
748 4196 7367 19
4236 747 7367 19
942 943 7364 19
6287 4740 7532 19
4745 4743 7365 19
5582 5587 7195 19
154 155 7370 19
5209 5207 7373 19
4168 1001 7374 19
1050 1051 7197 19
4160 5941 7740 19
598 599 7196 19
4126 968 7379 19
5110 5112 7271 19
4194 6701 7641 19
6367 4170 7381 19
999 1000 7198 19
4165 6373 7382 19
6065 6063 7269 19
462 463 7382 19
5018 5020 7199 19
7124 4043 7710 19
4069 536 7383 19
537 6583 7383 19
6519 6518 7385 19
449 450 7200 19
5288 5374 7384 19
7369 4229 7452 19
6006 7070 7233 19
4251 1042 7387 19
4761 7159 7226 19
6470 5035 7630 19
5442 5450 7389 19
5448 5440 7389 19
4152 989 7390 19
6475 4112 7393 19
987 988 7201 19
5350 5408 7391 19
4755 6562 7474 19
7255 4114 7334 19
4740 6287 7584 19
7115 1020 7256 19
4315 1077 7392 19
1078 4319 7392 19
4210 1031 7395 19
1032 4240 7395 19
5577 5576 7202 19
1366 4316 7396 19
4320 1367 7396 19
4180 1010 7398 19
1040 1041 7203 19
4395 1119 7400 19
1408 4396 7399 19
1120 4397 7400 19
4398 1409 7399 19
6249 6247 7402 19
4325 5623 7204 19
5624 4326 7205 19
4984 7166 7229 19
1073 1074 7206 19
4605 6539 7453 19
1029 1030 7207 19
6394 7064 7140 19
338 339 7208 19
850 851 7209 19
5035 6470 7670 19
5195 7264 7303 19
6326 6323 7405 19
6280 6290 7405 19
7315 6249 7356 19
1363 1362 7210 19
1008 1009 7211 19
6528 6527 7407 19
6548 6546 7407 19
5404 5403 7406 19
7198 4168 7283 19
6409 6408 7409 19
7181 6613 7236 19
6407 6406 7409 19
1405 1404 7212 19
1115 1116 7213 19
496 4119 7411 19
5297 5494 7410 19
5395 5299 7410 19
6126 6125 7470 19
959 960 7412 19
6749 5410 7710 19
1430 1429 7254 19
1140 1141 7253 19
6760 4358 7291 19
4357 6759 7290 19
4978 6419 7494 19
5469 5471 7417 19
6833 6095 7429 19
6713 7372 7414 19
6364 6362 7422 19
6620 4063 7214 19
5296 5945 7424 19
5544 4216 7772 19
4198 1022 7423 19
904 905 7215 19
4216 5544 7738 19
6008 6005 7233 19
6473 6471 7425 19
914 915 7216 19
439 440 7426 19
6521 6522 7430 19
4049 6833 7429 19
6090 6092 7429 19
5668 5666 7438 19
4751 4749 7427 19
4609 4613 7428 19
4928 4711 7217 19
5153 5401 7431 19
4834 4836 7218 19
7306 6519 7337 19
5702 5704 7436 19
5700 5699 7436 19
580 6642 7434 19
4017 579 7434 19
4276 5881 7219 19
1002 1003 7435 19
832 4376 7439 19
4375 357 7440 19
358 4371 7440 19
4372 831 7439 19
5094 5144 7437 19
6057 6056 7388 19
4037 6052 7418 19
5663 5664 7438 19
6401 4143 7442 19
5215 5213 7441 19
6762 5186 7220 19
6268 6266 7221 19
6424 6425 7444 19
7192 5548 7263 19
5885 5887 7458 19
7311 6475 7351 19
4257 433 7281 19
4664 4802 7445 19
963 964 7446 19
6593 7041 7700 19
949 4102 7447 19
4771 4946 7450 19
4656 4654 7222 19
6423 6421 7454 19
6448 4124 7454 19
6361 6360 7749 19
750 6321 7455 19
4196 749 7455 19
4994 5070 7451 19
4912 4603 7453 19
5283 5282 7457 19
5285 5349 7457 19
7339 6062 7388 19
522 523 7463 19
7641 6701 7730 19
4270 5684 7476 19
4816 6126 7492 19
6335 6332 7468 19
970 4130 7467 19
6050 6049 7504 19
4920 4826 7223 19
4327 5692 7607 19
5720 4269 7475 19
5656 4328 7609 19
4903 4876 7224 19
5719 5717 7475 19
4087 521 7472 19
6058 6054 7225 19
4763 4761 7226 19
4325 7204 7250 19
7205 4326 7251 19
1044 4207 7473 19
4757 4755 7474 19
5717 5715 7475 19
4525 6144 7477 19
5367 5519 7479 19
5681 5683 7476 19
338 7208 7253 19
7209 851 7254 19
5679 5681 7476 19
6893 5270 7285 19
6396 6397 7227 19
991 4156 7482 19
5438 5448 7481 19
4621 6118 7469 19
898 4037 7418 19
4319 1079 7483 19
1080 4323 7483 19
5235 4936 7228 19
1368 4320 7484 19
4324 1369 7484 19
6801 5496 7480 19
1012 4184 7487 19
5030 5032 7488 19
4397 1121 7486 19
1410 4398 7485 19
1122 4407 7486 19
4408 1411 7485 19
4986 4984 7229 19
5417 5416 7493 19
6343 5323 7733 19
5971 5967 7230 19
7290 6759 7330 19
4328 5656 7647 19
6760 7291 7332 19
4166 6368 7264 19
6422 5007 7658 19
4980 4978 7494 19
4740 4668 7495 19
4421 4393 7776 19
5692 4327 7646 19
1430 7254 7294 19
7253 1141 7293 19
744 745 7232 19
5221 5219 7496 19
4422 1417 7743 19
433 434 7281 19
4958 4775 7497 19
6616 6615 7234 19
6242 6239 7510 19
6363 4174 7508 19
4703 4701 7235 19
5081 4998 7503 19
6354 6355 7509 19
4246 7327 7372 19
6613 6609 7236 19
6353 6352 7509 19
5301 5395 7505 19
5895 5896 7511 19
5484 5480 7625 19
6630 6961 7661 19
1023 1024 7512 19
4039 6113 7449 19
6605 6607 7237 19
691 692 7516 19
5482 5479 7238 19
4049 928 7517 19
6536 4872 7746 19
5237 5108 7239 19
5664 5662 7523 19
4116 690 7518 19
565 566 7519 19
6710 7192 7249 19
6233 4855 7578 19
5889 5767 7529 19
6580 6542 7471 19
6539 6540 7453 19
5698 5700 7522 19
1164 314 7247 19
875 1453 7246 19
6350 6348 7520 19
5696 5695 7522 19
4254 6713 7414 19
6833 4049 7517 19
5112 5177 7271 19
4381 355 7527 19
834 4382 7526 19
4376 833 7526 19
356 4375 7527 19
5510 5434 7521 19
984 985 7525 19
5659 5660 7523 19
7219 5881 7263 19
6870 5148 7231 19
4855 4578 7528 19
4580 4814 7528 19
6572 6576 7240 19
6543 6544 7531 19
4085 6529 7531 19
6283 6287 7532 19
6284 6281 7532 19
6526 6524 7540 19
4056 564 7533 19
4234 6800 7241 19
5944 5232 7242 19
5151 5308 7536 19
6569 6580 7471 19
5410 7124 7710 19
5024 5026 7538 19
5466 5490 7537 19
6507 6506 7540 19
6402 6403 7547 19
6405 6404 7547 19
6292 5449 7668 19
600 4027 7243 19
4924 4955 7545 19
5520 5343 7546 19
444 445 7549 19
5901 5899 7553 19
4855 6233 7614 19
5280 5283 7552 19
6072 6073 7544 19
5449 6292 7708 19
5859 5861 7557 19
1061 1062 7244 19
5865 5863 7557 19
5096 6390 7744 19
4656 7222 7267 19
5756 5759 7561 19
5375 5459 7558 19
5480 5478 7559 19
6333 6331 7563 19
925 926 7245 19
5940 5939 7566 19
5938 5731 7566 19
6429 6431 7579 19
6320 6319 7568 19
5568 5422 7772 19
5649 5648 7572 19
4035 582 7569 19
583 4223 7569 19
5387 5998 7572 19
6708 4243 7555 19
4323 1081 7567 19
1082 4327 7567 19
1370 4324 7571 19
4328 1371 7571 19
7473 4207 7559 19
6501 6900 7664 19
6230 6227 7578 19
6228 6233 7578 19
4238 7190 7192 19
5337 5396 7580 19
4407 1123 7576 19
1412 4408 7575 19
1124 4411 7576 19
4412 1413 7575 19
6241 6216 7583 19
5270 5345 7285 19
4670 4740 7584 19
4841 6791 7580 19
4777 4958 7589 19
5444 5446 7590 19
753 4204 7592 19
4250 752 7592 19
7041 4622 7700 19
5035 4901 7591 19
5735 5736 7490 19
6444 6445 7248 19
4244 6710 7249 19
5264 5261 7597 19
5622 4325 7250 19
4326 5621 7251 19
4610 7015 7269 19
5660 5658 7609 19
5354 5356 7252 19
930 4053 7598 19
5694 5696 7607 19
6336 4036 7602 19
5692 5691 7607 19
6223 6222 7780 19
337 338 7253 19
851 852 7254 19
1005 1006 7599 19
6346 6344 7604 19
5920 5924 7601 19
836 4386 7613 19
4385 353 7612 19
4382 835 7613 19
354 4381 7612 19
5655 5656 7609 19
5897 5910 7255 19
6961 4789 7661 19
5432 5510 7606 19
6349 4178 7618 19
4229 6690 7452 19
1020 1021 7256 19
5517 5430 7606 19
4393 349 7776 19
350 4389 7776 19
6627 6623 7781 19
4576 4855 7614 19
6544 6534 7620 19
6846 4033 7725 19
4261 1047 7782 19
4789 4674 7617 19
6318 6317 7633 19
6461 6470 7630 19
1014 6836 7656 19
4172 1004 7623 19
4800 4566 7777 19
7195 4234 7241 19
5036 4781 7624 19
6358 6359 7634 19
6458 6457 7630 19
5334 7256 7342 19
5707 5710 7257 19
6017 6015 7560 19
6356 6357 7634 19
6435 6437 7639 19
5449 5382 7628 19
5380 5520 7628 19
6541 6538 7750 19
6311 6312 7633 19
5424 5544 7772 19
5919 5921 7766 19
6505 6503 7664 19
4303 5718 7702 19
6288 6289 7661 19
5682 4304 7703 19
936 4061 7765 19
6365 6641 7548 19
4130 971 7638 19
6636 6637 7645 19
4362 6760 7332 19
6759 4361 7330 19
6568 4077 7750 19
1141 1142 7293 19
1431 1430 7294 19
5968 6098 7680 19
4223 584 7649 19
585 4013 7649 19
6218 6220 7657 19
6351 4177 7662 19
4156 992 7648 19
5674 5671 7258 19
6234 6235 7700 19
4327 1083 7646 19
1084 4331 7646 19
1372 4328 7647 19
4332 1373 7647 19
5265 5649 7734 19
6360 4169 7749 19
5690 5692 7690 19
6538 6537 7750 19
461 462 7749 19
4622 4572 7655 19
4184 1013 7656 19
587 4216 7738 19
6535 6533 7746 19
6836 5649 7656 19
6345 4182 7733 19
7202 4011 7326 19
6211 418 7669 19
4053 931 7751 19
5051 4787 7753 19
5007 4974 7658 19
6217 6215 7666 19
419 4283 7669 19
5005 5003 7752 19
755 6292 7668 19
4204 754 7668 19
4972 6763 7658 19
4013 586 7738 19
5902 5903 7745 19
6343 6341 7674 19
4411 1125 7650 19
1414 4412 7651 19
1126 4417 7650 19
4418 1415 7651 19
4202 1025 7663 19
6453 6454 7727 19
4799 4680 7748 19
6900 5036 7664 19
4389 351 7696 19
838 4390 7697 19
4386 837 7697 19
352 4385 7696 19
921 4041 7667 19
5656 5654 7693 19
994 4160 7740 19
5039 5096 7744 19
5315 5316 7671 19
4899 5035 7670 19
6563 6560 7721 19
6433 6432 7718 19
1026 1027 7677 19
5373 5515 7741 19
4570 4622 7731 19
6583 4065 7707 19
896 897 7678 19
4417 1127 7742 19
1416 4418 7743 19
5259 5264 7673 19
916 917 7725 19
1128 4421 7742 19
6421 6418 7709 19
973 4134 7726 19
4037 899 7722 19
900 4225 7722 19
712 713 7704 19
4676 4789 7695 19
5266 5255 7717 19
5050 4895 7711 19
827 828 7259 19
361 362 7260 19
4783 5036 7701 19
4299 1069 7702 19
1358 4300 7703 19
1070 4303 7702 19
4304 1359 7703 19
5384 5449 7708 19
5539 5565 7712 19
4719 6802 7671 19
5428 5517 7689 19
6512 6515 7261 19
5544 5426 7689 19
5649 6836 7734 19
5484 7625 7705 19
7598 4053 7680 19
5388 5233 7262 19
6116 6846 7725 19
5881 5879 7263 19
7190 5548 7192 19
6435 5033 7718 19
1452 874 7246 19
315 1163 7247 19
7241 6800 7284 19
435 4203 7265 19
7239 6397 7314 19
6019 6017 7632 19
7193 6367 7381 19
5727 6189 7716 19
4108 6476 7266 19
1350 1349 7499 19
4658 4656 7267 19
5036 6900 7701 19
6087 5929 7268 19
5622 7250 7290 19
7251 5621 7291 19
4244 7249 7295 19
7254 852 7294 19
337 7253 7293 19
6314 4222 7270 19
6566 6550 7272 19
7070 4142 7233 19
904 7215 7336 19
5354 7252 7298 19
4362 7332 7377 19
7330 4361 7378 19
6056 6058 7388 19
6253 6251 7273 19
6051 6050 7504 19
7168 4198 7423 19
1431 7294 7329 19
7293 1142 7328 19
6701 4241 7730 19
7555 4243 7635 19
6459 4955 7727 19
4144 711 7397 19
4789 6961 7695 19
6412 6411 7274 19
5896 7334 7412 19
5273 5229 7275 19
7261 6515 7306 19
4290 1351 7276 19
7015 6065 7269 19
918 4039 7449 19
7262 4027 7323 19
5201 5199 7465 19
5952 6022 7277 19
5951 5952 7278 19
4536 4538 7279 19
7217 6249 7402 19
6106 6124 7282 19
5482 7265 7324 19
4142 980 7386 19
7452 6690 7539 19
7223 6519 7385 19
5957 7198 7283 19
5956 5957 7283 19
6229 6790 7755 19
7339 7388 7548 19
6800 4011 7284 19
4593 4595 7286 19
4622 7041 7731 19
5872 5909 7287 19
7228 6475 7393 19
5106 5237 7404 19
7245 926 7331 19
7242 4168 7374 19
7266 6476 7311 19
5526 5524 7288 19
5338 5340 7421 19
5277 5203 7289 19
5897 7255 7334 19
4329 5622 7290 19
5621 4330 7291 19
5736 5239 7292 19
852 853 7294 19
336 337 7293 19
5328 5330 7371 19
6712 4244 7295 19
961 4118 7296 19
4928 7402 7443 19
1048 5518 7782 19
6636 5504 7732 19
4249 438 7498 19
7273 6251 7315 19
5014 5016 7297 19
6422 7658 7757 19
5352 5354 7298 19
6765 4362 7377 19
4361 6764 7378 19
5729 5728 7299 19
1142 1143 7328 19
1432 1431 7329 19
5363 5361 7300 19
5273 7275 7320 19
5474 5472 7301 19
1075 1076 7302 19
6368 6366 7303 19
5336 5409 7556 19
5242 5240 7304 19
1365 1364 7305 19
4610 7269 7339 19
6515 6517 7306 19
5682 7703 7784 19
1407 1406 7307 19
1117 1118 7308 19
7702 5718 7785 19
5374 6738 7309 19
5878 5880 7327 19
5486 5484 7705 19
6077 5269 7310 19
6476 6474 7311 19
980 981 7386 19
6306 6325 7312 19
7238 4257 7281 19
5328 7371 7413 19
4329 7290 7330 19
7291 4330 7332 19
5338 7421 7464 19
7294 853 7329 19
336 7293 7328 19
5195 7303 7341 19
6736 4928 7443 19
6765 7377 7420 19
7378 6764 7419 19
6100 5970 7313 19
7220 4166 7264 19
4147 6399 7314 19
7328 1143 7375 19
1432 7329 7376 19
7264 6368 7303 19
1156 1157 7719 19
1446 1445 7720 19
6251 6248 7315 19
4767 4765 7316 19
6145 6148 7317 19
4032 6064 7764 19
919 920 7318 19
4950 4942 7478 19
4990 4988 7319 19
4094 5922 7766 19
5100 5289 7524 19
6611 6617 7321 19
6017 7560 7632 19
5231 7193 7381 19
5275 5273 7320 19
5951 7278 7369 19
4243 6711 7635 19
5286 4952 7322 19
5480 7559 7625 19
601 602 7323 19
4235 443 7694 19
5317 5338 7464 19
867 868 7720 19
321 322 7719 19
5475 5477 7324 19
5518 5488 7325 19
7230 4053 7751 19
5177 7227 7271 19
711 712 7397 19
5104 5106 7404 19
6690 4090 7539 19
6736 7443 7489 19
5526 7288 7380 19
153 154 7326 19
6807 5295 7448 19
5271 5328 7413 19
5620 4329 7330 19
853 854 7329 19
335 336 7328 19
4330 5619 7332 19
926 927 7331 19
5718 5719 7785 19
5683 5682 7784 19
5949 5347 7593 19
4061 7278 7551 19
7309 6521 7430 19
5894 5897 7334 19
4366 6765 7420 19
6764 4365 7419 19
6211 5565 7756 19
5577 7202 7326 19
1433 1432 7376 19
1143 1144 7375 19
4767 7316 7358 19
1163 315 7344 19
874 1452 7345 19
7324 4203 7366 19
903 904 7336 19
5289 5102 7335 19
4830 4908 7337 19
6641 4610 7339 19
452 453 7338 19
4990 7319 7361 19
4146 983 7631 19
577 578 7340 19
5192 5195 7341 19
5279 5334 7342 19
6400 6401 7343 19
5703 5706 7346 19
7276 5889 7529 19
5286 7322 7368 19
5317 7464 7513 19
5345 7243 7285 19
5475 7324 7366 19
5406 5451 7619 19
5670 5667 7348 19
603 4014 7347 19
7289 6363 7508 19
6077 7310 7403 19
829 830 7349 19
359 360 7350 19
6118 6114 7469 19
5340 5577 7421 19
5896 7296 7511 19
6762 7220 7264 19
4921 5176 7351 19
5068 6807 7448 19
7635 6711 7715 19
5446 7270 7590 19
4911 7315 7356 19
7325 4261 7782 19
4908 7306 7337 19
316 1162 7344 19
1451 873 7345 19
5271 7413 7456 19
5390 7168 7423 19
5072 6736 7489 19
6563 4875 7780 19
335 7328 7375 19
7329 854 7376 19
5738 5737 7352 19
5745 5746 7353 19
5620 7330 7378 19
7332 5619 7377 19
5081 6403 7679 19
4366 7420 7461 19
7419 4365 7462 19
5769 5365 7354 19
1433 7376 7416 19
7375 1144 7415 19
4662 4660 7355 19
4707 4911 7356 19
7335 6401 7442 19
947 948 7357 19
4928 7217 7402 19
4203 5963 7366 19
4769 4767 7358 19
5176 7311 7351 19
5589 5317 7513 19
5144 6721 7360 19
982 4146 7359 19
4992 4990 7361 19
494 495 7362 19
5564 5563 7363 19
943 4094 7364 19
4845 4745 7365 19
747 748 7367 19
5473 5475 7366 19
7347 4014 7394 19
7227 6397 7271 19
5415 5286 7368 19
5953 5951 7369 19
5921 7364 7766 19
6579 6578 7570 19
155 4028 7370 19
6618 4060 7371 19
5880 5884 7372 19
5294 5209 7373 19
1001 1002 7374 19
7427 6223 7780 19
6747 5271 7456 19
941 942 7691 19
334 335 7375 19
854 855 7376 19
5619 4334 7377 19
4333 5620 7378 19
968 969 7379 19
5095 5320 7685 19
5528 5526 7380 19
4630 4628 7530 19
6770 4366 7461 19
4365 6768 7462 19
7282 4816 7492 19
4170 6364 7381 19
1434 1433 7416 19
1144 1145 7415 19
463 4165 7382 19
4290 7529 7588 19
5560 5562 7756 19
4920 7223 7385 19
536 537 7383 19
7366 5963 7408 19
5589 7513 7550 19
5482 7238 7281 19
5409 5288 7384 19
6518 6521 7385 19
4722 4720 7564 19
5003 7401 7752 19
1042 1043 7387 19
6062 6057 7388 19
7384 4087 7472 19
5235 7228 7393 19
7368 4116 7518 19
7570 6578 7605 19
7362 495 7411 19
5473 7366 7408 19
5943 5944 7541 19
5440 5442 7389 19
989 990 7390 19
5349 5350 7391 19
7354 4202 7663 19
6446 4123 7629 19
1077 1078 7392 19
4112 6473 7393 19
4014 6335 7394 19
6391 6392 7397 19
7327 5880 7372 19
1031 1032 7395 19
1367 1366 7396 19
7243 4027 7285 19
7360 6333 7563 19
7365 6217 7666 19
7371 4060 7413 19
4122 5905 7745 19
6747 7456 7502 19
7372 5884 7414 19
1010 1011 7398 19
1119 1120 7400 19
1409 1408 7399 19
7428 6535 7746 19
6016 6077 7403 19
5237 7239 7314 19
334 7375 7415 19
7376 855 7416 19
6770 7461 7507 19
7462 6768 7506 19
4942 5235 7478 19
6247 6245 7402 19
4333 7378 7419 19
7377 4334 7420 19
6711 4245 7715 19
7373 6349 7618 19
5335 5589 7550 19
6715 4290 7588 19
1434 7416 7460 19
7415 1145 7459 19
917 918 7449 19
5903 7446 7745 19
5207 5205 7596 19
7441 6345 7733 19
7391 6351 7662 19
7357 948 7447 19
5952 7277 7551 19
6323 6280 7405 19
5963 4249 7408 19
897 898 7418 19
4743 4723 7640 19
7431 6583 7707 19
5451 5404 7406 19
6546 6528 7407 19
5736 7359 7490 19
7406 4056 7533 19
6578 4069 7605 19
4628 5068 7530 19
5953 7369 7452 19
5471 5473 7408 19
5945 5943 7541 19
5053 5056 7682 19
6408 6407 7409 19
5299 5297 7410 19
495 496 7411 19
7480 6453 7727 19
4114 959 7412 19
6715 7588 7621 19
4060 6633 7413 19
5884 5885 7414 19
5403 6747 7502 19
7488 6433 7718 19
333 334 7415 19
855 856 7416 19
5490 7426 7537 19
5618 4333 7419 19
6052 6055 7418 19
5490 5469 7417 19
4334 5617 7420 19
7424 4172 7623 19
7402 6245 7443 19
5199 5231 7465 19
7379 969 7467 19
5528 7380 7466 19
4370 6770 7507 19
6768 4369 7506 19
7292 4142 7386 19
5335 7550 7595 19
5515 7549 7741 19
6362 6363 7422 19
1435 1434 7460 19
1145 1146 7459 19
1022 1023 7423 19
7437 6336 7602 19
5931 5296 7424 19
6471 6472 7425 19
7387 1043 7473 19
440 4195 7426 19
5930 5931 7775 19
4875 4751 7427 19
6095 6090 7429 19
4872 4609 7428 19
6522 4087 7430 19
5321 5153 7431 19
1450 872 7433 19
317 1161 7432 19
7390 990 7482 19
873 1451 7433 19
1162 316 7432 19
579 580 7434 19
5699 5702 7436 19
7413 6633 7456 19
7398 1011 7487 19
1003 4172 7435 19
333 7415 7459 19
7416 856 7460 19
4370 7507 7543 19
7506 4369 7542 19
6016 7403 7491 19
4294 6715 7621 19
6714 4293 7622 19
5320 5094 7437 19
5666 5663 7438 19
5391 5335 7595 19
5618 7419 7462 19
7420 5617 7461 19
831 832 7439 19
357 358 7440 19
7459 1146 7500 19
1435 7460 7501 19
5323 5215 7441 19
7318 920 7667 19
6676 5371 7636 19
4143 6424 7442 19
4176 5932 7775 19
438 439 7498 19
6245 6243 7443 19
5388 7262 7323 19
6189 7525 7716 19
7421 4028 7464 19
6425 6426 7444 19
4720 5072 7564 19
4666 4664 7445 19
964 4122 7446 19
6113 6116 7449 19
948 949 7447 19
7265 4203 7324 19
7622 4293 7659 19
4294 7621 7660 19
4773 4771 7450 19
7295 5878 7327 19
4996 4994 7451 19
7334 4114 7412 19
5954 5953 7452 19
5887 5889 7458 19
5099 5100 7524 19
4124 6423 7454 19
5237 7343 7404 19
4603 4605 7453 19
749 750 7455 19
6633 6634 7456 19
4077 6569 7471 19
5282 5285 7457 19
4356 6779 7768 19
6777 4355 7767 19
332 333 7459 19
856 857 7460 19
5617 4338 7461 19
4337 5618 7462 19
6769 4370 7543 19
4369 6767 7542 19
5205 5277 7596 19
523 4085 7463 19
1436 1435 7501 19
1146 1147 7500 19
4028 6798 7464 19
5944 7242 7374 19
7443 6243 7489 19
5530 5528 7466 19
969 970 7467 19
4666 7445 7495 19
1349 4254 7499 19
6332 6333 7468 19
6542 6541 7471 19
6125 4621 7469 19
5416 5735 7490 19
6059 6051 7504 19
5393 5391 7642 19
521 522 7472 19
4773 7450 7497 19
1043 1044 7473 19
4913 4757 7474 19
5715 5720 7475 19
5684 5679 7476 19
6717 4294 7660 19
4293 6716 7659 19
962 963 7665 19
4996 7451 7503 19
5971 7230 7751 19
6210 4525 7477 19
6769 7543 7587 19
7542 6767 7586 19
7456 6634 7502 19
332 7459 7500 19
7460 857 7501 19
5369 5367 7479 19
4955 6801 7480 19
7461 4338 7507 19
4337 7462 7506 19
5436 5438 7481 19
990 991 7482 19
1079 1080 7483 19
1436 7501 7535 19
7500 1147 7534 19
1369 1368 7484 19
6773 6676 7636 19
4118 962 7665 19
1411 1410 7485 19
1121 1122 7486 19
5099 7524 7565 19
1011 1012 7487 19
7464 6798 7513 19
5033 5030 7488 19
5003 5001 7679 19
6243 6242 7489 19
6015 6016 7491 19
6111 6109 7492 19
5211 5294 7706 19
6189 5417 7493 19
6717 7660 7699 19
7659 6716 7698 19
5483 7473 7559 19
6766 5099 7565 19
5047 4980 7494 19
6712 7295 7327 19
4668 4666 7495 19
5346 5221 7496 19
5001 5081 7679 19
5954 7452 7539 19
4775 4773 7497 19
318 1160 7514 19
1449 871 7515 19
6634 4056 7502 19
331 332 7500 19
857 858 7501 19
7270 4222 7590 19
6049 7035 7504 19
4998 4996 7503 19
5498 5393 7747 19
4374 6769 7587 19
6767 4373 7586 19
5341 5301 7505 19
5616 4337 7506 19
4338 5615 7507 19
5436 7481 7521 19
4174 6350 7508 19
6239 6241 7510 19
6352 6354 7509 19
1437 1436 7535 19
1147 1148 7534 19
5899 5895 7511 19
6237 4796 7585 19
1024 4202 7512 19
7417 4249 7498 19
6798 4233 7513 19
4613 4615 7714 19
5530 7466 7555 19
5391 7595 7642 19
6766 7565 7600 19
5396 5336 7556 19
5000 6773 7672 19
692 4120 7516 19
4615 4841 7714 19
1161 317 7514 19
872 1450 7515 19
928 929 7517 19
4290 7276 7529 19
6448 7454 7757 19
6773 7636 7672 19
6716 4297 7698 19
4298 6717 7699 19
4227 6683 7560 19
690 691 7518 19
4374 7587 7616 19
7586 4373 7615 19
566 4052 7519 19
7501 858 7535 19
331 7500 7534 19
5347 5390 7593 19
5369 7479 7562 19
1445 1444 7762 19
1155 1156 7761 19
5616 7506 7542 19
7507 5615 7543 19
1437 7535 7582 19
7534 1148 7581 19
322 323 7761 19
866 867 7762 19
5213 5211 7706 19
5341 7505 7546 19
4723 4722 7640 19
6348 6349 7520 19
5695 5698 7522 19
5000 7672 7713 19
5434 5436 7521 19
4749 4747 7763 19
5662 5659 7523 19
7513 4233 7550 19
985 4150 7525 19
7770 4299 7785 19
4300 7769 7784 19
355 356 7527 19
833 834 7526 19
7035 6059 7504 19
4578 4580 7528 19
5056 6766 7600 19
7516 4120 7554 19
7698 4297 7739 19
4298 7699 7737 19
5409 7463 7556 19
5767 5764 7529 19
6529 6543 7531 19
6281 6283 7532 19
330 331 7534 19
858 859 7535 19
564 565 7533 19
5277 7289 7508 19
5924 5954 7539 19
5377 5151 7536 19
6524 6507 7540 19
5464 5466 7537 19
6772 4374 7616 19
4373 6775 7615 19
5034 5024 7538 19
4341 5616 7542 19
5615 4342 7543 19
4910 4924 7545 19
1438 1437 7582 19
1148 1149 7581 19
6404 6402 7547 19
5343 5341 7546 19
7537 4195 7577 19
6763 5000 7713 19
5411 5406 7619 19
445 4189 7549 19
5263 5280 7552 19
4747 4845 7763 19
4233 6799 7550 19
5496 5495 7692 19
5903 5901 7553 19
7517 929 7598 19
4297 6718 7739 19
6719 4298 7737 19
4120 6451 7554 19
5532 5530 7555 19
6772 7616 7652 19
7615 6775 7653 19
319 1159 7573 19
1448 870 7574 19
7529 5764 7588 19
5464 7537 7577 19
7535 859 7582 19
330 7534 7581 19
5295 7394 7448 19
5863 5859 7557 19
7524 6426 7565 19
7581 1149 7610 19
1438 7582 7611 19
4341 7542 7586 19
7543 4342 7587 19
5515 5375 7558 19
983 984 7631 19
6109 7282 7492 19
5478 5483 7559 19
5759 4255 7561 19
4910 7545 7591 19
5736 7292 7386 19
5914 5369 7562 19
5374 7309 7430 19
6331 6336 7563 19
4195 5988 7577 19
7739 6718 7770 19
6719 7737 7769 19
5289 7444 7524 19
6426 6427 7565 19
5939 5938 7566 19
1081 1082 7567 19
6899 6072 7544 19
6319 6318 7568 19
5032 5053 7682 19
5263 7552 7597 19
582 583 7569 19
5278 6696 7570 19
1371 1370 7571 19
7550 6799 7595 19
5648 5387 7572 19
5577 7370 7421 19
1123 1124 7576 19
1413 1412 7575 19
5413 5411 7654 19
7225 6053 7585 19
7758 1154 7778 19
324 7758 7778 19
5461 5464 7577 19
6227 6228 7578 19
6431 6433 7579 19
6099 7598 7680 19
6791 5337 7580 19
329 330 7581 19
859 860 7582 19
6216 6217 7583 19
6775 4377 7653 19
4378 6772 7652 19
4672 4670 7584 19
6763 7713 7757 19
5614 4341 7586 19
4342 5613 7587 19
5764 5763 7588 19
1439 1438 7611 19
1149 1150 7610 19
4779 4777 7589 19
5450 5444 7590 19
1160 318 7573 19
871 1449 7574 19
5411 7619 7654 19
7561 4255 7603 19
7558 4235 7694 19
7577 5988 7608 19
7565 6427 7600 19
1443 7759 7779 19
4901 4910 7591 19
7759 865 7779 19
6718 4299 7770 19
4300 6719 7769 19
752 753 7592 19
5278 7570 7605 19
5413 7654 7688 19
4289 6714 7594 19
5532 7555 7635 19
6799 4009 7595 19
5261 5263 7597 19
7653 4377 7686 19
4378 7652 7687 19
5461 7577 7608 19
329 7581 7610 19
7582 860 7611 19
5321 7707 7755 19
5316 5095 7685 19
1439 7611 7644 19
7610 1150 7643 19
4672 7584 7617 19
929 930 7598 19
5614 7586 7615 19
7587 5613 7616 19
7588 5763 7621 19
5914 7562 7641 19
320 1158 7626 19
1447 869 7627 19
4779 7589 7624 19
5750 7770 7785 19
7769 5742 7784 19
5988 4235 7608 19
1006 4176 7599 19
4090 941 7691 19
6427 6429 7600 19
5921 5920 7601 19
4036 6320 7602 19
4255 6211 7603 19
6344 6345 7604 19
5502 5413 7688 19
5691 5694 7607 19
5401 5278 7605 19
5430 5432 7606 19
6790 5321 7755 19
5658 5655 7609 19
5459 5461 7608 19
7296 4118 7511 19
4377 6774 7686 19
328 329 7610 19
860 861 7611 19
6778 4378 7687 19
835 836 7613 19
353 354 7612 19
7493 4146 7631 19
4574 4576 7614 19
5393 7642 7747 19
4345 5614 7615 19
5613 4346 7616 19
4178 6346 7618 19
4674 4672 7617 19
1150 1151 7643 19
1440 1439 7644 19
6534 6535 7620 19
5758 5757 7622 19
5763 5765 7621 19
1004 1005 7623 19
5502 7688 7732 19
4781 4779 7624 19
4207 6704 7625 19
7686 6774 7728 19
6778 7687 7729 19
5382 5380 7628 19
6457 6461 7630 19
5402 5303 7629 19
7611 861 7644 19
328 7610 7643 19
6317 6311 7633 19
6683 4024 7632 19
7643 1151 7683 19
1440 7644 7684 19
6357 6358 7634 19
7616 4346 7652 19
4345 7615 7653 19
4574 7614 7655 19
5534 5532 7635 19
5758 7622 7659 19
7621 5765 7660 19
1446 868 7676 19
321 1157 7675 19
5757 5756 7637 19
6437 6439 7639 19
971 972 7638 19
7343 6401 7404 19
5504 5502 7732 19
443 444 7694 19
5451 7519 7619 19
5463 5914 7641 19
1159 319 7626 19
870 1448 7627 19
5932 5930 7775 19
4380 6778 7729 19
6774 4379 7728 19
861 862 7644 19
327 328 7643 19
6637 6638 7645 19
5765 5744 7660 19
5752 5758 7659 19
1083 1084 7646 19
1373 1372 7647 19
992 993 7648 19
584 585 7649 19
6289 6630 7661 19
4346 5611 7652 19
5612 4345 7653 19
4052 6291 7654 19
1151 1152 7683 19
1441 1440 7684 19
1125 1126 7650 19
1415 1414 7651 19
4572 4574 7655 19
1013 1014 7656 19
6220 6223 7657 19
4974 4972 7658 19
7625 6704 7705 19
4177 6353 7662 19
4380 7729 7768 19
7728 4379 7767 19
6392 5096 7752 19
5565 5560 7756 19
322 1156 7719 19
1445 867 7720 19
1025 1026 7663 19
7644 862 7684 19
327 7643 7683 19
6503 6501 7664 19
5534 7635 7715 19
1441 7684 7724 19
7683 1152 7723 19
6215 6218 7666 19
920 921 7667 19
754 755 7668 19
418 419 7669 19
7619 4052 7654 19
7660 5744 7699 19
4897 4899 7670 19
5752 7659 7698 19
7652 5611 7687 19
5612 7653 7686 19
7654 6291 7688 19
6802 5315 7671 19
6451 6449 7672 19
7638 972 7726 19
6341 6342 7674 19
5289 7335 7442 19
5257 5259 7673 19
7760 6339 7783 19
1027 4206 7677 19
1444 866 7762 19
323 1155 7761 19
5378 7760 7783 19
323 324 7778 19
5463 7641 7730 19
865 866 7779 19
4015 896 7678 19
6098 6099 7680 19
7648 993 7740 19
6779 4380 7768 19
4379 6777 7767 19
862 863 7684 19
326 327 7683 19
1154 1155 7778 19
1444 1443 7779 19
4897 7670 7711 19
5688 5690 7690 19
4349 5612 7686 19
7672 6449 7713 19
5611 4350 7687 19
7636 6451 7672 19
1152 1153 7723 19
1442 1441 7724 19
6235 6593 7700 19
6291 4220 7688 19
5654 5652 7693 19
4119 6453 7692 19
5257 7673 7717 19
5426 5428 7689 19
4678 4676 7695 19
5749 5752 7698 19
5744 5741 7699 19
837 838 7697 19
351 352 7696 19
7684 863 7724 19
326 7683 7723 19
1069 1070 7702 19
4785 4783 7701 19
7723 1153 7758 19
1442 7724 7759 19
1359 1358 7703 19
713 4148 7704 19
4796 7225 7585 19
7595 4009 7642 19
4349 7686 7728 19
7687 4350 7729 19
4065 6273 7707 19
6704 4261 7705 19
5688 7690 7736 19
6418 6419 7709 19
5726 5727 7716 19
7688 4220 7732 19
4043 6315 7710 19
5397 5384 7708 19
7693 5652 7735 19
6449 6448 7713 19
4895 4897 7711 19
5749 7698 7739 19
7699 5741 7737 19
5537 5539 7712 19
4678 7695 7748 19
5536 5534 7715 19
5944 7435 7541 19
5255 5257 7717 19
1158 320 7675 19
869 1447 7676 19
6432 6435 7718 19
4785 7701 7753 19
6560 6562 7721 19
899 900 7722 19
863 864 7724 19
325 326 7723 19
4033 916 7725 19
7707 6273 7755 19
972 973 7726 19
6454 6459 7727 19
5397 7708 7754 19
5607 4349 7728 19
4350 5606 7729 19
7741 4189 7760 19
5732 5463 7730 19
1443 1442 7759 19
1153 1154 7758 19
4182 6343 7733 19
4220 6636 7732 19
4568 4570 7731 19
7370 4028 7421 19
5911 5265 7734 19
5652 5651 7735 19
5687 5688 7736 19
325 7723 7758 19
7724 864 7759 19
5741 5740 7737 19
5748 5749 7739 19
586 587 7738 19
993 994 7740 19
5905 5902 7745 19
1127 1128 7742 19
1417 1416 7743 19
6537 6568 7750 19
5607 7728 7767 19
7729 5606 7768 19
6533 6536 7746 19
5041 5039 7744 19
6222 6563 7780 19
6785 5373 7741 19
4680 4678 7748 19
4169 461 7749 19
931 932 7751 19
5687 7736 7773 19
7735 5651 7774 19
5748 7739 7770 19
7737 5740 7769 19
5096 5005 7752 19
4787 4785 7753 19
4189 6339 7760 19
4568 7731 7777 19
5235 7425 7478 19
5399 5397 7754 19
6273 6229 7755 19
6785 7741 7760 19
4355 5607 7767 19
5606 4356 7768 19
324 325 7758 19
864 865 7759 19
5724 5726 7771 19
5721 5687 7773 19
5922 5919 7766 19
935 936 7765 19
5378 6785 7760 19
5740 5742 7769 19
5750 5748 7770 19
5651 5685 7774 19
4150 6954 7771 19
6339 6340 7783 19
349 350 7776 19
6623 6622 7781 19
4566 4568 7777 19
1047 1048 7782 19
6942 5378 7783 19
5422 5424 7772 19
4009 6994 7642 19
7560 6683 7632 19
5562 7603 7756 19
866 1444 7779 19
7713 6448 7757 19
1155 323 7778 19
5726 7716 7771 19
7716 4150 7771 19
1157 321 7719 19
868 1446 7720 19
5320 7568 7685 19
1156 322 7761 19
867 1445 7762 19
5231 7422 7465 19
7559 4207 7625 19
5068 7468 7530 19
5415 7368 7518 19
7388 6058 7548 19
7394 6335 7448 19
5144 7360 7563 19
6954 5724 7771 19
6340 6942 7783 19
6994 4248 7747 19
5518 7325 7782 19
5409 7384 7472 19
6125 7469 7470 19
5056 7579 7682 19
7359 4146 7490 19
4845 7365 7666 19
5294 7373 7618 19
7278 5952 7551 19
5931 7599 7775 19
7401 5003 7679 19
7422 6363 7465 19
7642 6994 7747 19
5769 7354 7663 19
7425 6472 7478 19
5072 7510 7564 19
7363 7594 7637 19
4254 7458 7499 19
5371 7554 7636 19
5349 7391 7662 19
5490 7417 7498 19
6641 7339 7548 19
5451 7406 7533 19
5277 7520 7596 19
7594 5757 7637 19
7364 4094 7766 19
7458 5889 7499 19
7363 4289 7594 19
7426 4195 7537 19
7553 4118 7665 19
7444 6426 7524 19
7435 4172 7541 19
7491 4227 7560 19
7468 6333 7530 19
5294 7604 7706 19
5390 7512 7593 19
5320 7437 7602 19
7594 6714 7622 19
5757 7594 7622 19
5321 7431 7707 19
7463 4085 7556 19
7454 6422 7757 19
5931 7424 7623 19
4872 7428 7746 19
5564 7363 7637 19
4875 7427 7780 19
4841 7620 7714 19
4722 7583 7640 19
6015 7491 7560 19
5323 7441 7733 19
7510 6241 7564 19
7512 4202 7593 19
7401 6392 7752 19
7520 6349 7596 19
4845 7657 7763 19
7446 4122 7745 19
6403 7401 7679 19
4955 7480 7727 19
6189 7493 7631 19
7519 4052 7619 19
5033 7488 7718 19
7601 4090 7691 19
7554 6451 7636 19
7583 6217 7640 19
5903 7553 7665 19
7568 6318 7685 19
5515 7558 7694 19
7525 4150 7716 19
7579 6433 7682 19
7549 4189 7741 19
5921 7601 7691 19
7604 6345 7706 19
7620 6535 7714 19
7603 6211 7756 19
7599 4176 7775 19
7657 6223 7763 19
309 310 4406 19
310 311 4400 19
311 312 4403 19
312 313 4415 19
313 314 7027 19
314 315 7247 19
315 316 7344 19
316 317 7432 19
872 873 7433 19
873 874 7345 19
874 875 7246 19
875 876 7028 19
876 877 4416 19
877 878 4404 19
878 879 4399 19
879 880 4405 19
1161 1162 7432 19
1162 1163 7344 19
1163 1164 7247 19
1164 1165 7027 19
1165 1166 4415 19
1166 1167 4403 19
1167 1168 4400 19
1168 1169 4406 19
1451 1450 7433 19
1452 1451 7345 19
1453 1452 7246 19
1454 1453 7028 19
1455 1454 4416 19
1456 1455 4404 19
1457 1456 4399 19
1458 1457 4405 19
1467 889 1 19
300 1178 8 19
301 1177 300 19
1177 1178 300 19
302 1176 301 19
1176 1177 301 19
303 1175 302 19
1175 1176 302 19
304 1174 303 19
1174 1175 303 19
305 1173 304 19
1173 1174 304 19
306 1172 305 19
1172 1173 305 19
307 1171 306 19
1171 1172 306 19
308 1170 307 19
1170 1171 307 19
309 1169 308 19
1169 1170 308 19
881 1458 880 19
882 1459 881 19
1459 1458 881 19
883 1460 882 19
1460 1459 882 19
884 1461 883 19
1461 1460 883 19
885 1462 884 19
1462 1461 884 19
886 1463 885 19
1463 1462 885 19
887 1464 886 19
1464 1463 886 19
888 1465 887 19
1465 1464 887 19
889 1466 888 19
1466 1465 888 19
1467 1466 889 19
9084 7910 9417 19
9308 9401 9747 19
8956 9409 9500 19
7839 9083 9333 19
7800 9129 9470 19
7964 9366 9676 19
8043 8472 9141 19
8523 9329 9837 19
8957 9703 9789 19
9409 7908 9500 19
7800 9470 9659 19
8472 8685 9141 19
9190 9197 9588 19
8346 8867 9326 19
9235 8595 9237 19
7972 9134 9487 19
7840 9306 10145 19
7794 9513 9671 19
7978 9224 9301 19
1230 1231 9334 19
9226 8049 9740 19
7899 9148 9150 19
7840 9261 9306 19
7824 9185 9248 19
8033 9063 9762 19
7841 9058 9336 19
9310 8436 9758 19
8818 9217 9448 19
9221 8954 9862 19
8815 8814 9165 19
8576 9220 10060 19
8402 9278 9744 19
9211 8356 9728 19
9104 7954 9653 19
9316 8361 10121 19
9257 7880 9900 19
9767 7817 10004 19
7865 9325 9751 19
9083 7839 9534 19
8380 9006 10136 19
9163 8405 9720 19
8054 8421 9270 19
9006 8380 9651 19
8361 9316 9873 19
9815 9146 9946 19
7927 1286 9260 19
9303 9261 9538 19
9596 9204 9834 19
7814 9221 9615 19
1286 1287 9260 19
7880 9727 9900 19
9515 9440 10059 19
9058 7841 9541 19
43 44 8963 19
7889 34 9168 19
9703 7895 9789 19
7899 9150 9169 19
8595 8755 9237 19
8684 9211 9728 19
9166 48 10173 19
8432 9497 9723 19
8885 8332 9745 19
9197 7931 9588 19
8351 9515 10059 19
8867 8346 9732 19
8881 8961 9731 19
8721 9481 10101 19
8888 9472 10088 19
9401 8404 9747 19
9170 7803 9647 19
7864 9099 9361 19
8963 44 9213 19
8332 8885 9704 19
9085 7933 9377 19
9731 8961 9753 19
142 143 9469 19
8576 8841 9220 19
7886 43 8963 19
8413 9146 9815 19
9744 9247 10065 19
9185 7824 9584 19
9152 7873 9169 19
140 141 9498 19
9567 8332 9704 19
8841 9192 9219 19
9615 9221 10178 19
7923 9344 9849 19
9472 95 10088 19
8604 9201 9562 19
7951 9130 9578 19
9312 9310 9758 19
9161 7798 9662 19
9201 7849 9562 19
8054 9270 10194 19
1201 1202 9418 19
8866 9304 9917 19
72 7874 9286 19
62 9314 10114 19
9529 7969 9664 19
9506 9626 9764 19
9083 9534 10279 19
7877 9292 9293 19
9656 10021 10037 19
9139 9567 9704 19
7944 9549 9556 19
62 7879 9314 19
7979 7894 7980 19
8564 9453 9466 19
8544 9126 10102 19
9384 9767 10004 19
8046 8049 9226 19
8861 9221 9862 19
9506 7810 9626 19
7957 9126 9850 19
7923 9831 9853 19
8955 41 9194 19
9366 9513 9676 19
8405 8120 9720 19
9259 9571 10239 19
9537 8408 10181 19
7877 9291 9292 19
9301 9224 9302 19
9130 7951 10040 19
9555 7812 9622 19
9731 7876 10129 19
1231 7839 9334 19
9274 7891 9491 19
9465 8946 9466 19
9212 7958 9661 19
9232 8426 9262 19
9304 8372 9917 19
9099 7925 9695 19
9497 9285 9723 19
7843 9550 9620 19
9081 9537 10181 19
7839 9333 9334 19
9217 8818 9449 19
9791 8417 9816 19
8881 9731 10129 19
8030 8033 9762 19
1199 1200 9435 19
8946 8564 9466 19
8871 8544 10102 19
9165 8814 10104 19
9420 7804 9578 19
9168 34 10244 19
9344 7923 9853 19
8852 8491 9131 19
47 48 9166 19
7873 9152 9154 19
9593 9116 9810 19
41 8955 10096 19
9571 9259 10007 19
9397 9601 9944 19
9261 7840 9538 19
8356 9326 9718 19
9147 8396 9350 19
9204 8399 9834 19
9453 8564 9603 19
7920 9140 9434 19
8402 9744 10065 19
9550 9222 9620 19
8763 9498 9852 19
7933 9085 9594 19
8948 8523 9837 19
9831 9436 9853 19
65 9294 10081 19
7925 9099 9564 19
9243 7939 9611 19
9129 7800 9471 19
8792 8482 9136 19
8945 9300 9373 19
9513 9121 9671 19
8426 9232 9783 19
9601 7936 9944 19
9667 9750 10102 19
9278 8936 9744 19
8461 9290 9298 19
7979 7980 10015 19
7845 9327 9552 19
8458 9277 9813 19
9522 8398 10252 19
9125 8414 10014 19
9088 9089 9206 19
8941 24 10229 19
9251 7897 9346 19
9325 8779 9751 19
9672 9748 9985 19
8414 9263 10014 19
27 7891 9274 19
7846 9753 10092 19
7910 9084 9435 19
9336 9173 9539 19
9740 8049 9883 19
8983 9196 9243 19
9126 7957 9666 19
8338 9863 9877 19
7919 9173 9303 19
71 72 9286 19
9205 7819 9397 19
9487 9134 9842 19
9753 8961 10092 19
9327 9029 9552 19
9455 8051 9770 19
9865 9348 9906 19
9286 7874 9287 19
7796 9337 9668 19
8859 8495 9145 19
65 7877 9294 19
8335 9393 9394 19
48 7884 10173 19
8611 9407 9589 19
8439 8438 9175 19
8078 8398 9522 19
8068 8408 9537 19
8499 8418 9204 19
23 24 8941 19
9549 8825 9556 19
9177 8410 9178 19
9368 7802 9654 19
9944 9602 10003 19
9253 9724 10099 19
9724 9253 10256 19
9863 9457 9877 19
9794 7926 9930 19
9542 31 9991 19
8721 9480 9481 19
9495 9794 9930 19
9188 9195 10065 19
9994 9227 9997 19
7954 9104 9811 19
8359 8959 9986 19
8878 7855 9977 19
8040 8043 9141 19
9556 9555 9622 19
8877 9130 9536 19
8413 8098 9146 19
9417 7910 9418 19
9116 8623 9810 19
8346 9512 9732 19
9099 7864 9564 19
8335 9394 10291 19
7811 9549 9868 19
9116 7799 9592 19
7895 13 9267 19
9208 7943 9627 19
7841 9336 9539 19
8852 9131 9501 19
9254 9251 9346 19
10021 9151 10037 19
9641 7805 10326 19
9833 8592 9855 19
7938 9383 9400 19
8887 8345 9928 19
9124 9198 9490 19
8427 8112 9162 19
7967 9540 9688 19
9138 9771 9797 19
8812 9209 9504 19
75 7873 9155 19
9361 8604 9563 19
21 7894 7979 19
8346 9218 9512 19
9216 9529 9664 19
9192 8841 9375 19
8718 9393 9697 19
7962 9671 10269 19
7903 9994 9997 19
7855 8878 9980 19
8345 8887 9939 19
8356 9718 9728 19
7926 9098 9930 19
9175 8438 10107 19
7799 9116 9593 19
8406 9242 9339 19
9217 8520 9448 19
8427 9162 9712 19
8682 9404 9805 19
9202 9415 9544 19
9431 9833 9855 19
8902 8498 9174 19
9415 7918 9544 19
7919 9303 9538 19
8418 8086 9204 19
8959 8359 9987 19
8651 9960 9963 19
8938 9247 9744 19
9748 8391 9985 19
8385 9348 9865 19
7979 10015 10218 19
9302 8580 9929 19
9549 7811 10051 19
9195 9188 10198 19
8898 8551 10139 19
8792 9136 9506 19
9460 7816 9612 19
75 9155 10247 19
8360 9139 9489 19
9110 9648 9999 19
9138 9327 9771 19
8879 8421 10029 19
8902 9174 9241 19
42 7886 9194 19
8962 9063 10270 19
8340 9894 9909 19
8361 9763 10121 19
8733 8963 9213 19
8841 9219 9220 19
8146 8403 9343 19
9421 9962 9968 19
7789 9372 9690 19
9098 7926 9996 19
9173 7919 9539 19
9498 7827 9852 19
9894 9225 9909 19
9588 7823 10327 19
9159 7942 9623 19
9228 7896 9230 19
8421 8879 9931 19
9190 9588 10327 19
9375 8419 9535 19
9138 7863 9774 19
9248 9441 9583 19
9069 9071 10305 19
9469 143 9866 19
9206 9089 10228 19
8549 8551 8898 19
8521 8686 9142 19
140 9498 9836 19
9110 9111 9648 19
9118 9120 9164 19
8142 8410 9177 19
9400 9460 9612 19
8446 8535 9328 19
8513 8544 8871 19
7890 31 9542 19
8632 8528 9116 19
8390 9965 9975 19
7984 7985 9100 19
9325 7928 9817 19
8342 9421 9968 19
7908 9409 10297 19
8577 8517 8899 19
9117 8414 9125 19
8766 8765 9259 19
7804 9420 9642 19
9337 7796 10126 19
9755 8720 9876 19
9064 9522 10252 19
7890 9079 10028 19
9181 9185 9197 19
9230 7896 9231 19
8189 8502 9218 19
9057 8382 10031 19
8382 9057 10006 19
9170 9647 9648 19
8150 8402 9195 19
7980 7981 7982 19
9266 7952 9984 19
9540 9547 9688 19
8419 9177 9535 19
8396 8156 9350 19
9393 8335 9697 19
9496 8587 10212 19
8859 9145 9793 19
8019 8414 9117 19
8380 8230 10048 19
9207 8338 9877 19
9565 9566 9695 19
9249 9250 9256 19
7910 1201 9418 19
7951 9578 9890 19
9325 7865 9881 19
9965 9114 9975 19
8154 8396 9278 19
8998 10097 10143 19
1202 7832 9418 19
9643 7856 9737 19
9229 9262 10225 19
9243 9611 9955 19
7861 9302 9929 19
9236 9229 10225 19
8604 9562 9563 19
8820 8489 9363 19
8562 8822 9208 19
9404 8443 9805 19
9378 9049 9788 19
9581 9848 9935 19
8773 8853 9338 19
9063 8033 10270 19
7827 142 9469 19
9326 8867 9718 19
8010 8013 9127 19
9134 7972 9846 19
7922 9378 9788 19
9320 39 10245 19
7879 9309 9311 19
9571 7927 10239 19
8815 9165 9166 19
8587 10101 10212 19
9351 9932 10252 19
8350 10036 10058 19
13 14 9267 19
141 7827 9498 19
7879 9311 9314 19
9140 9019 9434 19
7980 7894 7981 19
9960 9396 9963 19
9212 9661 9819 19
9249 7897 9250 19
8781 9338 9573 19
7982 7983 7984 19
7844 9344 9624 19
9057 8386 10006 19
8359 9546 9987 19
8012 9940 9964 19
9101 9102 9103 19
8338 9207 9884 19
9344 9039 9624 19
9273 9272 9277 19
8621 9455 9770 19
10036 8870 10058 19
8474 8476 9101 19
8577 8899 10192 19
7995 7996 8422 19
9848 8371 9935 19
7986 7984 7987 19
7831 1199 9435 19
8983 9243 9955 19
9290 8461 9733 19
9080 8366 10213 19
1200 7910 9435 19
9202 7842 9345 19
9209 8812 10202 19
9644 9643 9737 19
8389 9062 10049 19
8469 8489 8549 19
9099 8539 9361 19
9128 9198 9199 19
8943 9224 10218 19
7860 104 9972 19
9517 116 9915 19
9087 9086 9385 19
9183 9179 9343 19
9390 8885 9736 19
9272 9275 9276 19
7970 9449 9707 19
9651 8380 10048 19
8395 9702 9973 19
8788 9348 9743 19
8450 9127 9128 19
9368 9654 9811 19
9702 8395 10037 19
9142 8686 9386 19
8174 8365 9209 19
9104 9653 9882 19
9071 10281 10305 19
8491 8490 9131 19
7896 54 9233 19
10020 8819 10132 19
8455 9117 9118 19
8515 8516 8634 19
8438 8440 8515 19
9062 8389 10072 19
9278 8396 10208 19
7992 7991 8438 19
8920 7860 10054 19
12 7895 9703 19
9079 7890 9755 19
86 7870 10134 19
7877 66 9291 19
8008 8450 10086 19
9150 9152 9169 19
8365 8176 9211 19
9164 9120 9355 19
8473 8422 8474 19
9546 8359 9970 19
8366 9080 10236 19
7873 76 9169 19
9271 9274 9275 19
7911 9518 10260 19
7893 9271 9272 19
9140 7920 9548 19
41 42 9194 19
8447 8456 8513 19
8678 8677 8918 19
8507 8506 8677 19
8578 8543 8817 19
8475 8474 8543 19
109 7903 9958 19
8519 8440 9406 19
38 39 9320 19
9176 9641 10326 19
8551 9279 10139 19
8182 8346 9326 19
9338 7853 9573 19
8102 9403 10196 19
7824 9248 9583 19
7860 8920 10056 19
76 77 9169 19
9280 7898 9283 19
8482 8481 9136 19
8528 8623 9116 19
8065 8446 9328 19
8386 9057 10023 19
9377 7933 9595 19
9714 9053 9774 19
9222 7921 9524 19
10223 7911 10260 19
9736 8885 9745 19
10029 8061 10076 19
8764 9265 9468 19
7870 9741 10134 19
8445 8477 8528 19
9813 9277 9941 19
8745 10026 10061 19
8528 8477 8623 19
8932 9546 9926 19
7873 9154 9155 19
9519 9377 9595 19
8906 8905 9214 19
9179 8410 9343 19
9277 8458 9553 19
8782 9325 9817 19
8186 8189 9218 19
8550 8549 8894 19
9985 9752 10142 19
9347 9067 10305 19
7819 9205 9600 19
9356 9120 10317 19
9306 9307 10145 19
8944 8435 8945 19
9546 8374 9926 19
8513 8456 8544 19
7985 7994 7995 19
8472 8517 8577 19
9351 8794 9932 19
8981 8397 10162 19
9118 9117 9120 19
8565 8534 9176 19
8400 8102 10196 19
7998 8000 8435 19
9067 9347 10203 19
8472 8444 8517 19
9131 8555 9349 19
9165 47 9166 19
8445 8039 8477 19
9128 9127 9198 19
9283 7898 9284 19
9406 7987 9407 19
7863 9138 9797 19
9206 8118 10298 19
8002 8004 8469 19
9216 8520 9217 19
8534 8521 9142 19
8549 8489 8551 19
9341 8764 9468 19
8022 8025 9451 19
1230 9334 9729 19
7982 7981 7983 19
8008 8010 8450 19
8447 8029 8456 19
9139 8360 9567 19
9230 9231 9232 19
7808 9349 9630 19
53 7896 9228 19
8017 8019 8455 19
9339 9242 10158 19
8455 8019 9117 19
8196 8401 9223 19
8417 9791 9954 19
8446 8434 8521 19
9291 9289 9292 19
8544 8729 9126 19
9161 9662 9850 19
8391 9752 9985 19
9308 8457 9672 19
9101 8476 9102 19
9390 8352 9692 19
8027 8029 8447 19
50 51 9237 19
8450 8010 9127 19
8333 9238 9374 19
9441 7930 9583 19
7925 9565 9695 19
9244 8355 10110 19
8524 8799 9201 19
9489 9238 9561 19
8271 8269 9475 19
7806 9268 9639 19
7984 7983 7985 19
8469 8004 8489 19
8489 8004 9363 19
9256 9250 9880 19
8876 9420 9578 19
8708 8513 8871 19
8894 8549 8898 19
8000 9509 10000 19
8474 8422 8476 19
9121 9118 9164 19
7990 7988 7991 19
7937 9384 9385 19
8037 8039 8445 19
7888 9317 9318 19
7995 7994 7996 19
7837 9526 10170 19
7897 58 9346 19
8479 8424 8490 19
7936 9602 9944 19
8118 8405 10298 19
7864 9361 9563 19
17 7978 9301 19
8442 8439 8506 19
10097 9305 10143 19
9167 9791 9816 19
8817 8543 8819 19
8517 8675 8899 19
9343 8403 10188 19
9119 9118 9121 19
8043 8444 8472 19
8367 9365 9784 19
7793 9239 9609 19
8406 8190 9242 19
7927 9260 10239 19
7996 7998 8944 19
57 7897 9249 19
9916 9051 10184 19
9241 7935 9673 19
7894 22 8940 19
7969 9529 9869 19
8495 8494 9145 19
9131 9349 10047 19
8204 8386 9240 19
9478 9719 9826 19
9100 7985 10282 19
7842 9202 9544 19
7987 7984 9100 19
9348 8162 9743 19
8480 8418 8481 19
9114 8401 9975 19
8829 9159 10227 19
9398 9900 10121 19
8396 9147 9754 19
8355 9244 10141 19
9062 8384 10049 19
9363 8008 10086 19
8534 9142 9176 19
9185 9184 9248 19
8214 8384 9938 19
7863 9714 9774 19
8446 8521 8534 19
77 7899 9169 19
9198 9127 9490 19
9272 9271 9275 19
8514 8513 8708 19
9526 10164 10170 19
8440 7991 9406 19
8337 9841 9856 19
7930 9441 9759 19
8882 8709 9337 19
7958 9212 10235 19
7982 7984 7986 19
9107 9110 9368 19
8457 9308 9747 19
8911 9205 9397 19
8507 8677 8678 19
9233 54 10307 19
8754 8491 8852 19
8371 9304 9935 19
8632 9116 9592 19
8483 8857 9403 19
9446 8592 9833 19
7975 20 7979 19
7986 7987 7988 19
9293 9292 9308 19
7992 8438 8439 19
8521 8522 8686 19
8945 9299 9300 19
8634 8516 9216 19
8490 8500 8555 19
9198 9124 10105 19
9504 8365 9725 19
9434 9345 9543 19
8903 9921 10111 19
8680 8678 9699 19
7937 9385 9607 19
8958 10066 10109 19
7965 9279 9682 19
9319 9321 9322 19
8515 8440 8516 19
8515 8634 8635 19
9472 10150 10171 19
8945 8435 9299 19
8065 8434 8446 19
9209 8365 9504 19
8516 8520 9216 19
9271 26 9274 19
8442 8506 8507 19
9247 9188 10065 19
9146 8400 9172 19
7898 71 9286 19
8479 8490 8491 19
8481 8499 8562 19
9290 9282 9298 19
8438 7991 8440 19
8555 8556 9132 19
7990 7991 7992 19
8483 8433 8494 19
8769 8766 9259 19
8128 9439 10276 19
10218 9224 10315 19
9011 9058 9415 19
9272 9276 9277 19
8791 8482 8792 19
9470 8577 10192 19
8562 8563 8822 19
9582 7930 9759 19
9136 8562 9208 19
8798 9517 9915 19
9328 9871 10076 19
7797 9667 10102 19
9288 9289 9291 19
8065 8066 8434 19
7798 9161 9819 19
8075 8076 8424 19
9127 8013 9490 19
9841 9358 9856 19
8709 8708 9337 19
7909 9391 10284 19
8360 9489 9561 19
8085 8086 8418 19
7893 9272 9273 19
9060 9051 9916 19
9195 8402 10065 19
8222 8383 9264 19
8435 8000 10000 19
9178 8410 9179 19
9589 9407 10106 19
8490 8555 9131 19
8498 8496 9174 19
9232 9780 9783 19
9608 7860 9972 19
9671 9164 10269 19
9784 9365 10034 19
9306 9054 9307 19
8529 8528 8632 19
8494 8501 8706 19
8075 8424 8479 19
8014 9568 10200 19
9250 9251 9252 19
8877 9536 9956 19
9172 8861 9862 19
9308 9292 9401 19
9281 9497 10306 19
8517 8518 8675 19
8677 8506 8683 19
8420 9341 9468 19
9655 8407 9924 19
9126 8729 9850 19
8480 8481 8482 19
8791 8792 8793 19
9373 9300 9540 19
7883 9228 9229 19
9298 9281 10306 19
70 7898 9280 19
9787 9236 10225 19
9436 7847 9706 19
9900 9316 10121 19
8363 9207 9826 19
8107 8108 8433 19
9391 7909 10263 19
8944 8945 9957 19
9235 9229 9236 19
7995 8422 8473 19
8474 9101 10325 19
9318 9317 9319 19
9178 9179 9180 19
8358 9203 10186 19
8861 9172 9861 19
9288 9282 9289 19
9932 9064 10252 19
8388 8128 10276 19
7996 8944 10237 19
7803 9170 9885 19
9412 8329 10197 19
8675 8676 9104 19
8000 8002 9509 19
9318 9319 9323 19
9234 9233 9943 19
8473 8474 8475 19
8481 8562 9136 19
8475 8543 8578 19
8578 8817 8818 19
9383 8706 9400 19
8887 9421 9939 19
9283 9284 9285 19
9323 8059 10268 19
8685 8577 9129 19
8085 8418 8480 19
8855 8608 9908 19
7893 25 9271 19
9250 7897 9251 19
9338 8853 10221 19
8858 8495 8859 19
8592 9446 9823 19
8634 9216 9664 19
7988 7987 9406 19
8461 9298 9730 19
9333 8993 9334 19
7881 9249 9256 19
8488 8425 8496 19
8711 8709 8882 19
8086 8088 9204 19
9199 9198 9239 19
8043 8044 8444 19
9074 9655 9924 19
9719 8363 9826 19
8954 9221 10108 19
9058 9009 9336 19
9451 8025 9950 19
8107 8483 9403 19
8829 8831 9159 19
9727 9315 9900 19
8014 8017 9568 19
10004 9610 10046 19
8744 9390 9692 19
9239 7793 10215 19
8496 8497 8573 19
8394 9702 9923 19
9180 9181 9197 19
9224 8625 9302 19
8044 8046 9226 19
9356 8883 9678 19
9289 9290 9401 19
8687 9082 9143 19
9003 9261 9303 19
8133 8134 8425 19
26 27 9274 19
8815 9166 9167 19
8469 8549 8550 19
9197 9185 10124 19
10168 9525 10170 19
8354 10112 10131 19
8550 8896 9509 19
9435 9405 10323 19
8098 8100 9146 19
9555 8829 10227 19
8037 8038 8039 19
8238 8379 9305 19
8096 8098 8413 19
8354 9423 10112 19
9289 9282 9290 19
8488 8900 9439 19
8543 8474 10325 19
8544 8545 8729 19
8078 8080 8398 19
8384 9696 9938 19
9182 9180 9190 19
8068 8070 8408 19
8088 8090 8399 19
9386 7949 10022 19
9238 8333 9561 19
8911 8909 9205 19
8550 8894 8895 19
8999 9054 9306 19
8876 8873 9420 19
79 7872 9335 19
8082 8084 8085 19
8062 8064 8065 19
8831 8833 8949 19
8088 8399 9204 19
9525 7837 10170 19
8025 8027 9604 19
8483 8494 8495 19
8858 8859 8860 19
64 65 10081 19
8092 8094 8095 19
19 20 7975 19
8072 8074 8075 19
9196 8983 9463 19
8100 8102 8400 19
8872 8565 9266 19
10125 8946 10283 19
8574 9085 9377 19
8565 9176 10326 19
50 9237 10180 19
9172 8400 9861 19
7868 9472 10171 19
7998 8435 8944 19
7888 37 9317 19
8054 8056 8421 19
7903 9570 9958 19
10026 9376 10061 19
8831 8949 9159 19
8729 8933 9161 19
8494 8706 9145 19
8817 8819 10020 19
8104 8106 8107 19
8110 8112 8427 19
9029 9027 9552 19
8899 8675 10166 19
9208 8822 10075 19
9111 9113 9170 19
8112 8114 9162 19
8995 9083 9324 19
8901 8498 8902 19
8956 9500 10323 19
8107 8433 8483 19
9208 9627 10165 19
8058 8060 8061 19
81 7900 9342 19
9213 7885 9739 19
9273 9277 9553 19
8686 8687 9268 19
9394 9395 10291 19
8114 8116 8409 19
9229 9228 9230 19
9006 9008 10136 19
7913 10116 10159 19
7831 9435 10323 19
9236 9787 10074 19
9457 8369 9832 19
8246 8368 9330 19
9725 8365 10073 19
8633 8632 9212 19
8118 8120 8405 19
8050 8052 8053 19
8329 9412 10250 19
9366 7964 9609 19
8269 8333 9475 19
8909 8906 9214 19
7875 9282 9288 19
8027 8028 8029 19
8551 8821 9279 19
8034 8037 9691 19
8990 8993 9333 19
8100 8400 9146 19
9345 7842 9543 19
8843 9457 9832 19
8122 8124 8397 19
9090 9087 9385 19
8395 9656 10037 19
9252 9251 9253 19
83 7871 9347 19
8469 8550 9509 19
9690 9372 10045 19
9221 8860 10178 19
9174 8573 9519 19
8025 8026 8027 19
9107 9109 9110 19
10162 8388 10272 19
8116 8118 9206 19
8574 8576 9085 19
8126 8128 8388 19
9223 8401 9934 19
8384 9062 10069 19
8985 8988 9340 19
9258 8769 9259 19
8046 8048 8049 19
8130 8132 8133 19
8138 8419 9587 19
8879 10029 10076 19
9203 8358 10233 19
9181 9184 9185 19
8061 8062 9328 19
7901 9171 10193 19
8133 8488 9439 19
7875 9280 9281 19
31 32 9991 19
8422 7996 10237 19
8399 9586 9798 19
7891 28 9734 19
8455 9118 9119 19
7885 46 9165 19
9705 8588 9738 19
8138 8140 8419 19
8803 8939 9388 19
9259 8765 10007 19
8982 8501 9482 19
9702 9078 9923 19
7973 9703 10024 19
9319 9322 9323 19
9311 9313 9314 19
8140 8142 9177 19
8905 8903 10111 19
8019 8020 8414 19
8040 8042 8043 19
9327 7845 9771 19
8853 9258 9260 19
21 22 7894 19
8017 8018 8019 19
8494 8433 8501 19
8341 9961 10017 19
9428 9858 9859 19
8915 9944 10003 19
8488 8496 8498 19
8142 8144 8410 19
8481 8418 8499 19
8901 8902 8903 19
8551 8820 8821 19
9128 9199 9402 19
8496 8573 9174 19
8114 8409 9162 19
8877 8876 9130 19
9122 9121 9513 19
8490 8424 8500 19
9341 8420 9456 19
8675 9882 10166 19
8146 8148 8403 19
7973 9618 9895 19
9184 9187 9248 19
8148 8150 9195 19
9449 8818 9707 19
9421 8887 9962 19
8133 8425 8488 19
8039 8040 9141 19
24 25 7893 19
10087 9523 10123 19
8873 8872 9420 19
8706 8501 8707 19
7888 9318 9886 19
9180 9179 9181 19
7883 52 9228 19
8825 8827 9556 19
9750 8871 10102 19
8150 8152 8402 19
9232 9711 9780 19
8521 8434 8522 19
61 62 10114 19
9274 9491 10120 19
7883 9229 9235 19
8535 8534 8565 19
8562 8499 8563 19
8405 9163 9773 19
9119 9121 9122 19
9282 9281 9298 19
9194 7886 9715 19
8575 8497 9476 19
27 28 7891 19
8034 8036 8037 19
8687 9143 9268 19
8872 9266 9984 19
90 7869 9357 19
8743 10061 10080 19
8959 8926 9840 19
9045 9436 9706 19
8822 8563 8823 19
8508 8509 9245 19
8154 8156 8396 19
9480 7889 9481 19
8777 8775 8781 19
8367 9364 9365 19
9560 9245 10290 19
8555 8500 8556 19
8010 8011 8013 19
8152 8154 9278 19
9230 9232 9262 19
8409 8116 9206 19
8008 8009 8010 19
7996 7997 7998 19
8499 9204 9596 19
8447 8513 8514 19
8061 9328 10076 19
7886 8963 10095 19
8102 8104 9403 19
30 31 7890 19
9190 9180 9197 19
8524 8508 8799 19
8773 8771 8853 19
9132 8556 9133 19
8158 8160 8385 19
8095 8096 9635 19
8107 8106 8108 19
8496 8425 8497 19
8949 8833 8950 19
9430 9431 9870 19
8946 9465 10283 19
8566 8565 8872 19
8095 8094 8096 19
8504 8503 8508 19
8799 9245 9246 19
9178 9180 9182 19
8501 8433 9482 19
9085 8576 10060 19
9337 8708 10130 19
7881 56 9249 19
9285 9721 9723 19
8144 8146 9343 19
15 7861 9193 19
9269 8072 10322 19
9064 8500 9522 19
8502 8406 8503 19
8573 8497 8574 19
33 34 7889 19
8164 8166 8378 19
9229 9230 9262 19
8686 8522 8687 19
8189 8190 8406 19
8965 8970 9352 19
8160 8162 9348 19
8262 8357 9354 19
9143 9082 9144 19
9182 9190 9191 19
9139 8736 9489 19
8000 8001 8002 19
8030 8032 8033 19
8085 8084 8086 19
8640 9098 9896 19
8002 8003 8004 19
8419 8140 9177 19
8640 8638 9098 19
7998 7999 8000 19
40 41 10096 19
9426 8327 10183 19
8058 8061 10029 19
8771 8769 9258 19
8708 9750 10130 19
36 37 7888 19
9858 8610 9859 19
8170 8172 8364 19
9281 9280 9283 19
9431 9855 9870 19
9394 8731 9395 19
9285 9557 9721 19
8133 8132 8134 19
8172 8174 9209 19
8701 8731 9394 19
7942 9159 10293 19
7985 7993 7994 19
8711 8882 8883 19
8821 9402 9681 19
8775 8773 9338 19
8166 8168 9362 19
20 21 7979 19
9158 9717 9893 19
8005 8008 9363 19
8890 8893 9359 19
8753 8491 8754 19
8070 8072 9269 19
8500 8424 9522 19
8075 8074 8076 19
8403 8148 9195 19
8497 8425 9476 19
8174 8176 8365 19
8514 8708 8709 19
8156 8158 9350 19
7966 9479 9827 19
39 40 7887 19
8782 8779 9325 19
9084 9405 9435 19
9218 8502 9512 19
9187 9189 9441 19
10066 92 10109 19
8567 8539 9099 19
8178 8180 8356 19
8080 8082 9353 19
8555 9132 9349 19
9081 8522 9537 19
8680 9699 9907 19
45 7885 9213 19
8022 8024 8025 19
39 7887 10245 19
9304 8371 9976 19
8537 8532 8604 19
9765 10256 10324 19
8180 8182 9326 19
8062 8065 9328 19
9103 9102 9372 19
9353 8082 10313 19
9205 8909 9214 19
42 43 7886 19
8902 9241 9673 19
8065 8064 8066 19
8128 8130 9439 19
8365 9211 10073 19
9231 9233 9234 19
8809 8886 9360 19
8764 8763 9852 19
25 26 9271 19
8184 8186 9218 19
9155 9154 9156 19
8182 8184 8346 19
8522 8434 9537 19
9314 9313 9315 19
7850 9495 9566 19
8176 8178 9211 19
7822 9220 9590 19
8194 8196 9223 19
8402 8152 9278 19
8532 8524 9201 19
8186 8188 8189 19
9315 9313 9316 19
45 46 7885 19
98 7902 9370 19
10084 9553 10261 19
14 9193 9267 19
8333 9374 9475 19
8014 8016 8017 19
8192 8194 8393 19
7875 69 9280 19
9098 9569 9896 19
12 13 7895 19
8519 9406 9407 19
14 15 9193 19
15 16 7861 19
9641 9176 10022 19
9119 9123 9568 19
9019 9017 9434 19
9385 9086 10187 19
8539 8537 9361 19
8455 9119 9568 19
8397 8981 10103 19
8920 9399 10056 19
9088 9206 10298 19
9145 8706 9383 19
48 49 7884 19
8679 8678 8680 19
8790 8482 8791 19
100 7862 9376 19
7920 9434 9543 19
9141 8685 10008 19
8072 8075 10322 19
8841 8840 9375 19
8401 9114 10011 19
8364 8172 9209 19
9585 8462 9792 19
8445 8528 8529 19
8061 8060 8062 19
8517 8444 8518 19
9943 9233 10307 19
8506 8439 9175 19
8196 8198 8401 19
8385 8160 9348 19
9566 8569 9695 19
8875 8873 8876 19
8202 8204 9240 19
8878 9408 9980 19
9263 8414 9451 19
51 52 7883 19
37 38 9317 19
8567 9099 9695 19
9120 9125 10317 19
8713 8718 9374 19
8200 8202 8390 19
8190 8192 9242 19
9171 7901 10211 19
7938 9400 9612 19
8681 8680 8730 19
9216 9217 9529 19
8343 9581 9772 19
9404 8682 9892 19
8853 8771 9258 19
53 54 7896 19
8761 8850 9367 19
9191 9591 10230 19
7875 9281 9282 19
8504 8508 8524 19
9041 9039 9344 19
7921 9222 9550 19
9111 9170 9648 19
8918 8677 10222 19
8356 8180 9326 19
8005 8007 8008 19
8378 8166 9362 19
8408 8070 9269 19
10 11 7973 19
8204 8206 8386 19
24 7893 10229 19
8799 8508 9245 19
8502 8503 8504 19
8508 8503 8509 19
9037 9035 9053 19
8346 8184 9218 19
9292 9289 9401 19
55 56 7881 19
8741 8743 10080 19
8650 9084 9417 19
7980 7982 9847 19
8438 8515 10107 19
8441 8439 8442 19
9591 9191 10327 19
8342 9200 9961 19
10236 9080 10277 19
8189 8406 8502 19
8393 8194 9223 19
46 47 9165 19
8053 8052 8054 19
9033 9031 9138 19
57 58 7897 19
8178 8356 9211 19
8208 8210 8382 19
10051 9625 10075 19
7899 78 9335 19
9025 9222 9524 19
8189 8188 8190 19
8792 9506 9764 19
8477 8039 9141 19
8472 8577 8685 19
34 35 10244 19
9416 9417 9418 19
59 60 7880 19
8691 8919 9412 19
9294 9293 9295 19
8282 8348 9380 19
8977 8976 9381 19
7877 9293 9294 19
9063 8962 10117 19
9031 9029 9327 19
7915 10151 10164 19
8090 8092 9586 19
8410 8144 9343 19
8604 8532 9201 19
8757 8762 9379 19
8781 8775 9338 19
7872 80 9342 19
8220 8222 9264 19
9779 9256 9974 19
8529 8632 8633 19
9672 8457 9748 19
9136 9208 10165 19
52 53 9228 19
8214 8216 8384 19
8675 8518 8676 19
9110 9109 9111 19
9319 9320 9321 19
9025 9023 9222 19
7821 9519 9595 19
62 63 7879 19
9302 8625 10204 19
9266 8565 10326 19
10116 9360 10159 19
8733 9213 9739 19
8082 8085 10313 19
8390 8202 9240 19
9524 7921 9551 19
9260 9947 10221 19
8861 8860 9221 19
8516 8519 8520 19
9475 8718 9697 19
8218 8220 8389 19
9104 8676 9105 19
7989 7988 7990 19
7900 82 9347 19
9482 8110 10320 19
8158 8385 9350 19
8573 8574 9377 19
56 57 9249 19
8382 8210 9878 19
8120 8122 9720 19
9092 9090 9384 19
9021 9019 9140 19
8742 8885 9390 19
66 67 9291 19
8327 9426 10160 19
65 66 7877 19
9961 9200 10017 19
8222 8224 8383 19
8192 8393 9242 19
8049 8048 8050 19
8706 8707 9400 19
9495 8581 9566 19
9196 9094 9243 19
8034 9691 10270 19
9093 9092 9094 19
8723 8869 9382 19
17 18 7978 19
9650 8959 9840 19
9739 7885 10104 19
8447 8514 9604 19
9402 8821 9799 19
9245 9560 10264 19
7836 10231 10260 19
9300 8897 9547 19
8697 8728 9392 19
9015 9013 9202 19
9174 9519 10190 19
8928 8926 8959 19
8707 8983 9460 19
9129 8577 9470 19
8945 9373 9957 19
7985 7995 10282 19
8288 8349 9891 19
68 69 7875 19
9091 9090 9092 19
8793 9629 10216 19
8110 8427 10320 19
8857 8495 8858 19
8228 8230 8380 19
8108 8110 9482 19
9073 10280 10281 19
8236 8238 9305 19
67 9288 9291 19
7943 9208 10075 19
9138 9031 9327 19
9011 9009 9058 19
8134 8136 9476 19
9017 9015 9345 19
9341 9456 9485 19
8126 8388 10162 19
70 71 7898 19
8397 8124 10162 19
8656 8960 9391 19
9207 8363 9884 19
9253 9254 9255 19
9516 10223 10246 19
10154 9514 10182 19
68 7875 9288 19
8421 8056 10029 19
8389 8220 9264 19
9317 38 9320 19
10077 7916 10217 19
74 75 10247 19
9007 9005 9173 19
9318 9323 9462 19
7901 89 9357 19
69 70 9280 19
8234 8236 8376 19
8292 8341 9396 19
9240 8386 9922 19
8514 8710 9604 19
8913 8911 9397 19
9476 8136 10309 19
8914 8913 8915 19
9080 9364 10277 19
9222 9023 9620 19
9005 9003 9303 19
8916 8915 9086 19
8866 8864 9304 19
9009 9007 9336 19
9231 9234 9711 19
72 73 7874 19
8581 8569 9566 19
8362 9478 9577 19
9003 9001 9261 19
8912 8911 8913 19
8226 8228 9371 19
9374 8718 9475 19
8635 8634 9801 19
9171 7870 10193 19
8244 8246 9330 19
8043 8042 8044 19
75 76 7873 19
8544 8456 8545 19
8238 8240 8379 19
9581 8847 9772 19
9001 8999 9306 19
8940 22 10314 19
7917 9324 10279 19
8910 8909 8911 19
8805 8803 9388 19
7885 9165 10104 19
9256 9779 9943 19
9021 9140 9620 19
9051 9049 9378 19
8537 8604 9361 19
8999 8997 9054 19
8398 8080 9353 19
8164 8378 9743 19
77 78 7899 19
8242 8244 8358 19
9225 8345 9909 19
8904 8903 8905 19
9214 8905 10057 19
8997 8995 9324 19
8708 8871 9750 19
78 79 9335 19
9311 9310 9312 19
8779 8777 9751 19
9666 7797 10102 19
59 7880 9346 19
8995 8992 9083 19
79 80 7872 19
9518 7836 10260 19
8703 8701 9394 19
7935 9241 9597 19
80 81 9342 19
8039 8038 8040 19
8376 8236 9305 19
10123 7914 10168 19
8947 8512 9413 19
51 7883 9237 19
9015 9202 9345 19
8992 8990 9333 19
8246 8248 8368 19
9275 9274 10120 19
9296 9295 9297 19
9478 8748 9577 19
8323 9705 9738 19
9309 9297 9310 19
82 83 9347 19
8990 8987 8993 19
9393 8703 9394 19
9526 7915 10164 19
9013 9011 9415 19
9765 8370 10256 19
81 82 7900 19
8987 8985 9340 19
30 7890 10028 19
9587 8419 10179 19
9173 9005 9303 19
8980 8977 9381 19
9203 8379 10186 19
8409 9206 10228 19
8029 8030 9762 19
7991 7988 9406 19
9231 7896 9233 19
8900 8498 8901 19
8646 8956 9405 19
8013 8014 10200 19
9007 9173 9336 19
7867 97 9370 19
8985 8980 8988 19
8358 8244 9330 19
44 45 9213 19
9261 9001 9306 19
9124 9122 9366 19
8252 8254 8367 19
83 84 7871 19
9416 9418 10328 19
8674 8942 9414 19
8781 9574 9751 19
8883 8882 9936 19
7902 99 9376 19
89 90 9357 19
9281 9283 9497 19
8228 8380 9371 19
8837 8835 9207 19
8934 8786 10068 19
8037 8036 8038 19
9120 9117 9125 19
8260 8262 9354 19
8903 8902 9673 19
9053 9035 9774 19
9054 8997 9324 19
9387 8805 9388 19
8884 9499 10297 19
7862 101 9399 19
119 7904 9422 19
8852 9637 10210 19
9425 8672 9426 19
9181 9183 9184 19
8631 8884 9409 19
9121 9164 9671 19
9083 8992 9333 19
9033 9138 9774 19
9499 8884 10287 19
86 87 7870 19
8258 8260 8366 19
8104 8107 9403 19
9092 9384 10004 19
124 7859 9429 19
9324 7917 10257 19
36 7888 9389 19
8969 8967 8971 19
88 89 7901 19
9414 8942 9454 19
9089 9087 9090 19
8967 8965 9352 19
9456 8330 9485 19
8649 8651 9963 19
9708 8855 9908 19
8059 9323 9710 19
8993 8987 9340 19
90 91 7869 19
9355 7795 9674 19
9410 8693 9412 19
8076 8078 9522 19
7952 9266 9854 19
97 98 9370 19
8669 8672 9425 19
9098 8638 9930 19
8988 8980 9381 19
8512 8510 9413 19
8693 8691 9412 19
99 100 9376 19
8965 8892 8970 19
8262 8264 8357 19
8970 10087 10123 19
8729 8545 8933 19
9148 7899 10234 19
8892 8890 9359 19
8744 8742 9390 19
8913 9397 9944 19
9184 9186 9187 19
9187 9188 9189 19
101 102 9399 19
7880 9257 10292 19
9547 7790 9688 19
7795 9355 10094 19
8715 8713 9374 19
9463 8427 9712 19
9368 9110 10050 19
121 7852 9433 19
9200 8342 9968 19
8366 8260 9354 19
8627 8851 9419 19
8742 8740 8885 19
8352 9390 9736 19
8811 8809 9360 19
8890 8811 8893 19
8971 8967 9352 19
8268 8270 8355 19
9017 9345 9434 19
9238 8715 9374 19
9072 9070 10157 19
9940 9276 9964 19
9284 7898 9286 19
93 94 7868 19
8938 8937 9210 19
9429 7859 9430 19
8274 8276 9423 19
8134 8135 8136 19
8935 8934 8937 19
8705 8703 9393 19
8807 8805 9387 19
8652 8650 9417 19
7838 10082 10127 19
8785 8784 8786 19
9192 9191 9219 19
8908 8906 8909 19
9418 7832 10328 19
8787 8786 8934 19
8970 8892 9359 19
8280 8282 9380 19
8033 8032 8034 19
8728 9410 9411 19
9782 9787 10225 19
8783 8782 8784 19
8574 8575 8576 19
9192 9375 9535 19
8050 8053 9898 19
8809 8807 8886 19
9431 7859 9442 19
9653 7801 9882 19
8718 8705 9393 19
8897 8895 9479 19
8450 9128 9799 19
8780 8779 8782 19
8778 8777 8779 19
7852 9428 9806 19
9427 123 9429 19
9717 9287 9893 19
8738 8736 9139 19
96 97 7867 19
9177 9178 9535 19
123 124 9429 19
8272 8274 8354 19
8108 8109 8110 19
8776 8775 8777 19
7891 9734 10312 19
112 113 9408 19
8969 8971 8972 19
7889 9168 9818 19
8774 8773 8775 19
98 99 7902 19
8387 8420 9507 19
8772 8771 8773 19
7857 112 9408 19
8717 8715 9238 19
8616 8752 9432 19
9460 8983 9955 19
8801 8761 9367 19
8893 8811 9360 19
8803 8801 8939 19
127 7846 9445 19
8446 8534 8535 19
8138 8139 8140 19
8707 8982 8983 19
8699 8697 9392 19
8136 8137 8138 19
9453 9452 9466 19
8314 8344 9438 19
8770 8769 8771 19
9105 9107 9368 19
132 7971 9452 19
8730 8680 9835 19
100 101 7862 19
8503 8406 9339 19
8140 8141 8142 19
9075 10122 10280 19
8886 8807 9387 19
8731 8699 9392 19
67 68 9288 19
8029 8028 8030 19
8066 8068 9537 19
8278 8280 8350 19
8190 8191 8192 19
9045 9043 9436 19
8713 8705 8718 19
8148 8149 8150 19
7931 9197 10124 19
8142 8143 8144 19
8576 8840 8841 19
8761 8759 8850 19
9416 8652 9417 19
8027 8026 8028 19
8445 8529 9691 19
8759 8757 9379 19
8110 8111 8112 19
9137 10128 10176 19
118 119 9422 19
8144 8145 8146 19
8150 8151 8152 19
8370 9724 10256 19
8146 8147 8148 19
9041 9344 9853 19
103 104 7860 19
8271 9475 9697 19
8728 8695 9410 19
8158 8159 8160 19
8552 9755 9876 19
8781 9573 9574 19
7981 8940 9447 19
8639 8638 8640 19
8934 10068 10175 19
8662 8661 9450 19
9384 9090 9385 19
8939 8801 9367 19
8112 8113 8114 19
8695 8693 9410 19
8152 8153 8154 19
133 134 9437 19
58 59 9346 19
8350 8280 9380 19
9445 7846 9446 19
8853 9260 10221 19
8318 8331 9443 19
8531 8524 8532 19
9039 9037 9624 19
8154 8155 8156 19
8096 8097 8098 19
8641 8640 8765 19
8156 8157 8158 19
8160 8161 8162 19
8791 8794 9351 19
8290 8292 9396 19
120 121 9433 19
8130 8133 9439 19
8192 8193 8194 19
8124 8125 8126 19
8637 8636 8638 19
8118 8119 8120 19
35 36 9389 19
8354 8274 9423 19
8114 8115 8116 19
122 123 9427 19
8130 8131 8132 19
8116 8117 8118 19
8162 8163 8164 19
8166 8167 8168 19
8178 8179 8180 19
8582 8581 8636 19
8950 8951 8952 19
8164 8165 8166 19
8725 8723 9382 19
8570 8569 8581 19
8126 8127 8128 19
8282 8284 8348 19
8120 8121 8122 19
10 7973 9895 19
8122 8123 8124 19
9516 7911 10223 19
9157 9156 9158 19
8172 8173 8174 19
8168 8169 8170 19
8194 8195 8196 19
8757 8725 8762 19
8128 8129 8130 19
8170 8171 8172 19
8850 8759 9379 19
8180 8181 8182 19
8174 8175 8176 19
8176 8177 8178 19
9545 7976 9846 19
8568 8567 8569 19
9248 9187 9441 19
8196 8197 8198 19
8540 8539 8567 19
7854 118 9422 19
8538 8537 8539 19
8896 8895 8897 19
8198 8199 8200 19
8551 8489 8820 19
9574 7865 9751 19
8186 8187 8188 19
9202 9013 9415 19
8182 8183 8184 19
9430 7859 9431 19
8658 8656 9391 19
8184 8185 8186 19
8533 8532 8537 19
8202 8203 8204 19
8919 8689 9414 19
8922 8866 9917 19
8682 9789 9892 19
8200 8201 8202 19
9130 8876 9578 19
9440 8665 9450 19
126 127 9445 19
8689 8674 9414 19
8599 8813 9444 19
8701 8699 8731 19
7975 7979 10218 19
8723 8658 8869 19
8378 9742 9743 19
106 107 7858 19
8665 8662 9450 19
9159 9623 10227 19
8288 8290 8349 19
8204 8205 8206 19
7857 9227 9994 19
8210 8211 8212 19
8102 8103 8104 19
8206 8207 8208 19
8098 8099 8100 19
7855 9517 9959 19
131 132 9452 19
8322 8347 9458 19
8762 8725 9382 19
8208 8209 8210 19
8654 8652 9416 19
8298 8300 9421 19
8349 8290 9396 19
94 95 9472 19
8216 8217 8218 19
8420 9468 9507 19
8104 8105 8106 19
109 110 7903 19
9334 8993 10217 19
8942 8671 9425 19
8952 8953 8954 19
8025 8024 8026 19
8100 8101 8102 19
8212 8213 8214 19
8894 8898 10242 19
9698 8382 9878 19
8697 8695 8728 19
9586 8092 10296 19
7981 7894 8940 19
8337 9438 9812 19
7904 120 9433 19
8214 8215 8216 19
8671 8669 9425 19
8218 8219 8220 19
8222 8223 8224 19
111 112 7857 19
7895 9267 9892 19
8420 8334 9456 19
8220 8221 8222 19
8292 8294 8341 19
8656 8654 8960 19
9309 7879 9888 19
8869 8658 9391 19
9703 8957 10024 19
8224 8225 8226 19
8228 8229 8230 19
8952 8954 9914 19
8823 8824 8825 19
8226 8227 8228 19
8399 9798 9834 19
7852 122 9427 19
8960 8654 9416 19
8683 9644 9737 19
8086 8087 8088 19
8479 8491 8753 19
8672 8667 9440 19
7971 133 9437 19
8882 9337 10126 19
8667 8665 9440 19
8236 8237 8238 19
8230 8231 8232 19
9299 8897 9300 19
9350 8385 9709 19
114 115 7855 19
8648 8646 9405 19
8821 9681 10093 19
8234 8235 8236 19
8650 8648 9084 19
8232 8233 8234 19
7976 1180 9459 19
9070 10010 10157 19
32 33 9480 19
8238 8239 8240 19
8320 8322 9458 19
8875 8876 8877 19
8843 8839 9457 19
33 7889 9480 19
8530 8946 9369 19
8296 8298 8342 19
8240 8241 8242 19
8342 8298 9421 19
7852 9427 9428 19
8242 8243 8244 19
9438 8344 9777 19
9050 9049 9051 19
8248 8249 8250 19
8244 8245 8246 19
8644 8631 9409 19
8019 8018 8020 19
8316 8318 9443 19
8791 8793 8794 19
9048 9047 9049 19
9524 9551 9552 19
8312 8314 9438 19
8246 8247 8248 19
7859 125 9442 19
9044 9043 9045 19
8283 9981 10289 19
9084 8648 9405 19
8691 8689 8919 19
9046 9045 9047 19
8254 8255 8256 19
9052 9051 9060 19
9630 9349 10266 19
8646 8644 8956 19
8334 8324 9456 19
8250 8251 8252 19
117 118 7854 19
8092 8093 8094 19
8252 8253 8254 19
9042 9041 9043 19
9040 9039 9041 19
8768 8766 8769 19
9038 9037 9039 19
9034 9033 9035 19
9036 9035 9037 19
8256 8257 8258 19
8584 8854 9461 19
9061 10052 10053 19
8425 8134 9476 19
8088 8089 8090 19
9521 10159 10231 19
8825 8826 8827 19
8956 8644 9409 19
8850 10154 10182 19
8827 8828 8829 19
8090 8091 8092 19
8674 8671 8942 19
9032 9031 9033 19
8831 8832 8833 19
9030 9029 9031 19
8431 8510 8512 19
9442 126 9445 19
8378 9362 10042 19
9224 7978 10315 19
8258 8259 8260 19
8302 8304 8345 19
8629 8627 9419 19
8262 8263 8264 19
8535 8565 8566 19
8829 8830 8831 19
9449 7970 9857 19
8268 8269 8270 19
8631 8629 8884 19
8260 8261 8262 19
9028 9027 9029 19
8672 9440 9515 19
9260 9258 10239 19
119 120 7904 19
8433 8108 9482 19
8264 8265 8266 19
8510 8530 9413 19
8266 8267 8268 19
8884 8629 9419 19
9024 9023 9025 19
8270 8271 8272 19
9026 9025 9027 19
8004 8005 9363 19
8401 8198 9975 19
8566 8872 8873 19
8344 8316 9443 19
7996 7994 7997 19
9022 9021 9023 19
8337 8312 9438 19
8885 8740 9704 19
9262 8426 10225 19
8381 8415 8431 19
8618 8616 9432 19
8272 8273 8274 19
8017 8016 8018 19
9157 9158 9893 19
8306 8308 8340 19
8274 8275 8276 19
9020 9019 9021 19
8763 8512 8947 19
8280 8281 8282 19
9018 9017 9019 19
8276 8277 8278 19
9426 9515 10119 19
9506 9136 10165 19
8536 8512 8763 19
8076 8077 8078 19
8669 8667 8672 19
8322 8324 8334 19
8320 8321 8322 19
8748 8746 9577 19
8278 8279 8280 19
8627 8618 8851 19
9016 9015 9017 19
9014 9013 9015 19
8318 8319 8320 19
8025 9604 9950 19
9012 9011 9013 19
7817 9610 10004 19
8431 8415 8510 19
8324 8330 9456 19
8851 8618 9432 19
8282 8283 8284 19
121 122 7852 19
9006 9005 9007 19
7876 131 9452 19
9008 9007 9009 19
8480 8482 8790 19
8331 8320 9458 19
9010 9009 9011 19
8546 8505 9095 19
7868 94 9472 19
8284 8285 8286 19
9430 8610 9858 19
8288 8289 8290 19
8286 8287 8288 19
8310 8312 8337 19
8529 8962 9691 19
9004 9003 9005 19
8347 8334 8387 19
8621 8751 9455 19
8322 8321 8324 19
8460 8505 8546 19
125 126 9442 19
8559 8642 9464 19
8320 8319 8321 19
124 125 7859 19
8314 8316 8344 19
8460 8428 8505 19
8601 8599 9444 19
8345 9225 9928 19
9000 8999 9001 19
9002 9001 9003 19
7816 9460 9955 19
115 116 9517 19
8392 8387 8428 19
8290 8291 8292 19
8998 8997 8999 19
132 133 7971 19
8616 8601 8752 19
8292 8293 8294 19
8387 8334 8420 19
9160 9473 9503 19
8636 8581 9495 19
7971 9437 9465 19
8294 8295 8296 19
8327 9454 10183 19
8752 8601 9444 19
9260 1287 9947 19
8996 8995 8997 19
127 128 7846 19
8296 8297 8298 19
8080 8081 8082 19
8994 8992 8995 19
8298 8299 8300 19
8082 8083 8084 19
8989 8987 8990 19
9170 9113 9536 19
8300 8301 8302 19
8316 8317 8318 19
8818 8817 9707 19
8991 8990 8992 19
8304 8305 8306 19
8002 8469 9509 19
8200 8390 9975 19
8302 8303 8304 19
8986 8985 8987 19
8416 8587 9761 19
8318 8317 8319 19
8973 8972 8974 19
9364 8367 10277 19
8530 9369 9413 19
8463 8557 9484 19
9473 8541 9503 19
8078 8079 8080 19
8318 8320 8331 19
8306 8307 8308 19
130 131 7876 19
8586 8584 9461 19
7876 9452 9453 19
8354 9244 10110 19
8685 9129 9605 19
7855 9959 9977 19
8310 8311 8312 19
1179 1180 7976 19
8314 8315 8316 19
8659 8608 8855 19
9729 9334 10217 19
8312 8313 8314 19
8984 8980 8985 19
8308 8309 8310 19
7905 1182 9467 19
8431 8512 8536 19
8736 8717 9489 19
8595 9235 10189 19
9152 9151 9153 19
8738 9139 9704 19
8687 9081 9082 19
8813 8586 9461 19
9148 9078 9149 19
8975 8974 8976 19
8678 8918 9699 19
9150 9149 9151 19
9293 9308 9672 19
8536 8763 8764 19
8452 8428 8460 19
1181 7905 9459 19
9273 9553 10084 19
8561 8559 9464 19
7985 7983 7993 19
8599 8586 8813 19
8547 8546 9134 19
9322 9321 9585 19
8013 8011 8014 19
8330 8381 9485 19
7849 9201 10149 19
8322 8334 8347 19
8530 8564 8946 19
8510 8511 8530 19
8010 8009 8011 19
9295 9293 9672 19
9077 9076 9078 19
8854 8561 9464 19
9426 10119 10160 19
8347 8387 8392 19
9095 9096 9097 19
8542 9215 9477 19
9069 9068 9070 19
9075 9074 9076 19
9462 9323 10268 19
8635 9801 10169 19
9397 7819 9601 19
9071 9070 9072 19
9073 9072 9074 19
8066 8067 8068 19
8316 8315 8317 19
9097 9265 9469 19
8968 8967 8969 19
8964 8892 8965 19
9279 7965 10139 19
8431 8536 9485 19
8891 8890 8892 19
8966 8965 8967 19
9067 9066 9068 19
8889 8811 8890 19
9255 9257 9398 19
9065 8932 9066 19
8727 8492 9528 19
8314 8313 8315 19
8602 8590 8789 19
9481 7889 9818 19
8931 8930 8932 19
9358 8340 9856 19
8810 8809 8811 19
8312 8311 8313 19
9097 9469 9866 19
7948 9501 9634 19
9253 9251 9254 19
8324 8325 8330 19
8536 9341 9485 19
8929 8928 8930 19
8927 8926 8928 19
9285 9284 9557 19
8806 8805 8807 19
8804 8803 8805 19
1180 1181 9459 19
8584 8561 8854 19
8310 8309 8311 19
8925 8924 8926 19
8330 8336 8381 19
8053 8054 10194 19
8823 8825 9549 19
11 12 9703 19
8802 8801 8803 19
9401 9290 10207 19
8381 8411 8415 19
8808 8807 8809 19
8308 8307 8309 19
9585 9792 10271 19
1181 1182 7905 19
8800 8761 8801 19
8306 8305 8307 19
8136 9587 10309 19
8444 8044 9226 19
9283 9285 9497 19
8386 8206 10006 19
8392 8428 8452 19
8921 8866 8922 19
8304 8303 8305 19
1183 7866 9467 19
8070 8071 8072 19
8760 8759 8761 19
8507 8678 8679 19
8863 8849 8864 19
8756 8725 8757 19
8848 8847 8849 19
8008 8007 8009 19
9123 9122 9124 19
8979 8977 8980 19
8758 8757 8759 19
8554 8542 9477 19
8923 8922 8924 19
8724 8723 8725 19
8858 8860 8861 19
9607 9385 10187 19
8720 9755 10144 19
8302 8301 8303 19
8722 8658 8723 19
8865 8864 8866 19
9207 8835 9826 19
8072 8073 8074 19
8068 8069 8070 19
8300 8299 8301 19
8559 8554 8642 19
9436 9043 9853 19
8571 8492 8727 19
9049 9047 9788 19
8657 8656 8658 19
8846 8845 8847 19
8298 8297 8299 19
8460 8546 8547 19
9095 8505 9096 19
9215 8541 9473 19
8296 8295 8297 19
8653 8652 8654 19
9212 8632 10235 19
8844 8843 8845 19
8651 8650 8652 19
1182 1183 9467 19
1183 1184 7866 19
9645 8635 10169 19
8294 8293 8295 19
8337 9812 9841 19
8677 8683 9737 19
8649 8648 8650 19
8842 8839 8843 19
16 17 9301 19
8655 8654 8656 19
8290 8289 8291 19
8647 8646 8648 19
8642 8554 9477 19
8780 8783 9709 19
8645 8644 8646 19
8288 8287 8289 19
8292 8291 8293 19
8463 8487 8557 19
9452 7971 9466 19
8944 9957 10237 19
8002 8001 8003 19
9239 9198 10105 19
8643 8631 8644 19
8542 8541 9215 19
8750 8748 9478 19
60 61 9727 19
8838 8837 8839 19
8424 8076 9522 19
8282 8281 8283 19
8286 8285 8287 19
8793 8792 9764 19
8834 8750 8835 19
8284 8283 8285 19
8280 8279 8281 19
9443 8331 9683 19
8004 8003 8005 19
8836 8835 8837 19
8630 8629 8631 19
8628 8627 8629 19
8000 7999 8001 19
8626 8618 8627 19
8763 8947 9498 19
8428 8387 9507 19
9097 9096 9265 19
8749 8748 8750 19
7866 1184 9474 19
8741 8740 8742 19
8278 8277 8279 19
8747 8746 8748 19
8617 8616 8618 19
8483 8495 8857 19
8743 8742 8744 19
8745 8744 8746 19
7998 7997 7999 19
9663 7786 9801 19
8453 8452 8541 19
8062 8063 8064 19
8790 8791 9351 19
8615 8601 8616 19
8208 8382 10006 19
8276 8275 8277 19
9241 9174 10190 19
8270 8269 8271 19
8344 9443 9756 19
8274 8273 8275 19
9458 8347 9502 19
9399 8920 10195 19
8600 8599 8601 19
8324 8321 8325 19
8272 8271 8273 19
9270 8421 10251 19
9221 7814 10108 19
8268 8267 8269 19
8735 8717 8736 19
8510 8415 8511 19
8739 8738 8740 19
8460 8547 9503 19
8598 8586 8599 19
1185 1186 9483 19
9126 9666 10102 19
9319 9317 9320 19
1184 1185 9474 19
8381 8431 9485 19
8716 8715 8717 19
10044 8984 10113 19
8712 8705 8713 19
8737 8736 8738 19
8266 8265 8267 19
8264 8263 8265 19
8547 9134 9135 19
8585 8584 8586 19
8714 8713 8715 19
8453 8541 8542 19
8262 8261 8263 19
8901 8903 8904 19
8704 8703 8705 19
9474 1185 9483 19
8256 8255 8257 19
8583 8561 8584 19
9426 8672 9515 19
9586 8880 9798 19
8547 9160 9503 19
8096 8413 9635 19
8254 8253 8255 19
8260 8259 8261 19
8258 8257 8259 19
9304 8864 9935 19
9498 8947 9836 19
8530 8511 8564 19
9096 8505 9507 19
8317 8315 8323 19
8560 8559 8561 19
8330 8325 8336 19
8700 8699 8701 19
8252 8251 8253 19
9294 9295 9296 19
9181 9179 9183 19
8702 8701 8703 19
8250 8249 8251 19
9071 9073 10281 19
8698 8697 8699 19
9093 9094 9196 19
8248 8247 8249 19
8694 8693 8695 19
8536 8764 9341 19
1186 1187 7828 19
8381 8336 8411 19
9091 9092 9093 19
8696 8695 8697 19
1186 7828 9483 19
8717 9238 9489 19
8246 8245 8247 19
8392 8452 8453 19
1187 1188 9486 19
8746 8744 9692 19
8190 8188 8191 19
8558 8554 8559 19
8384 8216 10049 19
8244 8243 8245 19
8557 8487 8881 19
9027 9025 9524 19
8434 8066 9537 19
8095 9635 9808 19
8710 8709 8711 19
8681 8730 8957 19
8692 8691 8693 19
9255 9254 9257 19
9201 8799 10149 19
8488 8498 8900 19
9369 7892 10259 19
144 145 7882 19
7992 8439 8441 19
8932 8930 9546 19
8688 8674 8689 19
8238 8237 8239 19
9441 9189 9759 19
1188 1189 7906 19
9407 8611 9910 19
8666 8665 8667 19
7890 9542 10144 19
8690 8689 8691 19
8242 8241 8243 19
9311 9312 9313 19
8668 8667 8669 19
8673 8671 8674 19
8236 8235 8237 19
8240 8239 8241 19
8553 8542 8554 19
8541 8452 9503 19
1189 1190 9492 19
9309 9310 9311 19
145 146 9487 19
8670 8669 8671 19
8821 8820 9799 19
8870 9423 10058 19
9505 10284 10328 19
8311 8309 8326 19
9232 9231 9711 19
1190 1191 7829 19
8660 8659 8661 19
8230 8229 8231 19
7971 9465 9466 19
7855 115 9517 19
9142 9386 10022 19
8609 8608 8659 19
8234 8233 8235 19
8794 8793 10216 19
8452 8460 9503 19
8228 8227 8229 19
1191 1192 9494 19
9296 9297 9309 19
8505 8428 9507 19
146 147 7972 19
8607 8606 8608 19
8232 8231 8233 19
9468 9096 9507 19
9245 8509 10290 19
8664 8662 8665 19
1192 1193 7907 19
8600 8601 8615 19
8509 8503 9339 19
8548 9983 10204 19
8224 8223 8225 19
8226 8225 8227 19
8585 8586 8598 19
9340 10077 10217 19
8092 8095 10296 19
8598 8599 8600 19
8222 8221 8223 19
1193 1194 9493 19
8560 8561 8583 19
8615 8616 8617 19
8617 8618 8626 19
9089 9090 9091 19
8679 8680 8681 19
8453 8542 8553 19
8969 8972 8973 19
8827 8829 9555 19
8504 8524 8531 19
8883 9356 10317 19
8583 8584 8585 19
8626 8627 8628 19
1194 1195 7830 19
8603 8602 8606 19
8054 8055 8056 19
8591 8590 8602 19
9484 8557 9603 19
8912 8913 8914 19
8218 8217 8219 19
8220 8219 8221 19
8928 8959 9987 19
8643 8644 8645 19
8914 8915 8916 19
8628 8629 8630 19
9531 10250 10254 19
8589 8588 8590 19
8411 8463 9484 19
8645 8646 8647 19
8558 8559 8560 19
8331 9458 9606 19
1195 1196 9499 19
8630 8631 8643 19
9155 9156 9157 19
8916 9086 9087 19
7828 1187 9486 19
8216 8215 8217 19
8910 8911 8912 19
7888 9886 10156 19
8647 8648 8649 19
8837 9207 9877 19
8553 8554 8558 19
8347 8392 9502 19
8547 9135 9160 19
1196 1197 7908 19
8017 8455 9568 19
9440 9450 10059 19
8649 8650 8651 19
141 142 7827 19
8212 8211 8213 19
8305 8303 8328 19
9355 9120 9356 19
1197 1198 9500 19
9265 9096 9468 19
8214 8213 8215 19
8218 8389 10049 19
8651 8652 8653 19
8210 8209 8211 19
8415 8411 9484 19
9147 9350 9709 19
8349 9722 9891 19
1188 7906 9486 19
1198 1199 7831 19
8545 8456 9762 19
8572 8571 8588 19
8058 8059 8060 19
7914 9525 10168 19
8392 8453 9502 19
9527 10127 10151 19
8657 8658 8722 19
7892 9369 9769 19
8653 8654 8655 19
8636 9495 9930 19
8208 8207 8209 19
9981 9411 10289 19
8204 8203 8205 19
8202 8201 8203 19
8722 8723 8724 19
8206 8205 8207 19
8655 8656 8657 19
8493 8492 8571 19
8192 8191 8193 19
8724 8725 8756 19
1200 1201 7910 19
7882 145 9487 19
7906 1189 9492 19
9415 9058 10310 19
8686 9268 10262 19
8200 8199 8201 19
8198 8197 8199 19
7986 7988 7989 19
8194 8193 8195 19
8301 8299 8351 19
8464 8412 8492 19
8756 8757 8758 19
8196 8195 8197 19
8056 8057 8058 19
8168 8170 10039 19
138 139 7892 19
1202 1203 7832 19
8758 8759 8760 19
9734 10028 10091 19
8760 8761 8800 19
8800 8801 8802 19
8802 8803 8804 19
9111 9112 9113 19
9182 9191 9192 19
8908 8909 8910 19
1190 7829 9492 19
7928 9325 9881 19
1203 1204 9505 19
8411 8412 8463 19
8904 8905 8906 19
8804 8805 8806 19
8516 8440 8519 19
8463 8464 8487 19
1204 1205 7909 19
8754 8852 10210 19
8134 8132 8135 19
146 7972 9487 19
8810 8811 8889 19
8399 8090 9586 19
8572 8589 8592 19
8806 8807 8808 19
7829 1191 9494 19
8889 8890 8891 19
8423 9757 9795 19
1205 1206 9508 19
8891 8892 8964 19
8600 8615 9358 19
8973 8974 8975 19
8808 8809 8810 19
1206 1207 7833 19
8574 8497 8575 19
8295 8293 8327 19
8986 8987 8989 19
8964 8965 8966 19
1192 7907 9494 19
8975 8976 8977 19
1207 1208 9511 19
8453 8553 9502 19
9438 9777 9812 19
8984 8985 8986 19
8186 8185 8187 19
10013 8889 10062 19
8966 8967 8968 19
8352 9576 9692 19
8589 8590 8591 19
1208 1209 7912 19
8989 8990 8991 19
8991 8992 8994 19
8979 8980 8984 19
8180 8179 8181 19
8607 8608 8609 19
9184 9183 9186 19
136 137 7974 19
8511 8415 9484 19
7907 1193 9493 19
8881 8487 8961 19
8050 8051 8052 19
9187 9186 9188 19
9189 9188 9247 19
8994 8995 8996 19
1209 1210 9514 19
8184 8183 8185 19
8660 8661 8662 19
8411 8336 8412 19
8609 8659 8660 19
8572 8588 8589 19
8996 8997 8998 19
8617 8626 9225 19
8603 8606 8607 19
9265 8764 9852 19
8998 8999 9000 19
8321 8319 9572 19
8182 8181 8183 19
8603 8607 8610 19
8178 8177 8179 19
8591 8602 8603 19
9004 9005 9006 19
9383 7938 9768 19
8664 8665 8666 19
1210 1211 7834 19
8666 8667 8668 19
8464 8492 8493 19
9000 9001 9002 19
8136 8138 9587 19
1194 7830 9493 19
9067 9069 10305 19
147 148 9545 19
9006 9007 9008 19
9002 9003 9004 19
8493 8571 8572 19
1211 1212 9516 19
9611 7816 9955 19
8950 8952 10055 19
8441 8442 8443 19
8303 8301 9510 19
9008 9009 9010 19
1212 1213 7911 19
8770 8771 8772 19
8935 8937 8938 19
7830 1195 9499 19
8463 8412 8464 19
9010 9011 9012 19
9012 9013 9014 19
8628 8630 8887 19
8176 8175 8177 19
8291 8289 8353 19
8783 8784 8785 19
8443 8442 9805 19
8668 8669 8670 19
8778 8779 8780 19
8174 8173 8175 19
1213 1214 9518 19
8776 8777 8778 19
8785 8786 8787 19
8774 8775 8776 19
9014 9015 9016 19
8772 8773 8774 19
8787 8934 8935 19
8780 8782 8783 19
9256 9880 9974 19
8531 8532 8533 19
8670 8671 8673 19
8673 8674 8688 19
8172 8171 8173 19
9016 9017 9018 19
1214 1215 7836 19
8799 9246 10149 19
1196 7908 9499 19
8688 8689 8690 19
9423 8276 10058 19
8860 8859 9966 19
9022 9023 9024 19
9020 9021 9022 19
9018 9019 9020 19
1215 1216 9521 19
8637 8638 8639 19
9445 9446 9833 19
8538 8539 8540 19
9457 8839 9877 19
8533 8537 8538 19
8170 8169 8171 19
8692 8693 8694 19
9157 9893 10078 19
9429 9430 9858 19
9028 9029 9030 19
8570 8581 8582 19
8568 8569 8570 19
8168 8167 8169 19
8694 8695 8696 19
1216 1217 7913 19
8639 8640 8641 19
9024 9025 9026 19
8582 8636 8637 19
9030 9031 9032 19
9034 9035 9036 19
8690 8691 8692 19
8166 8165 8167 19
9026 9027 9028 19
9032 9033 9034 19
8540 8567 8568 19
7908 1197 9500 19
1217 1218 9520 19
8768 8769 8770 19
9384 7937 9767 19
9268 7806 10262 19
8160 8159 8161 19
8895 8894 9827 19
8641 8765 8766 19
8698 8699 8700 19
1218 1219 7835 19
9036 9037 9038 19
8660 8662 8663 19
8027 8447 9604 19
9572 8319 9701 19
8164 8163 8165 19
63 64 9888 19
8645 8647 9200 19
8696 8697 8698 19
9038 9039 9040 19
8815 9167 9816 19
8162 8161 8163 19
8158 8157 8159 19
9585 9912 10226 19
8287 8285 8329 19
8704 8705 8712 19
1219 1220 9523 19
1198 7831 9500 19
8677 9737 10222 19
9042 9043 9044 19
9105 9106 9107 19
9040 9041 9042 19
9399 102 10056 19
8590 8588 9705 19
8716 8717 8735 19
9044 9045 9046 19
1220 1221 7914 19
8344 9756 9777 19
9323 9322 9710 19
8700 8701 8702 19
8108 8106 8109 19
7846 128 9753 19
8702 8703 8704 19
8712 8713 8714 19
8707 8501 8982 19
9048 9049 9050 19
9576 9577 9692 19
8714 8715 8716 19
8621 8622 8751 19
9046 9047 9048 19
7883 9235 9237 19
8683 8506 9175 19
8156 8155 8157 19
7949 9386 9830 19
8150 8149 8151 19
1221 1222 9525 19
8727 9528 9572 19
8735 8736 8737 19
8328 8303 9510 19
9295 9672 9985 19
8663 8662 8664 19
9050 9051 9052 19
8579 8443 9404 19
8154 8153 8155 19
9501 9131 10047 19
8152 8151 8153 19
1222 1223 7837 19
8148 8147 8149 19
8739 8740 8741 19
7972 147 9545 19
8741 8742 8743 19
1223 1224 9526 19
8281 8279 8339 19
8336 8325 9528 19
8140 8139 8141 19
9344 7844 9849 19
1224 1225 7915 19
9431 9442 9833 19
8138 8137 8139 19
8737 8738 8739 19
1225 1226 9527 19
8301 8351 9510 19
8136 8135 8137 19
130 7876 9731 19
8146 8145 8147 19
8142 8141 8143 19
8743 8744 8745 19
10128 8250 10176 19
8144 8143 8145 19
9428 9677 9806 19
1226 1227 7838 19
9513 7794 9676 19
8492 8412 9528 19
8224 8226 10064 19
8745 8746 8747 19
1227 1228 9530 19
7828 9464 10301 19
8749 8750 8834 19
10057 7934 10205 19
1228 1229 7916 19
8747 8748 8749 19
9479 7966 9686 19
9328 8535 9871 19
8750 9478 9826 19
8834 8835 8836 19
9107 9108 9109 19
8670 8673 8798 19
8044 8045 8046 19
8655 8657 8862 19
8838 8839 8842 19
9329 8523 10033 19
8842 8843 8844 19
8846 8847 8848 19
8836 8837 8838 19
7832 1203 9505 19
8379 8240 10186 19
8848 8849 8863 19
8844 8845 8846 19
9211 8684 10073 19
8576 8575 8840 19
1231 1232 7839 19
9400 8707 9460 19
9408 8878 10172 19
8961 8487 9532 19
9037 9053 9624 19
8753 8754 9488 19
8849 8847 9581 19
8487 8464 9532 19
1232 1233 9534 19
8459 9455 10155 19
1204 7909 9505 19
7989 7990 8548 19
8863 8864 8865 19
9464 7828 10288 19
1233 1234 7917 19
8275 8273 8335 19
8865 8866 8921 19
8046 8047 8048 19
8414 8020 9451 19
9639 9268 10241 19
8096 8094 8097 19
7909 1205 9508 19
8690 8692 8878 19
8925 8926 8927 19
8269 8267 8333 19
10052 8266 10053 19
8921 8922 8923 19
9395 8731 10265 19
49 50 9824 19
8289 8287 9531 19
1236 1237 7840 19
8923 8924 8925 19
8372 9304 9976 19
8412 8336 9528 19
1237 1238 9538 19
1206 7833 9508 19
19 7975 9990 19
9027 9524 9552 19
8927 8928 8929 19
9408 113 9980 19
8929 8930 8931 19
8331 9606 9683 19
1238 1239 7919 19
8349 9396 9960 19
8931 8932 9065 19
8950 8833 8951 19
8130 8129 8131 19
9067 9068 9069 19
9861 8400 10196 19
1239 1240 9539 19
9065 9066 9067 19
8783 9147 9709 19
9069 9070 9071 19
7833 1207 9511 19
8191 8188 9656 19
1240 1241 7841 19
23 8941 10314 19
9428 9427 9858 19
9074 9072 9655 19
8126 8125 8127 19
1241 1242 9541 19
8128 8127 8129 19
8548 7990 9828 19
8758 8760 8870 19
9071 9072 9073 19
8464 8493 9532 19
1242 1243 7918 19
9264 8383 9920 19
8573 9377 9519 19
8124 8123 8125 19
1208 7912 9511 19
8696 8698 9227 19
9073 9074 9075 19
1243 1244 9544 19
8033 8034 10270 19
9077 9078 9148 19
8242 8358 10186 19
9366 9122 9513 19
9075 9076 9077 19
1244 1245 7842 19
9152 9153 9154 19
8265 8263 8360 19
8325 8321 9572 19
9148 9149 9150 19
7912 1209 9514 19
9421 8300 9939 19
8122 8121 8123 19
8340 9358 9894 19
9150 9151 9152 19
1245 1246 9543 19
8120 8119 8121 19
8110 8109 8111 19
7870 87 10193 19
8118 8117 8119 19
8353 9531 10254 19
9296 9309 9888 19
8802 8804 9244 19
1246 1247 7920 19
9286 9287 10148 19
8112 8111 8113 19
8823 9549 10051 19
8317 8323 9701 19
9502 8553 9606 19
10182 7834 10246 19
9154 9153 9927 19
1210 7834 9514 19
9023 9021 9620 19
8116 8115 8117 19
8114 8113 8115 19
8578 8818 9448 19
8475 8578 8611 19
1247 1248 9548 19
9471 7800 9953 19
9454 8353 10254 19
10122 7872 10280 19
8040 8041 8042 19
8417 9766 9816 19
7956 9471 9953 19
9279 8821 10093 19
1248 1249 7843 19
8743 8745 10061 19
8367 8254 10277 19
9605 9471 9810 19
9443 9683 9756 19
7834 1211 9516 19
9450 8661 9993 19
54 55 10307 19
1249 1250 9550 19
9458 9502 9606 19
8261 8259 8332 19
8702 8704 8856 19
8466 8620 8621 19
9316 9313 9873 19
1250 1251 7921 19
8823 8563 8824 19
1251 1252 9551 19
9080 8968 9364 19
1212 7911 9516 19
7987 9100 10106 19
8255 8253 8352 19
9470 7955 9659 19
1252 1253 7845 19
1235 9307 10090 19
10042 9362 10140 19
8309 8307 9708 19
8808 8810 9061 19
8086 8084 8087 19
7911 1213 9518 19
1255 1256 7863 19
8353 8289 9531 19
9642 9420 9984 19
8978 8977 8979 19
8122 8397 9720 19
9990 7975 10315 19
9193 7861 9929 19
1257 1258 9554 19
1258 1259 7844 19
9528 8325 9572 19
7811 9625 10051 19
1214 7836 9518 19
10166 9658 10192 19
9242 8393 9925 19
9162 8409 9948 19
8251 8249 8362 19
1260 1261 7923 19
8502 8504 9512 19
7832 9505 10328 19
8714 8716 8868 19
9454 8327 10248 19
10082 9381 10127 19
7836 1215 9521 19
7836 9521 10231 19
7868 9657 10109 19
9063 8545 9762 19
8104 8103 8105 19
1262 1263 7847 19
8287 8329 9531 19
8569 8567 9695 19
9547 8897 10300 19
1216 7913 9521 19
8610 9430 9870 19
8683 9175 9838 19
1263 1264 9558 19
8102 8101 8103 19
9104 9105 9811 19
10101 9481 10212 19
9717 9716 9843 19
1264 1265 7922 19
7983 7981 9447 19
8252 8367 10176 19
7913 1217 9520 19
8037 8445 9691 19
9312 9758 9760 19
8098 8097 8099 19
8901 8904 9726 19
8340 8308 9856 19
9307 1235 10145 19
8588 8571 9738 19
8468 9329 9796 19
1266 1267 7848 19
1218 7835 9520 19
8100 8099 8101 19
8966 8968 9080 19
18 2 9990 19
8429 9398 10121 19
8797 9964 10120 19
1267 1268 9559 19
8247 8245 8363 19
1268 1269 7924 19
8511 9484 9603 19
8737 8739 8920 19
7835 1219 9523 19
8983 8982 9463 19
9134 8546 9842 19
8996 8998 10143 19
8504 8531 9512 19
8556 8500 9064 19
8727 9572 9701 19
1229 1230 9729 19
9149 9078 9702 19
1271 1272 7849 19
9594 9085 10060 19
8034 8035 8036 19
8952 8951 8953 19
9129 9471 9605 19
1220 7914 9523 19
1270 9982 10311 19
9070 9068 9949 19
1272 1273 9562 19
7939 9243 10046 19
8975 8977 8978 19
1273 1274 9563 19
9540 7967 10045 19
1274 1275 7864 19
1275 1276 9564 19
7914 1221 9525 19
9047 9045 9706 19
8076 8074 8077 19
1276 1277 7925 19
8553 8558 9606 19
8243 8241 8338 19
1277 1278 9565 19
8258 8366 10236 19
9664 9663 9801 19
8267 8265 9561 19
8310 8337 9856 19
1278 1279 7850 19
1222 7837 9525 19
73 74 10078 19
8564 8511 9603 19
8700 8702 9570 19
1280 1281 7926 19
9153 9151 10021 19
9212 9819 9860 19
8728 9411 10209 19
7837 1223 9526 19
88 7901 10193 19
8816 9739 10104 19
8719 8485 8720 19
9413 9369 10259 19
8550 8895 8896 19
8345 8304 9909 19
1282 1283 9569 19
8239 8237 8369 19
1283 1284 7851 19
1224 7915 9526 19
7880 60 9727 19
8753 9269 10322 19
1284 1285 9571 19
8426 9782 10225 19
8268 8355 10053 19
1285 1286 7927 19
7870 9171 10267 19
7915 1225 9527 19
9546 8930 9987 19
8092 8091 8093 19
8355 8270 10110 19
8263 8261 9567 19
8991 8994 9203 19
1226 7838 9527 19
9220 7822 10060 19
1288 1289 7853 19
8235 8233 8343 19
8088 8087 8089 19
8978 8979 9137 19
8135 8132 9724 19
1289 1290 9573 19
8660 8663 9677 19
7903 110 9994 19
7838 1227 9530 19
8231 8229 8371 19
8090 8089 8091 19
1290 1291 9574 19
7861 9301 9302 19
9407 7987 10106 19
1291 1292 7865 19
8466 8621 9770 19
8273 8271 9697 19
8825 8824 8826 19
8831 8830 8832 19
8687 8522 9081 19
1228 7916 9530 19
8829 8828 8830 19
8341 8294 9961 19
8827 8826 8828 19
7882 9487 9842 19
9246 9982 10149 19
1293 1294 7928 19
9414 9454 10254 19
9711 9234 10079 19
1294 1295 9575 19
9875 8722 9945 19
9425 9426 10183 19
93 7868 10109 19
8306 8340 9909 19
8836 8838 8888 19
1295 1296 7826 19
8623 8477 10008 19
8227 8225 8372 19
9471 7956 9810 19
9276 9275 9964 19
1296 1297 9580 19
9889 9715 10240 19
8827 9555 9556 19
9716 8437 9843 19
1297 1298 7929 19
8777 8781 9751 19
9389 8622 10244 19
8066 8064 8067 19
1298 1299 9579 19
8416 8486 8587 19
9002 9004 9059 19
1299 1300 7825 19
8051 9455 9995 19
1300 1301 9582 19
8030 8031 8032 19
1301 1302 7930 19
9178 9182 9535 19
9287 7874 9893 19
8020 8022 9451 19
9410 9412 10197 19
1302 1303 9583 19
9378 7922 9913 19
7839 1232 9534 19
8223 8221 8373 19
1303 1304 7824 19
9857 7787 10220 19
1304 1305 9584 19
9757 8593 9795 19
9244 8354 10131 19
8436 9310 10142 19
9402 9199 9887 19
1305 1306 7931 19
1233 7917 9534 19
9398 9257 9900 19
8302 8345 9939 19
8253 8251 9576 19
8454 8552 9533 19
8846 8848 8958 19
1306 1307 9588 19
8278 8350 10058 19
8973 9365 10255 19
9606 8558 9683 19
8272 8354 10110 19
1307 1308 7823 19
8675 9104 9882 19
8217 8215 8359 19
1308 1309 9591 19
8082 8081 8083 19
1309 1310 7932 19
9010 9012 9056 19
1256 1257 9714 19
8333 8267 9561 19
1310 1311 9590 19
9671 7962 10005 19
8296 8342 9961 19
1311 1312 7822 19
8395 8191 9656 19
1312 1313 9594 19
9277 9276 9941 19
8080 8079 8081 19
1313 1314 7933 19
9312 9760 9873 19
8952 9914 10032 19
8702 8856 9570 19
9478 8362 9719 19
1314 1315 9595 19
7994 7993 9331 19
103 7860 10056 19
1315 1316 7821 19
8078 8077 8079 19
8323 8315 9803 19
7847 9436 9831 19
9365 8973 10034 19
7802 9368 10050 19
1316 1317 9597 19
8845 8843 9832 19
9934 8401 10011 19
1317 1318 7935 19
138 7892 9769 19
7793 9609 10018 19
7840 1237 9538 19
8740 8738 9704 19
8213 8211 8374 19
8319 8317 9701 19
1318 1319 9598 19
8265 8360 9561 19
9250 9252 9880 19
1319 1320 7820 19
8188 8187 9656 19
7944 9556 9622 19
1238 7919 9538 19
1320 1321 9599 19
9182 9192 9535 19
111 7857 9994 19
10030 8863 10041 19
8789 8590 9705 19
1321 1322 7934 19
8954 8953 9862 19
8062 8060 8063 19
8784 8782 9817 19
1322 1323 9600 19
7827 9469 9852 19
1323 1324 7819 19
7919 1239 9539 19
8558 8560 9683 19
9911 8712 9919 19
114 7855 9980 19
8619 8465 9496 19
1324 1325 9601 19
9433 7852 9806 19
1325 1326 7936 19
9020 9022 9062 19
105 106 9937 19
1326 1327 9602 19
1240 7841 9539 19
8360 8263 9567 19
8874 8873 8875 19
9454 8942 10183 19
9479 8895 9827 19
9779 9234 9943 19
1327 1328 7818 19
8209 8207 8375 19
1328 1329 9607 19
9372 9102 9373 19
116 117 9915 19
8109 8106 9757 19
8849 9581 9935 19
7841 1241 9541 19
8623 9605 9810 19
7974 137 9769 19
9717 9158 10278 19
9347 7871 10203 19
1329 1330 7937 19
136 7974 9749 19
8632 9592 10235 19
8858 8861 9861 19
8205 8203 8377 19
8923 8925 9171 19
1242 7918 9541 19
8606 8602 9867 19
7915 9527 10151 19
1331 1332 7817 19
9026 9028 9055 19
1332 1333 9610 19
8820 9363 10086 19
9119 9122 9123 19
8633 9212 9860 19
8451 9775 9851 19
8729 9161 9850 19
1333 1334 7939 19
7918 1243 9544 19
8020 8021 8022 19
1334 1335 9611 19
9135 9134 9846 19
1335 1336 7816 19
8261 8332 9567 19
9603 8557 10129 19
1336 1337 9612 19
9701 8323 9738 19
9324 9083 10279 19
8937 8934 10214 19
8609 8660 9677 19
9053 9554 9624 19
1244 7842 9544 19
1337 1338 7938 19
9501 7948 10001 19
1339 1340 7815 19
9176 9142 10022 19
8655 8862 9722 19
8767 8766 8768 19
1340 1341 9613 19
8201 8199 8407 19
105 9937 9972 19
8072 8071 8073 19
8552 9079 9755 19
1341 1342 7940 19
7842 1245 9543 19
8053 9897 9898 19
1342 1343 9615 19
8929 8931 9115 19
8611 8578 9448 19
8326 8309 9708 19
1343 1344 7814 19
9032 9034 9057 19
9252 9253 10099 19
8022 8023 8024 19
8635 9645 9838 19
8070 8069 8071 19
8716 8735 9608 19
8896 8897 9299 19
9199 9239 10215 19
1344 1345 9616 19
1466 1467 7977 19
9529 7787 9869 19
9837 9491 10312 19
1338 1339 9768 19
1246 7920 9543 19
8277 9395 10002 19
8311 8326 9845 19
1345 1346 7941 19
8068 8067 8069 19
8456 8029 9762 19
9185 9584 10124 19
1330 1331 9767 19
1465 1466 9617 19
1346 1347 9619 19
9342 7900 10281 19
9094 10004 10046 19
8197 8195 8394 19
8572 8592 9823 19
1347 1348 7813 19
8847 8845 9772 19
1348 1349 9621 19
1464 1465 7947 19
7920 1247 9548 19
8193 8191 8395 19
1349 1350 7942 19
1350 1351 9623 19
1351 1352 7812 19
8237 8235 9614 19
1352 1353 9622 19
7876 9453 10129 19
1353 1354 7944 19
9577 8746 9692 19
1248 7843 9548 19
9469 9265 9852 19
8352 8253 9576 19
1355 1356 7811 19
9088 9087 9089 19
8054 8052 8055 19
129 9731 9753 19
1356 1357 9625 19
9495 7850 9794 19
1357 1358 7943 19
1463 1464 9633 19
8348 8284 9903 19
8367 9784 10176 19
1358 1359 9627 19
9042 9044 9114 19
7843 1249 9550 19
8514 8709 8710 19
1359 1360 7810 19
8454 8527 8552 19
9159 8949 10293 19
10139 9684 10242 19
8790 9353 10313 19
1360 1361 9626 19
8097 8094 9766 19
129 130 9731 19
8608 8606 9908 19
1361 1362 7945 19
8251 8362 9576 19
1250 7921 9550 19
1362 1363 9628 19
9066 8932 9926 19
9809 7884 9824 19
9287 9717 9843 19
1363 1364 7809 19
8907 8906 8908 19
1364 1365 9631 19
9708 8307 9952 19
8335 8273 9697 19
9105 9368 9811 19
144 7882 9866 19
1365 1366 7946 19
7921 1251 9551 19
9210 9759 10133 19
1366 1367 9630 19
1462 1463 7878 19
1367 1368 7808 19
8014 8015 8016 19
8185 8183 8430 19
8868 8716 9608 19
8234 8376 9992 19
1252 7845 9551 19
1368 1369 9634 19
9576 8362 9577 19
8786 8784 9918 19
7822 9594 10060 19
9349 7808 10047 19
95 96 10088 19
1369 1370 7948 19
8168 10039 10319 19
9553 8458 9820 19
9348 8788 9906 19
7892 139 9836 19
1370 1371 9636 19
108 109 9958 19
1371 1372 7807 19
1372 1373 9638 19
9035 9033 9774 19
9111 9109 9112 19
9766 8597 9816 19
1373 1374 7950 19
8249 8247 9719 19
8600 9358 9841 19
9846 7976 10243 19
1374 1375 9639 19
1375 1376 7806 19
8844 8846 9657 19
7854 9422 9874 19
1377 1378 7949 19
9585 9321 9912 19
1378 1379 9641 19
135 136 9749 19
8507 8679 9805 19
1379 1380 7805 19
9734 29 10028 19
1258 7844 9554 19
8181 8179 8471 19
1381 1382 7952 19
8050 8048 8051 19
8389 9264 10035 19
1382 1383 9642 19
1383 1384 7804 19
10002 9395 10265 19
8533 8538 8867 19
128 129 9753 19
1385 1386 7951 19
1386 1387 9649 19
1459 1460 7856 19
1460 1461 9646 19
1461 1462 9632 19
8177 8175 8437 19
1387 1388 7803 19
9683 8560 9756 19
8518 8444 9226 19
8225 8223 9640 19
1388 1389 9647 19
9149 9702 10037 19
1389 1390 7953 19
8257 8255 9736 19
8904 8907 9726 19
8162 8164 9743 19
1390 1391 9652 19
7963 9680 9887 19
1391 1392 7802 19
8255 8352 9736 19
8379 9203 10303 19
1392 1393 9654 19
9004 9006 9651 19
8833 8832 9424 19
1458 1459 9643 19
1253 1254 9771 19
8571 8727 9738 19
1393 1394 7954 19
1394 1395 9653 19
9793 9145 10191 19
1395 1396 7801 19
8720 8485 9804 19
1396 1397 9658 19
9637 8852 10001 19
8568 8570 8684 19
8661 8659 9978 19
1397 1398 7955 19
1398 1399 9659 19
8259 8257 9745 19
8332 8259 9745 19
7847 1263 9558 19
8221 8219 9650 19
1457 1458 7959 19
8592 8589 9855 19
1399 1400 7800 19
10118 8894 10242 19
8653 8655 9722 19
1401 1402 7956 19
9105 8676 9106 19
8362 8249 9719 19
1264 7922 9558 19
8368 10044 10113 19
9453 9603 10129 19
8087 8084 9775 19
1403 1404 7799 19
8468 8796 9329 19
1404 1405 9660 19
8603 8610 9870 19
8637 8639 8812 19
8596 9791 9899 19
1456 1457 9665 19
9532 8493 9823 19
1405 1406 7958 19
9380 8348 9945 19
8606 9867 9908 19
1406 1407 9661 19
8369 9457 9863 19
1407 1408 7798 19
8625 8548 10204 19
8171 8169 8432 19
9755 7890 10144 19
1408 1409 9662 19
8808 9061 9746 19
9123 9124 9490 19
1409 1410 7957 19
8641 8766 8767 19
1410 1411 9666 19
8049 8050 9898 19
9395 8277 10291 19
1455 1456 7786 19
8058 8057 8059 19
8167 8165 8461 19
1411 1412 7797 19
8613 8484 8726 19
8247 8363 9719 19
1412 1413 9667 19
8580 9302 10204 19
8005 8006 8007 19
7848 1267 9559 19
1413 1414 7961 19
1414 1415 9668 19
1415 1416 7796 19
9269 8753 10137 19
1416 1417 9670 19
1268 7924 9559 19
8529 8633 8962 19
8056 8055 8057 19
1417 1418 7960 19
8900 8901 9726 19
7863 1256 9714 19
104 105 9972 19
1418 1419 9675 19
1419 1420 7795 19
1420 1421 9674 19
1454 1455 9663 19
1421 1422 7962 19
1423 1424 7794 19
8610 8607 9859 19
1257 9554 9714 19
1424 1425 9676 19
8449 9711 10079 19
2 19 9990 19
1425 1426 7964 19
8012 9964 10174 19
8774 8776 8788 19
7993 7983 9447 19
9143 9144 10016 19
8044 8042 8045 19
1427 1428 7793 19
8732 8525 8734 19
1428 1429 9679 19
137 138 9769 19
1429 1430 7963 19
8132 8131 9724 19
8350 9380 9998 19
9305 8379 10143 19
1430 1431 9680 19
9422 7904 9822 19
1453 1454 7969 19
1431 1432 7792 19
1432 1433 9682 19
8211 8209 9669 19
8163 8161 8404 19
7849 1272 9562 19
8734 9715 10095 19
1433 1434 7965 19
8560 8583 9756 19
8159 8157 8457 19
8370 8135 9724 19
8355 9746 10053 19
1434 1435 9684 19
7916 1229 9729 19
1435 1436 7791 19
8814 8526 8816 19
9705 8323 9803 19
1436 1437 9685 19
9372 7789 10201 19
9330 8368 10113 19
8413 9424 9635 19
9358 8615 9894 19
8369 8237 9614 19
9952 8328 9978 19
9562 1273 9563 19
8783 8785 9147 19
1437 1438 7966 19
9450 9993 10059 19
8617 9225 9894 19
1438 1439 9686 19
1439 1440 7790 19
1274 7864 9563 19
8155 8153 8391 19
1440 1441 9688 19
8787 8935 8936 19
9551 7845 9552 19
1441 1442 7967 19
9905 8798 9915 19
7864 1275 9564 19
1442 1443 9690 19
8594 8478 8596 19
1443 1444 7789 19
28 29 9734 19
8235 8343 9614 19
9835 8680 9907 19
9605 8623 10008 19
9845 8326 9867 19
1444 1445 9689 19
9386 8686 10262 19
8710 8711 9263 19
9113 9112 9270 19
1445 1446 7968 19
9024 9026 9696 19
1276 7925 9564 19
9532 9823 10092 19
7884 49 9824 19
1446 1447 9693 19
9549 7944 9868 19
1447 1448 7788 19
1448 1449 9694 19
1449 1450 7970 19
1451 1452 7787 19
8207 8205 9687 19
9220 9219 10274 19
7925 1277 9565 19
7871 84 10071 19
9355 9356 10094 19
7992 8441 9828 19
1278 7850 9565 19
8622 9389 10156 19
1279 1280 9794 19
8924 8922 9844 19
8077 8074 9781 19
8151 8149 8436 19
8040 8038 8041 19
9500 7831 10323 19
8657 8722 9875 19
9709 8385 9865 19
8767 8768 8917 19
9730 9298 10306 19
7845 1253 9771 19
8806 8808 9746 19
9554 7844 9624 19
8467 9781 9889 19
8145 8143 8361 19
9668 9337 10130 19
9028 9030 9698 19
9362 8168 10319 19
8305 8328 9952 19
8846 8958 9657 19
9000 9951 10097 19
9076 9074 9924 19
1283 7851 9569 19
8789 9803 9845 19
7851 1284 9571 19
9335 7872 10122 19
8727 9701 9738 19
1285 7927 9571 19
8105 8478 8593 19
1254 1255 9797 19
8141 8139 8429 19
8199 8197 9700 19
9059 9004 9651 19
8437 9557 9843 19
9365 9364 10255 19
8621 8620 8622 19
8448 8443 8579 19
8137 8135 8370 19
9227 7857 10253 19
8593 8594 8595 19
9146 9172 9946 19
9107 9106 9108 19
8372 8225 9640 19
9657 8958 10109 19
10064 8226 10321 19
7884 9809 9899 19
8563 8499 9596 19
9914 8954 10108 19
9446 7846 10092 19
8904 8906 8907 19
9340 8988 10077 19
7847 9558 9706 19
9540 9300 9547 19
9756 8583 9777 19
8912 8914 9163 19
8628 8887 9928 19
8223 8373 9640 19
7853 1289 9573 19
8046 8045 8047 19
9225 8626 9928 19
8916 9087 9088 19
9455 8459 9995 19
9573 1290 9574 19
9592 7799 9660 19
8473 8475 9589 19
9488 9082 10181 19
8106 8105 9757 19
8926 8924 9840 19
8034 8032 8035 19
8670 8798 9905 19
1291 7865 9574 19
9658 7955 10192 19
7834 9516 10246 19
9411 9981 10209 19
8373 8221 9650 19
8583 8585 9777 19
9775 8605 9851 19
10078 74 10247 19
1255 7863 9797 19
1376 1377 9830 19
9862 8953 9946 19
8257 9736 9745 19
9153 9786 9927 19
8952 10032 10055 19
8060 8059 9710 19
7810 9506 10165 19
9420 8872 9984 19
9791 9167 9899 19
7928 1294 9575 19
8212 8214 9938 19
8357 10013 10062 19
8364 9209 10202 19
9132 9133 9942 19
9559 7924 9560 19
9101 9103 10115 19
9307 9054 10257 19
1295 7826 9575 19
8933 8545 9063 19
8067 8064 9792 19
8283 8281 9981 19
7861 16 9301 19
8093 8526 8597 19
8129 8127 8470 19
7826 1296 9580 19
9183 9343 10188 19
1297 7929 9580 19
9715 8734 10240 19
7901 9357 10146 19
8597 8814 8815 19
7986 7989 9847 19
8423 8109 9757 19
7929 1298 9579 19
1287 1288 9947 19
9578 7804 9890 19
8927 8929 9741 19
9404 9892 10063 19
9806 8663 9821 19
8477 9141 10008 19
1299 7825 9579 19
9496 8465 9800 19
9491 7891 10312 19
8094 8093 9766 19
9557 8437 9721 19
8123 8121 8449 19
8183 8181 9713 19
8390 9240 9901 19
7825 1300 9582 19
9078 9076 9923 19
9373 9102 9957 19
8286 8288 9891 19
7882 9842 10318 19
8566 8873 8874 19
1301 7930 9582 19
9838 9175 10107 19
8030 8028 8031 19
9455 8751 10155 19
7904 9433 9821 19
9505 7909 10284 19
7930 1302 9583 19
8117 8115 8426 19
9362 8917 10140 19
1303 7824 9583 19
8374 8211 9669 19
8596 9790 9791 19
8887 8630 9962 19
8538 8540 9718 19
8179 8177 9716 19
9604 8710 9950 19
9536 9130 10040 19
10015 8943 10218 19
9 10 9895 19
8475 8611 9589 19
7824 1304 9584 19
1305 7931 9584 19
9357 7869 10041 19
8111 8109 8423 19
8026 8024 9533 19
4 1179 10100 19
8645 9200 9968 19
8209 8375 9669 19
8907 8908 8981 19
9082 9081 10181 19
7931 1306 9588 19
9517 8798 9959 19
8353 9454 10248 19
8609 9677 9859 19
1270 1271 9982 19
8835 8750 9826 19
8048 8047 9770 19
9026 9055 9696 19
9565 7850 9566 19
8570 8582 9725 19
8855 9708 9952 19
7881 9943 10307 19
1307 7823 9588 19
8442 8507 9805 19
9433 9806 9821 19
7823 1308 9591 19
10280 9342 10281 19
107 108 9933 19
9964 9275 10120 19
8083 8525 8605 19
7923 1261 9831 19
7850 1279 9794 19
8918 9632 9699 19
1309 7932 9591 19
9161 8933 9860 19
9247 8938 10133 19
8531 8533 9732 19
8614 9715 9889 19
8375 8207 9687 19
8175 8173 9721 19
7932 1310 9590 19
7973 11 9703 19
8726 8484 9839 19
8315 8313 9803 19
1280 7926 9794 19
1262 7847 9831 19
1311 7822 9590 19
8205 8377 9687 19
9055 9028 9698 19
8540 8568 9728 19
8605 8732 8733 19
9156 9154 9927 19
7822 1312 9594 19
8036 8035 8416 19
8084 8083 9775 19
10281 7900 10305 19
1313 7933 9594 19
8393 9223 9829 19
7879 63 9888 19
8789 9705 9803 19
9581 8343 9848 19
8173 8171 9723 19
7933 1314 9595 19
8704 8712 9911 19
8978 9137 9784 19
1315 7821 9595 19
8105 8103 8478 19
1261 1262 9831 19
8936 9278 10208 19
9043 9041 9853 19
9680 9681 9887 19
7821 1316 9597 19
7844 1259 9849 19
9284 9286 10148 19
7978 9990 10315 19
8230 8232 10048 19
8417 8097 9766 19
8624 8548 8625 19
9599 7934 10057 19
9086 8915 10003 19
8099 8097 8417 19
1317 7935 9597 19
1260 7923 9849 19
8358 9330 10206 19
8614 9194 9715 19
8279 8277 10002 19
9777 8585 9812 19
9423 8870 10112 19
8951 8833 9424 19
8187 8185 9786 19
8647 8649 10017 19
7935 1318 9598 19
8169 8167 9730 19
9424 8832 9635 19
8020 8018 8021 19
9354 8357 10062 19
1319 7820 9598 19
7854 9874 9905 19
7902 9376 10026 19
8943 8625 9224 19
8639 8641 9735 19
148 4 10100 19
8929 9115 9741 19
8798 8673 9959 19
7820 1320 9599 19
9068 9066 9872 19
9554 9053 9714 19
8690 8878 9977 19
1450 1451 9857 19
1321 7934 9599 19
9481 9818 10212 19
9618 7977 9895 19
9442 9445 9833 19
8407 8199 9700 19
1234 1235 10090 19
7934 1322 9600 19
8073 8484 8612 19
8935 8938 9744 19
1323 7819 9600 19
8165 8163 9733 19
7990 7992 9828 19
8614 8955 9194 19
7819 1324 9601 19
8074 8073 9781 19
134 3 10147 19
1325 7936 9601 19
8679 8682 9805 19
8197 8394 9700 19
8612 8613 8614 19
8369 9614 9832 19
8093 8091 8526 19
8519 9407 9910 19
7936 1326 9602 19
1380 1381 9854 19
9523 7914 10123 19
9353 8790 10167 19
8824 8563 9596 19
8231 8371 9848 19
9515 8351 10119 19
8239 8369 9863 19
1327 7818 9602 19
7881 9256 9943 19
8363 8245 9884 19
9771 1254 9797 19
8338 8241 9863 19
8772 8774 9742 19
7818 1328 9607 19
8089 8087 8451 19
8915 8913 9944 19
8714 8868 9919 19
8243 8338 9884 19
9093 9196 9712 19
8830 8828 8880 19
8343 8233 9848 19
8874 8875 8879 19
9331 7993 9332 19
9512 8531 9732 19
9191 9190 10327 19
8161 8159 9747 19
8585 8598 9812 19
1329 7937 9607 19
8479 8753 10322 19
8295 8327 10160 19
8734 8525 9825 19
9620 9140 10316 19
9370 7902 9967 19
8014 8011 8015 19
8351 8299 10119 19
139 140 9836 19
9677 9428 9859 19
1235 1236 10145 19
8546 9095 9842 19
8661 9978 9993 19
8157 8155 9748 19
9988 9065 10203 19
8009 8007 8012 19
8556 9064 9932 19
8969 8973 10255 19
7817 1332 9610 19
1452 1453 9869 19
9678 8883 9936 19
9196 9463 9712 19
1333 7939 9610 19
7937 1330 9767 19
8679 8681 8682 19
7939 1334 9611 19
8595 8594 8755 19
9781 8612 9889 19
1335 7816 9611 19
9763 8429 10121 19
1331 7817 9767 19
9128 9402 9799 19
8493 8572 9823 19
7959 9644 9645 19
8083 8081 8525 19
7816 1336 9612 19
8064 8063 9792 19
9531 8329 10250 19
1259 1260 9849 19
8593 8478 8594 19
9388 8939 10223 19
8663 8664 9821 19
9982 9246 10311 19
1337 7938 9612 19
8153 8151 9752 19
8404 9401 10207 19
8785 8787 9754 19
22 23 10314 19
8079 8077 8467 19
9803 8313 9845 19
8348 9875 9945 19
7858 107 9933 19
8291 8353 10248 19
8451 8087 9775 19
7815 1340 9613 19
8105 8593 9757 19
7938 1338 9768 19
8149 8147 9758 19
9297 9985 10142 19
7997 7994 9331 19
1341 7940 9613 19
8765 8640 9896 19
1339 7815 9768 19
9677 8663 9806 19
8949 8950 9989 19
8897 9479 10300 19
7940 1342 9615 19
8822 8823 10051 19
9614 8343 9772 19
8210 8212 9878 19
9521 7913 10159 19
3 135 10147 19
1343 7814 9615 19
8374 9546 9970 19
1 9 10232 19
8552 8527 9079 19
9372 9373 10045 19
8022 8021 8023 19
7814 1344 9616 19
8024 8023 8454 19
1354 1355 9868 19
9000 9002 9951 19
8005 8003 8006 19
8327 8293 10248 19
8001 7999 8458 19
8147 8145 9760 19
8277 8275 10291 19
8664 8666 9822 19
9254 9346 10292 19
1345 7941 9616 19
8430 8183 9713 19
9892 9267 10063 19
1466 7977 9617 19
8073 8071 8484 19
7941 1346 9619 19
8816 8526 9807 19
7853 9338 10221 19
8710 9263 9950 19
9364 8968 10255 19
8810 8889 10013 19
1347 7813 9619 19
8069 8067 8462 19
8063 8060 9710 19
7947 1465 9617 19
8597 8526 8814 19
8480 8790 10313 19
8313 8311 9845 19
1467 1 10232 19
9427 9429 9858 19
7813 1348 9621 19
9888 64 10081 19
8441 8443 8448 19
8143 8141 9763 19
7922 1265 9913 19
1349 7942 9621 19
8181 8471 9713 19
8403 9195 10198 19
9812 8598 9841 19
7942 1350 9623 19
8185 8430 9786 19
9227 8698 9997 19
8758 8870 10036 19
1266 7848 9913 19
1351 7812 9623 19
8867 8538 9718 19
9821 8664 9822 19
7982 7986 9847 19
8598 8600 9841 19
8139 8137 9765 19
7812 1352 9622 19
9313 9312 9873 19
8471 8179 9716 19
8350 9998 10036 19
9359 8893 10019 19
8284 8286 9903 19
1353 7944 9622 19
1464 7947 9633 19
9734 8948 10312 19
9349 9132 10266 19
8308 8310 9856 19
8471 9716 9717 19
8177 8437 9716 19
8622 9168 10244 19
7967 9690 10045 19
9447 8940 10083 19
9759 9189 10133 19
8533 8867 9732 19
7811 1356 9625 19
8857 8858 9861 19
8357 8264 10052 19
8045 8042 9800 19
1357 7943 9625 19
9268 9143 10241 19
8016 8015 8468 19
7943 1358 9627 19
8822 10051 10075 19
8700 9570 9997 19
8051 8048 9770 19
9263 8711 10014 19
1359 7810 9627 19
8733 8732 8963 19
7794 9671 10005 19
8979 8984 10044 19
8839 8837 9877 19
7823 9591 10327 19
8057 8055 8459 19
7810 1360 9626 19
8329 8285 10289 19
1384 1385 9890 19
8368 8248 10128 19
8605 8525 8732 19
1361 7945 9626 19
8437 8175 9721 19
8684 8570 9725 19
9094 9092 10004 19
7945 1362 9628 19
8093 8597 9766 19
7878 1463 9633 19
8441 8448 9828 19
7865 1292 9881 19
8042 8041 9800 19
9614 9772 9832 19
1363 7809 9628 19
9449 9857 10220 19
8568 8684 9728 19
7809 1364 9631 19
7935 9598 9673 19
1293 7928 9881 19
8635 9838 10107 19
8467 8077 9781 19
8973 8975 10034 19
9048 9050 9829 19
1365 7946 9631 19
9112 9109 9897 19
8638 8636 9930 19
8981 10162 10272 19
7946 1366 9630 19
8468 8015 8795 19
8694 8696 10253 19
8047 8045 8465 19
1367 7808 9630 19
9113 9270 9956 19
9389 7888 10156 19
8376 9305 10097 19
8032 8031 9804 19
8622 8620 9168 19
7808 1368 9634 19
9472 8888 10150 19
8047 8465 8466 19
1292 1293 9881 19
9465 9437 10283 19
9644 8683 9838 19
8614 8613 8955 19
1369 7948 9634 19
8416 8035 8485 19
143 144 9866 19
9824 50 10180 19
8612 8484 8613 19
7812 9555 10227 19
8171 8432 9723 19
9332 7993 9447 19
7948 1370 9636 19
8466 8619 8620 19
8454 8023 8523 19
8812 8639 9735 19
8233 8231 9848 19
1371 7807 9636 19
8593 8595 9795 19
9352 8970 10123 19
8127 8125 9776 19
9739 8816 10224 19
9600 9205 10205 19
7807 1372 9638 19
9315 9316 9900 19
7972 9545 9846 19
8676 8518 9740 19
8641 8767 9735 19
1373 7950 9638 19
8167 8461 9730 19
8602 8789 9867 19
8432 8169 9730 19
7950 1374 9639 19
7858 9911 9919 19
8377 9971 10157 19
8596 8478 9790 19
8870 8760 10112 19
1375 7806 9639 19
1462 7878 9632 19
8914 8916 9773 19
10256 9255 10324 19
9851 9739 10224 19
9823 9446 10092 19
8589 8591 9855 19
8802 9244 10131 19
7867 9370 10012 19
8692 8694 10172 19
8681 8957 9789 19
7949 1378 9641 19
8461 8165 9733 19
1379 7805 9641 19
7887 40 10096 19
8653 9722 9960 19
9902 9618 10024 19
8737 8920 10054 19
8796 8795 8797 19
8125 8123 9778 19
8934 10175 10214 19
8121 8119 9780 19
9727 61 10114 19
91 92 10066 19
9742 8788 9743 19
9382 8869 10185 19
9534 7917 10279 19
7952 1382 9642 19
1383 7804 9642 19
8448 8579 8580 19
7989 8548 8624 19
8774 8788 9742 19
8607 8609 9859 19
9297 9295 9985 19
8035 8032 9804 19
8366 9354 10153 19
8286 9891 9903 19
8036 8416 9761 19
9388 10223 10260 19
7904 9821 9822 19
7951 1386 9649 19
8812 9504 10295 19
9244 8804 10141 19
8163 8404 9733 19
9715 7886 10095 19
8527 8523 8948 19
7856 1460 9646 19
8416 8485 8486 19
1461 9632 9646 19
1387 7803 9649 19
8115 8113 9782 19
9396 8341 9963 19
8227 8372 9976 19
8620 8619 9818 19
8466 8465 8619 19
7803 1388 9647 19
9398 8429 10324 19
8083 8605 9775 19
8459 9462 10268 19
8486 8485 8719 19
8024 8454 9533 19
8241 8239 9863 19
8119 8117 9783 19
1389 7953 9647 19
9422 9822 9874 19
9726 8388 10276 19
32 9480 9991 19
8371 8229 9976 19
1459 7856 9643 19
7953 1390 9652 19
8721 8719 9542 19
7956 9593 9810 19
8159 8457 9747 19
8936 8935 9744 19
1391 7802 9652 19
9789 7895 9892 19
9718 8540 9728 19
8486 8719 8721 19
8903 9673 9921 19
7802 1392 9654 19
8404 8161 9747 19
9243 9094 10046 19
8462 8067 9792 19
1393 7954 9654 19
8457 8157 9748 19
8038 8036 9761 19
8591 8603 9870 19
7815 9613 9793 19
8155 8391 9748 19
9527 7838 10127 19
7954 1394 9653 19
9875 8348 9903 19
8751 8622 10156 19
9609 7964 10018 19
1395 7801 9653 19
9560 9060 9916 19
9822 8666 9874 19
7959 1458 9643 19
7801 1396 9658 19
9922 8386 10023 19
8113 8111 9787 19
9147 8785 9754 19
9258 9259 10239 19
1397 7955 9658 19
9234 9779 10079 19
8407 9655 9971 19
9855 8591 9870 19
7955 1398 9659 19
9235 9236 10189 19
8869 9391 10263 19
9891 8862 9903 19
9558 7922 9788 19
1399 7800 9659 19
9560 7924 10264 19
8391 8153 9752 19
8787 8936 9754 19
9158 9156 10025 19
9721 8173 9723 19
8103 8101 9790 19
9933 108 9958 19
8730 9902 10024 19
1457 7959 9665 19
9205 9214 10205 19
8518 9226 9740 19
9617 7977 9618 19
7955 9470 10192 19
7806 1376 9830 19
7799 1404 9660 19
9867 8326 9908 19
1377 7949 9830 19
1405 7958 9660 19
9070 9949 10010 19
9937 8868 9972 19
7958 1406 9661 19
8151 8436 9752 19
35 9389 10244 19
8304 8306 9909 19
8862 8657 9875 19
7854 9905 9915 19
1407 7798 9661 19
8848 8863 10030 19
9253 9255 10256 19
8213 8374 9970 19
7798 1408 9662 19
8052 8051 9995 19
7786 1456 9665 19
8733 9739 9851 19
8436 8149 9758 19
8217 8359 9986 19
8454 8523 8527 19
1409 7957 9662 19
8359 8215 9970 19
7787 9529 10220 19
8966 9080 10213 19
7926 1281 9996 19
7957 1410 9666 19
1411 7797 9666 19
8789 9845 9867 19
9360 8886 10159 19
9913 7848 10184 19
8408 9269 10137 19
1282 9569 9996 19
7797 1412 9667 19
8931 9065 9988 19
8910 8912 9864 19
8666 8668 9874 19
8245 8243 9884 19
1413 7961 9667 19
7928 9575 9817 19
8145 8361 9760 19
7944 1354 9868 19
7961 1414 9668 19
8836 8888 10067 19
1355 7811 9868 19
1415 7796 9668 19
1455 7786 9663 19
8389 10035 10072 19
8468 8795 8796 19
8739 8741 10195 19
8073 8612 9781 19
7796 1416 9670 19
7965 9684 10139 19
9570 7903 9997 19
8597 8815 9816 19
9711 8449 9780 19
1417 7960 9670 19
9706 9558 9788 19
8615 8617 9894 19
7960 1418 9675 19
9102 8476 9957 19
9403 8857 10196 19
8864 8849 9935 19
1419 7795 9675 19
9376 7862 10061 19
7795 1420 9674 19
8361 8143 9763 19
1421 7962 9674 19
8388 9726 10272 19
9746 9061 10053 19
7794 1424 9676 19
7869 10030 10041 19
1425 7964 9676 19
8796 8797 9491 19
8376 9951 9992 19
9702 8394 9973 19
1265 1266 9913 19
7989 8624 9847 19
7969 1454 9663 19
9626 7945 9764 19
7793 1428 9679 19
8141 8429 9763 19
8828 8826 9798 19
1429 7963 9679 19
9628 7809 9629 19
9681 9402 9887 19
7963 1430 9680 19
8201 8407 9971 19
9657 7868 10171 19
8429 8139 9765 19
8377 8203 9971 19
1431 7792 9680 19
7805 1380 9854 19
7792 1432 9682 19
1381 7952 9854 19
9290 9733 10207 19
9322 9585 10271 19
8137 8370 9765 19
1433 7965 9682 19
7965 1434 9684 19
9056 9012 10027 19
9722 8349 9960 19
1435 7791 9684 19
8047 8466 9770 19
9109 9108 9897 19
8226 9371 10321 19
117 7854 9915 19
7791 1436 9685 19
8877 9956 10251 19
8198 8200 9975 19
1437 7966 9685 19
9608 8735 10054 19
8535 8566 9871 19
7966 1438 9686 19
1439 7790 9686 19
7924 1269 10311 19
7790 1440 9688 19
85 86 10134 19
9145 9383 10191 19
1441 7967 9688 19
8193 8395 9973 19
8028 8026 9785 19
9106 8676 9740 19
9636 7807 9637 19
7967 1442 9690 19
8991 9203 10233 19
7899 9335 10234 19
1443 7789 9690 19
9042 9114 9965 19
7869 91 10066 19
7789 1444 9689 19
8613 8726 9814 19
9237 8755 10180 19
1445 7968 9689 19
7968 1446 9693 19
8624 8625 8943 19
1447 7788 9693 19
9514 7834 10182 19
7788 1448 9694 19
1449 7970 9694 19
8788 8776 9906 19
8394 8195 9973 19
9633 7947 9835 19
8232 8234 9992 19
10067 8888 10088 19
9379 8762 10085 19
8264 8266 10052 19
9635 8832 9808 19
8056 8058 10029 19
9163 8914 9773 19
8668 8670 9905 19
9640 8373 9844 19
7804 1384 9890 19
9329 8796 9837 19
9164 9355 10269 19
1385 7951 9890 19
106 7858 9937 19
8893 9360 10116 19
8970 9359 10087 19
8373 9650 9840 19
9252 9879 9880 19
8300 8302 9939 19
9874 8668 9905 19
9776 9778 9779 19
10209 8339 10265 19
9761 8587 10043 19
9650 8219 9986 19
9587 8840 10309 19
8888 8838 10150 19
8594 8596 9809 19
9632 8918 9646 19
9720 8397 9864 19
8916 9088 9773 19
9020 9062 10072 19
9758 8147 9760 19
9219 9191 10230 19
9367 8850 10182 19
9057 9034 10023 19
8470 8127 9776 19
9722 8862 9891 19
9032 9057 10031 19
9352 10123 10168 19
8170 8364 10039 19
7860 9608 10054 19
9373 9540 10045 19
8978 9784 10034 19
9062 9022 10069 19
9310 9297 10142 19
9647 7953 9648 19
8018 8016 9796 19
9380 9945 9998 19
8373 9840 9844 19
8879 8875 9931 19
9632 7878 9699 19
9893 7874 10078 19
7959 9645 9665 19
9038 9040 9901 19
9210 8937 10152 19
8776 8778 9906 19
7980 9847 10015 19
8041 8038 9761 19
8091 8089 9807 19
9654 7954 9811 19
9618 7973 10024 19
9114 9044 10011 19
9381 8976 10127 19
9842 9095 10318 19
8953 8951 9815 19
9912 8726 10226 19
8832 8830 9808 19
9163 9720 9864 19
8131 8129 9879 19
8856 8704 9911 19
8358 10206 10233 19
8123 8449 9778 19
8449 8121 9780 19
9214 10057 10205 19
8912 9163 9864 19
1453 7969 9869 19
8124 8126 10162 19
8605 8733 9851 19
8548 9828 9983 19
8948 9734 10091 19
7805 9854 10326 19
7970 1450 9857 19
1451 7787 9857 19
9314 9315 10114 19
1400 1401 9953 19
8426 8115 9782 19
9051 9378 10184 19
8117 8426 9783 19
10061 7862 10080 19
8923 9171 10211 19
8016 8468 9796 19
8206 8208 10006 19
8465 8045 9800 19
7787 1452 9869 19
9170 9536 9885 19
8626 8628 9928 19
8930 8928 9987 19
8778 8780 9865 19
9951 8376 10097 19
7959 9643 9644 19
8844 9657 10171 19
8634 9664 9801 19
8011 8009 9802 19
9267 9193 10063 19
8806 9746 10141 19
8780 9709 9865 19
9263 9451 9950 19
9662 7957 9850 19
8855 9952 9978 19
9919 8868 9937 19
9346 7880 10292 19
8294 8296 9961 19
8111 8423 9787 19
9667 7961 9750 19
9559 9560 9916 19
8852 9501 10001 19
9885 9536 10040 19
7960 9675 9678 19
9168 8620 9818 19
7872 9342 10280 19
9499 7908 10297 19
8826 8824 9834 19
8081 8079 9825 19
8611 9448 9910 19
7900 9347 10305 19
8129 8470 9879 19
8959 9650 9986 19
8478 8103 9790 19
8988 9381 10082 19
9073 9075 10280 19
8712 8714 9919 19
8003 8001 9813 19
9439 8900 10276 19
8957 8730 10024 19
8026 9533 9785 19
9171 8925 10267 19
8649 9963 10017 19
9315 9727 10114 19
7969 9663 9664 19
9680 7792 9681 19
9988 7871 10071 19
9698 9030 10031 19
8398 9353 10167 19
8307 8305 9952 19
10159 8886 10231 19
10286 9467 10302 19
8917 9362 10319 19
8860 9966 10178 19
9437 9749 10283 19
8248 8250 10128 19
9024 9696 10069 19
7901 10146 10211 19
7800 1400 9953 19
7999 7997 9820 19
8485 8035 9804 19
55 7881 10307 19
9151 9149 10037 19
10223 8939 10246 19
1401 7956 9953 19
7916 9729 10217 19
9661 7798 9819 19
7874 73 10078 19
9685 7966 9827 19
9036 9038 9922 19
9014 9016 9920 19
9412 8919 10250 19
8917 8768 10140 19
9776 8125 9778 19
8755 9809 9824 19
9391 8960 10284 19
9050 9052 9925 19
8722 8724 9945 19
7790 9547 10300 19
9931 8877 10251 19
8875 8877 9931 19
8850 9379 10154 19
9694 7970 9707 19
9193 9929 10063 19
113 114 9980 19
9419 8851 10249 19
9480 8721 9991 19
9448 8520 9910 19
9569 9098 9996 19
9462 8459 10155 19
9246 9245 10264 19
8566 8874 9871 19
10197 8329 10289 19
9669 8375 9872 19
9645 9644 9838 19
9103 9372 10201 19
7857 9408 10009 19
7905 9467 10286 19
9829 9050 9925 19
9682 9279 10093 19
9424 8413 9815 19
8880 8828 9798 19
9056 10027 10064 19
9593 7956 10161 19
8216 8218 10049 19
9780 8119 9783 19
7799 9593 10161 19
9047 9706 9788 19
10089 9199 10215 19
8612 8614 9889 19
9048 9829 9934 19
9392 8728 10209 19
8031 8028 9785 19
9046 9048 9934 19
8326 9708 9908 19
8659 8855 9978 19
8071 8069 9839 19
8383 8224 10064 19
9569 7851 9896 19
8012 8007 9940 19
9367 10182 10246 19
9627 7810 10165 19
8682 8681 9789 19
9133 8556 9932 19
9055 9698 9878 19
8630 8643 9962 19
8884 9419 10287 19
8651 8653 9960 19
9782 8113 9787 19
9696 8384 10069 19
8981 8908 10103 19
8755 8594 9809 19
9054 9324 10257 19
8526 8091 9807 19
110 111 9994 19
8520 8519 9910 19
9509 8896 10000 19
9217 9449 10220 19
9791 9790 9954 19
9392 10209 10265 19
8643 8645 9968 19
9437 134 10147 19
9052 10135 10158 19
8673 8688 9959 19
9772 8845 9832 19
9879 8470 9880 19
9299 8435 10000 19
9318 9462 9886 19
9375 8840 10179 19
8089 8451 9807 19
8830 8880 9808 19
7848 9559 9916 19
8187 9786 10021 19
8951 9424 9815 19
9497 8432 10306 19
29 30 10028 19
7962 1422 10005 19
1423 7794 10005 19
9459 7905 10258 19
9746 8355 10141 19
10264 7924 10311 19
9784 9137 10176 19
9760 8361 9873 19
7918 9415 10310 19
9405 8956 10323 19
9002 9059 9951 19
8587 9496 10043 19
8007 8006 9940 19
9242 9925 10158 19
8955 8613 9814 19
7964 1426 10018 19
8525 8081 9825 19
9533 8552 9876 19
9962 8643 9968 19
8021 8018 9796 19
9008 9010 10294 19
8009 8012 9802 19
1427 7793 10018 19
9172 9862 9946 19
8637 8812 10295 19
8927 9741 10267 19
9876 8720 10070 19
8840 9587 10179 19
7871 9988 10203 19
8856 9933 9958 19
7862 9399 10080 19
9948 8409 10228 19
10304 9474 10308 19
1281 1282 9996 19
8767 8917 10038 19
9091 9093 9948 19
9371 8380 10136 19
84 85 10071 19
9467 7866 10302 19
9038 9901 9922 19
8795 8015 9802 19
1422 1423 10005 19
9093 9712 9948 19
8366 10153 10213 19
8079 8467 9825 19
8747 8749 9967 19
8215 8213 9970 19
9203 8994 10303 19
8229 8227 9976 19
8824 9596 9834 19
8688 8690 9977 19
10302 7866 10304 19
7866 9474 10304 19
1288 7853 9947 19
8372 9640 9917 19
8971 10168 10170 19
8266 8268 10053 19
8281 8339 9981 19
8203 8201 9971 19
9483 10301 10308 19
8099 8417 9954 19
8762 9382 10138 19
10009 8694 10253 19
10127 8976 10151 19
8484 8071 9839 19
1179 7976 10100 19
8778 9865 9906 19
9957 8476 10237 19
9971 9655 10157 19
9055 9878 9938 19
9189 9247 10133 19
9040 9042 9965 19
1426 1427 10018 19
8982 9482 10320 19
9575 7826 9918 19
9959 8688 9977 19
8015 8011 9802 19
7956 1402 10161 19
8195 8193 9973 19
8575 9476 10309 19
8276 8278 10058 19
9409 8884 10297 19
1403 7799 10161 19
9844 8922 9917 19
8772 9742 10042 19
8101 8099 9954 19
10284 8960 10328 19
9616 7941 9914 19
7887 9814 9912 19
8001 8458 9813 19
9255 9398 10324 19
9785 9533 9876 19
9629 8793 10098 19
8685 9605 10008 19
9945 8724 9998 19
9737 7856 10222 19
8396 9754 10208 19
10090 9307 10257 19
9598 7820 9921 19
9872 8375 9949 19
9356 9678 10094 19
8069 8462 9839 19
9052 9060 10135 19
8374 9669 9926 19
9673 9598 9921 19
9474 9483 10308 19
9901 9040 9965 19
8328 9510 9993 19
9649 7803 9885 19
9432 8752 10177 19
9519 7821 10190 19
7974 10125 10283 19
8796 9491 9837 19
7978 18 9990 19
9570 8856 9958 19
10151 8974 10164 19
7997 9331 9820 19
102 103 10056 19
8819 8543 10325 19
9840 8924 9844 19
9817 9575 9918 19
8219 8217 9986 19
8786 9918 10068 19
9725 8582 10295 19
9461 8854 10273 19
8724 8756 9998 19
9058 9541 10310 19
8006 8003 9813 19
8993 9340 10217 19
8947 9413 10259 19
8382 9698 10031 19
9798 8826 9834 19
8698 8700 9997 19
9200 8647 10017 19
8458 7999 9820 19
8933 9063 10117 19
9068 9872 9949 19
10083 8940 10314 19
9483 7828 10301 19
96 7867 10088 19
9795 8595 10189 19
8971 9352 10168 19
8390 9901 9965 19
8473 9589 10282 19
9700 8394 9923 19
8256 10236 10277 19
8339 8279 10002 19
8972 8971 10170 19
8854 9464 10288 19
9444 8813 10199 19
1271 7849 9982 19
8240 8242 10186 19
9378 9913 10184 19
7806 9830 10262 19
8471 9717 10278 19
9911 7858 9933 19
8075 8479 10322 19
8840 8575 10309 19
9796 9329 10033 19
8523 8023 10033 19
8270 8272 10110 19
9696 9055 9938 19
10250 8919 10254 19
10258 7905 10286 19
7892 9836 10259 19
9786 8430 9927 19
8476 8422 10237 19
9790 8101 9954 19
9061 8810 10013 19
9542 8719 10144 19
10164 8972 10170 19
7867 10012 10067 19
8250 8252 10176 19
8976 8974 10151 19
8486 8721 10101 19
8515 8635 10107 19
9866 7882 10318 19
9112 9897 10194 19
9640 9844 9917 19
9387 9388 10260 19
8851 9432 10219 19
9115 8931 9988 19
8407 9700 9924 19
8974 8972 10164 19
8862 9875 9903 19
8450 9799 10086 19
8868 9608 9972 19
8694 10009 10172 19
92 93 10109 19
9819 9161 9860 19
9814 8726 9912 19
9108 9106 9883 19
7947 9617 9902 19
9809 8596 9899 19
10231 9387 10260 19
8462 9585 10226 19
8886 9387 10231 19
9880 8470 9974 19
8459 8055 9995 19
9014 9920 10027 19
8254 8256 10277 19
8711 8883 10014 19
8749 8834 10012 19
8085 8480 10313 19
10185 8869 10263 19
9929 8579 10063 19
8256 8258 10236 19
9369 8946 10125 19
8756 8758 10036 19
9044 9046 10011 19
8741 10080 10195 19
9978 8328 9993 19
8375 9687 9949 19
9920 9016 10035 19
8939 9367 10246 19
8731 9392 10265 19
9998 8756 10036 19
9036 9922 10023 19
9967 8749 10012 19
9411 9410 10197 19
7975 10218 10315 19
8747 9967 10026 19
9742 8378 10042 19
8813 9461 10238 19
9133 9932 10216 19
8745 8747 10026 19
9818 8619 10212 19
7809 9631 9904 19
9046 9934 10011 19
9793 9613 9966 19
9589 9100 10282 19
9034 9036 10023 19
9617 9618 9902 19
8942 9425 10183 19
9124 9366 10105 19
9712 9162 9948 19
9012 9014 10027 19
9741 7870 10267 19
7843 9620 10316 19
9520 7835 10019 19
8898 10139 10242 19
8975 8978 10034 19
9854 9266 10326 19
8963 8732 10095 19
9993 9510 10059 19
8919 9414 10254 19
8509 9339 10135 19
9167 9166 10173 19
87 88 10193 19
9631 7946 9942 19
9623 7812 10227 19
8960 9416 10328 19
8958 8848 10030 19
9030 9032 10031 19
8720 9804 10070 19
9967 7902 10026 19
7878 9633 9907 19
7976 9459 10243 19
9510 8351 10059 19
9016 9018 10035 19
7976 9545 10100 19
9613 7940 9966 19
10135 9339 10158 19
9473 10286 10302 19
8055 8052 9995 19
9463 8982 10320 19
8393 9829 9925 19
8752 9444 10163 19
9137 8979 10044 19
9829 9223 9934 19
9504 9725 10295 19
9629 7809 9904 19
9979 10115 10275 19
9864 8397 10103 19
8735 8737 10054 19
8889 8891 10062 19
9752 8436 10142 19
9669 9872 9926 19
8580 8579 9929 19
9144 9082 10285 19
8910 9864 10103 19
9897 9108 9898 19
9419 10249 10287 19
8557 8881 10129 19
9835 7947 9902 19
9082 9488 10285 19
10028 9079 10091 19
9536 9113 9956 19
9927 8430 10025 19
10273 8854 10288 19
8863 8865 10041 19
10013 8357 10052 19
9488 8754 10285 19
9366 9609 10105 19
7858 9919 9937 19
8793 9764 10098 19
7807 9638 9969 19
9882 7801 10166 19
8770 8772 10042 19
8299 8297 10119 19
9786 9153 10021 19
8900 9726 10276 19
8938 9210 10133 19
9354 10062 10153 19
9106 9740 9883 19
9330 10113 10206 19
10044 8368 10128 19
9060 9560 10290 19
9464 8642 10301 19
9896 7851 10007 19
9637 7807 9969 19
9901 9240 9922 19
7893 9273 10229 19
9568 9123 10200 19
8405 9773 10298 19
7820 9599 10111 19
9802 8012 10174 19
8961 9532 10092 19
9878 8212 9938 19
9545 148 10100 19
8834 8836 10067 19
9264 9920 10035 19
9633 9835 9907 19
8856 9911 9933 19
9095 9097 10318 19
9022 9024 10069 19
10012 8834 10067 19
8131 9879 10099 19
9018 9020 10072 19
9656 8187 10021 19
7851 9571 10007 19
9699 7878 9907 19
8527 8948 10091 19
8880 9586 10296 19
7917 1234 10090 19
9321 9320 10245 19
9473 9160 10286 19
10238 9461 10273 19
9511 7912 10085 19
9636 9637 10001 19
8760 8800 10112 19
9477 9215 10304 19
8874 8879 10076 19
8232 9992 10048 19
10119 8297 10160 19
7801 9658 10166 19
8297 8295 10160 19
9992 9059 10048 19
9477 10304 10308 19
9634 9501 10047 19
10301 8642 10308 19
7952 9642 9984 19
8851 10219 10249 19
8998 9000 10097 19
7867 10067 10088 19
9370 9967 10012 19
10019 7835 10087 19
8953 9815 9946 19
9687 8377 10010 19
8800 8802 10131 19
9294 9296 10081 19
9883 8049 9898 19
7821 9597 10190 19
9553 9820 10261 19
7974 9769 10125 19
9215 9473 10302 19
9670 7960 9936 19
9768 7815 10191 19
8642 9477 10308 19
9520 10019 10116 19
8984 8986 10113 19
9357 10041 10146 19
9215 10302 10304 19
9529 9217 10220 19
9800 8041 10043 19
7995 8473 10282 19
7835 9523 10087 19
1402 1403 10161 19
10035 9018 10072 19
9648 7953 9999 19
9920 8383 10027 19
8804 8806 10141 19
10199 8813 10238 19
7829 9494 10163 19
9108 9883 9898 19
9764 7945 10098 19
9628 9629 10098 19
8057 8459 10268 19
9773 9088 10298 19
7813 9621 9989 19
9491 8797 10120 19
9637 9969 10210 19
7968 9693 9979 19
7948 9636 10001 19
9530 7916 10077 19
10062 8891 10153 19
7838 9530 10082 19
9700 9923 9924 19
10138 9382 10185 19
10112 8800 10131 19
9932 8794 10216 19
9494 7907 10177 19
9602 7818 10003 19
8063 9710 10271 19
8968 8969 10255 19
9144 9969 10016 19
9726 8907 10272 19
9160 9135 10258 19
9492 7829 10199 19
7953 9652 9999 19
10163 9494 10177 19
9432 10177 10219 19
7829 10163 10199 19
9776 9779 9974 19
8941 10083 10314 19
8293 8291 10248 19
7833 9511 10138 19
7960 9678 9936 19
8899 10166 10192 19
1236 7840 10145 19
9511 10085 10138 19
8795 9802 10174 19
7913 9520 10116 19
8891 8964 10153 19
8857 9861 10196 19
8896 9299 10000 19
7906 9492 10238 19
9660 7958 10235 19
8797 8795 10174 19
9918 7826 10068 19
8908 8910 10103 19
8878 8692 10172 19
9492 10199 10238 19
10163 9444 10199 19
9804 8031 10070 19
9486 7906 10273 19
10085 7912 10154 19
9059 9651 10048 19
7828 9486 10288 19
10177 7907 10219 19
9590 9220 10274 19
9496 9800 10043 19
7907 9493 10219 19
9827 8894 10118 19
9655 9072 10157 19
8752 10163 10177 19
8023 8021 10033 19
7906 10238 10273 19
9486 10273 10288 19
9686 7790 10300 19
8432 9730 10306 19
8285 8283 10289 19
7912 9514 10154 19
8696 9227 10253 19
7949 9641 10022 19
8838 8842 10150 19
7941 9619 10032 19
10041 8865 10146 19
8962 8633 10117 19
8430 9713 10025 19
9379 10085 10154 19
10019 8893 10116 19
9830 9386 10262 19
9493 7830 10249 19
9075 9077 10122 19
8784 9817 9918 19
1269 1270 10311 19
9759 9210 10299 19
8427 9463 10320 19
9609 9239 10105 19
9904 9631 9942 19
8865 8921 10146 19
10219 9493 10249 19
9530 10077 10082 19
9638 7950 10016 19
8006 9813 9941 19
8579 9404 10063 19
7788 9694 10020 19
8423 9795 10074 19
9914 7941 10032 19
8994 8996 10303 19
8419 9375 10179 19
9160 10258 10286 19
9508 7833 10185 19
9091 9948 10228 19
9359 10019 10087 19
10038 8917 10039 19
8768 8770 10140 19
7833 10138 10185 19
10027 8383 10064 19
9779 9778 10079 19
8842 8844 10171 19
9749 9437 10147 19
8275 8335 10291 19
7830 9499 10287 19
8964 8966 10213 19
8920 8739 10195 19
9582 9759 10299 19
9694 9707 10020 19
8021 9796 10033 19
10249 7830 10287 19
8986 8989 10206 19
9940 8006 9941 19
8470 9776 9974 19
8721 9542 9991 19
9860 8933 10117 19
10071 85 10134 19
10113 8986 10206 19
8587 8486 10101 19
7826 9580 10068 19
10085 8762 10138 19
9872 9066 9926 19
8732 8734 10095 19
9557 9284 10148 19
8814 8816 10104 19
9949 9687 10010 19
10153 8964 10213 19
9597 9241 10190 19
9678 9675 10094 19
8770 10042 10140 19
9836 8947 10259 19
9115 10071 10134 19
9010 9056 10294 19
9296 9888 10081 19
9710 9322 10271 19
8448 8580 9983 19
8989 8991 10233 19
9801 7786 10169 19
9820 9331 10261 19
9735 8767 10038 19
7909 9508 10263 19
8726 9839 10226 19
9619 7813 10055 19
8429 9765 10324 19
9123 9490 10200 19
9750 7961 10130 19
9508 10185 10263 19
9610 7939 10046 19
7887 9912 10245 19
9156 9927 10025 19
8730 9835 9902 19
10150 8842 10171 19
7951 9649 10040 19
9616 9914 10108 19
8921 8923 10211 19
9649 9885 10040 19
9828 8448 9983 19
9681 7792 10093 19
9685 9827 10118 19
9065 9067 10203 19
9936 8882 10126 19
9749 7974 10283 19
8041 9761 10043 19
10206 8989 10233 19
9079 8527 10091 19
9133 9904 9942 19
9808 8880 10296 19
8790 9351 10167 19
9887 9199 10089 19
10146 8921 10211 19
9110 9999 10050 19
9186 9183 10188 19
9188 9186 10198 19
9691 8962 10270 19
8719 8720 10144 19
135 9749 10147 19
9155 9157 10247 19
10030 7869 10066 19
8765 9896 10007 19
9724 8131 10099 19
8925 8927 10267 19
9951 9059 9992 19
9332 9447 10083 19
9969 9638 10016 19
10077 8988 10082 19
9652 7802 10050 19
9100 9589 10106 19
9077 9148 10234 19
9625 7943 10075 19
10136 9008 10294 19
8753 9488 10137 19
7808 9634 10047 19
9956 9270 10251 19
10115 9103 10275 19
9963 8341 10017 19
9383 9768 10191 19
9332 10084 10261 19
8684 9725 10073 19
9969 9144 10210 19
9923 9076 9924 19
9089 9091 10228 19
9097 9866 10318 19
9769 9369 10125 19
10122 9077 10234 19
8095 9808 10296 19
8859 9793 9966 19
7945 9628 10098 19
10167 9351 10252 19
9140 9548 10316 19
8633 9860 10117 19
7977 1467 10232 19
9599 10057 10111 19
10137 9488 10181 19
9490 8013 10200 19
8624 8943 10015 19
9707 8817 10020 19
9741 9115 10134 19
9843 9557 10148 19
8582 8637 10295 19
7963 9887 10089 19
7813 9989 10055 19
9584 7931 10124 19
9879 9252 10099 19
8619 9496 10212 19
9966 7940 10178 19
9675 7795 10094 19
9257 9254 10292 19
9912 9321 10245 19
7814 9616 10108 19
9847 8624 10015 19
10032 9619 10055 19
9479 9686 10300 19
9871 8874 10076 19
9778 8449 10079 19
8451 9851 10224 19
9579 7825 10152 19
9592 9660 10235 19
8031 9785 10070 19
9785 9876 10070 19
9580 7929 10175 19
9186 10188 10198 19
9157 10078 10247 19
9541 7918 10310 19
9942 7946 10266 19
9999 9652 10050 19
7815 9793 10191 19
10068 9580 10175 19
8907 8981 10272 19
7791 9685 10118 19
9897 8053 10194 19
9270 9112 10194 19
10003 7818 10187 19
9 9895 10232 19
7796 9670 10126 19
9799 8820 10086 19
9331 9332 10261 19
7792 9682 10093 19
9158 10025 10278 19
9276 9940 9941 19
9787 8423 10074 19
9679 7963 10089 19
8734 9825 10240 19
8948 9837 10312 19
7929 9579 10214 19
9670 9936 10126 19
9355 9674 10269 19
7940 9615 10178 19
9629 9904 10216 19
9693 7788 10132 19
7818 9607 10187 19
8467 9889 10240 19
8059 8057 10268 19
9839 8462 10226 19
7934 9600 10205 19
7961 9668 10130 19
9989 9621 10293 19
9548 7843 10316 19
9886 8751 10156 19
8751 9886 10155 19
9335 10122 10234 19
9979 9693 10132 19
9921 7820 10111 19
8816 9807 10224 19
9591 7932 10230 19
8755 9824 10180 19
9135 9846 10243 19
10152 8937 10214 19
8364 10038 10039 19
9332 10083 10084 19
9061 10013 10052 19
8812 9735 10202 19
9814 7887 10096 19
9886 9462 10155 19
9964 8797 10174 19
7884 9899 10173 19
9115 9988 10071 19
7788 10020 10132 19
10016 7950 10241 19
9579 10152 10214 19
7932 9590 10274 19
10175 7929 10214 19
7825 9582 10299 19
8398 10167 10252 19
9895 7977 10232 19
9287 9843 10148 19
9733 8404 10207 19
8408 10137 10181 19
8958 10030 10066 19
7968 9979 10275 19
10025 9713 10278 19
9246 10264 10311 19
9979 8819 10115 19
9904 9133 10216 19
9754 8936 10208 19
10152 7825 10299 19
9713 8471 10278 19
9989 8950 10055 19
7950 9639 10241 19
9735 10038 10202 19
7946 9630 10266 19
8955 9814 10096 19
7786 9665 10169 19
7789 9689 10201 19
9792 8063 10271 19
7856 9646 10222 19
9621 7942 10293 19
7793 9679 10215 19
9925 9052 10158 19
10188 8403 10198 19
7848 9916 10184 19
10230 7932 10274 19
9684 7791 10242 19
9981 8339 10209 19
9899 9167 10173 19
9273 10084 10229 19
10009 9408 10172 19
9689 7968 10275 19
9086 10003 10187 19
9674 7962 10269 19
9982 7849 10149 19
7857 10009 10253 19
7791 10118 10242 19
9679 10089 10215 19
9411 10197 10289 19
8339 10002 10265 19
9132 9942 10266 19
9137 10044 10128 19
9807 8451 10224 19
9135 10243 10258 19
10243 9459 10258 19
10010 8377 10157 19
10210 9144 10285 19
9825 8467 10240 19
8949 9989 10293 19
9210 10152 10299 19
9947 7853 10221 19
9665 9645 10169 19
10038 8364 10202 19
10080 9399 10195 19
9646 8918 10222 19
10039 8917 10319 19
10201 9689 10275 19
9143 10016 10241 19
9219 10230 10274 19
10083 8941 10084 19
10057 8905 10111 19
10084 8941 10229 19
8819 9979 10132 19
9983 8580 10204 19
9371 10294 10321 19
8996 10143 10303 19
8754 10210 10285 19
10135 9060 10290 19
10014 8883 10317 19
8421 9931 10251 19
10115 8819 10325 19
8509 10135 10290 19
10294 9056 10321 19
7917 10090 10257 19
9236 10074 10189 19
10074 9795 10189 19
9103 10201 10275 19
9371 10136 10294 19
10143 8379 10303 19
9125 10014 10317 19
9101 10115 10325 19
9056 10064 10321 19

End
