MeshVersionFormatted 1

Dimension
2

Vertices
17185
0 0 0
439.73837948 0 0
439.73837948 25.4 0
0 25.4 0
324.80378461 25.4 0
324.80378461 2.86 0
334.80378461 25.4 0
334.80378461 2.86 0
324.80378461 0 0
334.80378461 0 0
1.63217982215766 0 0
3.26435964431535 0 0
4.89653946647308 0 0
6.5287192886308 0 0
8.16089911078845 0 0
9.79307893294596 0 0
11.4252587551031 0 0
13.0574385772602 0 0
14.6896183994172 0 0
16.3217982215744 0 0
17.9539780437317 0 0
19.586157865889 0 0
21.2183376880465 0 0
22.8505175102043 0 0
24.4826973323629 0 0
26.1148771545215 0 0
27.7470569766801 0 0
29.3792367988383 0 0
31.0114166209965 0 0
32.6435964431547 0 0
34.2757762653129 0 0
35.9079560874711 0 0
37.5401359096292 0 0
39.1723157317868 0 0
40.804495553944 0 0
42.4366753761003 0 0
44.0688551982567 0 0
45.7010350204131 0 0
47.3332148425695 0 0
48.9653946647259 0 0
50.5975744868823 0 0
52.2297543090387 0 0
53.8619341311951 0 0
55.4941139533515 0 0
57.1262937755078 0 0
58.758473597664 0 0
60.3906534198195 0 0
62.022833241975 0 0
63.6550130641305 0 0
65.287192886286 0 0
66.919372708441 0 0
68.5515525305956 0 0
70.1837323527502 0 0
71.8159121749056 0 0
73.448091997062 0 0
75.08027181922 0 0
76.7124516413776 0 0
78.344631463534 0 0
79.9768112856889 0 0
81.6089911078435 0 0
83.2411709299981 0 0
84.873350752154 0 0
86.5055305743106 0 0
88.1377103964688 0 0
89.7698902186259 0 0
91.4020700407822 0 0
93.0342498629368 0 0
94.6664296850915 0 0
96.2986095072461 0 0
97.9307893294023 0 0
99.5629691515594 0 0
101.195148973717 0 0
102.827328795876 0 0
104.459508618033 0 0
106.09168844019 0 0
107.723868262345 0 0
109.3560480845 0 0
110.988227906654 0 0
112.62040772881 0 0
114.252587550966 0 0
115.884767373124 0 0
117.516947195282 0 0
119.149127017438 0 0
120.781306839593 0 0
122.413486661747 0 0
124.045666483902 0 0
125.677846306058 0 0
127.310026128215 0 0
128.942205950371 0 0
130.574385772526 0 0
132.206565594681 0 0
133.838745416839 0 0
135.470925238998 0 0
137.103105061156 0 0
138.73528488331 0 0
140.367464705465 0 0
141.999644527619 0 0
143.631824349774 0 0
145.26400417193 0 0
146.896183994088 0 0
148.528363816246 0 0
150.160543638404 0 0
151.792723460558 0 0
153.424903282713 0 0
155.057083104867 0 0
156.689262927022 0 0
158.321442749179 0 0
159.953622571337 0 0
161.585802393499 0 0
163.217982215661 0 0
164.850162037822 0 0
166.482341859987 0 0
168.114521682154 0 0
169.746701504323 0 0
171.378881326489 0 0
173.011061148654 0 0
174.64324097082 0 0
176.275420792985 0 0
177.90760061515 0 0
179.539780437315 0 0
181.171960259481 0 0
182.804140081646 0 0
184.436319903807 0 0
186.068499725971 0 0
187.700679548136 0 0
189.332859370302 0 0
190.965039192467 0 0
192.597219014632 0 0
194.229398836798 0 0
195.861578658962 0 0
197.493758481124 0 0
199.125938303288 0 0
200.758118125453 0 0
202.390297947619 0 0
204.022477769784 0 0
205.654657591949 0 0
207.286837414115 0 0
208.919017236278 0 0
210.55119705844 0 0
212.183376880605 0 0
213.81555670277 0 0
215.447736524935 0 0
217.079916347101 0 0
218.712096169266 0 0
220.344275991431 0 0
221.976455813594 0 0
223.608635635757 0 0
225.240815457922 0 0
226.872995280087 0 0
228.505175102252 0 0
230.137354924418 0 0
231.769534746583 0 0
233.401714568748 0 0
235.033894390914 0 0
236.66607421308 0 0
238.298254035249 0 0
239.930433857415 0 0
241.56261367958 0 0
243.194793501746 0 0
244.826973323911 0 0
246.459153146076 0 0
248.091332968242 0 0
249.723512790409 0 0
251.355692612578 0 0
252.987872434743 0 0
254.620052256905 0 0
256.252232079063 0 0
257.884411901224 0 0
259.516591723389 0 0
261.148771545558 0 0
262.780951367721 0 0
264.413131189883 0 0
266.045311012044 0 0
267.677490834211 0 0
269.30967065638 0 0
270.941850478549 0 0
272.574030300713 0 0
274.206210122875 0 0
275.838389945037 0 0
277.470569767202 0 0
279.102749589371 0 0
280.734929411533 0 0
282.367109233695 0 0
283.999289055857 0 0
285.631468878025 0 0
287.263648700194 0 0
288.895828522362 0 0
290.528008344531 0 0
292.1601881667 0 0
293.792367988869 0 0
295.424547811038 0 0
297.056727633206 0 0
298.688907455368 0 0
300.32108727753 0 0
301.953267099691 0 0
303.58544692186 0 0
305.217626744026 0 0
306.849806566188 0 0
308.481986388349 0 0
310.114166210513 0 0
311.746346032682 0 0
313.378525854851 0 0
315.010705677019 0 0
316.64288549918 0 0
318.275065321342 0 0
319.907245143504 0 0
321.539424965673 0 0
323.171604787838 0 0
324.854035866281 0 0
324.904287122563 0 0
324.954538378844 0 0
325.004789635126 0 0
325.055040891407 0 0
325.105292147688 0 0
325.15554340397 0 0
325.205794660251 0 0
325.256045916533 0 0
325.306297172814 0 0
325.356548429095 0 0
325.406799685377 0 0
325.457050941658 0 0
325.50730219794 0 0
325.557553454221 0 0
325.607804710502 0 0
325.658055966784 0 0
325.708307223065 0 0
325.758558479347 0 0
325.808809735628 0 0
325.859060991909 0 0
325.909312248191 0 0
325.959563504472 0 0
326.009814760754 0 0
326.060066017035 0 0
326.110317273317 0 0
326.160568529598 0 0
326.210819785879 0 0
326.261071042161 0 0
326.311322298442 0 0
326.361573554724 0 0
326.411824811005 0 0
326.462076067286 0 0
326.512327323568 0 0
326.562578579849 0 0
326.612829836131 0 0
326.663081092412 0 0
326.713332348693 0 0
326.763583604975 0 0
326.813834861256 0 0
326.864086117538 0 0
326.914337373819 0 0
326.9645886301 0 0
327.014839886382 0 0
327.065091142663 0 0
327.115342398945 0 0
327.165593655226 0 0
327.215844911507 0 0
327.266096167789 0 0
327.31634742407 0 0
327.366598680352 0 0
327.416849936633 0 0
327.467101192915 0 0
327.517352449196 0 0
327.567603705477 0 0
327.617854961759 0 0
327.66810621804 0 0
327.718357474322 0 0
327.768608730603 0 0
327.818859986884 0 0
327.869111243166 0 0
327.919362499447 0 0
327.969613755729 0 0
328.01986501201 0 0
328.070116268291 0 0
328.120367524573 0 0
328.170618780854 0 0
328.220870037136 0 0
328.271121293417 0 0
328.321372549698 0 0
328.37162380598 0 0
328.421875062261 0 0
328.472126318543 0 0
328.522377574824 0 0
328.572628831105 0 0
328.622880087387 0 0
328.673131343668 0 0
328.72338259995 0 0
328.773633856231 0 0
328.823885112513 0 0
328.874136368794 0 0
328.924387625075 0 0
328.974638881357 0 0
329.024890137638 0 0
329.07514139392 0 0
329.125392650201 0 0
329.175643906482 0 0
329.225895162764 0 0
329.276146419045 0 0
329.326397675327 0 0
329.376648931608 0 0
329.426900187889 0 0
329.477151444171 0 0
329.527402700452 0 0
329.577653956734 0 0
329.627905213015 0 0
329.678156469296 0 0
329.728407725578 0 0
329.778658981859 0 0
329.828910238141 0 0
329.879161494422 0 0
329.929412750703 0 0
329.979664006985 0 0
330.029915263266 0 0
330.080166519548 0 0
330.130417775829 0 0
330.18066903211 0 0
330.230920288392 0 0
330.281171544673 0 0
330.331422800955 0 0
330.381674057236 0 0
330.431925313518 0 0
330.482176569799 0 0
330.53242782608 0 0
330.582679082362 0 0
330.632930338643 0 0
330.683181594925 0 0
330.733432851206 0 0
330.783684107487 0 0
330.833935363769 0 0
330.88418662005 0 0
330.934437876332 0 0
330.984689132613 0 0
331.034940388894 0 0
331.085191645176 0 0
331.135442901457 0 0
331.185694157739 0 0
331.23594541402 0 0
331.286196670301 0 0
331.336447926583 0 0
331.386699182864 0 0
331.436950439146 0 0
331.487201695427 0 0
331.537452951708 0 0
331.58770420799 0 0
331.637955464271 0 0
331.688206720553 0 0
331.738457976834 0 0
331.788709233116 0 0
331.838960489397 0 0
331.889211745678 0 0
331.93946300196 0 0
331.989714258241 0 0
332.039965514523 0 0
332.090216770804 0 0
332.140468027085 0 0
332.190719283367 0 0
332.240970539648 0 0
332.29122179593 0 0
332.341473052211 0 0
332.391724308492 0 0
332.441975564774 0 0
332.492226821055 0 0
332.542478077337 0 0
332.592729333618 0 0
332.642980589899 0 0
332.693231846181 0 0
332.743483102462 0 0
332.793734358744 0 0
332.843985615025 0 0
332.894236871306 0 0
332.944488127588 0 0
332.994739383869 0 0
333.044990640151 0 0
333.095241896432 0 0
333.145493152714 0 0
333.195744408995 0 0
333.245995665276 0 0
333.296246921558 0 0
333.346498177839 0 0
333.396749434121 0 0
333.447000690402 0 0
333.497251946683 0 0
333.547503202965 0 0
333.597754459246 0 0
333.648005715528 0 0
333.698256971809 0 0
333.74850822809 0 0
333.798759484372 0 0
333.849010740653 0 0
333.899261996935 0 0
333.949513253216 0 0
333.999764509497 0 0
334.050015765779 0 0
334.10026702206 0 0
334.150518278342 0 0
334.200769534623 0 0
334.251020790904 0 0
334.301272047186 0 0
334.351523303467 0 0
334.401774559749 0 0
334.45202581603 0 0
334.502277072311 0 0
334.552528328593 0 0
334.602779584874 0 0
334.653030841156 0 0
334.703282097437 0 0
334.753533353719 0 0
335.331094131966 0 0
335.858403653928 0 0
336.385713175887 0 0
336.913022697845 0 0
337.440332219803 0 0
337.967641741762 0 0
338.49495126372 0 0
339.022260785679 0 0
339.549570307637 0 0
340.076879829596 0 0
340.604189351554 0 0
341.131498873513 0 0
341.658808395471 0 0
342.18611791743 0 0
342.713427439388 0 0
343.240736961346 0 0
343.768046483305 0 0
344.295356005263 0 0
344.822665527222 0 0
345.34997504918 0 0
345.877284571139 0 0
346.404594093097 0 0
346.931903615056 0 0
347.459213137014 0 0
347.986522658973 0 0
348.513832180931 0 0
349.041141702889 0 0
349.568451224848 0 0
350.095760746806 0 0
350.623070268765 0 0
351.150379790723 0 0
351.677689312682 0 0
352.20499883464 0 0
352.732308356599 0 0
353.259617878557 0 0
353.786927400516 0 0
354.314236922474 0 0
354.841546444433 0 0
355.368855966391 0 0
355.896165488349 0 0
356.423475010308 0 0
356.950784532266 0 0
357.478094054225 0 0
358.005403576183 0 0
358.532713098142 0 0
359.0600226201 0 0
359.587332142059 0 0
360.114641664017 0 0
360.641951185976 0 0
361.169260707934 0 0
361.696570229893 0 0
362.223879751851 0 0
362.751189273809 0 0
363.278498795768 0 0
363.805808317726 0 0
364.333117839685 0 0
364.860427361643 0 0
365.387736883602 0 0
365.91504640556 0 0
366.442355927519 0 0
366.969665449477 0 0
367.496974971436 0 0
368.024284493394 0 0
368.551594015353 0 0
369.078903537311 0 0
369.60621305927 0 0
370.133522581228 0 0
370.660832103186 0 0
371.188141625145 0 0
371.715451147103 0 0
372.242760669062 0 0
372.77007019102 0 0
373.297379712979 0 0
373.824689234937 0 0
374.351998756898 0 0
374.879308278864 0 0
375.40661780083 0 0
375.933927322793 0 0
376.461236844752 0 0
376.98854636671 0 0
377.515855888669 0 0
378.043165410627 0 0
378.570474932586 0 0
379.097784454544 0 0
379.625093976502 0 0
380.152403498461 0 0
380.679713020419 0 0
381.207022542378 0 0
381.734332064336 0 0
382.261641586295 0 0
382.788951108247 0 0
383.316260630199 0 0
383.84357015215 0 0
384.370879674106 0 0
384.898189196065 0 0
385.425498718023 0 0
385.952808239982 0 0
386.48011776194 0 0
387.007427283899 0 0
387.534736805857 0 0
388.062046327816 0 0
388.589355849774 0 0
389.116665371732 0 0
389.643974893691 0 0
390.171284415649 0 0
390.69859393761 0 0
391.225903459575 0 0
391.753212981541 0 0
392.280522503505 0 0
392.807832025464 0 0
393.335141547422 0 0
393.862451069381 0 0
394.389760591339 0 0
394.917070113298 0 0
395.444379635256 0 0
395.971689157215 0 0
396.498998679173 0 0
397.026308201132 0 0
397.55361772309 0 0
398.080927245051 0 0
398.608236767016 0 0
399.135546288977 0 0
399.662855810935 0 0
400.190165332894 0 0
400.717474854856 0 0
401.244784376821 0 0
401.77209389878 0 0
402.299403420738 0 0
402.826712942697 0 0
403.354022464655 0 0
403.881331986614 0 0
404.408641508572 0 0
404.935951030531 0 0
405.463260552491 0 0
405.990570074457 0 0
406.517879596423 0 0
407.045189118388 0 0
407.572498640354 0 0
408.099808162319 0 0
408.627117684284 0 0
409.154427206243 0 0
409.681736728201 0 0
410.20904625016 0 0
410.736355772118 0 0
411.263665294077 0 0
411.790974816035 0 0
412.318284337993 0 0
412.845593859952 0 0
413.37290338191 0 0
413.900212903869 0 0
414.427522425829 0 0
414.954831947794 0 0
415.48214146976 0 0
416.009450991725 0 0
416.536760513691 0 0
417.064070035657 0 0
417.591379557622 0 0
418.118689079581 0 0
418.645998601539 0 0
419.173308123498 0 0
419.700617645456 0 0
420.227927167415 0 0
420.755236689373 0 0
421.282546211332 0 0
421.809855733292 0 0
422.337165255257 0 0
422.864474777223 0 0
423.391784299188 0 0
423.919093821154 0 0
424.44640334312 0 0
424.973712865085 0 0
425.501022387044 0 0
426.028331909002 0 0
426.555641430961 0 0
427.082950952919 0 0
427.610260474878 0 0
428.137569996836 0 0
428.664879518795 0 0
429.192189040755 0 0
429.71949856272 0 0
430.246808084686 0 0
430.774117606651 0 0
431.301427128617 0 0
431.828736650583 0 0
432.356046172548 0 0
432.883355694514 0 0
433.410665216479 0 0
433.937974738445 0 0
434.465284260404 0 0
434.992593782363 0 0
435.519903304321 0 0
436.04721282628 0 0
436.574522348238 0 0
437.101831870197 0 0
437.629141392155 0 0
438.156450914114 0 0
438.68376043608 0 0
439.211069958041 0 0
439.73837948 0.875862068963763 0
439.73837948 1.75172413792743 0
439.73837948 2.6275862068916 0
439.73837948 3.50344827585525 0
439.73837948 4.3793103448186 0
439.73837948 5.25517241378143 0
439.73837948 6.13103448274426 0
439.73837948 7.00689655170747 0
439.73837948 7.88275862067049 0
439.73837948 8.75862068963338 0
439.73837948 9.6344827585967 0
439.73837948 10.5103448275601 0
439.73837948 11.3862068965234 0
439.73837948 12.262068965486 0
439.73837948 13.1379310344511 0
439.73837948 14.0137931034187 0
439.73837948 14.8896551723863 0
439.73837948 15.7655172413544 0
439.73837948 16.641379310321 0
439.73837948 17.5172413792883 0
439.73837948 18.3931034482568 0
439.73837948 19.2689655172254 0
439.73837948 20.1448275861943 0
439.73837948 21.020689655162 0
439.73837948 21.89655172413 0
439.73837948 22.7724137930979 0
439.73837948 23.6482758620655 0
439.73837948 24.5241379310328 0
439.211069958034 25.4 0
438.683760436072 25.4 0
438.156450914114 25.4 0
437.629141392155 25.4 0
437.101831870197 25.4 0
436.574522348238 25.4 0
436.04721282628 25.4 0
435.519903304321 25.4 0
434.992593782363 25.4 0
434.465284260404 25.4 0
433.937974738446 25.4 0
433.410665216487 25.4 0
432.883355694529 25.4 0
432.35604617257 25.4 0
431.828736650605 25.4 0
431.301427128639 25.4 0
430.774117606674 25.4 0
430.246808084714 25.4 0
429.719498562756 25.4 0
429.192189040797 25.4 0
428.664879518839 25.4 0
428.13756999688 25.4 0
427.610260474922 25.4 0
427.082950952964 25.4 0
426.555641431005 25.4 0
426.028331909047 25.4 0
425.501022387088 25.4 0
424.97371286513 25.4 0
424.446403343171 25.4 0
423.919093821216 25.4 0
423.391784299265 25.4 0
422.864474777313 25.4 0
422.33716525536 25.4 0
421.809855733401 25.4 0
421.282546211443 25.4 0
420.755236689484 25.4 0
420.227927167526 25.4 0
419.700617645567 25.4 0
419.173308123609 25.4 0
418.64599860165 25.4 0
418.118689079692 25.4 0
417.591379557733 25.4 0
417.064070035775 25.4 0
416.536760513817 25.4 0
416.009450991858 25.4 0
415.4821414699 25.4 0
414.954831947941 25.4 0
414.427522425983 25.4 0
413.900212904024 25.4 0
413.372903382066 25.4 0
412.845593860107 25.4 0
412.318284338149 25.4 0
411.79097481619 25.4 0
411.263665294232 25.4 0
410.736355772274 25.4 0
410.209046250315 25.4 0
409.681736728357 25.4 0
409.154427206398 25.4 0
408.62711768444 25.4 0
408.099808162481 25.4 0
407.572498640526 25.4 0
407.045189118574 25.4 0
406.517879596623 25.4 0
405.99057007467 25.4 0
405.463260552711 25.4 0
404.935951030753 25.4 0
404.408641508794 25.4 0
403.881331986836 25.4 0
403.354022464877 25.4 0
402.826712942919 25.4 0
402.29940342096 25.4 0
401.772093899002 25.4 0
401.244784377044 25.4 0
400.717474855085 25.4 0
400.190165333129 25.4 0
399.662855811178 25.4 0
399.135546289227 25.4 0
398.608236767273 25.4 0
398.080927245315 25.4 0
397.553617723357 25.4 0
397.026308201398 25.4 0
396.49899867944 25.4 0
395.971689157481 25.4 0
395.444379635523 25.4 0
394.917070113564 25.4 0
394.389760591606 25.4 0
393.862451069647 25.4 0
393.335141547689 25.4 0
392.80783202573 25.4 0
392.280522503772 25.4 0
391.753212981808 25.4 0
391.225903459842 25.4 0
390.698593937876 25.4 0
390.171284415916 25.4 0
389.643974893957 25.4 0
389.116665371999 25.4 0
388.58935585004 25.4 0
388.062046328082 25.4 0
387.534736806123 25.4 0
387.007427284165 25.4 0
386.480117762207 25.4 0
385.952808240248 25.4 0
385.42549871829 25.4 0
384.898189196331 25.4 0
384.370879674367 25.4 0
383.843570152399 25.4 0
383.316260630426 25.4 0
382.788951108454 25.4 0
382.261641586482 25.4 0
381.734332064517 25.4 0
381.207022542555 25.4 0
380.679713020597 25.4 0
380.152403498638 25.4 0
379.62509397668 25.4 0
379.097784454722 25.4 0
378.570474932763 25.4 0
378.043165410805 25.4 0
377.515855888846 25.4 0
376.988546366888 25.4 0
376.461236844929 25.4 0
375.933927322971 25.4 0
375.406617801007 25.4 0
374.879308279041 25.4 0
374.351998757076 25.4 0
373.824689235115 25.4 0
373.297379713156 25.4 0
372.770070191198 25.4 0
372.242760669239 25.4 0
371.715451147281 25.4 0
371.188141625322 25.4 0
370.660832103364 25.4 0
370.133522581405 25.4 0
369.606213059447 25.4 0
369.078903537489 25.4 0
368.55159401553 25.4 0
368.024284493566 25.4 0
367.496974971601 25.4 0
366.969665449635 25.4 0
366.44235592767 25.4 0
365.915046405704 25.4 0
365.387736883738 25.4 0
364.860427361776 25.4 0
364.333117839818 25.4 0
363.80580831786 25.4 0
363.278498795901 25.4 0
362.751189273943 25.4 0
362.223879751984 25.4 0
361.696570230026 25.4 0
361.169260708067 25.4 0
360.641951186103 25.4 0
360.114641664138 25.4 0
359.587332142172 25.4 0
359.060022620207 25.4 0
358.532713098241 25.4 0
358.005403576276 25.4 0
357.478094054314 25.4 0
356.950784532355 25.4 0
356.423475010397 25.4 0
355.896165488438 25.4 0
355.36885596648 25.4 0
354.841546444521 25.4 0
354.314236922563 25.4 0
353.786927400604 25.4 0
353.259617878646 25.4 0
352.732308356688 25.4 0
352.204998834729 25.4 0
351.677689312766 25.4 0
351.1503797908 25.4 0
350.623070268835 25.4 0
350.095760746869 25.4 0
349.568451224904 25.4 0
349.041141702938 25.4 0
348.513832180975 25.4 0
347.986522659017 25.4 0
347.459213137059 25.4 0
346.9319036151 25.4 0
346.404594093142 25.4 0
345.877284571183 25.4 0
345.349975049225 25.4 0
344.822665527266 25.4 0
344.295356005303 25.4 0
343.768046483338 25.4 0
343.24073696138 25.4 0
342.713427439421 25.4 0
342.186117917463 25.4 0
341.658808395497 25.4 0
341.131498873535 25.4 0
340.604189351576 25.4 0
340.076879829618 25.4 0
339.54957030766 25.4 0
339.022260785701 25.4 0
338.494951263743 25.4 0
337.967641741784 25.4 0
337.440332219826 25.4 0
336.913022697862 25.4 0
336.385713175897 25.4 0
335.858403653931 25.4 0
335.331094131966 25.4 0
334.753533353719 25.4 0
334.703282097437 25.4 0
334.653030841156 25.4 0
334.602779584874 25.4 0
334.552528328593 25.4 0
334.502277072311 25.4 0
334.45202581603 25.4 0
334.401774559749 25.4 0
334.351523303467 25.4 0
334.301272047186 25.4 0
334.251020790904 25.4 0
334.200769534623 25.4 0
334.150518278342 25.4 0
334.10026702206 25.4 0
334.050015765779 25.4 0
333.999764509497 25.4 0
333.949513253216 25.4 0
333.899261996935 25.4 0
333.849010740653 25.4 0
333.798759484372 25.4 0
333.74850822809 25.4 0
333.698256971809 25.4 0
333.648005715528 25.4 0
333.597754459246 25.4 0
333.547503202965 25.4 0
333.497251946683 25.4 0
333.447000690402 25.4 0
333.396749434121 25.4 0
333.346498177839 25.4 0
333.296246921558 25.4 0
333.245995665276 25.4 0
333.195744408995 25.4 0
333.145493152714 25.4 0
333.095241896432 25.4 0
333.044990640151 25.4 0
332.994739383869 25.4 0
332.944488127588 25.4 0
332.894236871306 25.4 0
332.843985615025 25.4 0
332.793734358744 25.4 0
332.743483102462 25.4 0
332.693231846181 25.4 0
332.642980589899 25.4 0
332.592729333618 25.4 0
332.542478077337 25.4 0
332.492226821055 25.4 0
332.441975564774 25.4 0
332.391724308492 25.4 0
332.341473052211 25.4 0
332.29122179593 25.4 0
332.240970539648 25.4 0
332.190719283367 25.4 0
332.140468027085 25.4 0
332.090216770804 25.4 0
332.039965514523 25.4 0
331.989714258241 25.4 0
331.93946300196 25.4 0
331.889211745678 25.4 0
331.838960489397 25.4 0
331.788709233116 25.4 0
331.738457976834 25.4 0
331.688206720553 25.4 0
331.637955464271 25.4 0
331.58770420799 25.4 0
331.537452951708 25.4 0
331.487201695427 25.4 0
331.436950439146 25.4 0
331.386699182864 25.4 0
331.336447926583 25.4 0
331.286196670301 25.4 0
331.23594541402 25.4 0
331.185694157739 25.4 0
331.135442901457 25.4 0
331.085191645176 25.4 0
331.034940388894 25.4 0
330.984689132613 25.4 0
330.934437876332 25.4 0
330.88418662005 25.4 0
330.833935363769 25.4 0
330.783684107487 25.4 0
330.733432851206 25.4 0
330.683181594925 25.4 0
330.632930338643 25.4 0
330.582679082362 25.4 0
330.53242782608 25.4 0
330.482176569799 25.4 0
330.431925313518 25.4 0
330.381674057236 25.4 0
330.331422800955 25.4 0
330.281171544673 25.4 0
330.230920288392 25.4 0
330.18066903211 25.4 0
330.130417775829 25.4 0
330.080166519548 25.4 0
330.029915263266 25.4 0
329.979664006985 25.4 0
329.929412750703 25.4 0
329.879161494422 25.4 0
329.828910238141 25.4 0
329.778658981859 25.4 0
329.728407725578 25.4 0
329.678156469296 25.4 0
329.627905213015 25.4 0
329.577653956734 25.4 0
329.527402700452 25.4 0
329.477151444171 25.4 0
329.426900187889 25.4 0
329.376648931608 25.4 0
329.326397675327 25.4 0
329.276146419045 25.4 0
329.225895162764 25.4 0
329.175643906482 25.4 0
329.125392650201 25.4 0
329.07514139392 25.4 0
329.024890137638 25.4 0
328.974638881357 25.4 0
328.924387625075 25.4 0
328.874136368794 25.4 0
328.823885112513 25.4 0
328.773633856231 25.4 0
328.72338259995 25.4 0
328.673131343668 25.4 0
328.622880087387 25.4 0
328.572628831105 25.4 0
328.522377574824 25.4 0
328.472126318543 25.4 0
328.421875062261 25.4 0
328.37162380598 25.4 0
328.321372549698 25.4 0
328.271121293417 25.4 0
328.220870037136 25.4 0
328.170618780854 25.4 0
328.120367524573 25.4 0
328.070116268291 25.4 0
328.01986501201 25.4 0
327.969613755729 25.4 0
327.919362499447 25.4 0
327.869111243166 25.4 0
327.818859986884 25.4 0
327.768608730603 25.4 0
327.718357474322 25.4 0
327.66810621804 25.4 0
327.617854961759 25.4 0
327.567603705477 25.4 0
327.517352449196 25.4 0
327.467101192915 25.4 0
327.416849936633 25.4 0
327.366598680352 25.4 0
327.31634742407 25.4 0
327.266096167789 25.4 0
327.215844911507 25.4 0
327.165593655226 25.4 0
327.115342398945 25.4 0
327.065091142663 25.4 0
327.014839886382 25.4 0
326.9645886301 25.4 0
326.914337373819 25.4 0
326.864086117538 25.4 0
326.813834861256 25.4 0
326.763583604975 25.4 0
326.713332348693 25.4 0
326.663081092412 25.4 0
326.612829836131 25.4 0
326.562578579849 25.4 0
326.512327323568 25.4 0
326.462076067286 25.4 0
326.411824811005 25.4 0
326.361573554724 25.4 0
326.311322298442 25.4 0
326.261071042161 25.4 0
326.210819785879 25.4 0
326.160568529598 25.4 0
326.110317273317 25.4 0
326.060066017035 25.4 0
326.009814760754 25.4 0
325.959563504472 25.4 0
325.909312248191 25.4 0
325.859060991909 25.4 0
325.808809735628 25.4 0
325.758558479347 25.4 0
325.708307223065 25.4 0
325.658055966784 25.4 0
325.607804710502 25.4 0
325.557553454221 25.4 0
325.50730219794 25.4 0
325.457050941658 25.4 0
325.406799685377 25.4 0
325.356548429095 25.4 0
325.306297172814 25.4 0
325.256045916533 25.4 0
325.205794660251 25.4 0
325.15554340397 25.4 0
325.105292147688 25.4 0
325.055040891407 25.4 0
325.004789635126 25.4 0
324.954538378844 25.4 0
324.904287122563 25.4 0
324.854035866281 25.4 0
323.171604787845 25.4 0
321.539424965688 25.4 0
319.907245143526 25.4 0
318.275065321364 25.4 0
316.642885499205 25.4 0
315.01070567705 25.4 0
313.37852585489 25.4 0
311.746346032729 25.4 0
310.114166210567 25.4 0
308.48198638841 25.4 0
306.849806566255 25.4 0
305.217626744101 25.4 0
303.585446921946 25.4 0
301.953267099792 25.4 0
300.321087277637 25.4 0
298.688907455483 25.4 0
297.056727633328 25.4 0
295.424547811167 25.4 0
293.792367989005 25.4 0
292.160188166844 25.4 0
290.528008344688 25.4 0
288.895828522531 25.4 0
287.26364870037 25.4 0
285.631468878208 25.4 0
283.999289056047 25.4 0
282.367109233893 25.4 0
280.734929411738 25.4 0
279.102749589583 25.4 0
277.470569767429 25.4 0
275.838389945274 25.4 0
274.20621012312 25.4 0
272.574030300965 25.4 0
270.941850478808 25.4 0
269.309670656647 25.4 0
267.677490834485 25.4 0
266.045311012325 25.4 0
264.41313119017 25.4 0
262.780951368016 25.4 0
261.148771545861 25.4 0
259.516591723707 25.4 0
257.884411901552 25.4 0
256.252232079398 25.4 0
254.620052257243 25.4 0
252.987872435087 25.4 0
251.355692612928 25.4 0
249.72351279077 25.4 0
248.091332968614 25.4 0
246.459153146459 25.4 0
244.826973324304 25.4 0
243.19479350215 25.4 0
241.562613679995 25.4 0
239.930433857841 25.4 0
238.298254035686 25.4 0
236.666074213528 25.4 0
235.033894391369 25.4 0
233.401714569211 25.4 0
231.769534747057 25.4 0
230.137354924902 25.4 0
228.505175102748 25.4 0
226.87299528059 25.4 0
225.240815458432 25.4 0
223.608635636274 25.4 0
221.976455814118 25.4 0
220.344275991964 25.4 0
218.712096169809 25.4 0
217.079916347655 25.4 0
215.4477365255 25.4 0
213.815556703346 25.4 0
212.183376881189 25.4 0
210.551197059031 25.4 0
208.919017236869 25.4 0
207.286837414709 25.4 0
205.654657592551 25.4 0
204.022477770396 25.4 0
202.390297948242 25.4 0
200.758118126087 25.4 0
199.125938303932 25.4 0
197.493758481778 25.4 0
195.861578659623 25.4 0
194.229398837469 25.4 0
192.597219015314 25.4 0
190.965039193155 25.4 0
189.332859370997 25.4 0
187.700679548839 25.4 0
186.068499726685 25.4 0
184.43631990453 25.4 0
182.804140082376 25.4 0
181.171960260221 25.4 0
179.539780438065 25.4 0
177.907600615907 25.4 0
176.275420793749 25.4 0
174.643240971592 25.4 0
173.011061149437 25.4 0
171.378881327283 25.4 0
169.746701505128 25.4 0
168.114521682974 25.4 0
166.482341860817 25.4 0
164.850162038659 25.4 0
163.217982216497 25.4 0
161.585802394335 25.4 0
159.953622572173 25.4 0
158.321442750008 25.4 0
156.689262927842 25.4 0
155.057083105673 25.4 0
153.424903283507 25.4 0
151.792723461342 25.4 0
150.160543639176 25.4 0
148.528363817011 25.4 0
146.896183994846 25.4 0
145.264004172681 25.4 0
143.631824350515 25.4 0
141.99964452835 25.4 0
140.367464706189 25.4 0
138.735284884025 25.4 0
137.10310506186 25.4 0
135.470925239695 25.4 0
133.838745417529 25.4 0
132.206565595364 25.4 0
130.574385773199 25.4 0
128.942205951035 25.4 0
127.310026128873 25.4 0
125.677846306709 25.4 0
124.045666484543 25.4 0
122.413486662378 25.4 0
120.781306840213 25.4 0
119.149127018048 25.4 0
117.516947195882 25.4 0
115.884767373719 25.4 0
114.252587551557 25.4 0
112.620407729392 25.4 0
110.988227907227 25.4 0
109.356048085062 25.4 0
107.723868262896 25.4 0
106.091688440731 25.4 0
104.459508618566 25.4 0
102.827328796403 25.4 0
101.195148974241 25.4 0
99.5629691520755 25.4 0
97.9307893299103 25.4 0
96.298609507745 25.4 0
94.6664296855798 25.4 0
93.0342498634145 25.4 0
91.4020700412493 25.4 0
89.769890219084 25.4 0
88.1377103969172 25.4 0
86.5055305747484 25.4 0
84.8733507525826 25.4 0
83.2411709304174 25.4 0
81.6089911082521 25.4 0
79.9768112860868 25.4 0
78.3446314639216 25.4 0
76.7124516417563 25.4 0
75.0802718195887 25.4 0
73.4480919974202 25.4 0
71.815912175255 25.4 0
70.1837323530935 25.4 0
68.5515525309353 25.4 0
66.9193727087737 25.4 0
65.287192886609 25.4 0
63.6550130644402 25.4 0
62.0228332422776 25.4 0
60.3906534201159 25.4 0
58.7584735979542 25.4 0
57.1262937757871 25.4 0
55.4941139536183 25.4 0
53.8619341314494 25.4 0
52.2297543092852 25.4 0
50.5975744871236 25.4 0
48.9653946649618 25.4 0
47.3332148427963 25.4 0
45.7010350206274 25.4 0
44.0688551984657 25.4 0
42.4366753763039 25.4 0
40.8044955541422 25.4 0
39.1723157319743 25.4 0
37.5401359098055 25.4 0
35.9079560876366 25.4 0
34.2757762654678 25.4 0
32.643596443299 25.4 0
31.0114166211301 25.4 0
29.3792367989613 25.4 0
27.7470569767933 25.4 0
26.1148771546315 25.4 0
24.4826973324699 25.4 0
22.8505175103081 25.4 0
21.2183376881393 25.4 0
19.5861578659736 25.4 0
17.953978043812 25.4 0
16.3217982216503 25.4 0
14.6896183994862 25.4 0
13.0574385773174 25.4 0
11.4252587551485 25.4 0
9.7930789329813 25.4 0
8.16089911081957 25.4 0
6.5287192886579 25.4 0
4.89653946649543 25.4 0
3.26435964432659 25.4 0
1.63217982216173 25.4 0
0 24.5241379310369 0
0 23.6482758620731 0
0 22.7724137931079 0
0 21.8965517241427 0
0 21.020689655179 0
0 20.1448275862166 0
0 19.2689655172541 0
0 18.3931034482917 0
0 17.5172413793291 0
0 16.6413793103662 0
0 15.7655172414023 0
0 14.889655172439 0
0 14.0137931034757 0
0 13.1379310345132 0
0 12.2620689655482 0
0 11.3862068965806 0
0 10.5103448276131 0
0 9.63448275864501 0
0 8.75862068967841 0
0 7.88275862071126 0
0 7.00689655174272 0
0 6.13103448277419 0
0 5.25517241380532 0
0 4.37931034483772 0
0 3.50344827586976 0
0 2.62758620690197 0
0 1.75172413793441 0
0 0.875862068967145 0
324.80378461 0.0986206896549944 0
324.80378461 0.197241379309964 0
324.80378461 0.295862068964992 0
324.80378461 0.394482758619949 0
324.80378461 0.49310344827484 0
324.80378461 0.591724137929688 0
324.80378461 0.690344827584525 0
324.80378461 0.788965517239362 0
324.80378461 0.887586206894198 0
324.80378461 0.98620689654906 0
324.80378461 1.08482758620392 0
324.80378461 1.18344827585875 0
324.80378461 1.28206896551359 0
324.80378461 1.3806896551685 0
324.80378461 1.47931034482372 0
324.80378461 1.57793103447913 0
324.80378461 1.67655172413454 0
324.80378461 1.77517241379002 0
324.80378461 1.87379310344558 0
324.80378461 1.97241379310099 0
324.80378461 2.07103448275651 0
324.80378461 2.1696551724119 0
324.80378461 2.26827586206729 0
324.80378461 2.36689655172269 0
324.80378461 2.46551724137811 0
324.80378461 2.56413793103371 0
324.80378461 2.66275862068914 0
324.80378461 2.76137931034457 0
324.80378461 3.63724137930871 0
324.80378461 4.414482758617 0
324.80378461 5.19172413792628 0
324.80378461 5.96896551723498 0
324.80378461 6.74620689654277 0
324.80378461 7.52344827585169 0
324.80378461 8.30068965515937 0
324.80378461 9.0779310344666 0
324.80378461 9.85517241377528 0
324.80378461 10.6324137930838 0
324.80378461 11.4096551723915 0
324.80378461 12.1868965517003 0
324.80378461 12.9641379310076 0
324.80378461 13.7413793103151 0
324.80378461 14.5186206896255 0
324.80378461 15.2958620689378 0
324.80378461 16.0731034482509 0
324.80378461 16.8503448275627 0
324.80378461 17.627586206873 0
324.80378461 18.4048275861889 0
324.80378461 19.1820689655029 0
324.80378461 19.9593103448129 0
324.80378461 20.7365517241254 0
324.80378461 21.5137931034407 0
324.80378461 22.2910344827505 0
324.80378461 23.0682758620634 0
324.80378461 23.845517241377 0
324.80378461 24.6227586206868 0
334.80378461 0.0986206896549944 0
334.80378461 0.197241379309964 0
334.80378461 0.295862068964992 0
334.80378461 0.394482758619949 0
334.80378461 0.49310344827484 0
334.80378461 0.591724137929688 0
334.80378461 0.690344827584525 0
334.80378461 0.788965517239362 0
334.80378461 0.887586206894198 0
334.80378461 0.98620689654906 0
334.80378461 1.08482758620392 0
334.80378461 1.18344827585875 0
334.80378461 1.28206896551359 0
334.80378461 1.3806896551685 0
334.80378461 1.47931034482372 0
334.80378461 1.57793103447913 0
334.80378461 1.67655172413454 0
334.80378461 1.77517241379002 0
334.80378461 1.87379310344558 0
334.80378461 1.97241379310099 0
334.80378461 2.07103448275651 0
334.80378461 2.1696551724119 0
334.80378461 2.26827586206729 0
334.80378461 2.36689655172269 0
334.80378461 2.46551724137811 0
334.80378461 2.56413793103371 0
334.80378461 2.66275862068914 0
334.80378461 2.76137931034457 0
334.80378461 3.63724137930871 0
334.80378461 4.414482758617 0
334.80378461 5.19172413792628 0
334.80378461 5.96896551723498 0
334.80378461 6.74620689654277 0
334.80378461 7.52344827585169 0
334.80378461 8.30068965515937 0
334.80378461 9.0779310344666 0
334.80378461 9.85517241377528 0
334.80378461 10.6324137930838 0
334.80378461 11.4096551723915 0
334.80378461 12.1868965517003 0
334.80378461 12.9641379310076 0
334.80378461 13.7413793103151 0
334.80378461 14.5186206896255 0
334.80378461 15.2958620689378 0
334.80378461 16.0731034482509 0
334.80378461 16.8503448275627 0
334.80378461 17.627586206873 0
334.80378461 18.4048275861889 0
334.80378461 19.1820689655029 0
334.80378461 19.9593103448129 0
334.80378461 20.7365517241254 0
334.80378461 21.5137931034407 0
334.80378461 22.2910344827505 0
334.80378461 23.0682758620634 0
334.80378461 23.845517241377 0
334.80378461 24.6227586206868 0
325.148612196207 2.86 0
325.493439782414 2.86 0
325.838267368621 2.86 0
326.183094954827 2.86 0
326.527922541035 2.86 0
326.872750127241 2.86 0
327.217577713448 2.86 0
327.562405299655 2.86 0
327.907232885862 2.86 0
328.252060472069 2.86 0
328.596888058276 2.86 0
328.941715644483 2.86 0
329.28654323069 2.86 0
329.631370816896 2.86 0
329.976198403103 2.86 0
330.32102598931 2.86 0
330.665853575517 2.86 0
331.010681161724 2.86 0
331.355508747931 2.86 0
331.700336334138 2.86 0
332.045163920345 2.86 0
332.389991506552 2.86 0
332.734819092759 2.86 0
333.079646678966 2.86 0
333.424474265172 2.86 0
333.769301851379 2.86 0
334.114129437586 2.86 0
334.458957023793 2.86 0
324.180374872381 12.8172719815432 0
0.605615734090228 12.9571430403088 0
0.740129128759839 9.42529352380125 0
0.740221018900313 16.3142344631829 0
324.020939757408 16.0176253259984 0
324.293842394213 9.30650207244464 0
312.839523400464 23.8974539105088 0
312.938783106027 1.65398494505074 0
12.1993974937577 1.53639255004121 0
12.5990148883983 23.8625707560934 0
255.383941015776 23.9287339161995 0
68.8099986631436 1.39251719516181 0
305.960661529356 23.910363165398 0
299.12035001926 23.7224329756508 0
283.447694835269 24.0178722836717 0
275.321053086723 23.7594590633677 0
265.304691714917 23.9350762251282 0
59.6637661079729 1.64602882628625 0
41.1074787140584 1.53834694830625 0
18.7405041550332 1.42986879039535 0
49.6788178839327 1.46943777761166 0
221.429085126988 24.2513184989909 0
196.702497718895 23.8576110542057 0
247.721810028705 24.1509259304009 0
80.2783010009192 1.2933727965293 0
28.8984243546067 1.52011924004441 0
241.159383989961 24.0540985918778 0
183.818338546312 24.0059239340957 0
141.272031962158 1.36177471993924 0
232.680569413279 24.1032978449957 0
130.384559789106 1.43524734767996 0
92.0501780223664 1.54462456549683 0
105.217972057398 1.4012951008852 0
214.941022550366 23.7738426173462 0
118.317156967306 1.67499520787182 0
203.172857235279 23.6757673295529 0
111.827555467561 1.36001582102388 0
291.54506823525 23.7567155889536 0
173.815236119064 23.9504827654465 0
150.484255309837 1.37458003518261 0
98.405498082638 1.70828395578204 0
35.0313627746296 1.70082674143385 0
167.297180238988 24.3692688042347 0
157.043271547154 1.52946852305461 0
189.867619868728 23.7295226025965 0
134.573390432625 23.9360542771621 0
209.553773008141 1.32800120153163 0
123.672921960521 24.2210017769541 0
227.795683617994 1.70697714102466 0
85.5890171478815 23.90705905966 0
74.7948565587399 24.2568037010595 0
23.8766334479163 23.8295410701962 0
260.00670997582 1.60193925246667 0
64.5052112384508 23.7655271289389 0
270.158856928627 1.5771863498967 0
55.0303952675066 23.8020700133936 0
178.23196635183 1.33601162548206 0
146.04806992519 23.9348349727604 0
160.66973940945 23.9771265350714 0
252.320484065461 1.4856648134617 0
238.021336710128 1.42341121579558 0
280.478591212331 1.36132835599828 0
44.511133539111 24.189324518952 0
296.761032911703 1.35092634931259 0
287.516335789848 1.34879866108883 0
302.808714320101 1.42455459003398 0
38.5925410282379 23.4211151184999 0
32.3324797907459 24.3780107235165 0
244.294165134797 1.73342701176103 0
101.457249963486 24.0042304188406 0
115.051393030724 23.6155369088699 0
95.7310239578348 23.7453323374031 0
217.854277442677 1.6874078805125 0
109.343203366737 23.9355945895311 0
200.161376888567 1.29517639070025 0
186.889390288052 1.31450593814686 0
193.466302941131 1.58349207244601 0
163.946044844891 1.66137680251144 0
153.955600698894 23.6916989082792 0
170.471599667922 1.48519982561134 0
323.859003622412 18.7948842760936 0
324.138145840328 6.60579257793868 0
16.8233629180749 23.8105225461981 0
308.129588782718 1.2327538661866 0
209.403064797302 23.896775581479 0
204.358792589956 1.53826349854615 0
87.5513378485257 1.62943574952097 0
124.295703401491 1.47913250781799 0
139.601320688471 24.2153397475725 0
129.719039581945 23.8939964135594 0
79.5728461496488 24.275638212505 0
226.067923039052 23.5014103625625 0
73.8130283611271 1.50736765779057 0
59.4538131833013 24.136204138051 0
265.808177949027 1.29951304312371 0
134.202681093233 1.35154406736508 0
269.957200414323 23.674686941806 0
232.013447797125 1.61248048842187 0
69.2409587163827 23.9580498297233 0
90.4334743782533 23.8630996881011 0
23.206598573153 1.1529635846938 0
260.139386238843 23.978236415408 0
178.331581016263 24.2479951016744 0
146.701308815831 1.25092528332921 0
64.3292946378337 1.33312332046758 0
55.019398882843 1.10164655450502 0
222.976148585739 1.58483855698755 0
49.0565048829046 24.1469986042724 0
274.753298426761 1.58461470484408 0
0.786653191082451 6.53809290991813 0
0.853028626214518 18.9051802524787 0
324.261270201983 21.190025538051 0
317.601295861908 1.49253930321394 0
317.293164718568 24.0401162792964 0
7.29684563311843 23.8261396708058 0
7.30625172525983 1.15068058334189 0
324.680587282952 2.38533388023302 0
324.710095337066 1.79163563770828 0
324.710164199331 1.45338565103283 0
324.687796029042 1.03472741442751 0
324.696603522831 0.619220381457579 0
324.174029712824 4.05879296087167 0
0.959049320019475 4.26353421208478 0
0.700495005473237 21.2035293755546 0
15.5146794542239 1.39625812728209 0
19.9479285200791 24.2775734594955 0
257.385301819188 1.4177357511639 0
248.898335933553 1.74530772545567 0
293.020663074273 1.6442962196305 0
286.559711033235 23.9816054514831 0
284.537201827328 1.69794262023944 0
294.442199255126 23.9151758004828 0
28.6829456183113 24.0530553556571 0
157.771182441409 23.4203978765305 0
213.12854674333 1.67567832076458 0
167.385491608308 1.81327743222776 0
160.795454043632 1.44131001461593 0
236.198176537011 23.8071631455166 0
181.985787802645 1.39747218048289 0
102.163128732584 1.49617532424902 0
300.010678212723 1.89937363495989 0
118.130157663286 23.9001588287161 0
163.619436867316 24.143508794878 0
240.68872170394 1.64748992763833 0
114.917623669168 1.4263683222227 0
251.612220774368 24.1108761166484 0
196.473408763176 1.32222357702828 0
190.137260362244 1.67957035652616 0
37.8866735801714 1.52657338714858 0
149.971245788969 24.0233021833861 0
126.939164247603 24.0766184700996 0
143.406626734522 23.6316884074399 0
105.655225832698 24.0004161401584 0
111.793164575444 23.7748785491363 0
309.381304828752 23.7260372244741 0
173.359037469756 1.08801652361608 0
34.8232059644551 23.7950204346072 0
98.7090105857769 23.8229296746094 0
82.5859212046034 23.8195895777752 0
41.2898790815752 24.2875281170875 0
77.6467208699196 1.70961309452416 0
279.951365792442 23.7450166011728 0
206.606886000054 23.7958339032237 0
108.657959200852 1.53386635381039 0
138.292035237449 1.119312715984 0
31.5678452663869 1.37581802199619 0
229.596568188848 23.7595268874208 0
121.125739990272 1.43914026306264 0
46.3866446430722 1.43826009162542 0
186.747336942657 23.5657014633238 0
193.153298009991 24.0299133507711 0
83.5688852417093 1.1463721646827 0
95.2407223858973 1.54086968336207 0
243.925614712483 23.772617307024 0
218.433945973627 23.6422831467644 0
200.160990475556 23.8176868871298 0
154.317467827035 1.66705153899012 0
302.654188345866 24.3076188832314 0
170.631158771725 23.9292088362161 0
0.724079961157467 14.5203845735511 0
324.032917235833 14.3301209862946 0
0.976385306477257 10.9202613987789 0
324.260557458787 17.4384273183076 0
323.897256768 11.1753793800605 0
323.806655293436 7.85613821692094 0
320.654671247427 23.8047013313824 0
324.10911713366 22.7312809550304 0
320.696962882734 1.19359454540825 0
3.95117643232307 23.7607422583511 0
4.17120785650261 1.21023432983766 0
0.753743625246035 23.1980644445381 0
0.772644238067585 2.2718571951266 0
323.870210816156 24.4010907791931 0
324.298951553892 3.24862059517371 0
323.559677563077 3.76755662299016 0
323.290744113162 4.49165739856389 0
323.737017992899 3.08350205190025 0
322.469658059573 4.1356865691941 0
322.181718161602 4.98908215732545 0
321.421139034942 3.81937834302988 0
321.256428341786 5.05766762564659 0
320.186084696522 4.16212506853962 0
320.128164003606 5.23384811947375 0
321.339924226385 6.08477368328238 0
320.052335498092 6.5013132466728 0
320.729258621914 7.3885120479211 0
319.594013398638 7.41549708293726 0
318.76101092414 6.56352046155711 0
318.773056910048 7.6545527490728 0
319.183880352416 8.59400976175633 0
318.043234398014 9.35302814698366 0
318.851367513192 10.0740354897514 0
317.750843383929 10.8048826565358 0
316.667012661914 9.54373724338411 0
316.437708163196 10.6815833188385 0
315.56267048055 9.52309630970069 0
315.378949300985 10.6389436002288 0
316.146763841017 11.8525759212562 0
315.116818441899 11.7871064915995 0
314.131625071601 10.9966597800553 0
313.481849942338 12.5247175147932 0
312.37105977863 11.8995542628813 0
311.621782238358 13.1403499214754 0
310.904593919877 11.5983524005153 0
310.116273090414 13.6020836469203 0
309.380363947103 12.1657636127703 0
316.011987023458 12.9449601458133 0
308.671636798048 13.7839756158558 0
307.911097649043 12.6822900916828 0
307.653621235704 14.432781257878 0
306.602021605783 13.3306334283989 0
306.937256665254 11.4917422085484 0
305.535071186011 12.1508231308524 0
305.504908316742 14.2209522353271 0
304.064706708571 12.9502794024931 0
303.213926467884 14.4249040966523 0
302.398087095396 13.0261324106359 0
301.600569560671 14.8160209632475 0
300.722341909896 13.1310607755784 0
300.322202106459 15.0995214638026 0
299.232505775836 14.1282196422214 0
299.188934617108 11.9075622989343 0
298.273168799534 12.8627998156899 0
297.600762129163 13.9972742287866 0
296.455883677107 13.4510535542174 0
295.729844589709 14.3707274852511 0
295.191396670493 13.319856540584 0
294.971928744737 12.2417119875765 0
293.929398814341 12.4832230004231 0
293.784357369103 13.5632466380667 0
292.115406646261 12.9708108089912 0
292.363175765107 14.365918439269 0
290.886332456281 13.3034545330855 0
291.654738117466 11.6944832098332 0
290.214912044555 12.2268629454213 0
288.905995603162 13.6694295091686 0
287.890113345215 12.3452134000422 0
287.254241090518 14.2972502516182 0
286.696416105451 12.9122950825381 0
285.720360139103 14.4791178453951 0
285.001076470565 13.1457576893559 0
285.89571923312 11.4752357926556 0
283.978502335958 12.3704755423028 0
283.786230677831 13.994140865346 0
282.746804269078 12.9236078616357 0
282.377641483877 14.6015075271037 0
281.222157541892 12.962973327037 0
280.935223493457 14.335197322116 0
279.781448705419 13.4039560283652 0
280.004486020987 11.7718046183419 0
278.520874746203 12.3705094536676 0
277.549758898204 13.8737784103769 0
276.08886777321 13.0120901038406 0
275.462906941547 14.3557273959702 0
274.717806039778 13.4313487905368 0
275.378654831487 11.3800774387294 0
273.852219897886 12.5101522903386 0
273.593167455203 13.9214439007777 0
272.442758527234 12.47747274912 0
271.99781465493 14.0457156744047 0
271.073105022712 12.7176791924067 0
270.46550816797 14.8812915554215 0
269.418978364393 13.2310508119337 0
269.681552713984 11.3840064928979 0
268.1187948708 12.5787911725537 0
266.957626933903 13.335490952414 0
266.122891854938 14.9375063482274 0
265.166203968877 13.7231584220524 0
265.147003735433 11.9295745968029 0
263.443360229008 12.3286599384757 0
263.533513473722 14.1466566530872 0
261.802012306519 12.7493296457674 0
261.936146582551 14.5461689163252 0
260.38775750359 13.0228311846215 0
260.302392124477 14.776344565596 0
258.931450452691 13.6111835469407 0
258.709361921446 12.1137786524305 0
257.629262014828 12.8228310150931 0
256.77848133883 13.7328005416778 0
255.794327612986 12.808588124706 0
255.913148746895 14.5402461501185 0
254.87593335942 13.649452766246 0
255.241188250424 11.6799469442477 0
253.571149631809 12.2442638295291 0
252.813013636274 13.9224830493993 0
251.563532428095 12.8050131086667 0
250.883952705918 13.9937102560586 0
250.199423006742 13.0067603765154 0
250.009154542143 14.6280033431031 0
248.879251969564 13.5179829175321 0
249.399568663766 11.7185149994546 0
247.324690943964 12.8997861498708 0
247.091713468174 14.028820419853 0
245.908003058239 12.6497980470577 0
245.826613228054 14.4160470313741 0
244.071743861781 13.062873329908 0
311.556580639667 10.312810712581 0
243.343091567658 14.4926480185797 0
242.56944238531 13.5425521008482 0
242.704206681492 11.9657493460745 0
241.811173014416 12.6976782642908 0
241.266747002321 13.8573830668725 0
239.663082017639 13.1667748529831 0
239.888361968078 14.5652243541551 0
238.453225458421 13.5199834164538 0
239.156059185797 11.8738717346618 0
237.746664450032 12.5089649348454 0
236.804689157351 14.0959296514202 0
235.832203880567 12.5371029714684 0
234.54926065904 13.858036634139 0
233.596430708297 12.8446797691985 0
233.217356919767 14.5929564473065 0
232.547223055258 13.4492131343164 0
232.970948508988 11.5950868726794 0
231.765792016496 12.4042120333095 0
230.978305236184 13.6707133752674 0
229.776844655928 12.6811258381473 0
229.767665140928 14.4690847012587 0
228.856087841729 13.4853533154249 0
229.185295781872 11.5621100439689 0
227.758533743572 12.4843083478787 0
227.041792758146 14.2631736936605 0
225.69684182193 13.1628999443443 0
225.137104437172 14.9898408110993 0
223.577144356453 13.1137453325622 0
223.458743098211 15.3119089178147 0
221.789232753931 13.6662292243506 0
222.834638889438 11.7057483327224 0
221.533927615556 12.2840772993252 0
220.734143228483 13.9224343630593 0
220.070378082527 13.0013532650541 0
219.2384078473 14.4032825467144 0
218.390665612136 13.2355514208388 0
218.559350308699 11.652947697935 0
217.071433978507 12.2306057105575 0
216.440360804217 13.5794895507552 0
215.097499019618 12.5696242315334 0
214.720853023729 14.1238868549204 0
213.345487121736 13.3637043931865 0
212.768887374653 14.7578998710658 0
211.991618902752 13.5988219259412 0
212.457280386039 12.0598337464401 0
211.302212902748 12.6524245175983 0
210.663227588196 13.7534598056143 0
209.016285959985 12.7515678902282 0
208.367514438476 14.0725109121019 0
207.3450244098 13.031047035359 0
208.197389798258 11.6522159554535 0
206.797841517807 11.7111351752105 0
206.102408168618 13.6095249499211 0
205.199483187763 12.3627412064339 0
204.593746963323 14.3241531453524 0
203.89712677906 12.9318708223602 0
203.162419649986 14.4278698907341 0
202.247537424082 13.2171276257841 0
202.850906171144 11.4091766794166 0
200.709122351158 12.0593800257593 0
199.958789306654 13.199964211974 0
198.863258621863 12.161580343305 0
198.381417732503 13.685061329122 0
197.007596103202 12.4299731881895 0
196.849863318438 14.5456068961977 0
196.059018944414 13.2750416767403 0
196.055673185771 11.3681630100499 0
194.955759646474 12.0402765020488 0
194.547082047556 13.6289417009694 0
192.823063617937 12.7784546150473 0
193.154892126731 14.4122774086858 0
191.676285456103 13.3002132678192 0
192.0759585364 11.7410129415194 0
190.898484488764 12.1381956628276 0
190.160976609228 13.9091887869466 0
188.999577539687 13.0720186063472 0
188.212525653204 14.4666925789809 0
187.106658012534 13.1790844397588 0
187.073505332124 15.2366357126431 0
186.196930122247 14.1416082055561 0
186.33733077019 11.7550993044686 0
185.13896580956 12.8995859882124 0
184.163279470865 14.1838895167709 0
182.636450473566 12.9934917935021 0
181.95627314732 14.3608375151245 0
180.948216045133 13.1648159644688 0
181.70462914426 11.0036030551015 0
180.154952398389 11.8482859515475 0
179.796279436233 13.7673840984508 0
178.753858996489 12.4711086474114 0
178.76907960407 14.4187351985199 0
177.381279014561 13.3537228905788 0
177.793740101714 10.9020003639706 0
176.290750543916 11.4903575488868 0
175.899339749244 13.8999133791421 0
174.725730118963 12.3004612104285 0
173.608996589982 13.9165663644034 0
172.482421089125 12.3206165313565 0
172.126090910543 14.7038982660295 0
171.056337251686 12.9458555204109 0
170.916067730002 15.35848653858 0
169.904005384723 14.1783141088878 0
169.576234692621 11.8053509492657 0
168.71284633784 12.9453245543879 0
167.673575737521 13.9147519881084 0
166.641507609216 12.7276053335298 0
166.60953777173 14.6264991955456 0
165.63017626362 13.5535418519675 0
165.87726833703 11.8566559283007 0
164.607605017904 12.0310642551915 0
163.572782007892 13.2114866028801 0
162.494248997518 12.3005352096085 0
162.01732836868 13.6982441534287 0
160.682057752183 12.6488780914268 0
160.56866786938 14.5668003822088 0
159.575091961478 13.379670553115 0
159.989972931381 11.9424750174479 0
159.029761293303 12.202879250913 0
158.164962193792 13.9538983811854 0
157.632821892419 12.5867602411683 0
156.528349894171 14.4323817473396 0
156.001317539685 12.9447360392924 0
154.78075504677 14.8304122237018 0
153.799122368819 13.3234766406195 0
154.304087930742 11.4823842051247 0
152.590811623986 12.4457713308956 0
152.172071410209 14.0148901506734 0
151.434729399495 12.7396536225236 0
150.576740787085 14.5200910804962 0
149.500136921249 12.9604482324659 0
149.752694920341 11.7658098598615 0
147.886122414521 11.9383937741559 0
147.936140449136 13.90257034604 0
146.768952326529 12.7681477439971 0
146.754548930615 14.6614851997258 0
145.574846042819 13.6937732273084 0
145.807844549772 11.7135532047478 0
144.239818255182 12.1780845187906 0
143.046852207663 13.6792153807663 0
142.104799046728 12.6365789148119 0
141.632913678482 13.7138864090987 0
140.371606295041 13.0640186386549 0
140.236769563118 14.6147175009403 0
139.293587654411 13.8452695280284 0
139.496036179173 12.0370634415795 0
138.372658868275 12.6445970944308 0
137.732611714756 14.2514277362063 0
136.588868383014 12.9920716999016 0
135.600581048092 14.6017523959787 0
134.657471904494 12.7805878788067 0
134.02556337758 14.9141868317732 0
133.388076911911 13.8196599202514 0
133.370354708901 11.7791191427837 0
132.060450316627 12.910811535135 0
131.901663805073 14.6275767123555 0
130.346171242144 13.1626341814602 0
130.273140626748 14.6911834584553 0
128.85624696562 13.4312656168065 0
128.836956464266 12.0698773790544 0
127.356735316007 12.0908410006786 0
127.507526239879 13.6138072383125 0
125.749085435793 12.4724104506967 0
126.054291857772 14.260331038411 0
124.136438961581 12.9156050614471 0
124.405250299759 14.7132388331017 0
122.834969386614 14.173147267714 0
123.259203325129 12.2256173580341 0
121.996264917642 12.8017938017564 0
121.339181055909 14.4036494784257 0
120.204057249054 12.9556656941597 0
119.995770679394 14.5265366964353 0
118.304105682221 13.1966320438638 0
118.784102969535 11.3560027871179 0
117.38310080651 12.1314879425319 0
116.666722210943 13.9488347654701 0
115.903968715047 12.5674711339116 0
115.380251339906 14.0841466013338 0
114.245660050314 12.5996343883164 0
113.937636779089 14.1383525287263 0
112.508708144003 13.7959297204259 0
112.798327786968 12.0873018825341 0
111.066395994813 12.4544415458207 0
111.086647683342 14.1199553372166 0
109.636137474428 13.1203953166887 0
109.541427611155 14.527090037327 0
108.248402701648 13.3024154760416 0
108.776669553675 11.5423351495823 0
107.102782683056 12.005053713573 0
106.396292121046 13.4769938131864 0
105.479848569767 12.0500522143969 0
104.692011929851 14.0635000856407 0
103.931424724635 12.9552475178554 0
103.548052760561 14.672339716541 0
102.575808628243 13.9187441132888 0
102.795981428266 11.8083067190999 0
101.377013529175 12.8572953365101 0
101.160102396579 14.1593379877172 0
99.7507376749704 13.2209968684222 0
99.9672233094723 14.3463090541905 0
98.3971177601863 13.4930565022118 0
98.2638189858405 12.2221988909206 0
96.8473312141299 12.5530552150709 0
96.889884485962 13.9228256959345 0
95.5016042085933 12.6805292012974 0
95.3774802366018 14.2337241052607 0
94.0746405733527 12.8792503683996 0
94.0042639633742 14.3276506416113 0
92.6809888700173 12.8905083488505 0
93.0857189812036 11.5255531749334 0
91.2309264726241 12.6619859579799 0
90.8483573325789 14.0958910669596 0
89.8512404145056 12.4306684376593 0
89.1714784111617 13.8303787215999 0
87.9760169162293 12.9185803214475 0
87.623585017967 15.0024472841343 0
86.9427833849306 13.6794996973806 0
86.8246715709208 12.5005062576345 0
85.4928147487394 12.6277573794861 0
85.6195244279481 14.032673542149 0
84.0949088585112 12.8416234139246 0
83.8207996030978 14.5533432313968 0
82.5852023111839 13.627932929897 0
82.3348779033778 12.0114180733361 0
80.6896790729592 12.1242678621007 0
80.6831789001364 14.2197858323884 0
78.9870717884765 12.6285002388366 0
79.0878352306552 14.1423276059714 0
77.6092892705364 13.3683820950767 0
77.6897099792751 14.550901992571 0
76.2678512783268 13.6988688606912 0
76.48658612598 12.1844927346167 0
74.9979115170416 12.560361007473 0
74.7268337298211 14.0943975382669 0
73.4976628237549 12.9692230233406 0
73.1755154142471 14.4626656228931 0
72.015751633896 13.3051678087085 0
72.3863085831381 11.7990688951367 0
70.8750707373897 12.0863322937728 0
70.526386424192 13.564815795186 0
69.3439747151527 12.2745692915332 0
69.1017781891465 13.6244793330423 0
67.7610567570453 12.21248699067 0
68.198754301208 10.876641513763 0
66.0895869297676 11.8381595539416 0
65.6108787870271 13.1078540054752 0
64.5882418349376 12.1693713127889 0
64.4499755131481 13.8462049776041 0
63.4511133831901 12.6525784177251 0
63.069852363292 14.4172193537289 0
62.296938051521 13.1712725885709 0
62.6817059249267 11.2729050781609 0
61.2055378843895 11.7553215678042 0
60.7681917314548 13.4131226274386 0
59.2424634900585 12.4390210110096 0
58.6882889834649 13.7503841452827 0
57.5549289529631 12.8790649634278 0
57.5351781287638 14.6436989609354 0
56.2142462540314 13.8314591338623 0
55.6624067128036 15.1134848852664 0
54.4773811507009 14.0151452273895 0
55.2192231828255 12.5832017571586 0
53.3002187623819 12.8788506177717 0
52.5211003549145 14.4323358348602 0
51.4344007659252 12.9621867265503 0
51.3654062183862 15.2877030879854 0
50.324828618268 14.04276149496 0
50.0809847193121 11.9897444689923 0
48.4877456309407 12.4103984334985 0
48.79675646713 13.9342067706783 0
47.2167485653652 13.1038539404495 0
47.5445563893433 14.3484897057419 0
45.9706337556595 13.2760321374126 0
46.0801632055537 11.7695603974734 0
44.8344048133475 11.7772351925638 0
44.6286258142241 13.2474241305041 0
43.3195971579266 12.1846196930885 0
42.4017950611828 13.7896554817345 0
41.0718065866418 12.6758065540921 0
41.3677412156936 15.1121309766273 0
40.0827326583907 13.8505302559547 0
39.9036533574998 11.6203142018424 0
38.8907971044786 12.6044532465617 0
37.8537171993392 13.6531361547146 0
37.0519204827859 14.8342934993965 0
35.8430171743467 14.0698436346241 0
36.349100807682 12.4566949633379 0
34.6287936344192 12.3497675506232 0
34.173755228753 14.0265333891487 0
33.2917795037857 12.3514155417698 0
32.4322962616961 14.6666213165004 0
31.5810626907786 12.5964455537023 0
31.1679315940205 15.1858428538402 0
30.2756369194559 13.9163747919636 0
30.1500499643486 11.380006797992 0
28.9873878754671 12.3249081668397 0
28.2598134060841 14.0005759126903 0
26.9975264427199 12.8737358700913 0
26.4286806448842 14.4406496353853 0
25.250871599351 13.352306779493 0
24.4513631830076 14.6747098378685 0
23.5512646028083 13.3732056062287 0
24.2016567118727 12.4340487731637 0
22.4651494983499 12.5307927572723 0
21.6565566039546 13.8899177250057 0
20.5583356441283 12.6504064923972 0
20.2464909271341 14.4423446987271 0
19.6367538276831 13.3802437043093 0
19.8305136113863 11.8553523313895 0
18.551244037025 12.0448149853127 0
18.3755804496786 13.7884179375603 0
16.897844924073 12.2071977360141 0
16.7217745852625 13.8875739231548 0
15.0025289589074 13.1069689643914 0
15.0138999516699 14.9505132788155 0
13.4877740809862 13.5099823713522 0
13.9919535992959 12.2081768036571 0
12.6113898356266 12.7173607480791 0
12.083722660748 13.8779284842883 0
11.2772914314945 13.1333559454888 0
10.7375099329603 14.2191010624378 0
9.68654795458615 13.4109539652501 0
10.5085273799178 12.5336637439868 0
9.64849478148101 14.5867329236619 0
9.16008460713568 12.6535539846761 0
9.61345663971315 11.5685635923153 0
8.18684010062806 11.8735302206419 0
8.49152706789419 10.7601464236768 0
10.2185669634139 10.1025864857247 0
311.354692231298 14.5438227301346 0
247.688068038003 11.2962507943927 0
304.535374491781 10.9331762297749 0
273.968348450027 10.9589462467759 0
44.8164372451346 10.1052120023878 0
128.33302391366 10.6110522594212 0
59.7019801291147 10.9514840430001 0
263.353063558338 10.4634710332247 0
18.8337552264529 10.4377125627752 0
284.296445379963 11.2390811671225 0
91.7536176952984 10.888741567034 0
144.174330178477 10.7444077674597 0
216.863965383228 10.6170217954322 0
158.980030870169 10.8840260557277 0
7.38781800176825 10.7290529018818 0
7.1097590694728 11.8762781503176 0
7.59520174637763 9.49797757336136 0
117.67362080078 10.4244616246213 0
29.0157345470261 10.4846673240667 0
227.524401857747 10.6906272836312 0
137.879192719267 10.6106950602714 0
237.720356682638 10.8037926448498 0
35.0756354369511 10.4607412169551 0
174.834786679248 10.3682019494347 0
107.374487797091 10.7349371737306 0
164.750818134836 10.3491965657179 0
10.811730049291 15.562759585996 0
9.48582574765902 15.7716218121457 0
201.204063186929 10.6398882759823 0
81.7113574578342 10.4422514504592 0
290.406214818868 10.5844325293852 0
191.018232768645 10.1540673938995 0
97.409087239714 11.1374352686977 0
207.147824192589 10.2892502725344 0
253.887133460011 10.4616606830593 0
66.5950296703135 10.3732413049708 0
302.850819062851 15.8711440036906 0
15.7264043409327 16.073796743068 0
286.681757483193 15.5038438052224 0
271.214867489554 15.8733799740276 0
173.357815716533 15.5621491753149 0
63.8360130927731 15.657539090069 0
204.651686399217 15.6962267798255 0
261.251073090505 16.1276527003466 0
42.5189161509608 16.2628057585652 0
135.011742922747 16.2481742980745 0
32.0917277776635 16.2371322678412 0
188.04202955082 16.1783579155222 0
58.5971195220494 15.9739630449332 0
95.3777330376483 15.9432826307613 0
214.414089035622 15.5095713420267 0
161.673911607265 15.8174832732808 0
244.460795540076 15.5615847144129 0
250.999643470411 15.5967766756483 0
114.848561464487 15.6391463236085 0
104.452757819566 15.5515148708129 0
25.6783708744112 16.0584283752736 0
141.360978201304 15.0057295684246 0
6.45086519564504 9.67440653874023 0
6.43791990655613 8.61662348183824 0
224.67601333392 16.4795165567723 0
197.560886633522 15.9704468920571 0
78.3372100479736 15.8447711420567 0
282.137616604129 15.9616805952429 0
89.0019214044999 15.9983229364201 0
233.882053252447 15.9412157461988 0
125.437021793151 15.6575960417168 0
155.473545330194 16.1259466650096 0
10.910048533142 16.7645094184078 0
9.69070108153422 17.2760374740248 0
8.55835986668722 16.7209541300152 0
8.07093819304424 17.7806326818248 0
7.11780540806954 17.0923159722909 0
6.66649508805072 18.2069980853752 0
316.909625349077 12.9608482835571 0
316.959220265644 13.9404001004405 0
317.945105216846 13.8534225255186 0
317.945414136521 14.9398714585468 0
316.851704434768 15.3347215167488 0
317.829296403355 16.3099318362281 0
316.189463718647 16.6144054462172 0
319.153136286769 16.0822686785518 0
318.588592958133 17.3033359464903 0
5.36683563984504 8.69116281275059 0
5.58426005050767 7.73942956850307 0
6.45036797988098 7.28623749173678 0
5.46944741142153 9.78320016332083 0
23.2066238195229 11.1389763348971 0
5.77934977085344 17.6055755756467 0
5.17224526095539 18.6715055744121 0
24.3037479248379 16.1680747245128 0
109.395194486209 9.95442416116317 0
107.927314276634 9.00660123211907 0
109.852568615338 8.44780386509742 0
83.0462028083918 10.1470902578218 0
82.4435703314365 9.05706922124244 0
83.8405996167171 8.30764018110199 0
68.1423102656204 9.39988390477333 0
66.9055501014501 8.48055986746447 0
68.3436979720649 7.97042270397895 0
36.8903325832225 9.88586916468716 0
35.3439534438799 8.36701093110183 0
36.8518840862456 8.38688078523518 0
119.148328381861 9.62167952677132 0
118.056763647565 8.64582102178053 0
119.550745034536 7.80384420392449 0
46.1717995772352 10.3445704796525 0
45.3732897053695 8.48601731556595 0
46.4698203688215 8.94741722910349 0
98.9598772148962 10.2923054710311 0
97.9802393921451 9.04701592441389 0
99.3300328219544 8.26810357412014 0
75.1121705227079 11.1875692441603 0
129.815323003601 10.3978564574044 0
129.01052038873 9.10745962504514 0
130.459648837963 8.82348548718472 0
47.936141118962 15.6167609016764 0
53.978761150241 11.6314704937712 0
121.345011753808 15.5625722123847 0
52.3937888972554 16.2309498044395 0
76.7526375788268 16.6073992046704 0
102.860616257819 16.2404216434746 0
70.2536036928549 14.9057405837373 0
40.1553882548038 16.6164828560516 0
133.56513644088 16.6348330928722 0
87.6436280990698 16.7468522320704 0
113.107906388875 16.4547565296731 0
147.781770699998 15.7410256038119 0
145.328678894792 10.3808689305329 0
144.257891263394 9.112343334921 0
146.134338516916 8.95566225152837 0
152.763914107546 11.3395131126203 0
153.957625522318 16.4616471583917 0
167.255329828072 15.8313549514501 0
166.334488348964 10.7139700667457 0
165.464857181413 8.93674917356469 0
166.998175348679 8.68539312124995 0
179.706153759112 15.5166591720309 0
180.505114340391 9.83409140144425 0
185.444721264358 10.5567934243103 0
192.519882272927 10.4739821815773 0
191.249479791316 8.60289830016361 0
192.511929646132 8.7914825126994 0
183.235347449229 15.66354215706 0
193.92258846877 15.5849592903417 0
208.893072244137 10.4489490920712 0
207.004424001253 9.11309938217192 0
208.435588399399 8.74187847445043 0
209.841485709146 15.1038249770364 0
221.203314807229 10.8177120983697 0
220.313686623365 14.91740459469 0
229.144651848509 10.1701926625694 0
227.516506388568 8.97813492261888 0
229.162414162979 8.53301675427959 0
230.500862633032 15.5749701062005 0
239.098248583084 10.7050579251761 0
237.80783485908 9.42880346396058 0
239.461913349469 9.20578437677949 0
240.717631452872 15.6758817133354 0
255.188193888599 10.5007542936714 0
253.825918291417 9.19032509037621 0
255.596446926352 8.98126172031512 0
268.291069003339 11.3728479288562 0
256.658677509024 15.4584933772424 0
269.325727056509 15.8571983105157 0
278.757010353628 10.6662217735129 0
291.648755438794 10.5739246898945 0
290.367843279166 9.45116024776518 0
292.058367127563 9.21154735794383 0
280.433673360237 15.8731303425168 0
296.886186716564 15.5108574073277 0
297.9004562725 11.031204600295 0
293.145309337423 15.4447366696386 0
308.67932208403 15.5306391347908 0
25.4677774386249 17.4474541023705 0
24.1468097586636 17.6584456312548 0
319.977592785548 16.9539265164731 0
319.377522587518 17.762961942754 0
320.205098086009 15.4741763682468 0
315.86821267218 8.25188092655498 0
318.111900884702 18.2684303143661 0
9.07666472097177 18.4927814273729 0
270.61689233073 17.1341913778435 0
269.3301455391 17.7478928620798 0
281.125539298602 17.8810756565837 0
279.132393417747 18.3220958051342 0
88.7305322696847 17.6566890851697 0
87.5790684786385 18.1136853327088 0
41.7928803581615 17.6276232866375 0
39.8892305668625 18.532696938741 0
5.66862165505478 6.44060205916634 0
104.575265597602 17.0065987487799 0
103.136613603256 17.377452796381 0
7.29779288665516 6.0678523959021 0
134.550596183415 17.8421347613216 0
133.337327592912 18.241640385881 0
115.140179841616 17.2988971103666 0
113.5949716888 18.0740235115612 0
207.948367560495 7.45227293115142 0
206.362933170358 7.7521905566909 0
290.910228427426 8.03184309122741 0
289.174197829234 8.26138100851286 0
78.2391690009057 17.5308572022259 0
76.7592171698404 17.964524052904 0
155.499568990153 17.8255618695455 0
153.452324633028 18.138915459993 0
67.8472952676403 6.57843248783127 0
66.136116497668 7.28207857788557 0
129.538333041307 7.82301693483898 0
127.630451467806 8.54761777087094 0
130.627644098981 7.08240801676804 0
145.107505281366 7.36150245654592 0
143.456496292005 7.80189818540849 0
146.731627418415 6.91355128558209 0
319.96485410401 9.58461999452401 0
45.703525887966 7.47109739493388 0
44.2136739086239 7.74535895239438 0
292.496343445059 7.10517936048485 0
46.7944538696277 7.43557550898457 0
69.4981516198531 6.26555946371224 0
209.424111330343 6.71299840923977 0
254.31691617291 7.36791980437119 0
252.561577487912 7.64805748342697 0
166.088840605936 7.14793350038543 0
163.948976669644 8.14764110938441 0
167.614898624823 6.84588093656206 0
82.9589231101433 7.04040521336711 0
81.3774988528611 7.62475798250021 0
84.3338975932839 6.84085960536014 0
256.124330617624 6.60071365236455 0
192.025316740391 7.15895282484138 0
190.025336933678 7.94300634284996 0
193.207106109887 7.13649070438316 0
4.45618331856956 8.2332952227752 0
238.301292653673 7.65450558290136 0
236.470756783099 8.17995652887117 0
239.998292764111 7.07510247972025 0
98.3404582994778 6.9398814600375 0
97.1777024067278 7.85878728708806 0
99.590437540633 6.3923196777456 0
118.455317331613 6.8844914578218 0
117.491549543977 7.64842912710069 0
120.284036807567 6.30994243114044 0
319.009427894058 18.7456284415117 0
108.444202699612 6.93013601285475 0
106.823116932089 7.56143157477269 0
110.077274262258 6.96936011648803 0
227.298793308426 7.10924373225801 0
225.604449799514 7.88554080120305 0
229.251755528089 6.68642233876394 0
35.5847237217948 6.87631840482331 0
33.6999920217077 7.94237028671567 0
36.8536149150608 6.95552681160185 0
6.20325773790628 16.5694620872472 0
4.99183560345796 16.6019100969626 0
5.27194821852725 15.2405613815349 0
320.789892182784 17.5103117866319 0
44.9773896557669 6.3707871036062 0
43.0029070867562 6.84253632107083 0
317.754261439231 19.4781894895338 0
128.042796783081 6.70267750115792 0
125.789941688508 6.95992990175779 0
319.601665581842 10.8597019562427 0
25.1323666465745 19.5376651312075 0
26.2948159287792 18.2678941815297 0
6.28514794647196 19.3952909684286 0
5.03643893286623 20.0410321336434 0
144.282702355599 5.71275454357715 0
142.511369372025 6.30315090451488 0
88.1914376358618 19.2043594993001 0
89.2544600252775 18.6233498389068 0
321.038469272811 10.1004235898485 0
320.905371862673 11.1671322401783 0
291.679064555904 5.81544836999409 0
107.795258363616 5.69252426644998 0
106.289145075397 5.98964603204197 0
24.5694781849847 11.0699475142298 0
22.9265583023099 9.09390901625779 0
24.6678132623108 9.19278548441573 0
23.5406783043077 7.54513921535417 0
25.4690999162728 7.49014028244651 0
21.7253770256217 7.81223894384297 0
22.3980720634194 6.60375954537688 0
20.9040226787975 6.99440139389434 0
293.569561851206 8.32265558605702 0
293.990419284432 6.13893918809643 0
295.088819862176 7.58419735652858 0
4.2193203984787 15.0839477655401 0
4.4851769808614 14.1014315035254 0
3.86369270954386 16.1316277217163 0
295.791534818479 5.48979696092602 0
296.543830535281 6.94230782418222 0
257.083929031699 7.9634106904649 0
257.363572908824 6.06455629875786 0
258.304233463576 6.98856206832351 0
240.81746827983 8.22988590327279 0
240.941341969116 6.12905902625776 0
241.963932244436 7.28355276948867 0
242.870518632802 6.14879602640841 0
244.022597469767 7.25986194547825 0
244.771366193919 5.93512047578387 0
245.960777459179 6.98664277895668 0
230.672748361577 8.16752086507533 0
230.694758518238 6.73657135227967 0
210.08148292607 8.29995550066584 0
211.203509523068 6.46701272666809 0
211.993361542376 7.86845478571762 0
193.946947703253 8.46271756681685 0
194.890952614805 7.13090747060187 0
196.077977465536 8.03155311163472 0
196.919614452664 6.75860887910981 0
198.049355953913 7.92393060962823 0
168.185079098761 8.14396959377909 0
168.551958497149 6.61499347745562 0
169.27308553757 7.44254381242621 0
170.157614887318 6.22456460239863 0
171.217950068175 7.67813060630177 0
147.739263577679 8.16695694181167 0
148.19255351779 6.35400206014383 0
149.146668698125 7.48024083711416 0
121.211897621329 7.97043155591893 0
121.444821277597 6.58489471340549 0
38.4918430137748 8.26457209959702 0
38.1636907777388 6.40832943419872 0
131.633488369064 8.22013406305951 0
131.896501204195 6.13078185929095 0
132.820573755002 7.44975307097633 0
133.355545150344 5.51065767281949 0
134.443423361442 6.70055663758356 0
55.1605933277775 10.6919327891927 0
54.0932333167898 9.46510735354261 0
55.5698416752508 8.89816226679841 0
54.9356900503589 7.60302688738361 0
56.2484855677251 7.42463989204299 0
53.6727589041472 8.08754314689043 0
53.5340222816522 6.57236212889802 0
111.398657348246 8.65608849321026 0
111.592927895157 6.87416436655611 0
85.2040421733971 8.2449417789631 0
85.8670897874098 7.13575513230362 0
87.0970599436644 8.05128154982495 0
87.3903313773033 6.23651326596378 0
88.3413444169522 7.23888323954574 0
88.4983670064074 5.10271722610439 0
89.7273437443645 6.23155424878737 0
70.0338356335603 7.54839011356217 0
70.8158862943092 6.07020548411033 0
71.5766020937976 7.56929820663404 0
100.449870036074 7.37171647481896 0
101.279547814735 6.25944244366764 0
68.5514780632569 15.182351716686 0
69.556971339219 16.4927553838082 0
68.2821603363391 17.0917447981912 0
69.6391129806683 17.9417131222108 0
68.1160871018977 18.330313097656 0
71.0521899949617 17.633319227962 0
116.894210169672 17.1177992318847 0
116.591303603568 18.7168228485107 0
62.5037343409675 16.2971953470525 0
79.6167748543064 17.3258330867888 0
79.7324552576632 18.8414023723092 0
81.2787100989711 18.2330226247108 0
106.08878315811 16.8084949843822 0
105.851550579427 18.4400650504586 0
107.78756660578 18.1985452507343 0
117.767820086352 18.2878079274168 0
46.7419573198104 16.1133589549792 0
47.4443706651405 17.2326448556104 0
63.5981542513781 17.3333746352315 0
62.0431468121756 18.1749151723617 0
63.4419406721791 18.4977766896286 0
61.6862091911511 19.7757148615017 0
46.5811830957095 17.8221406980292 0
47.4695587287992 18.7916443196864 0
48.3129657725727 18.1684543071415 0
139.692366743391 15.5840415811485 0
140.751857953149 16.5710243853794 0
146.089350268434 16.0417969372454 0
146.968018891754 17.9095813737385 0
139.428797954741 17.3993693231043 0
140.442168920682 18.5478185811615 0
138.969135265952 19.3054996412993 0
142.223714253972 18.408097304694 0
154.641674851629 9.94054523409661 0
153.085568590521 9.76974168983855 0
155.068540246345 8.57550989048876 0
153.686569901911 7.91278704358693 0
155.279490025414 7.2117375071183 0
157.10678081539 17.3995003561882 0
165.647873021059 15.6604657873363 0
167.588509629784 17.1026447379006 0
165.777206624672 17.4682386514228 0
178.265357361283 15.6435046497109 0
178.87657623759 16.9452394453846 0
177.88625996087 17.5690180969769 0
178.746954721385 18.722961464618 0
177.051824016819 19.1867750712231 0
179.695272684059 18.0855192291647 0
192.715834312656 16.1762881891637 0
193.491001576749 17.2373767751392 0
192.564002848657 18.0936424840693 0
202.769336149312 15.6747451565452 0
203.820923481114 17.2832611342797 0
202.170035430001 18.0921374014624 0
205.382977649808 16.8499214259655 0
204.844242894482 18.4863952490677 0
206.110701854262 17.9877593017007 0
218.254608425728 15.3562484332571 0
219.505454326548 16.4412300378853 0
218.103667103308 17.3452418844895 0
219.163925787166 18.3248003353638 0
217.572817601666 19.3084678285729 0
220.840248848412 18.411746715105 0
229.379186988215 16.1604164943423 0
230.133749527257 17.2930267981414 0
228.993854122416 17.9847225404823 0
229.748152537272 18.83635678838 0
228.12161826043 18.8467587814126 0
231.056355796455 18.6175902314641 0
239.407224129124 16.2617013399766 0
240.278952974124 17.3548591165398 0
239.114186524629 17.9432705741313 0
249.449898293001 15.8731642128513 0
250.570174626958 17.2645674746198 0
249.38143467541 17.8724334156764 0
250.223488536176 18.9955886727906 0
251.601674470325 18.4701266523744 0
272.755666765316 17.45495303988 0
272.06019424961 18.7190622205661 0
274.070220120166 18.7898071891227 0
270.087054640585 9.98924033679667 0
268.752027207334 9.53709237008524 0
270.33922374636 8.60214053590991 0
268.684436550328 7.70270568601885 0
270.31743971104 7.21190160794989 0
267.001860545776 8.2268867780727 0
266.728503347803 6.70204816396707 0
265.22324349329 7.27585137149818 0
280.11399233231 10.3772916706271 0
278.835371868667 9.26448689128362 0
280.342299182657 8.8578996425427 0
279.034476086888 7.69864526438034 0
280.582982965002 7.30421729065965 0
277.523878891899 8.11800022242073 0
277.552930912109 6.76139517071834 0
276.188984541963 7.13410339271133 0
282.748718781146 17.2199647935451 0
282.362116277365 19.0727138468221 0
283.468078866838 18.4228863118553 0
291.914355948554 16.0106917630268 0
292.857066783464 17.0392763035136 0
291.070538245869 17.1483688114903 0
292.054970182382 18.6852155314439 0
290.445961209957 19.2607698399468 0
293.448578416329 18.113195727428 0
45.93711845567 19.0092850427627 0
117.329088368546 6.42792352856885 0
299.977262404701 10.7896476843664 0
193.717785565402 19.1868928151519 0
194.96629245352 18.1479045483499 0
191.669429388257 19.2402947018648 0
157.03105629777 19.239172645621 0
158.311320203021 18.2867892652143 0
12.8525508624258 11.5271621920907 0
14.1493361533491 10.728650241945 0
13.011431207772 9.43668919253343 0
14.8504854276287 9.29661227197605 0
13.7053028519069 8.35911995751749 0
15.3421753174985 7.94549270627417 0
14.2530401757069 7.2606050165914 0
15.795303006365 6.52794604648054 0
12.4427524911813 7.45531674748848 0
226.226525481517 5.77240846045689 0
225.160819155281 6.60414915682186 0
307.742123903588 16.3898650832975 0
308.624015238775 17.3912139744713 0
306.951310925141 17.4305004026972 0
308.018979155165 18.4089109301123 0
309.63054815415 18.1295008171208 0
306.129174785913 18.6828699516918 0
240.06940363255 19.0147049819351 0
238.354016240583 19.1822468531568 0
241.119929179504 18.4220331672434 0
135.338798391561 5.31402215211504 0
136.119983647943 7.37922969766094 0
254.897079018459 5.72310760532026 0
212.682871577827 5.63190851173061 0
213.573479925276 7.03017692158624 0
213.967674688959 5.42638784509029 0
214.815768254503 6.24170952976251 0
149.580214117818 5.63311880531909 0
259.115444804013 5.85836035874181 0
260.389228475654 6.43540895289937 0
208.113681390671 5.47714725407723 0
166.64519305742 18.925101172713 0
168.3091475086 18.60754852339 0
165.257806688765 19.9094074507353 0
34.3678649215493 6.29508583556183 0
32.2346403540847 6.77718881910361 0
20.9704026531318 5.59999634510681 0
314.681324256429 8.37834663883154 0
314.691658191923 7.21188914463025 0
313.33184663174 7.56479084175958 0
313.311227465125 6.37300060648901 0
312.07162312027 6.63223076582306 0
314.552636153971 5.8948583321539 0
236.727996359227 6.34057484014198 0
249.014384678473 19.5635878502792 0
260.717112681058 5.43807403657704 0
66.820442197365 5.17310514482595 0
65.1150436083733 5.81298682276785 0
23.7089036722661 19.673632533668 0
22.609153855111 18.4505920999133 0
97.4023823089746 6.18262673218249 0
96.2610366188267 6.64008107127423 0
153.739026581203 5.8867307208714 0
164.461516940399 6.52536789377371 0
162.455545172244 7.67727007875531 0
155.215322638037 5.989000786939 0
156.416653280144 7.09381772675664 0
14.4813855631987 16.347314653806 0
15.6990954615459 17.2788033592788 0
14.394389219906 17.4826064342128 0
15.6094434444658 18.4303935219982 0
16.8962237808232 18.4526172936742 0
14.3431044875687 18.601567246162 0
41.1193627969586 18.9664198448068 0
39.5414989336346 19.8453946185389 0
38.5783865682112 18.3357583251151 0
81.511903378516 5.62712637759896 0
79.6201433894786 6.74609433502876 0
297.019550275346 5.37609377215632 0
297.730684954635 6.21294961413033 0
171.644451109266 6.37572734379863 0
172.812111621997 7.17338913006755 0
190.609801228933 6.38646803864454 0
188.494763953114 7.19055577954931 0
71.9085831443884 6.19843389501148 0
72.9696555488443 6.95667544974619 0
87.0651162333535 19.9062583671118 0
134.044277476574 19.3637286295284 0
132.780877349979 19.6973202897912 0
132.375641866021 18.6993189060095 0
225.266907527269 4.7322424929762 0
224.358580344353 5.5782344285135 0
6.14786298420359 5.31365058847921 0
5.07442672501294 5.68165335342767 0
198.083267771357 5.55885530920282 0
199.001856640924 6.99225693087482 0
309.146333962997 19.2580410309453 0
310.748593490113 18.4687368569237 0
13.2913904402733 6.38705973028747 0
11.8851231603869 6.38847019260036 0
246.839728217098 5.81169819732453 0
247.940298808356 6.94018490570575 0
179.311909881545 20.1246465021945 0
180.823277362746 19.2662786577974 0
46.9573538157783 20.4696165502148 0
38.4878889743649 19.6998917992102 0
37.2850776286419 18.0826554477295 0
319.112486464971 4.18291580868043 0
70.2665112121402 19.2227810998913 0
72.0359793567457 19.1086962582331 0
229.790693373257 5.43178973207775 0
8.01999032691456 4.92595279840035 0
132.27894160834 4.68009080831614 0
272.780877143499 19.992992750817 0
275.148555987729 19.8486024832842 0
318.883060852176 19.8877533922827 0
320.064289281707 19.9418756052951 0
80.5048712444859 20.0982454687371 0
107.356385495746 20.0854659519001 0
108.900237479818 19.3405528802751 0
15.0235096497707 19.6855006761976 0
16.9943267024427 7.35041834341309 0
17.3017947214552 6.08621180799328 0
156.567081383722 5.50714109516487 0
73.586886322815 5.34224676494799 0
87.7971684265005 20.6807512094486 0
22.0606411260664 20.4027675732553 0
89.9933590817262 4.92456844085451 0
131.84527834959 20.3038642440128 0
131.064447991456 19.0762845273926 0
105.639607352978 20.1060307934169 0
110.381843857623 5.49372032333764 0
249.895481688085 20.6322610835328 0
205.840304695446 19.6313602772363 0
207.022907958878 19.0721801085617 0
79.2311460418765 20.2622008273476 0
231.085285416913 20.2297295086373 0
232.463001816323 19.5888346282997 0
117.002701164675 19.8851813212302 0
118.462658632801 19.5972788408517 0
276.171052457885 5.74420634419176 0
274.781133486612 6.05536215283706 0
215.926842752775 5.13938184424529 0
217.131382226252 6.38119671312606 0
148.467490921568 4.43533930005362 0
120.637388540425 5.33913168610908 0
121.908912610351 4.96963285527276 0
5.93326131885902 20.6502855923282 0
204.463154514409 20.211530832957 0
321.951191902496 11.0932429280038 0
321.48553688989 12.1553553042401 0
194.680638385702 20.1658809265645 0
195.95891088901 19.5506823248912 0
21.076576649768 19.0192366015519 0
32.3114671520554 8.28041261807165 0
30.8857799336609 7.23201442171247 0
255.445751890499 15.714920316054 0
256.348842007685 17.0106800432466 0
91.4222463366118 5.91170115944012 0
74.5402595439349 6.51491844806876 0
115.898361243657 6.39065329555988 0
52.1415104075769 6.53815682083833 0
52.4686350234551 5.17762996896902 0
78.7271226074272 8.5977422481621 0
64.7434334609052 7.88677768809675 0
63.913841708719 6.68184575058423 0
105.717244379908 8.20534203169681 0
116.262554995513 8.06613784973736 0
95.3465458095166 8.6176736296247 0
42.2865278519994 8.46227905118055 0
126.076964765651 8.86995544711263 0
93.6957067809676 16.1229525561743 0
94.6208318766929 17.476126331708 0
96.2866648741936 16.9664479686427 0
95.8219232154777 18.3738074995877 0
97.1261414073837 17.8275726498385 0
93.8103490894291 18.6236172872085 0
96.5371716058362 19.480340198011 0
97.8844638363082 19.3274940824474 0
86.0687833142104 18.4726134333059 0
84.5997427632797 19.8663469534908 0
141.925863627622 8.30364391309153 0
140.810767449228 6.8426760497464 0
162.107645494164 9.31761151456347 0
160.900035678816 7.58576317860821 0
161.061604884463 5.75161839423463 0
188.113248728079 8.88348606135543 0
186.940860306907 7.52345570966691 0
202.801545151282 10.1134819681441 0
224.182785121349 8.23879692321528 0
234.971913505678 6.63789052021146 0
235.658834492253 4.97787380648459 0
235.021642839243 8.38967037034671 0
249.413177433031 10.3975206979102 0
261.671801707253 6.72788804072021 0
262.093668244259 5.1360063883047 0
30.495462651986 16.2830395732139 0
31.4520662236661 17.1817872057957 0
33.1095847245967 17.0472249940071 0
32.3857516913536 18.4259450411682 0
30.8104220127567 18.6275979817825 0
286.219027372075 9.9218861610559 0
284.884293892142 9.43863104267483 0
71.6655508922946 20.7602613884857 0
73.4502424749769 20.7021225305359 0
173.238969683868 5.86550486526974 0
174.451294906158 6.61972751234687 0
174.914980075862 5.09053071176095 0
176.398461336704 6.03747175052809 0
180.722366617499 20.874195402148 0
182.358653854216 20.0395396745823 0
136.674163427441 5.83438248531755 0
292.762400757122 20.0651662270589 0
294.914849096275 19.5573471746936 0
187.310514838001 6.04408847964678 0
185.825363449721 5.72179541746849 0
31.5431264025629 5.69297307056815 0
30.2659870393998 5.81997026074982 0
37.4534732491461 5.40155100494723 0
38.8902728634485 4.95357815326238 0
26.7158913677592 20.521538370758 0
199.906598281069 5.64762150151619 0
201.086887785528 6.78343314357132 0
201.092358345989 4.64589926687203 0
202.269318067779 5.48100768025815 0
322.085664039617 10.2362145884228 0
283.739062872172 19.8028283997654 0
284.892172518008 19.5224898511752 0
239.928766858147 5.0248973339587 0
6.58462576540297 15.32290069388 0
141.075597129982 5.56718904377089 0
116.010115632808 20.5902034962272 0
53.5568570941909 5.24007987437688 0
43.589039958783 5.34221453216543 0
281.71287434525 20.0167541242075 0
126.509606768392 5.18266422431234 0
167.660674557097 19.9622263706777 0
169.383110647754 19.4849447844257 0
100.177077449126 5.30858709697862 0
321.675801763619 7.08850391091945 0
266.075695731706 5.36435082727642 0
271.153886175449 20.120634372577 0
4.58762686739515 21.0299457012092 0
3.6078400388862 20.2804241481985 0
3.34838706081862 21.3774902976071 0
298.65465739507 5.23469779326362 0
299.803403538712 6.30736050686335 0
300.634821029084 4.96713711593878 0
301.568686581914 5.92538922327601 0
315.151361802221 15.6853799436024 0
314.570099677739 17.0284023521877 0
8.23710680785094 6.82568842142654 0
111.665136306872 5.4860449087485 0
267.346402480306 4.5095026572186 0
167.402597822739 5.47457575974494 0
157.906957776222 20.0383779062121 0
159.195850367945 19.8546508518631 0
156.154358403861 20.3994474691942 0
220.608085454772 19.9726404650403 0
221.910818569672 20.13385668561 0
63.8660822442685 4.81140316217962 0
62.7677632559612 5.42640710522824 0
62.4778787893489 7.10126592767233 0
60.889673909785 6.33630909848605 0
22.9953771856166 5.29497439762062 0
80.1650882125055 5.16980712800348 0
81.7172082659327 4.21955058209819 0
75.4193842898309 5.01618045227757 0
277.692318527099 5.05348404297634 0
314.139538979998 4.39711574951081 0
193.690255229063 5.83812284792945 0
240.860386818987 20.4927603992699 0
242.504710810126 19.3831515355429 0
37.0159002259348 19.9013118562816 0
32.6107244076694 20.0295105900969 0
31.0410609823197 20.7191392337661 0
52.6750687282966 3.93449360895059 0
51.3731438503352 4.29121839882363 0
310.556299976777 19.9513491249993 0
311.697233706329 19.7976286456778 0
86.0207044004112 5.37729446599834 0
142.184824705688 20.0705856921417 0
143.660925918649 19.6654341958632 0
116.238542934807 4.88789962858886 0
63.2363890929427 20.3268704068995 0
3.3432605978876 14.8833153591941 0
3.428058488833 13.8753077233877 0
4.42538892241124 12.8924170445457 0
3.42549342249468 12.2330914716134 0
315.589700285606 4.16437873956352 0
317.383379491919 20.8223645913454 0
316.242406763297 20.0683108017686 0
315.725964424624 21.473321294818 0
20.7702319556336 20.050982651678 0
230.911783766194 5.09371688772651 0
129.99171941743 20.432059285542 0
128.429997495719 19.2393487731517 0
101.912572896266 4.9495878412444 0
230.107862330181 3.90879145772382 0
5.42331645536782 3.95048103272217 0
4.24795985633071 4.92886335244578 0
13.4862166158895 20.2392781068597 0
4.04188066689303 6.22318976115695 0
2.93729606927521 4.96002295760643 0
308.440054760869 20.4667264246836 0
70.8661761549921 4.5952955357199 0
128.714823570166 4.98233964273081 0
62.8956399312129 4.14657842015625 0
320.399105724226 12.3017753138499 0
320.726677525995 13.3223498583645 0
106.551318799142 4.34490086781151 0
176.723737322403 4.35633443091705 0
177.865773018298 6.19681229747324 0
177.392228249044 7.48610422235714 0
178.984312217736 6.99512585405533 0
179.759860954582 5.75283228629917 0
180.869594448526 6.80670670891945 0
294.373951350966 4.6378199779224 0
247.895574393159 4.80017060094718 0
248.919214500963 5.93140510072631 0
2.36998014697977 20.1784559651347 0
2.98743421947939 19.3367573379243 0
210.922744251902 5.00042649788308 0
14.7370448854904 21.3491050373185 0
45.4638308731472 4.93570000420189 0
61.2456570935138 21.2644423508072 0
60.4202764940864 19.4138704169895 0
12.3472025609759 5.24301634121719 0
13.6577154926719 4.43346147598422 0
91.4550696796229 4.37668190871695 0
2.95276981829892 3.97531318446097 0
96.2832235789621 5.10564228852477 0
321.857510607199 13.15169708283 0
321.700148071942 13.9174189060661 0
202.894998699668 4.09122540883674 0
12.9306125792262 18.8859490347397 0
272.488528487773 21.6405534989456 0
21.8586598097402 4.37789874273844 0
20.1342969681288 4.18240669702436 0
127.732151211599 21.1616334800024 0
126.684687613155 19.7281146876794 0
12.3969691643992 20.8677456680374 0
246.968073117001 3.53460197273307 0
180.85428250306 4.40981244684676 0
181.868863820811 5.82614896954063 0
30.582488978602 4.2282597254372 0
29.0552334064229 4.36594729406066 0
258.039552819567 5.21196952804609 0
284.583241640387 21.3691399718353 0
285.729507119737 20.2768426017587 0
314.886746022829 20.4576481529113 0
310.96111178548 17.2561520718317 0
217.499366929127 4.4289018535181 0
218.498546199591 5.83364736668061 0
219.060552695008 3.77695793366262 0
219.973661905383 5.26991872224636 0
219.470216812031 7.42276006606334 0
2.78432020766362 6.09567893903683 0
206.712474737308 20.7307894247281 0
208.15348924558 20.2623511438841 0
248.92710107666 3.80850066142197 0
301.365896592736 7.42403005204889 0
302.811767887651 6.61682185094803 0
302.926135480711 5.19312815698725 0
303.955103785316 5.9887604490059 0
304.527180207319 4.94758448527837 0
305.619267007248 5.60511096087149 0
306.273869389542 4.4812818250849 0
307.342758895666 5.23436336184019 0
306.880153922246 6.43628692484818 0
308.348805720354 6.49620300197074 0
308.493336179358 5.34751826230788 0
307.772436398706 7.74810105186373 0
309.361826616724 7.74932783420927 0
321.35082347567 8.00050938855512 0
16.498787443144 21.1870428089553 0
242.176586997056 21.2636745694125 0
243.677602587009 20.7505484506296 0
132.843418380861 20.8897195819522 0
220.303377830353 3.63827494319961 0
216.105205169252 3.76471783039112 0
28.7955589824022 6.91312261167412 0
27.9567218502598 5.37926124776389 0
286.702815308593 19.3721758244838 0
302.687413193877 8.68272228873739 0
40.5999272835999 20.5207157981841 0
275.326304580616 17.9784531463973 0
271.677831187208 8.3147944139449 0
259.908144477276 8.05993745525402 0
249.916201679316 4.90025807734127 0
243.10500828323 8.67295044165702 0
243.81202677947 19.0805777456604 0
213.362031181232 8.82657740639115 0
203.782356688262 5.52239216290826 0
209.103497844933 19.2299538065565 0
210.220584106913 20.2396535411031 0
210.488401414067 18.8205941780025 0
211.944648022219 19.849225249732 0
211.376348161322 21.0412790229953 0
213.196478281707 20.5989791688263 0
214.077547367137 19.0924893442913 0
197.272136092645 9.08675962571207 0
181.787990787761 7.73477871332727 0
182.756634261438 18.6552539114346 0
183.934503857035 19.2720671888982 0
184.255800465564 17.952712649174 0
185.363594882963 19.2294370854672 0
170.383740620646 8.92569863105729 0
169.448583448709 17.6228210722365 0
170.652743822011 18.9916207594404 0
89.2818493821552 8.33060334727576 0
48.2560060834418 8.31232998409232 0
134.111214583649 8.60039792411275 0
57.0514145949164 9.44159296380358 0
57.6870297437643 7.70876503646652 0
107.895290426259 4.40641662232312 0
58.878052224515 8.8459118284445 0
97.7395293468381 5.01850464899562 0
56.3635885393222 6.04679603536744 0
57.6819952082672 6.01172910756312 0
56.4409913744838 4.67164966170425 0
51.9863428640582 8.61370537679689 0
117.685747062969 4.92214461591376 0
99.1275357325773 18.0574994313878 0
148.660482621453 16.9449045354279 0
148.654851304199 18.9404994568995 0
149.800510067769 18.1090496370378 0
149.834389011444 19.7395446032558 0
147.930432163401 19.9814283341917 0
74.3805866455142 15.6697720224018 0
129.785919892408 17.7698769875943 0
123.650811049 15.996001135654 0
72.9492861048069 8.61988519626215 0
111.766892525446 17.0514727862698 0
42.2402788686063 20.1171042833252 0
65.000519129215 20.1584788923268 0
100.926134459632 15.6038805237461 0
109.389747944071 17.4055056677835 0
110.163306351014 18.5058154346163 0
109.448864209382 20.4143087135539 0
100.261761929111 19.1118742520707 0
99.374221490329 20.1630640391889 0
101.223183249867 20.1014045496734 0
73.6716882629806 18.8663084122684 0
110.961613205359 20.0624235797547 0
75.4160356884071 20.128600494371 0
124.849721558506 16.9849171616609 0
123.318114602652 17.9204093985278 0
124.26667194898 19.4202794344819 0
122.67194910211 19.9058807993363 0
124.355242369377 21.1150470568223 0
122.936816944529 21.1377977368547 0
121.67732138654 18.7281732928276 0
151.291087456115 9.56548020033626 0
150.878249062922 19.1440123868087 0
150.769070785027 20.6629161533981 0
151.696561667824 20.0854687502484 0
151.580524154928 21.6933155696385 0
152.612053113915 16.9781813845395 0
164.287158124476 18.4026701024853 0
163.06735601573 19.6837575273746 0
161.962403881323 18.5230790496257 0
178.451210902482 8.26053021495358 0
161.482313120953 20.1954454313305 0
182.298373029043 9.52048026589607 0
175.769405509345 17.5997673751712 0
174.892537259426 19.1409032990844 0
176.407893552052 20.8549468676671 0
174.097169804879 18.0383917899439 0
173.50711636405 19.624595779492 0
190.396345387648 18.1479129250523 0
189.526540657009 19.5870483203157 0
190.86234981035 20.747471435339 0
185.733634307484 7.3797073675954 0
188.34137586232 18.3571096119885 0
188.135626189864 19.9251919074367 0
218.290603095142 10.4328435646583 0
215.22893687899 20.4780434085465 0
203.214530441273 6.99146908927021 0
217.007197091102 18.0120626193304 0
229.134774736543 4.63265502313993 0
227.055658995949 17.8648424950416 0
226.832255321077 19.6044970253368 0
227.992528118587 20.9731364560946 0
237.923347068179 4.63461422194388 0
225.359542906674 18.6389770654328 0
221.028557085514 6.55390267151783 0
224.781925400976 20.0894567399965 0
237.311857426285 18.2456099573671 0
237.005871325398 19.9255415785801 0
237.557439006349 21.3389720601537 0
244.701560137956 19.8144725833321 0
236.003049397565 18.6847428999438 0
234.647895022818 20.051762371174 0
247.800508154697 18.3134681707883 0
254.601825885555 17.1074110381187 0
255.51668625757 18.6459379831902 0
256.806974693951 18.1484533811318 0
256.152266951084 19.9889234109908 0
257.671469230743 19.5485834838636 0
254.765057305376 20.348069726842 0
257.759544475838 21.1500344535369 0
259.268956377204 20.5644959101952 0
259.887484241066 18.7986789446125 0
261.129032347604 19.4966838451659 0
261.597879376977 18.1634533240373 0
262.617497025998 19.5173610907827 0
263.340651835562 17.8893071415758 0
264.633953946443 18.5281692686523 0
262.25784878862 21.1669473304552 0
264.866090102435 17.090991459213 0
249.795430804039 6.93514369517443 0
265.952560672752 18.8013249428015 0
266.236747643666 20.4565908834495 0
267.413854927428 19.8901835181984 0
155.510555541503 4.60630535082389 0
268.380865348519 16.9991121401987 0
276.258376044622 19.1268295278517 0
276.045962654649 20.7290391205363 0
276.964056186087 20.1637282353935 0
277.078391703153 21.2596751231782 0
278.195222210158 21.4082868833524 0
278.228946442537 16.3853726607953 0
274.671791781877 7.59817986209931 0
271.845347153287 6.83419055809518 0
270.378906556351 5.48595933098327 0
271.940077580839 5.46638906576337 0
158.91646005735 21.1288535043439 0
287.508140829925 20.1445853059536 0
26.7032582328724 8.69987843111751 0
286.482621745254 8.54290087395766 0
285.03439267575 7.65441889010659 0
286.589685116764 7.22069943347139 0
285.298274270704 6.05957675239026 0
286.841084066944 5.73703824470733 0
283.701144205186 6.46975185754273 0
283.879063899618 4.71185374180504 0
296.071695551776 8.83539795472834 0
282.256635252752 5.5445683748458 0
282.588558659877 4.15113717403788 0
281.243851441074 4.18398581049317 0
289.410852403884 17.9107971431083 0
152.865878809587 20.9725666741636 0
185.182952825472 21.0081293855532 0
243.635495056254 4.90282659289683 0
45.5540571118166 21.2778190158172 0
164.54578950921 21.3316485811588 0
320.086288792538 21.1124248529819 0
321.308315151647 21.0728852876797 0
321.224861874034 19.8611772621955 0
322.23561193754 20.63544991314 0
321.998298311782 21.8659892159448 0
322.152247726283 19.8219643161229 0
276.340329825088 3.93042609081725 0
150.047482712036 4.30003723764911 0
148.540449549108 3.12578319155606 0
16.5441205230427 4.92920566374462 0
5.45456841104719 21.8454798185478 0
7.12497596226574 21.4639214514037 0
170.792206088598 20.6633295052002 0
267.288792290104 21.647238089695 0
268.485812235937 20.7290460743401 0
319.820913940887 13.653922262281 0
10.877399672303 5.34517125723776 0
44.2941008924529 3.6651059467944 0
42.1380330218341 4.49814204257418 0
305.14732828564 17.4233360921322 0
304.68839265564 18.7602362087647 0
306.341016331229 20.5492172686335 0
304.332914433685 20.6674545151889 0
302.974590465898 19.5289448362117 0
89.9657167230321 3.66679911345458 0
248.191046909778 20.9293497699968 0
170.290419154344 4.64706662688843 0
4.93118229374859 11.696789606808 0
10.7989572552277 4.03208852919816 0
314.50345765524 3.3075150235382 0
107.147584466723 21.7316255917892 0
2.56756087522906 13.0168466317291 0
2.72152434189681 11.6835546338446 0
224.528049692044 4.03627364032975 0
249.435334049786 22.2223620793627 0
182.13178644275 4.07390444838575 0
127.511965880501 3.65271668814625 0
125.058497066741 4.36758236037398 0
18.0789758246053 4.64975030989608 0
198.383547996937 3.67621671151359 0
116.678754787911 21.4675217057649 0
186.418443842579 4.1213426648369 0
187.938852902338 4.19373911711032 0
314.235155413033 21.6674313192326 0
195.124140151927 21.3417140348087 0
196.681617891006 21.0542675425726 0
197.62094007593 18.8035585458317 0
198.19366717659 20.2184991397112 0
199.066808194272 18.6965947310704 0
200.244535864808 19.9242761153603 0
221.623146743564 21.3585554074143 0
220.513297256066 21.3758411725129 0
306.265786698026 8.47249782992457 0
311.957823106409 7.79414617610277 0
308.726711189487 9.01264594698863 0
21.4900037144089 21.8260002624408 0
80.7309373076857 21.6424139396704 0
82.1923810446533 21.0371815370824 0
305.087443030174 3.89429331781543 0
313.3523832352 16.1751539719018 0
294.500804028245 21.4433163255767 0
296.189367634413 20.5682548824642 0
296.819896205175 18.8990464909852 0
297.388024927213 20.3018937956247 0
298.217472380244 19.0085454829334 0
299.296115554061 19.5756618442797 0
300.154926899099 18.6252778348322 0
297.32797686437 21.4453558393139 0
293.103293900019 21.3463433550237 0
11.2264719007681 7.63806880630273 0
60.0383779040268 20.7966828395466 0
58.9185825308366 19.5398646114749 0
57.9578039049811 21.0865589957377 0
56.8962862558977 19.9459297187575 0
57.4673384751954 18.620064813577 0
55.5339563461737 19.2703240199662 0
55.3588261300971 21.0649556097731 0
53.935427085997 19.3516324312184 0
54.4810788779682 17.8081964310351 0
52.9493883645136 18.1777155316259 0
52.6138594932488 19.5166358013345 0
266.455940035329 3.52879540403727 0
265.272183624274 4.12715275625196 0
147.336441901935 3.5292815779575 0
322.642574428141 7.67025497598528 0
318.067312247232 12.5794514075422 0
302.836161402662 21.2916731391851 0
250.414711985618 21.6312002161765 0
232.212232472366 21.1849782265037 0
179.091950486606 21.525144608186 0
19.4691289630576 19.8509766722848 0
20.0022409915575 18.418108023496 0
19.2055148100758 21.0239431577578 0
297.423579449263 4.1270016598793 0
70.0771863505159 20.9336485197965 0
100.443698498708 21.0714238980123 0
102.526345778909 20.7685578373496 0
32.0502094905798 4.523465319591 0
100.761654149397 3.99358884376417 0
135.72666272992 3.95239613294111 0
312.992613245767 3.49413814024716 0
180.255432142277 21.9523920515458 0
62.4549419551067 21.8914541710623 0
250.797373580818 3.75616967838461 0
271.613667819685 4.03071796886338 0
273.026251684577 3.7917341052727 0
46.7664006393596 22.3579395945421 0
47.9058302380644 21.6990281960439 0
311.299559262918 21.3728565464447 0
2.01698612489313 5.49238165131594 0
18.449535421909 7.24450487265513 0
317.46066701034 6.74095287750972 0
317.666635664207 5.43641917373848 0
20.8735651336684 8.73408712913776 0
313.074793481407 17.5241858922047 0
71.3261302068273 22.382616313054 0
16.0512517337191 10.1696355443643 0
57.8886005832419 4.31703161128981 0
298.424478923182 9.72260770164586 0
116.707978190263 3.80756651729247 0
115.155953693289 4.39462935842263 0
198.268857079829 21.5636420395772 0
322.699031757656 10.8762168794535 0
21.2580683420108 15.3682485393626 0
56.884360356523 3.31457358068472 0
27.4849630715367 19.2836009345673 0
294.488357567726 11.2017487958308 0
12.0861574209387 16.590606691791 0
295.164832863703 16.0115521083245 0
31.1967573008675 8.71081334512177 0
32.2966424263079 9.44485488667824 0
285.57534118471 16.1812724696832 0
33.6337742278605 19.2167287171496 0
33.2487154653598 21.1431773575521 0
263.874623450354 16.4510864802175 0
258.099238640243 11.1219051513252 0
248.279573837231 9.40382507224078 0
259.33022046447 16.2447674301308 0
241.935292989855 11.0766182458175 0
243.077415709034 16.3442828783067 0
232.202892847589 10.5166401415165 0
220.892637440273 8.66742386807765 0
216.629384697995 9.14031190896197 0
232.471056728122 16.2246473325473 0
222.759850911532 17.1584842136181 0
211.507744627938 10.9378621187631 0
201.457786091904 9.11705661089924 0
212.183612379084 15.959824078041 0
208.355824743216 15.924477944998 0
195.006474265856 10.5689384363188 0
196.001377729388 16.3720978822436 0
176.876641190593 8.59726676357439 0
174.025921012531 8.10379131082916 0
181.767958101791 16.4647730228419 0
168.411517559295 10.9472325129613 0
160.213313182898 16.4268459288561 0
94.6562045707457 5.91269934941605 0
148.862663054575 11.0797752426718 0
78.3251890066346 5.7479482406935 0
78.9919709303113 4.50488884095391 0
39.8991370171885 6.3352166784937 0
122.739955187871 6.44389032371368 0
113.055859501111 6.85756609987077 0
104.843303575388 5.14309539360942 0
102.452826858782 7.31250409543438 0
48.8328603834582 6.68563343744288 0
47.3506338327066 5.60717699902392 0
76.6340940240842 10.4731555685419 0
86.049134482086 9.4578839235083 0
131.764267931019 11.2016257198512 0
93.36443109595 10.2063422678031 0
91.6864192187494 8.96066809502133 0
39.1148322776516 10.8596407964425 0
101.539641603661 8.46778952701102 0
145.110890443601 18.2411987293442 0
111.7491532519 10.8722181701585 0
113.669549968071 10.4632973536873 0
122.174814359253 11.1035380873946 0
75.9851889158198 9.10505317745304 0
139.634128322905 6.0715124659751 0
139.694174489585 4.89472171208832 0
139.688136700881 7.70721592632583 0
141.315457543438 4.30856178600292 0
71.1895433020517 10.5228768030444 0
48.9358818146027 10.7173887037909 0
40.814114535054 10.4181777183766 0
123.581014749159 11.1379635668793 0
84.8015788822353 15.6372924718457 0
50.7474809099082 16.5342749985801 0
118.691193889226 16.4224114022415 0
83.1058942516242 16.0677727369982 0
67.3235271167161 16.3885700432005 0
38.1091169113511 15.7472923509803 0
36.4907148260347 16.1012391235347 0
61.0315811233276 16.5094313960326 0
72.8278390051063 15.9780722561138 0
131.588276025527 16.2447491766492 0
45.6007556113403 16.839411000793 0
83.4020162839568 18.3960938625513 0
138.548517874426 16.2056194372929 0
126.393075858766 16.4189050312102 0
51.3954690028892 18.8372034561422 0
50.6243839364128 20.4076295408321 0
52.534081628392 21.2153400076139 0
144.246624407714 16.9461050017495 0
135.977872914221 18.4139940482922 0
135.686791322709 20.1329939833543 0
139.869886049426 10.3388434276067 0
186.507988938715 16.3538854552647 0
156.119786248217 9.88376578055684 0
171.453860030688 17.4380903227055 0
152.180174353443 6.21444757430116 0
152.558221844112 4.92938904151021 0
159.397509263885 6.00433805538581 0
159.310098051871 7.76949011621605 0
160.18530249457 4.4781629620992 0
161.933395132007 4.19139233375346 0
160.478163531112 10.8750002350565 0
183.984350206911 6.09339789439418 0
186.754975419491 10.2293769420411 0
199.994581168923 9.91033105837265 0
184.385553613455 7.63844018056993 0
201.239870920194 16.7064399856155 0
215.213362843735 9.34517216014865 0
222.09431475492 7.73553599882767 0
223.390804802575 4.56591391659834 0
222.652443778409 10.5501232756511 0
233.388707881022 7.15570707810678 0
233.528053490791 10.145415829885 0
246.474041983214 9.18254023224102 0
253.11353108999 15.8566606547212 0
251.809548810625 4.65119530270122 0
263.220634277579 6.69057730062891 0
262.868183948713 7.8616950209565 0
265.258156308775 10.228349525342 0
283.12160214262 9.72091491695049 0
275.931911467524 9.83147756611776 0
28.2080908544113 17.9376149366343 0
287.574843862193 9.76163349696229 0
126.296376830793 21.4296542407126 0
143.333203587118 21.2262549399286 0
144.667810767972 21.2639080886489 0
141.302336878863 21.4189874961051 0
212.594260743424 21.9037526985975 0
5.6969894507706 12.95726633084 0
261.104041033229 4.11844099449794 0
262.976151598002 3.35998354551256 0
230.974061647225 21.5602604176315 0
94.6993967182671 4.18557411917675 0
27.6341691132978 21.1210265311422 0
26.1309224575631 21.7765976628869 0
110.597789645935 4.13190233421649 0
322.624314844919 13.7503898348788 0
322.188573271721 14.324714216069 0
321.674097158804 14.8077999862853 0
322.019654955596 15.3830674352615 0
321.310943745895 15.7271655398128 0
321.980137229993 16.1982016356028 0
236.398155176111 3.73953637324865 0
234.283915408353 4.16821176248771 0
110.456443933299 21.5964103292253 0
112.41329961739 20.8036337730792 0
204.065726400037 4.30462353351109 0
205.494984586469 5.34799419618988 0
206.144321480735 3.30032859743936 0
268.002401281737 22.7942737629894 0
226.101251927815 3.66073495415172 0
203.113069474561 2.89463176354 0
2.51584265845643 21.2288537971143 0
12.0511344853666 10.2766946883657 0
11.4267480284462 19.6238036955691 0
10.8583800032456 21.1161508047058 0
157.399080270397 4.0424309104273 0
105.363666108237 3.99569086967572 0
323.00258174622 5.37544480410249 0
301.211338598376 19.5485805730611 0
300.291347071101 20.7448929479872 0
301.153235829997 17.7116199055153 0
240.551274261851 22.051807584084 0
20.783255271937 2.87224424190497 0
319.226934346243 2.92650970375299 0
318.076805250293 3.05741408435004 0
193.663704448453 21.1842316940605 0
27.6608474661404 3.97596732051596 0
26.4722102298932 3.90729737912842 0
26.6371075422534 2.83695665014866 0
120.788821177007 3.82573764823049 0
122.81945213851 3.16887560005189 0
105.488794329087 21.781634986007 0
268.372568761626 3.40525047538196 0
287.042446144078 21.2414751199452 0
288.571023627908 21.4100321582125 0
288.724105033034 22.5968739781687 0
79.1230767942971 21.4771254771699 0
77.6752891223505 20.68303210906 0
77.345124722976 22.3575310121043 0
314.052250002777 14.7489817901103 0
322.831703306644 9.83859728152396 0
235.211214053572 2.70682205353808 0
207.778338514971 21.6388643618162 0
38.2753475171023 21.217360302128 0
322.845903262764 20.1147306479649 0
224.816440030328 2.72447069000116 0
74.6207193562363 21.5439168420057 0
137.322991969818 4.20551175733446 0
37.7603324537517 4.42436687533035 0
36.633254499377 4.12145146727656 0
39.7385273677152 3.53781797721379 0
2.8359455121691 22.0280149185611 0
64.4426655555371 3.86690372602261 0
315.626849662974 17.9150398238222 0
322.067447291651 2.84968915009725 0
270.859899491081 21.6352290912504 0
272.71248547903 23.2106441317319 0
18.2253814968031 8.51918029164977 0
324.587950643195 2.88581236387573 0
324.685985561143 2.5841022893499 0
324.469801455858 2.6394982231793 0
323.951796951097 2.42191212438183 0
323.167791108709 2.15663164092228 0
323.653868688569 1.4941962001115 0
53.7611160318631 3.95689144227663 0
52.6037069594351 2.82506145352094 0
322.025380006391 8.36889368640976 0
74.2529457157645 4.04480829739907 0
76.1232619972939 3.6848007277579 0
315.395375824591 22.905343772129 0
304.177875862374 22.1967271698859 0
278.631456364948 3.56165870951243 0
244.876811573336 21.556487375809 0
36.1963532560218 21.5471076089621 0
114.953395948003 21.5988775546845 0
173.41971368761 4.20919038978346 0
2.02076273696347 12.1473859923466 0
2.26288574148904 10.9338004159104 0
3.18445524188052 10.9831896035063 0
2.50701377281056 10.0407847747178 0
3.34927332856573 10.1220250638546 0
2.4387127450716 9.11894229431747 0
42.2265141938807 21.6420960432269 0
40.7308495297614 22.2509217117637 0
281.597602492145 2.71612885296637 0
277.601021711033 2.59704454016446 0
127.698566266362 22.6276296977275 0
267.294380442847 2.31438285003303 0
315.403672998236 3.05578116364451 0
47.4137406036835 23.4500136849731 0
252.58210960644 3.52978053979323 0
111.885625963196 4.15139520826701 0
179.573148608609 3.80907086083094 0
310.869777016217 6.6118200881844 0
311.054779339646 5.35570305226813 0
322.639075570882 6.61193029763375 0
23.5875046401735 4.12443430513185 0
322.680443350237 1.62833418429622 0
2.08786641777965 22.3875049458051 0
290.342859645078 22.704194109037 0
321.401521339831 18.7774642611135 0
322.564316003992 18.8655666044129 0
321.686803668339 17.8061729300889 0
278.1881020915 22.6619375072742 0
144.12680940772 22.4203078756358 0
145.710461157925 21.9585865848541 0
16.6594817017096 3.01573336473408 0
36.706363798693 2.85554406958779 0
129.157470854887 3.06967905679979 0
129.690446631922 4.2943266739308 0
99.0584916933648 21.6644911293409 0
322.644267035058 12.6100185732121 0
109.105007699236 22.0401675767471 0
313.997573240184 20.5824452290169 0
313.873074299837 19.534416060811 0
9.69203853347946 3.9844425131988 0
9.69477224669527 2.40302990459493 0
1.82587444305508 19.3420426101247 0
2.44439992692236 18.5875622705489 0
3.52214614795846 18.4981962807629 0
2.37931540895392 17.6592296906065 0
1.58782231493952 17.8107314162672 0
306.009192418653 3.13455961516637 0
229.445187516154 2.76558388769417 0
3.63870680804394 7.28313422087573 0
2.56959274959061 7.25313394555691 0
323.059207808329 16.2054513618664 0
322.695571432678 17.1013575605596 0
195.051174402102 22.6248836672946 0
127.421205782071 2.13672432926128 0
232.08188169732 3.95327955157945 0
19.2428651086924 3.47954872499132 0
2.71168399853577 24.2431784513827 0
265.348363635359 21.9201283071998 0
45.5773418207983 3.05957867713784 0
323.145666735958 8.32066994834173 0
8.4229045399893 3.38102643771814 0
6.93553626813802 3.90597114167199 0
5.56504873080555 2.8619340953172 0
44.097061787971 2.19931386154053 0
259.235019132587 22.2307732016323 0
257.903772876204 22.34007553672 0
250.058519669937 23.3226538663612 0
275.417086671887 21.5748379286709 0
210.645293900214 22.3139166484579 0
50.1589445941487 22.295853034143 0
51.8741502360724 22.8344964830231 0
102.507825441185 3.61108428895616 0
314.852965207436 1.96562583428815 0
305.346597454487 2.15029333528581 0
3.56145292320197 8.19461093327981 0
314.063052202329 22.9505366838571 0
63.3318750933298 2.90278423780234 0
61.8958198844789 3.26368158086792 0
9.60804175722201 20.1956425651406 0
9.27712626961681 21.6684274077183 0
10.2452866887719 23.1582307794824 0
237.973635689105 2.84496912852776 0
18.0842513221829 19.7954975137109 0
150.10883007294 22.5041394935045 0
151.294979127639 23.2266675145855 0
148.646776909084 22.6049581072129 0
310.339953217345 9.11625652428227 0
284.477072590034 3.09659352541315 0
319.165947074367 1.23139553513103 0
1.60714014570649 13.2574827444463 0
15.2460874151855 22.770090296222 0
14.2408749643866 23.0470588223883 0
322.271784621985 11.8622126063135 0
323.057297279545 11.5685346324101 0
318.952145348586 23.9089620180869 0
317.975121947493 22.9962906687398 0
148.096727965164 2.03632782760025 0
271.761098030806 2.57349134685593 0
272.972932925318 2.54701858113835 0
274.282684811308 3.07131774767762 0
5.63992014287623 23.8640930430872 0
323.279743614453 19.4762406063956 0
92.0335450327883 2.87477673094849 0
1.38825684804847 20.5092669240152 0
318.957276079637 14.8292429131426 0
312.084237165054 16.1920482659541 0
81.8465246985252 22.698725335229 0
82.9372426966518 22.0694973083937 0
83.7439972004454 23.2112675866272 0
85.1215379990784 22.3674850376876 0
86.5987104173956 23.0794623774445 0
4.81373358021165 7.25540280789112 0
320.204881858323 18.5804022655474 0
322.69999954526 21.3471801993932 0
322.433322117269 22.5823294479879 0
321.921323855573 24.0550485697287 0
316.776918759644 4.05477325468374 0
320.757498218799 8.67619069079665 0
1.52560812336372 17.0079313553355 0
12.1351452586755 17.769787404111 0
124.388710023966 22.4685214273467 0
6.28010935861418 10.7634045637368 0
322.230188689483 5.8462531984698 0
9.33422165407037 5.64715345044956 0
10.0165269302009 7.34563559718394 0
8.80276961205007 7.90347570359172 0
99.8592590941489 23.0858270081899 0
97.5971804490078 22.6162120059613 0
135.645578813256 2.75937301014378 0
317.161007833764 11.9377760083558 0
3.0141491289169 15.7696999064525 0
2.37387876752439 15.050940499885 0
2.39001731004071 14.0874144950174 0
118.735251420106 3.40598496767653 0
35.4152643039583 3.3434232593938 0
33.6457562916349 2.65626641778151 0
33.5881091539841 4.33167466982847 0
3.16058495770381 1.28305833540917 0
3.20428160194793 2.51622671330443 0
2.06269381480188 2.55604888409086 0
4.35108226685738 17.7082167981791 0
323.815560036114 19.9328401312587 0
320.596049248061 22.1047373085049 0
322.910584611471 15.0339933106006 0
279.507411805718 22.1493235576964 0
281.310631891092 22.8231915408471 0
2.15358975520908 4.38598150840477 0
156.001186994209 3.08828937676286 0
154.59324469255 2.97829987411151 0
8.14145940098196 12.9953807063236 0
8.77757569648555 13.7643516788873 0
7.51393963975989 14.2682344324791 0
8.50952126438904 14.7977221181141 0
318.647001874888 11.5201379530306 0
97.553935561766 20.9880077031334 0
96.0359236028356 20.7330942460515 0
30.4497990648161 2.88728549352091 0
219.079672060894 2.60492406819662 0
220.386811664471 2.31540679668914 0
207.123313053505 22.5369700443754 0
1.85187705433516 6.60390158652531 0
1.63048811831855 7.70848700511429 0
321.253170370779 16.7683573449226 0
122.880666132167 22.8235570774371 0
121.478428228875 21.5369860553557 0
120.590068576765 22.8410296252823 0
119.359298054026 21.8869475877905 0
125.258956194516 23.7970908144898 0
5.67626967820158 1.30025707242597 0
212.018563589264 23.0843877142583 0
323.307089624576 7.42720222646417 0
9.11245619717206 23.9340459957724 0
8.86510511879273 1.346887280092 0
4.34594155921968 9.16195820884115 0
11.5886780638952 12.0998607352937 0
10.5256093830991 1.2739012943022 0
140.710579813367 2.97303929039477 0
12.254662564608 8.66618912940056 0
300.216560552293 8.98903381709362 0
302.176350445574 10.0170901715448 0
20.3784636479096 16.2823913286126 0
20.1879655934243 10.7847137916521 0
309.665253515247 16.7410664052866 0
110.196402886564 22.9066197044605 0
108.234523851866 22.7060209650405 0
134.311275876026 2.69899971714703 0
133.095544149156 2.59339827517655 0
231.482540094674 22.8787086818426 0
232.979508450941 22.2302732345029 0
233.949837371579 23.4937530724715 0
235.356037802691 22.4183561314034 0
236.986128270845 22.6528074056368 0
149.163935308322 1.53621031524956 0
312.019307259165 18.7656825630864 0
13.4750071869655 15.0235737450832 0
311.016009159755 24.1041090560808 0
310.345391077356 23.0802927598606 0
308.620990467084 22.5644686735066 0
307.59765853028 21.6594006164691 0
4.23854012524706 19.3487719190385 0
13.9586394634713 1.37388354027494 0
15.0109956210443 2.613873586484 0
16.6862030463858 1.45921545084396 0
13.2223538859684 2.80256191616904 0
303.746238974969 9.77918632345867 0
4.41803201763172 10.2236381721019 0
307.987288687104 23.9136328505926 0
21.4112427373744 17.3182117161546 0
18.8469844212634 17.1014068864398 0
18.9204573787509 15.2968806259015 0
26.4313201924367 5.82796198805384 0
298.81208692344 17.6058326664004 0
310.812361549237 1.8962949944603 0
311.99298564667 2.65500309680157 0
310.139523724866 3.0992421208512 0
309.472770608829 1.47187701106667 0
308.958103090592 2.84714391658392 0
25.2798687450202 3.57056275475687 0
4.00885542451876 3.56417771517756 0
307.520316195483 4.04000490622013 0
25.6159655984897 1.99735616274456 0
298.807261147934 7.41893601759091 0
27.4221923230663 7.48212081720876 0
28.4130934022709 8.53488817245833 0
295.657170533382 10.6164991347485 0
7.7213888577466 16.01162955604 0
303.855075195883 7.92404065761036 0
304.909321615899 9.1404790566618 0
305.91938473334 10.3142608693318 0
307.139641215739 9.60714650296677 0
308.562118597785 10.6593011293565 0
21.6161550442577 10.1903226732044 0
289.923325375784 21.1629758726705 0
125.377711463906 21.9481719994453 0
301.567370570477 11.5863070323516 0
296.8848474223 17.4347404510587 0
300.270344298514 16.7702993144182 0
116.358926020938 22.7309868295571 0
113.488546470803 22.5228815154986 0
11.1497435159607 8.99279581884996 0
297.486065701463 8.22658312606614 0
22.6976366157107 16.1361069339271 0
1.5737519109338 9.43762238457739 0
208.053550229357 23.0491328925656 0
205.47538997927 22.8973326968603 0
205.523251007988 21.6958422741522 0
203.811945300852 21.988203074695 0
203.015582548119 20.7377329211132 0
202.60408266301 22.424042376691 0
18.4076032363392 23.7737337649294 0
17.9510266117409 22.323953597829 0
19.4489123041905 22.3290027603445 0
203.634907970238 19.1031715271433 0
301.928962456828 4.73983144443146 0
300.572223339881 3.38741720265694 0
286.739809094739 17.3767038613842 0
288.093734445564 6.89563285443506 0
288.218574134247 5.57393735918033 0
287.097801918192 4.25700029881593 0
288.710779499107 4.09473261753278 0
29.3682467966923 18.7067335399765 0
21.8987126101802 23.9050962697317 0
278.363312893347 20.0013669693252 0
249.8160266057 2.67967134301729 0
19.5206107189283 5.86173412578266 0
289.627773140348 5.13860098483955 0
290.094106239853 3.07409166717658 0
291.106503527439 4.22773926206844 0
294.641803765373 9.48946383882051 0
27.4741037482089 11.277476256692 0
30.6740699385217 10.0760333730751 0
28.8352859817204 20.4241991306394 0
30.3434842564429 22.3992031097536 0
32.315819543331 21.8732135586504 0
33.1186269961462 22.9303605767635 0
34.2607641147602 22.3338284986685 0
281.858514966685 8.47296872893413 0
305.215991084111 6.98232450437356 0
269.265678048008 19.0570297615715 0
25.7346497156272 11.8606945148428 0
31.958670028944 10.7027801875451 0
81.0002722070101 23.8091256104087 0
35.4968407644037 18.9556715027582 0
29.4452382599791 15.1685323669956 0
274.467619283591 16.8536809172364 0
275.729740054689 16.1781033980519 0
265.379223212324 15.889841740685 0
287.462545193519 11.0726907004364 0
272.452383332399 15.674671202941 0
149.320335727182 20.9148856640895 0
259.291392722708 10.4167255263061 0
271.411843193383 9.79682914523692 0
272.890444238711 9.55338244646046 0
13.1813983043949 22.2537501942783 0
34.6697941702995 20.5305792553742 0
34.2411859948695 17.9865624922933 0
34.8164149493194 16.6008821971693 0
249.890217395104 8.79304818681124 0
250.499079065148 9.9390712438513 0
264.01441179415 8.84634885839085 0
262.397442032519 8.99876407327373 0
261.656111164367 7.85631746928843 0
260.52431341456 17.313698130305 0
262.244458987826 16.9731914797867 0
253.92586541092 4.45823425483505 0
254.339304456506 2.84589632780986 0
255.632574175088 4.41876128729774 0
255.685189825428 2.85777033335496 0
257.121091875815 4.26157326243379 0
27.6327576311044 15.5123681442273 0
271.16323194614 11.2835938711675 0
36.0246795182598 17.4608843615045 0
262.907094462782 15.7625798977919 0
248.977320884586 7.81018341410363 0
242.702922785499 10.214116118368 0
251.015088952608 6.03309788145924 0
243.921595344722 17.8812918376314 0
258.259816319992 9.1768331325345 0
35.3882231853112 15.4042815196093 0
36.3298315430561 5.49425456411442 0
245.246103370806 8.29299859223461 0
232.106497098121 6.26260566409694 0
37.5290951355999 16.7648144582896 0
232.458269735278 17.6007886651343 0
38.645039354709 16.9509121465009 0
241.652267217076 9.31150281191526 0
218.327886853724 8.88623321288793 0
221.940635475519 2.98010105490544 0
222.280924295454 18.7247611157609 0
213.515862651759 17.0187702397977 0
221.966559193271 9.54482602638236 0
212.84280313425 10.3428498045329 0
217.740000010199 7.54145020939421 0
232.090472978916 9.217007560778 0
216.071634292185 7.53721052069104 0
203.41473378035 8.5262967951792 0
203.870611104538 9.76822399540604 0
209.463310548902 17.2854905681105 0
207.08047060246 4.58566511353969 0
207.904799597961 2.91745799478828 0
208.220008578641 4.14526238040327 0
201.920436445071 7.55121800488926 0
196.631660681928 10.2907981549339 0
204.890855605084 7.1830321457247 0
197.924924735208 17.3158582665288 0
212.1086530275 9.31076426299803 0
196.479361972874 17.596393708538 0
182.86502046196 4.8676798291756 0
183.699022569361 3.75751970345005 0
198.972449284314 9.02379968523331 0
181.190941060621 8.77662388003256 0
185.972539391552 17.6456982417712 0
177.98553756735 9.36030303240238 0
214.410262172414 21.561242876902 0
216.230401136402 21.5188659830003 0
195.456028269961 9.36831993947296 0
204.493914207037 11.0265194271327 0
199.633891027728 21.8112905530737 0
183.139483673537 17.398657421208 0
206.041409888811 15.3528467409893 0
180.113025248177 7.89894328989737 0
170.184175159765 10.6464574536488 0
172.361663560503 8.61054764486202 0
171.845065605918 10.0032439703706 0
173.612181724307 9.57486624991422 0
175.249606969112 9.01840104102927 0
170.217047024674 16.4985001653825 0
176.43329923904 9.78040854491407 0
175.714857893641 7.58485753792551 0
168.62029020497 16.8140840455164 0
159.978071423326 18.0564276893985 0
171.311079216603 11.2463602714708 0
168.871843108082 9.61362013710725 0
152.863610168796 19.7067548599406 0
148.837445259546 9.29450172014904 0
145.156240132296 19.848822513799 0
76.4692022358239 5.8834147197504 0
93.163238615743 4.35796418155047 0
93.4123088707207 2.86314478120843 0
92.8744832680645 5.89207032494133 0
156.351291060646 8.39844492320513 0
157.620140864402 9.64442695824394 0
59.2518278207348 5.61374149069705 0
60.0166027969267 3.90527637436951 0
60.5004137674571 7.98227244747317 0
62.1178130905964 8.90626718284385 0
150.000687438419 8.52004012743591 0
41.1835942728198 7.1285275984695 0
124.151483186174 7.71459410595983 0
155.93432695355 11.3909732871544 0
150.13351488323 16.3281025434431 0
89.950506135048 9.46844395562076 0
49.4170269335077 5.09807011943836 0
48.1763826694007 4.27370389794552 0
49.9890850810582 3.60116295874086 0
51.5539483963965 2.82540003323359 0
103.675331143593 4.49028624572719 0
104.291890361922 3.05150437283866 0
77.1957401944219 4.69231297858254 0
77.4139543767429 7.2095385472273 0
114.425599525651 6.93419306992377 0
66.4544088553059 23.6521840562345 0
65.5823243069742 22.4729980576395 0
67.0792997806874 22.3679139708182 0
66.1410325717753 20.9775293984954 0
67.3232517133905 21.2491801719372 0
261.611485403719 1.50734552210532 0
264.096802328229 1.42255124017549 0
264.628484563056 2.87504060610238 0
62.7495750435067 23.8917772860013 0
250.629252951643 1.59171078163775 0
248.040944685938 2.78687447376245 0
246.17602401571 2.2221491486624 0
245.103806685013 2.87107747364935 0
103.694607771313 8.34066490501015 0
155.380681549342 23.7111907373502 0
154.959989246125 22.5081294107288 0
156.578086993543 22.5485641739549 0
158.576771509177 22.187495314394 0
159.15403403234 23.848670909707 0
159.827343220379 22.4489372565306 0
161.258942906636 22.5946913802168 0
160.241773567778 21.0718323092857 0
162.194557186897 24.0366044692116 0
162.73388411102 22.6691601064897 0
164.349902235214 22.7610710602494 0
165.348808610892 23.9636227308831 0
166.896449270175 22.8507873117643 0
168.581626283508 22.8528856194046 0
166.696529807163 20.8966876930113 0
169.06567686136 24.1020064221665 0
169.954909974365 22.4750841304822 0
171.533034367737 22.0548083295952 0
172.160089540675 20.7414035955663 0
172.017929292046 23.6460776472081 0
301.32531572057 1.59461267186866 0
298.736391962002 3.18760753325639 0
298.218039820026 1.71624463936558 0
74.4437196062562 9.9360442877107 0
134.327933371416 10.5186820112041 0
296.219934313553 23.9844514000998 0
295.376996681107 23.1626838509381 0
297.774641146867 24.0017331946376 0
50.2534726139788 7.63012958223633 0
168.887133877423 1.82612635049191 0
168.146259808885 2.89605388771603 0
166.542819485438 2.58268962300451 0
169.910739433494 3.26382058822859 0
171.175595140311 3.00149036459616 0
171.966754989488 1.32681525661563 0
165.68767730179 1.6550117738724 0
164.829251806889 2.77432045723674 0
165.87940331682 3.93767627689559 0
163.929012746477 4.08751912340386 0
162.813159731808 2.78539869727336 0
162.315962992907 1.32564331796308 0
293.045869145507 24.2972198550557 0
72.7840544360256 23.7658292462722 0
58.3878218704736 10.1628200502703 0
93.4093675046026 8.99974092551016 0
253.22983707612 24.0847670601265 0
253.067104538802 22.6429325539998 0
254.392878275523 23.1122607511337 0
253.275027910398 21.1832311442863 0
254.310690558504 1.34527395828562 0
39.3666016106794 9.7117914722195 0
68.2868451268231 22.4775863122405 0
145.145552097111 1.33795894742701 0
145.663493903355 2.76216963671206 0
144.079511055005 2.57994835440983 0
144.406294488292 4.17148559320915 0
295.229033520082 1.57096971465169 0
295.822671946325 2.9424818027209 0
294.025708164394 2.67573564279748 0
180.397954559566 23.8555578744059 0
182.056053337376 24.3046837994577 0
183.360895785946 22.2836803314429 0
185.099100530087 22.4607027426246 0
185.42132171751 23.8873010527582 0
186.198005702248 22.5353307854919 0
188.047385890671 22.7252309268242 0
188.530640546699 23.9037505952101 0
189.446195104774 22.3582002818876 0
190.710558764903 22.295792714475 0
191.527401084155 23.9335002619597 0
191.978736945247 22.5019558781389 0
26.9654101334387 23.6245451152685 0
24.9649652040672 24.2830815777135 0
24.4649940790692 22.5970625040581 0
24.7811536140562 21.2893637339278 0
56.3409291667403 23.8582083462283 0
55.1841786879138 22.4877533968268 0
53.8910703917485 22.2660201413182 0
285.850473318756 1.49799130877076 0
112.507533945861 9.76933461661551 0
285.131207616265 23.624726604099 0
285.841021100294 22.2961165655676 0
284.144118075752 22.532671258491 0
76.1972527906589 23.9663558196079 0
258.676679265597 1.56929261349004 0
259.911141093875 2.92818496557041 0
55.6407286380438 2.94296790468071 0
60.1226367611161 9.50324475695611 0
185.313087761951 1.52890159372501 0
186.273792272376 2.52410087674153 0
183.58912031917 1.57777580859347 0
109.237469953048 4.27503796620801 0
109.312031221525 3.03219771467525 0
108.003320995628 3.15276647457135 0
106.848407413355 1.72747571879112 0
106.894215663273 3.0580589738631 0
122.486452371117 9.48943307329933 0
176.824881415825 23.6368427771397 0
177.929005089336 22.6809874692691 0
176.359782951383 22.2109175414899 0
174.966166383341 23.8835924032441 0
174.999086667985 22.4133685060351 0
211.47542722491 2.00608494513487 0
212.408159772019 3.18621027598806 0
213.465237593283 2.88050244104659 0
212.734362894149 4.29340955871013 0
210.614818138176 3.1880998158953 0
214.433227011483 1.46472942573017 0
215.954807225416 1.46743049044784 0
205.940819191867 1.54295158935098 0
207.620791424747 1.47287115831264 0
132.49044610576 9.60631989047469 0
135.784213508679 10.0614750037443 0
135.652461614522 8.74186229635102 0
136.836485704222 9.34412555475243 0
46.3155889515254 4.27679352575825 0
30.3677459764571 23.8259455297314 0
99.1027274961211 4.70855004657203 0
49.6096116830242 9.2883988422834 0
282.974033828583 1.36283804040789 0
147.669015497857 10.1235150444393 0
124.701862247858 11.4770563052722 0
116.267287722985 1.1225485382615 0
131.888302796961 23.7378045852646 0
130.498358910219 22.7416461159399 0
224.68064559459 23.7788229542176 0
225.200134317782 22.2711395640962 0
223.487046216677 22.6674068735775 0
227.206278165168 22.4483149268093 0
227.787661297614 23.9734440426684 0
228.601182764275 23.0168874968457 0
222.536149562137 23.6313652435744 0
144.585121759934 24.0077801208651 0
88.7814382523633 1.33091983530961 0
88.0183526364962 3.12490148500398 0
86.5614979729499 2.43066335445999 0
87.2265240644417 4.30140169495922 0
141.515417643433 23.7022913910055 0
38.1098089340422 9.73175832818083 0
39.6525436104789 7.73623361661467 0
159.120511732218 1.5452565222789 0
160.028788744815 2.46731624675402 0
102.75623605116 9.54680461115445 0
82.9357780909189 5.65653525386298 0
82.9722016112759 4.24881373291981 0
81.832210209908 3.26160243897256 0
101.522007036462 10.6214808222847 0
104.260786510506 10.6027379138133 0
138.095951357026 23.8135878605922 0
138.338562038047 22.4904074206881 0
137.086574086398 23.0046386317804 0
137.910858397678 21.1496954051235 0
139.376740563086 20.6804073220709 0
50.9329627406711 10.3961794535304 0
84.3864721705728 5.51998870702176 0
84.2613425872739 4.1767186504491 0
114.612134338046 8.77726735931608 0
115.792870155399 10.2418328409412 0
114.844232939681 11.2610021837359 0
72.1963390883321 1.40044447998915 0
188.416155311017 1.60660955146875 0
189.218061214477 2.81198688736504 0
191.022137843427 2.75697295592311 0
190.181887643371 4.03709321492267 0
192.060326965378 3.93700082647232 0
192.691343340871 2.48600543675747 0
191.833791398491 1.61044107942268 0
194.303064933011 2.53930757247101 0
195.299809254393 1.84006226553445 0
196.097747155793 3.19329932244295 0
194.966977475143 3.83562816369283 0
196.837982290974 4.44201991012735 0
290.991958988571 1.82976751267145 0
289.842953597618 1.16315413828214 0
83.8800433165656 11.2817696528859 0
135.152590856855 11.5623002626993 0
57.6460999766098 23.9973586839653 0
119.875957413189 4.63566320070143 0
120.036240670986 2.77843840112182 0
113.570522938419 1.71086260303345 0
239.100937270559 1.44187984013871 0
239.52202601501 2.80531426986666 0
241.601183293481 2.72682083753263 0
239.169363719005 4.19698302473596 0
242.449641898703 1.64019998781888 0
243.379831821165 2.70102099268157 0
41.872667735608 11.5480824426392 0
133.410220185719 23.7617331942054 0
133.596543889996 22.5191521452073 0
135.070750677207 22.5643229860148 0
135.931674068087 23.9629459810601 0
47.5399126751847 10.0670021157623 0
72.3496087008949 4.86760281617301 0
71.2569692391609 3.08889934114191 0
69.6144969001602 3.99859453275137 0
69.444124607389 5.17674365324167 0
68.4329408764648 3.9856079403696 0
68.3181553507798 5.12437350158861 0
67.2821495250566 3.89751808372336 0
67.4404386439392 2.72212744362266 0
66.1885552831646 3.16294712784028 0
65.9777756803461 1.66359688372129 0
77.5764655631786 23.7571900709933 0
40.797514231418 5.06138987000297 0
36.6066691092949 23.773324717855 0
98.1357300705448 16.9243098203463 0
94.2064881207037 11.5535093699735 0
141.074789432446 11.851933826434 0
103.148980471347 23.8983501508582 0
102.793344732465 22.6577593074004 0
100.409333776544 1.67529748085095 0
52.1543737441535 11.6535201915074 0
109.984578228426 11.7095835770295 0
109.117557203912 5.49101946247653 0
98.7155641959416 5.76060772763642 0
97.5870340869745 3.29750807866416 0
96.0835456659876 3.95660361637964 0
61.0027447755958 23.8048511380291 0
77.7753641015763 12.0366417260574 0
79.5430851156588 10.96407232064 0
56.5229333328754 12.4702649215061 0
180.766238385792 1.35375055591715 0
180.995580713557 2.84757056372449 0
73.7110562331899 11.6155419299753 0
69.6388523399093 10.7358058430092 0
106.063367792718 10.5702216329639 0
90.0862526146795 1.03775809135262 0
266.957296776303 24.1421664507761 0
120.515933154666 11.2654722727066 0
123.551883827148 4.61504065350528 0
124.4171953098 2.86592331178379 0
21.7694914928049 1.36099056952972 0
119.076692139339 5.71879813408367 0
120.849372196884 9.57581476899293 0
122.686815024267 7.88686065281287 0
80.601821910526 3.94338748448455 0
79.4331093960083 3.04819503491149 0
85.5136536312512 11.2546909018864 0
87.3182919079893 11.1272108072117 0
88.6005441015788 11.9303838694675 0
57.9586249352793 11.6116873675606 0
90.8132355202656 7.41680058184792 0
88.5596727810755 10.0826806654317 0
126.397675057948 10.9608736050015 0
54.9544535910556 6.26523977612126 0
89.2957794167474 24.3145383575669 0
89.7739050515354 22.3253518474218 0
91.5620717742314 22.8449695435104 0
90.2914812749454 20.9939994725279 0
91.7453255361934 20.9577213515933 0
92.9626568021535 22.1643028467427 0
91.2995146374437 19.7745948333931 0
94.1829509153307 21.1211856806045 0
56.2409428541301 17.6235061177462 0
64.0768471440892 11.1803591093645 0
65.059705366541 10.7010144570753 0
64.3638709733665 9.62146030182728 0
65.5381835553007 4.32115948166985 0
46.1278461960948 6.03597752697103 0
201.453439701447 1.85049687079225 0
200.418392462862 3.02403070292634 0
95.6162964672233 11.1185876741288 0
43.3564009138367 18.5929086256672 0
50.789838009617 5.94367894339642 0
59.1206839461827 17.8911577510669 0
43.3776023584138 10.4684374989189 0
112.982147925146 8.374497496655 0
54.9739512833392 4.61264339359088 0
110.614370171296 10.3643053305794 0
78.2225247279683 10.5970890202331 0
41.8284237521795 6.09545044030142 0
61.3445263581126 4.76551976356155 0
75.8857643875513 1.54995765470578 0
37.9067375622375 11.1762346731302 0
94.5683941021886 10.2826968092069 0
113.147727081824 5.07624521421738 0
113.924586439526 3.39825210729776 0
59.2032231612397 7.43979053780959 0
103.13121218662 5.91194893172022 0
263.4175812797 23.8111956998792 0
261.862457558754 24.3064412300653 0
260.59608581916 22.4759805200603 0
176.679118559293 1.29281298750254 0
178.021390887813 2.87463776513209 0
175.375995412469 1.62849573307381 0
130.153289237997 11.6997438374564 0
119.340434891678 18.0384819628225 0
106.155642844279 9.38856877463653 0
85.6033550278678 1.48859785047638 0
142.934212096892 1.47097853250405 0
89.8284329469947 10.9532780714454 0
56.3556058681147 1.4744503096045 0
70.9780200014725 1.68728778703688 0
114.596786539308 5.51178654476619 0
129.725022584854 6.03545585429573 0
100.339527592224 9.42507866828359 0
289.762759887419 24.0070560606534 0
291.75514828634 21.7848164537854 0
124.158063292612 6.00339354823598 0
69.8428834848902 9.20637706506939 0
230.370476116853 1.30459892280884 0
39.9531744878429 23.9001086161922 0
39.4683462829142 1.58866390786404 0
66.5452873066834 17.7242974784616 0
81.9240419465393 15.3520634741151 0
93.6954020143735 23.5079348935789 0
96.6728623160902 9.82464017540093 0
246.198932955777 24.0475694854963 0
246.451265463688 22.5414906227274 0
67.1931895288061 13.8307391596421 0
99.9179003898195 11.7212526055545 0
258.390307682808 23.7140225610251 0
107.793978382482 16.4599977886522 0
47.7294314085021 1.13200592482223 0
84.247384631223 9.72148601610458 0
121.488262612871 20.0966156003901 0
134.194422768928 4.23917283915101 0
198.750318345053 24.2932822603604 0
61.5088558996358 1.68927749529137 0
239.09277716448 24.1035064993875 0
30.244350153214 1.56377742807964 0
116.728365091153 11.1706602117816 0
53.1034341100122 10.3953728639066 0
47.2603974377095 11.7306638206258 0
108.495612377844 21.0944514041986 0
104.836717212984 9.14067204548153 0
130.5789196998 5.26349765262956 0
131.042897629949 4.04506756844463 0
49.4162387025663 15.5127083440788 0
131.708663900027 1.51646111846053 0
89.6506611154374 17.0258945024065 0
81.9941063546614 1.55986062272755 0
242.757673385815 24.0732525204781 0
243.525988200699 22.4253856239581 0
219.725130438287 24.0059533543491 0
219.088158369954 22.253609259702 0
217.260065747073 22.3611962388503 0
218.033677769201 21.4072043790999 0
216.658137117132 23.6688318230293 0
65.6749488912663 9.06951171508051 0
201.891476115818 23.9973721330138 0
46.1654471269636 14.7371270555557 0
277.188941207339 24.0738983714514 0
92.3425526169671 14.7403953245733 0
152.113275738819 1.59183758915163 0
151.665167334616 3.21545313263331 0
130.904350784818 9.90852184802258 0
304.150958939696 23.8392280355342 0
116.954632088224 9.34761669424286 0
97.2965204478872 1.17715475202721 0
122.664685368915 1.48107172147824 0
115.164656636343 19.151437437161 0
48.2335675646162 19.844222458319 0
80.3099544211187 9.48366952845816 0
300.904378211365 23.9786202055233 0
299.979804648076 22.2190610223277 0
301.352644148616 22.5395841732994 0
298.317472782124 22.1059257038762 0
43.6465891575501 9.02363527462461 0
53.9104842152862 15.497647524588 0
127.398573425084 15.2385142495046 0
116.749352592899 15.3589239228626 0
56.6672734161885 11.0563984038149 0
61.7907994076685 14.9229882401527 0
101.814925410895 16.5712811742583 0
60.5225276207449 17.7521560925765 0
87.9610574931008 9.05909467618333 0
65.6610241653261 15.2962527456775 0
102.477489902653 15.1957319852347 0
142.714378499296 4.97790111441155 0
146.023728571433 5.6596925351173 0
71.6534642555977 14.757661095068 0
76.11594977665 15.3924543784446 0
198.316733258887 1.26873026268865 0
106.274408977479 15.1987328717746 0
127.142413094697 9.94432161814762 0
94.8241975987663 22.7188644331567 0
85.9270523895869 15.3960218014193 0
122.49314931486 15.5578780481776 0
112.631941169979 15.1939560954966 0
71.3990139062991 8.94930863291317 0
48.7417503606161 16.970479111564 0
39.0342469985366 14.9303801757219 0
97.1663649803313 15.613839167716 0
88.8828151259847 20.4812687264768 0
103.979998414712 18.5979806746425 0
139.932851417575 1.5695387514217 0
56.8462070462317 16.1814717113777 0
42.2157203720911 10.1575397433956 0
93.8867827740095 7.55877863174445 0
72.7817693924834 22.3492843314999 0
79.8947016238619 15.9112247067155 0
39.4603547030352 20.9552374003295 0
72.7114501431451 10.2255652107673 0
60.825126049145 22.5162348190919 0
78.2101994801598 18.9255570446455 0
75.3587031733604 17.0705477875272 0
118.425904247999 14.9118286112848 0
92.6439975426977 17.5471544844118 0
92.4932718045332 24.1589302713114 0
133.000901182117 15.6389787878046 0
122.604536823294 16.7582199123508 0
43.3290477215737 23.9176694303849 0
43.7591290553773 22.6478854729912 0
130.189662303042 16.1116069490547 0
63.6282802933286 8.46251918386654 0
128.91503609487 14.7828033326211 0
134.173602494967 21.1107682710553 0
40.5711852677424 8.59144991314903 0
107.945267532521 14.8727146951251 0
71.301433780029 16.2316824329124 0
60.0246579407408 15.2448376311617 0
86.1925530079189 16.725939606335 0
111.095246728245 15.8087810273941 0
142.337974410391 11.3501218082902 0
90.0126222774044 15.2433251366686 0
124.207091645193 9.45181414646186 0
104.643650275596 6.86385188773587 0
81.0667879284264 16.7170722040023 0
44.2151842307581 15.204888681858 0
120.080103637944 15.8619649740276 0
74.3278777647987 8.31189521423118 0
63.2922711369754 10.1320622304351 0
67.7069544131967 23.8917515949868 0
157.421380719559 16.1150597569386 0
72.4467706069231 17.5013268396771 0
75.7705931916859 7.52552718778379 0
77.1810956097419 8.88155178273849 0
84.5542684466049 16.9867497186715 0
64.8682388028929 17.1005057958307 0
109.412037395019 16.0631018737449 0
98.7384425265561 14.8764351620317 0
125.389210824095 10.4434857370961 0
132.505465925294 17.4534864357801 0
92.5494049713808 7.32296642712223 0
138.746073541516 14.7933138183885 0
59.5464884497902 16.7543393266651 0
43.6768684221293 17.0252790354013 0
91.1508912561676 16.4746778953177 0
73.9902641762779 17.2588012091583 0
61.4035492872705 10.1829046070421 0
64.7319963652837 18.6292820932891 0
136.258700036957 11.3124118606595 0
99.2563882543005 16.0792679134903 0
44.7555097900394 17.8057721096397 0
121.045199929608 17.051886213294 0
65.9976481962875 19.0253060040262 0
58.0190376283314 17.1685479846133 0
131.222002479308 17.5712804124457 0
149.096349070242 15.1115241760282 0
110.596093613336 17.2065645306833 0
82.3884051841574 17.3374069382733 0
44.6255514586412 19.8621084330909 0
136.547620423491 17.0326711675243 0
100.157788313255 17.0743436613724 0
120.105618597097 20.3462226912212 0
117.84927885573 21.2578910943669 0
120.34610435275 18.9874743056736 0
111.913112151762 18.5416472477761 0
142.963000499035 9.8569738969058 0
101.563836924596 17.8367492452639 0
144.363483387145 14.9931663028324 0
55.0772107447523 16.5484134608577 0
82.0448378083667 19.5690486568273 0
146.825816917112 11.0103820802214 0
137.110371254465 15.5152594668963 0
75.2711940370259 18.4851761487473 0
102.364658707556 19.2246502420178 0
151.009728763798 11.2807114873596 0
83.2056527118415 20.410264735727 0
53.4204005981524 16.9439489453555 0
76.8676788616147 19.3104470621904 0
113.045836683129 19.6417046297669 0
51.8919925574201 17.4421903411092 0
50.0873250592214 17.8729454974594 0
142.471244476968 16.7907631773229 0
138.098837790148 17.8211459788766 0
128.618681071864 16.428420394915 0
104.120588178532 20.1874553400109 0
114.120655373156 20.283983325211 0
152.73207825736 22.865187475895 0
76.2603145523933 21.0516285921396 0
127.280277999329 17.5847111200216 0
117.777531502389 22.6848913874679 0
161.462112884628 11.7870609535716 0
125.840517376573 18.4583529586349 0
125.658502499574 20.4414788646777 0
49.2939801924675 19.0316414821759 0
143.65684039763 18.4554698217943 0
141.233481635074 9.98436268543063 0
49.0117379804213 21.0002711290836 0
154.275513593423 4.24800537472801 0
142.655134612045 15.2959439814443 0
153.122328714642 15.2678396964313 0
149.773469271605 10.2720379202939 0
137.549349262915 8.11078404101078 0
138.442271608873 6.51610927173284 0
140.658456095939 8.82025096623406 0
138.451803759476 5.12594175050285 0
146.71534200278 19.5793270053152 0
139.054545801446 3.25221810028475 0
163.128884054489 15.1308111921969 0
139.052147543406 9.00222864884828 0
146.338221052164 20.8747822815247 0
151.168675972001 17.4982286446194 0
157.52869074049 11.1321045155101 0
151.603815561183 15.7764775968771 0
152.998410290424 3.73382052682036 0
152.126274050399 18.6367435134725 0
163.065088585543 11.1632869085221 0
159.11906467986 15.2360281156092 0
151.60283051776 7.67126608727016 0
154.468621377724 19.6151778810574 0
159.013888356399 17.0720065123081 0
154.33469779276 21.0527124965323 0
166.167050182742 5.51907459988134 0
163.505091189361 9.7555051865292 0
150.314432676437 6.7740571008125 0
167.570176340696 11.8365866579921 0
151.032162308327 5.77091673773212 0
168.723966928301 15.4725350422293 0
164.460818449093 14.3428406916372 0
175.168386602501 15.157210292291 0
168.708508363675 5.63106141256901 0
167.494459997355 9.89103571457469 0
164.126193649027 16.3431533484428 0
161.893276730434 10.670196025553 0
175.438263229048 3.74493157251409 0
179.276711228882 10.3108922675634 0
162.76652929463 17.2774395886103 0
160.654605946493 9.26123432573393 0
174.998542685637 20.8885627226854 0
157.780942484134 8.0818913935987 0
171.968901692371 16.2514107950585 0
159.146727220105 9.39667013469739 0
161.039580332218 17.5040307918108 0
157.748938989161 6.41497434575577 0
158.44543339788 4.82049199609056 0
183.934299584485 11.3404651954871 0
177.024485902406 14.7869786654032 0
178.066242729635 20.2873908262261 0
160.677651135055 19.1458204120305 0
197.748321766497 11.2820638061964 0
180.257670531479 16.8942704281433 0
189.672789491877 15.5229840868681 0
187.986876199086 11.8344961524155 0
180.814968065704 15.0218251448925 0
173.126235634246 11.0527626995547 0
176.739451123963 16.2994433498399 0
181.511237270573 17.9978906849289 0
184.75134430032 16.6962099696116 0
189.424455057666 11.6137534575568 0
185.389084512775 15.3424625398831 0
174.366810437862 16.7052182871787 0
173.002708541757 16.7048220368566 0
192.27799911917 5.58354433797449 0
189.407187570724 9.80744905654547 0
193.643430850507 11.5368717218417 0
196.48914676223 22.5503415714676 0
172.90186961941 18.1483121811025 0
191.255633126023 14.917922236306 0
192.789369573412 20.0693161748089 0
179.517702485864 8.90892555993372 0
194.669306510422 16.6914946107633 0
195.348712210977 15.0630268311445 0
193.92530259124 10.2026045559558 0
199.477763828594 11.059756168471 0
191.252124648584 16.6474301359355 0
186.879163312533 19.7115159925983 0
187.920439272662 10.3252497199518 0
189.1215417889 17.0225646748357 0
183.078076029243 8.22989705538848 0
186.809260610485 8.89184421456879 0
185.201069999267 8.97781986395422 0
187.475066434655 17.1402524760053 0
213.641967376438 11.4066118315656 0
201.044245075226 14.3658204172861 0
183.682073154332 9.59345257571455 0
182.690306095468 6.84081140635047 0
184.698940962343 4.55356024459374 0
198.370589192474 10.0990425043448 0
216.034715550221 14.8698391933548 0
187.04491477255 18.3147740268002 0
210.269572646309 11.7201432646959 0
205.772989549344 10.523083637314 0
209.554008538913 5.32043913207784 0
206.900806571236 16.4826852963968 0
199.517127601866 15.5279932713323 0
199.601043974296 17.5681702696558 0
207.200624507072 14.7428584364344 0
209.513250274687 21.1465344763222 0
200.718135270431 18.4423173844601 0
207.844210169893 17.9834333626697 0
215.111912954809 10.7082929264252 0
210.929607547135 16.6405915436704 0
205.3539620201 9.13622071570576 0
200.141993265601 8.23299476464026 0
211.397306311364 14.9445176196939 0
210.712138874248 9.71443804844994 0
204.527201358738 8.24509054967074 0
219.780021304567 11.508532489682 0
217.504118851033 3.00806782288702 0
217.403465081721 14.3121316753669 0
251.076268138064 11.2846973095347 0
224.259589114641 11.3294625413407 0
226.431749483059 15.6737154017107 0
212.069765434173 18.1945112887886 0
213.955042205874 9.76616503467594 0
207.013595241692 6.40731905439195 0
225.801001728599 11.1324879227446 0
221.239884897792 16.7917655012168 0
234.462730569091 11.7510254158892 0
219.785742351176 9.92787299753749 0
221.681737438035 15.163527184505 0
216.888183483936 16.4320720336697 0
228.199294221761 5.52757542084109 0
230.847320289177 11.3213114198579 0
215.686452854236 18.3979168481533 0
225.793451989346 9.42003937036449 0
214.500704024841 8.21273336516734 0
216.197630356634 19.6584640832341 0
215.287758230489 16.9790522046364 0
228.453661958867 14.890641280536 0
235.632237771093 15.3767716015828 0
229.317868021253 19.946381334701 0
227.170688324615 4.63805134256668 0
231.219573622535 16.6639674235401 0
231.814411915555 15.0628672290247 0
243.931858476739 11.0762063743318 0
228.160016523012 3.35594507203387 0
236.368297209218 10.8727017349227 0
230.663670903501 9.69087840749401 0
227.95141995698 16.6125171630702 0
224.016086705047 9.78494908633838 0
223.072940152003 20.6505338955193 0
222.901097340267 8.792868102543 0
239.016739237741 5.95781509458729 0
236.569035012299 9.4650149153327 0
247.031278276382 15.8396161339638 0
251.09262685468 20.1664047134725 0
252.495032134731 19.7063263855543 0
240.719605298045 11.8898058111063 0
225.90441741852 17.1727282286189 0
237.964799667726 14.9611680885168 0
239.024815470134 20.6496583899822 0
224.098255768002 17.837155335565 0
241.795546045077 5.01741668935535 0
223.529733774139 6.85346554088406 0
221.430653086353 4.71254827286452 0
245.868831414591 10.814068021832 0
223.562578249019 19.3107681033983 0
241.634249066228 16.864400569282 0
222.296163514115 5.82194361443537 0
240.650273870986 10.3466196650928 0
242.115760003332 15.1103231362887 0
233.135458491434 20.5466340119422 0
237.618630399594 16.8126778480475 0
273.246232382117 5.0363186297906 0
235.040656511139 10.1692186534911 0
242.339253422385 17.9862671326423 0
239.026626727514 22.172908527488 0
233.527539337315 8.75591851873042 0
235.850797187993 17.1026460503838 0
231.964514067711 7.88818593597954 0
283.487407884281 15.6433618131126 0
233.949681273181 5.70925579799153 0
234.334949621178 17.5472549248752 0
248.00975220807 14.7753325520817 0
259.96589289403 11.7181009311068 0
232.967393159342 5.02579733666512 0
244.519209352288 9.50760360999721 0
233.07857764829 2.99502268147117 0
233.467716958684 18.8620188264501 0
256.747795321293 11.7907207002888 0
256.526847349343 5.36573836792086 0
251.921558442689 16.6440740993732 0
254.039709419407 14.7639358405226 0
245.477976685706 18.831296731281 0
248.317334183169 16.8153990867282 0
252.463870584163 10.7657144117737 0
256.525034736177 21.2560698122485 0
261.463757286237 11.1789894039544 0
257.318435707178 16.4402741306311 0
253.013200397896 17.8651313358029 0
247.111074988649 7.90713072155588 0
246.776671619201 19.5200569963085 0
245.816266585279 17.1391034028434 0
259.909046710414 4.50106137657162 0
257.886527950322 15.0640545333791 0
256.869586381385 10.229850962575 0
252.139385728319 9.20199141407619 0
251.92876987084 14.8138606832309 0
266.807345947381 11.5780917973985 0
251.013462989646 7.78943209611297 0
258.319956369942 17.7455668326832 0
253.959367325285 19.1599230350591 0
264.325134986882 20.39717161019 0
33.7005884624395 15.8311263655509 0
260.791576140662 9.72095855216467 0
268.385351272113 5.83365754915393 0
268.201647720595 14.66284999043 0
281.371982369168 11.5552626793494 0
252.75895499659 5.97228380271497 0
29.0113462534829 2.80614706744695 0
266.933986854494 9.89363249720989 0
277.235885109442 11.3321636496246 0
274.306569468497 20.7603385623171 0
269.3931722554 4.23024727862008 0
274.114784799755 22.2070708075266 0
264.502138359788 15.2790290998248 0
265.361405587199 8.66084374370997 0
272.630532880483 11.0810462610167 0
279.157600548572 5.85839582046991 0
267.531145130434 18.4753527037786 0
288.533396246369 15.1300269593112 0
274.245055406926 15.2909449661 0
267.223954010181 15.9114087013707 0
33.2669675399416 10.9718987453317 0
270.909488941558 18.8145766475258 0
278.893363989609 14.6568212027756 0
282.862797883388 11.3071471003158 0
263.944376441984 7.73055392272752 0
264.61224090912 5.98921276616649 0
263.990599603372 4.74448131970801 0
33.4765848701624 9.55529087250383 0
269.279825030036 22.2627760501207 0
277.348903691303 9.61806790896176 0
266.219878596868 17.1394327015435 0
276.664176821384 17.2962072840712 0
285.555150100207 4.50754600507226 0
223.320137822277 3.07998487486148 0
276.650214193638 15.1646326187829 0
277.405723452307 18.5371768695955 0
284.602771632793 15.050331120266 0
269.966803333273 20.4259619920106 0
276.177212281595 8.43934467053565 0
284.23322983671 16.7796046756327 0
274.606681668082 9.3123160578715 0
248.998941707961 23.9163393972386 0
281.608998299425 10.0263015806973 0
280.54821617254 19.4611898534152 0
279.990238230855 20.6910783308083 0
290.3672524171 14.8494589525006 0
273.155862257399 7.9880856347082 0
273.278521556563 6.47513287598328 0
285.186310630179 18.3221898067098 0
274.654760024137 4.5519019480981 0
292.812971431439 5.33129645453873 0
293.161015618792 11.7937029941524 0
275.671871135422 2.48964471927488 0
288.957064986468 11.1048523152382 0
283.439111597042 8.08771908445653 0
23.0021231403377 14.5866342148321 0
27.922339199966 9.76758645476016 0
27.005070854311 16.9561315855532 0
296.008014848785 4.11752803593208 0
296.675046639044 12.0417043990818 0
293.868716549499 16.4636417209782 0
294.504540038296 14.8786154862636 0
298.98653162491 15.8034647165806 0
289.040729741644 9.58492963589453 0
304.664109966937 15.380569708474 0
293.288210312951 10.3662531479954 0
29.986620845742 8.05571021555183 0
28.7951061890081 16.5132164318568 0
279.839304326024 4.0665262565597 0
21.3200512252805 11.7460361653497 0
280.247823445711 2.67581124664566 0
282.116687111377 6.91522595823925 0
24.2247840265535 6.33819992097298 0
29.8335512122105 17.3419327482009 0
289.697658909603 15.9035551030017 0
280.849458261094 5.7229266438111 0
287.909662009737 18.6138649230284 0
287.84871607538 8.34656559435709 0
295.028344547555 17.4385524417748 0
288.81107699017 20.0081630320988 0
71.0842902220598 24.1005604709268 0
26.1742842510466 10.2634815827212 0
64.3412670415091 21.6470398501285 0
296.833229330985 10.0068234337652 0
303.251484316325 18.0271756224116 0
41.3341011129483 3.01563572059413 0
29.5038667478612 9.25641464626029 0
291.191620806655 20.5990055358045 0
303.477441048414 4.22890006301459 0
288.151830261196 16.4309595444351 0
289.897465706275 6.66339789988322 0
24.818164310778 4.90365560767583 0
107.448425188811 23.8585590184006 0
8.14090291440484 20.6660505324064 0
306.691579709112 15.3480640289636 0
51.3923682578093 1.58220783958932 0
309.584966277083 14.8144706006579 0
4.0318906952809 22.0050329829078 0
18.2586573556172 18.5554122911762 0
324.049604263231 4.87305545582415 0
6.8333692802987 12.9859120578448 0
57.674352274086 2.00128765521284 0
312.759757640274 10.6063278737392 0
201.109411659058 22.5296223115612 0
307.416217215841 19.5084564887 0
301.079458509009 16.02237211326 0
263.450996098069 21.803212076198 0
305.698540812716 21.9872174139225 0
1.53762003758709 4.89613852002057 0
201.764512809141 21.3073180992443 0
6.37542912446503 22.8131346309613 0
8.20175397940461 22.8153844354779 0
17.1416716097516 17.0978821396275 0
323.236410792536 10.5003340938798 0
320.056950206367 7.98861807691119 0
16.6193254407826 19.8082408187546 0
11.4836903297892 22.5106642061905 0
0.826762580025609 11.940242749136 0
221.81122257548 22.5162156152129 0
17.0900313722579 15.6470670836726 0
257.059604662709 23.9541541334252 0
323.285034005989 18.4746993012799 0
282.794248601512 21.1287703064123 0
14.4730036552949 5.82731024908338 0
16.5241051156641 8.80708815310325 0
0.837382497646572 13.7851688815214 0
0.586742169856078 15.5343107471196 0
1.6251853547931 16.0125192756075 0
1.06908628212836 19.7094162146082 0
10.9217043123786 18.1177477251183 0
90.5569587986186 18.1720730764484 0
147.751332636975 21.578757363397 0
270.345662379865 3.05403692844543 0
0.746016665712486 10.2453974597704 0
0.777688768344345 17.2156457885134 0
0.796310322485145 8.06420491601844 0
7.62287045517578 18.8945009449376 0
324.091161369804 13.5243427029919 0
323.967457102684 15.1865364895822 0
324.127446173311 12.0913537772204 0
323.883959296047 0.64098927126193 0
305.859783730789 16.4085263625965 0
17.2203225672914 10.848163267105 0
321.006555248226 14.2823020811116 0
315.870512577464 14.3565116062545 0
202.264636678635 19.5885237742093 0
314.466036505236 9.58118963455036 0
88.8423461624718 3.96382359491832 0
147.361253864734 5.23304103499082 0
15.5949931775365 11.5675753440765 0
68.6642669463975 19.7767550462576 0
313.039022052756 22.0160204472634 0
20.2393553976149 1.40785995893119 0
312.54369352215 5.2755650549051 0
12.1197342108293 15.2594232782744 0
197.272383012959 2.52153807941088 0
273.755358943941 24.3025772640914 0
77.9426806662542 3.34788470967727 0
303.286698232868 11.4444639024872 0
0.87681742759038 5.44539209495541 0
292.054214274734 2.65490544461487 0
324.032841264614 18.007189167449 0
324.115350942831 16.6128030772376 0
324.16474845053 1.77244534579605 0
324.069279479147 1.08487356124144 0
324.095642691372 8.63335033422902 0
11.0488380689436 11.0008136256841 0
42.7403387465348 3.11101395180795 0
171.789842332453 4.79608897293783 0
0.780998976313651 22.0717748059178 0
225.963994271992 21.1168509339623 0
199.375595372136 2.46056822771249 0
169.137467816562 20.8063805365196 0
5.49014848277453 14.079644434646 0
1.60022968326172 10.2472216282567 0
302.220607970797 2.92970575956828 0
39.2780944728688 22.0819960606997 0
148.256878437618 23.8520897479088 0
303.992497691862 16.6442771406939 0
67.2462235953514 1.46217133131688 0
132.410306325849 22.0941123986643 0
324.062665298605 7.18128789619211 0
1.63124533575063 14.0569813880917 0
317.187992304332 17.4992855946238 0
0.900263747656236 24.2930043644132 0
0.745183180640714 1.0631202707501 0
1.17731711788472 2.99418820310579 0
225.975971219278 1.56790945748462 0
258.532901915942 2.86727300069166 0
321.483535540806 22.7848395909069 0
322.986418480294 23.3398875954361 0
128.027690960449 23.8507318658493 0
3.9784300571081 11.3259743220381 0
316.058538672939 6.92455190271485 0
324.241691030801 2.71292959370723 0
302.066860105411 16.8363368575429 0
309.743709134183 5.37724247605453 0
309.814444081412 4.24633349264964 0
132.868174173071 3.72715668050268 0
323.95778676151 23.571830929424 0
324.31904097817 22.0533158724364 0
251.655257955079 21.2920182619913 0
104.10453171892 1.35752617165264 0
317.362604887854 8.18447773560324 0
173.350793947586 22.6598981314289 0
56.4998290712577 22.5751143252175 0
233.843950604761 1.55412636254962 0
125.862037344096 3.03682933001145 0
324.244647974513 10.3711996785807 0
285.787855840707 2.99143543046795 0
5.32534002771021 10.730136255846 0
82.7474308131849 2.94827004122547 0
313.303512449242 9.05202517338173 0
1.91365270125647 8.38788078586028 0
13.3453685356611 16.3868015793949 0
268.395156500504 1.41244161722035 0
19.5159590905666 9.1554786630691 0
318.921409355019 5.3714579616203 0
99.3928095402766 3.10727011711542 0
28.8882064293372 22.3025942583042 0
130.435240534639 2.72807456766957 0
1.6738490036748 3.74065905980494 0
231.024161589114 24.3560217223452 0
162.878795412195 5.71231316532759 0
22.9147853457639 22.5896235178989 0
46.9528425287702 3.04214943129052 0
86.1003733373886 20.965302188624 0
72.7580321275299 3.13408769402984 0
0.718231183712887 7.38028639570441 0
46.1058241029021 24.1964872720243 0
215.504084363677 22.4226853841468 0
314.800066737374 13.2285953076573 0
268.323045983216 24.2037636968786 0
93.6747608896024 1.25982051981447 0
316.901235292969 22.1548629600635 0
19.8411089196995 7.42346253063512 0
316.127506366353 5.39595095282915 0
155.428726636909 1.41095621942856 0
75.8720684713807 22.3223369500481 0
316.691973979294 18.7501198239949 0
182.446882746694 2.70754333397521 0
320.99463719176 15.1543631421886 0
242.044276070939 22.565403140639 0
137.366935792226 19.4789257342369 0
313.84928920205 2.65906863774091 0
320.504190030835 2.91466667379888 0
48.6529922626722 22.9031836915971 0
312.923023824376 13.8968800139205 0
106.388165751003 22.8390725167056 0
202.996252482451 1.71244215581651 0
18.2724781622659 5.99584163731659 0
219.083655047975 20.245565812833 0
298.743463296366 20.7386030512665 0
323.463882418287 8.95991468512013 0
13.2989576925052 17.5257080152254 0
294.229289742783 22.7223788858289 0
23.391435270004 20.8607334529161 0
301.978469068783 18.6632902252937 0
112.057196236558 22.1475366169291 0
302.183774090612 20.3077370698216 0
139.94610328746 22.3287624832054 0
319.970353042652 14.5628728931326 0
265.876730944418 2.44861405851554 0
323.283191237262 14.1607569030909 0
17.7238663533787 9.67329666979145 0
110.660525475942 1.4008057039905 0
236.029624870316 20.9395065212561 0
119.639699205504 1.48894549073661 0
319.486321774911 11.8567824675549 0
161.577914173043 2.23912616767704 0
0.761685702144603 20.664894808922 0
11.0628381734631 24.3128196244879 0
319.283003508124 12.840976053459 0
311.196045089485 3.94012349495568 0
146.075138038495 4.15248536370776 0
195.010778649338 24.1861901276667 0
312.372648448312 15.0273833970854 0
240.760466184736 3.92252195628332 0
183.737072414456 20.5933493246772 0
229.031697705159 1.46623205619801 0
219.29375652571 1.06883404362524 0
121.652156998128 23.8750076155509 0
304.117319151182 2.95171272965722 0
43.6673526663038 21.1969279124432 0
189.382441714782 21.1683803157878 0
209.331200751762 2.79025960757056 0
187.495247220194 2.39009224510149 0
97.1446736168158 24.2469130977773 0
158.219803520125 2.66638425400156 0
36.3687903879656 1.53355433742255 0
150.00456436381 2.84397831239513 0
214.158013227197 4.29088153414607 0
245.659538168147 4.47516678994853 0
315.023791338172 19.3100791264545 0
236.416953814691 1.54895646345147 0
189.351142305843 5.45527344406536 0
167.375048490935 3.9174734541211 0
141.886620634701 2.28512084262994 0
278.597313761838 23.9421882518332 0
80.1670034301498 22.7977843752493 0
33.158891795194 5.65904201734509 0
310.232519067787 10.3421671987603 0
94.8840186814253 19.5105474089005 0
27.2692399434445 1.26605368539463 0
276.652702512023 1.55756331515517 0
7.54244843348975 8.1083261282116 0
288.542595498792 24.0644841001859 0
255.918113172659 1.4032975187396 0
11.1380472505849 2.50824870033022 0
92.9240393896364 19.8526176755705 0
157.560929963648 21.2004745384205 0
313.946712098902 18.2605577015296 0
237.241783003675 24.3616963953746 0
62.9963482877645 1.25299626030801 0
311.796405036272 22.8294284916857 0
151.30229883051 4.57660684865114 0
315.636304377629 24.0442990620692 0
17.9652139457594 21.0989932226446 0
4.79543399985143 22.9128312859954 0
59.3626207988006 22.2331746588289 0
135.838558261582 1.28470649687972 0
0.794421739199728 18.0802747144522 0
319.776450342764 22.9298577104421 0
193.581195259607 3.8413422782061 0
261.330448518908 3.08893539442802 0
311.769581361072 9.0804066875487 0
53.4130759489505 23.7705887671389 0
163.065743334491 21.2917084839733 0
296.934444116176 2.65406325070579 0
281.917722243614 1.34467673318552 0
205.213877829737 24.3258449959438 0
251.566361661839 2.54107902561375 0
142.297256621907 22.2589833139844 0
63.5388599969619 22.8034141644741 0
115.519411145845 2.96449801840085 0
317.884363821859 4.16535003009022 0
316.792916144838 2.72881798400616 0
310.769943168262 15.7588621955314 0
199.297717285321 22.8380847222132 0
15.5382860440839 23.9210206068626 0
58.8334867065384 2.9153985370987 0
54.0794554381033 20.8538725810704 0
88.5109517599253 23.2405701440068 0
278.860206109125 1.4925487942695 0
271.85157267116 24.226694960549 0
146.861320408938 22.8788185244721 0
247.985485035065 22.7632266733507 0
33.6344507727736 24.1056367078262 0
34.87591421587 4.85036958532546 0
256.497697957784 22.852417073268 0
96.1124446001022 22.3703225674583 0
323.25512599517 6.15987141641451 0
176.552195410813 2.77391478024705 0
117.066407121293 24.2340769608494 0
224.330140919097 1.46910539154915 0
318.903180115902 13.8470860867912 0
293.022196338943 4.02620391348426 0
246.008514460694 20.9960426039654 0
178.398254696146 4.56788476974149 0
52.7377350429828 1.35990907414174 0
113.687021357009 23.8637575357933 0
5.99736301519625 11.8392079423964 0
281.326883363653 21.2394713557933 0
323.282268220761 22.2319182841346 0
83.983602201216 21.3335894812307 0
18.118666013977 3.2309517256633 0
7.21985033152879 19.9378103850177 0
42.8867596195869 1.56537392797214 0
14.9972965613964 4.3496588606761 0
184.487200823199 2.56299201025093 0
89.2391744329524 2.50701110400367 0
131.210554155208 21.3956012292185 0
1.48079032086967 11.4790250686798 0
20.7162402682758 23.1405771003727 0
87.4504503632258 24.0269339007082 0
10.0746787438211 8.54866515643693 0
152.464025032547 24.1305543614577 0
2.42757502021756 16.6275612204757 0
245.387479762653 1.10325328568019 0
220.497457768364 22.951012148578 0
126.123472039735 1.51423392349074 0
271.452348836553 1.34693483739911 0
320.690375998195 16.2326312070584 0
37.4032411595392 22.53529583123 0
306.774396631052 22.8677771446736 0
173.482828690399 20.9362587410336 0
224.164381357497 21.4402819786123 0
2.46894507940107 3.32280961886614 0
199.889203830969 4.12420090496235 0
129.270307712771 21.8352177537901 0
1.56268415022722 23.5976822733763 0
78.9105919622893 1.49683200038683 0
68.498351782408 2.80105875127033 0
283.022991627128 22.6329887179355 0
84.323907851882 2.51123417811118 0
230.176713991732 22.8673997788993 0
172.471758333084 2.67169488692751 0
22.3352612661569 2.94889385006078 0
316.122556324221 1.2632124891975 0
251.450029574768 22.6857124205508 0
101.448263942522 22.3217307950709 0
287.157676934666 2.9021064244278 0
131.838389244493 2.8287293585483 0
179.12920026875 22.9807147043214 0
1.59439909863538 21.467740913557 0
119.814336196004 23.9254412282911 0
1.27823133540127 14.9514887046054 0
282.052592820407 24.2815364632418 0
101.430486995223 2.65444967613175 0
213.738911818484 22.6202254382322 0
323.923896110854 5.79659388824586 0
128.641116122248 1.50647074910986 0
105.673197049798 2.48759510260201 0
31.9174873191671 2.83938746359066 0
32.9410353876207 1.14168592809174 0
314.008705543562 1.01237729696004 0
4.66804166650453 2.18088069230878 0
208.95638688196 22.501794499924 0
27.4324184168166 22.1635639802073 0
69.745097714858 22.4565977424466 0
1.73777990593035 1.54525375870587 0
306.487484970164 1.26553260827702 0
75.021954062842 2.67384544035251 0
323.265099409939 13.3107796952088 0
126.408150807148 22.7041497454204 0
48.5983535474911 2.56420252229101 0
239.971477078752 23.2653599973278 0
324.378422851937 1.98901111769519 0
324.722249839864 1.9736816272562 0
324.435860922393 2.28523820167217 0
324.605675107214 2.12725326275663 0
100.350484276754 24.0631717476699 0
210.839351369675 24.022881709178 0
304.056831016991 1.31910765625921 0
266.479486052277 22.988730222908 0
9.07069865789097 9.35243895182204 0
104.506640149876 23.0714956747111 0
324.727336964199 2.10003594232166 0
324.698193808614 2.23401970396808 0
45.2246504369352 22.9056471037693 0
74.1950975128978 22.9565055593125 0
322.935162202879 3.19188311907852 0
110.621214848545 2.78924675141857 0
6.57066547119038 2.29762707230498 0
247.492807756732 1.39348767781764 0
94.7543743987768 2.85843357139265 0
88.7898006624126 21.5782672710984 0
323.373634112665 17.9057619371744 0
297.155323757371 23.1337209237 0
266.875780396125 1.2356331168079 0
136.451684196476 21.7269796011295 0
234.050497594368 21.4703537399442 0
142.813328164513 3.61062997392881 0
110.70639675892 24.4369785779981 0
47.9392588562984 24.2730475825746 0
322.581118219664 17.8839444839496 0
172.208604591187 19.4834200664504 0
11.9764854774989 3.67465846076702 0
322.949432873492 24.3354589984852 0
204.396985975843 3.05171661481321 0
3.45742126074319 9.15271548219671 0
323.428782659633 20.7463791535721 0
318.820164256394 21.5495596513995 0
318.479137260398 2.01214732897282 0
323.684852125188 9.76303950563516 0
322.666518821154 9.01692610140992 0
146.908369751447 2.42741871125045 0
177.726617905373 21.4971234010914 0
167.819628228208 21.7325028439926 0
140.699896410764 20.148020113144 0
323.607778097816 17.0834930612919 0
221.470978581805 1.07979116405975 0
262.218491343188 22.7021946257768 0
242.592166239087 3.84807835130143 0
181.89484895105 21.2554626295367 0
45.0133790128505 1.79213014880756 0
260.888146389053 20.9055186367185 0
188.234208746034 21.1327951573191 0
271.220174585895 23.1610720837596 0
301.608782118314 21.293999514329 0
236.95828677779 2.7742962404924 0
121.264419321844 2.75661797903248 0
324.320778733973 1.33687408433329 0
324.657409333237 1.22716623219957 0
324.422240273671 0.884431309193043 0
324.673703543532 0.83430699951766 0
324.482600254309 0.456892321742772 0
324.727556738103 0.379261134570683 0
324.498813317987 1.11851802651561 0
3.32501597728685 22.7403648056373 0
78.9263194588841 22.9196839766389 0
214.923961610188 2.95067969018111 0
0.472245317625766 4.83769563881358 0
6.53177372055899 14.0419024401504 0
324.242979212832 20.5829223150049 0
27.6442182998617 2.7302954223222 0
230.869180943347 2.8070423972515 0
42.2172116135822 23.0745773643357 0
324.509756057953 1.67021189524082 0
324.701046448322 1.63737945727172 0
159.233012517321 3.66017247892158 0
168.870891575257 4.15426873736789 0
37.9745599522043 3.06059441564046 0
287.251866036933 22.9830782758984 0
155.461392488013 21.6504519096853 0
276.662463941904 22.5013345838296 0
147.729377749528 1.17678225203136 0
238.065248755287 23.3578132541556 0
3.34370736741838 17.234349799723 0
137.303168653353 2.3545133628975 0
304.95566896171 22.9584764488463 0
153.418068672685 2.48865585792992 0
323.869157924086 21.5474373021091 0
204.499525789387 23.2497255558199 0
14.322244055289 24.0295715494148 0
201.779973886641 3.40304778008477 0
1.60131165185301 18.6047419264702 0
319.922557510722 1.87453885168912 0
50.697122455746 24.0263536017786 0
253.221102527919 2.31617763227236 0
255.066136877682 21.8427589299153 0
61.9005842161259 23.0616960966368 0
312.969818752994 19.4221294279924 0
64.7895969903543 2.4283501018924 0
191.144572204683 5.03085783795516 0
262.892990011216 2.06167915635841 0
193.47952293526 22.6210488952758 0
2.51341466513303 23.1402287414559 0
195.588931759175 5.46642530152851 0
164.958556037535 5.07667217108703 0
174.160419304705 2.55488011437133 0
117.024659840873 2.47821780623173 0
60.6034443045503 2.59384385997124 0
283.206960105728 2.59175803109303 0
324.578968316497 1.91717925825068 0
90.6636071356159 2.24367464139641 0
250.51600046019 24.1849606212841 0
312.564696344697 20.6177751939139 0
226.81338063823 2.5355493331367 0
198.062749416174 23.0123737570193 0
16.640008958792 22.5313123789795 0
153.867318031659 22.2509173954439 0
294.943228854908 3.63245553535173 0
31.7352842359399 23.151758396838 0
322.171365669608 1.1398155445944 0
69.8521015795484 2.646119247931 0
8.60656705568586 19.5983170048538 0
321.640979574279 9.25060329247357 0
314.282496158328 24.3964780068051 0
67.1281788235911 19.8423806665928 0
161.639433779121 21.3726128439694 0
213.255456767409 24.0037701932511 0
20.3728866108145 21.2598090984447 0
244.951691969692 22.7652572083227 0
309.551822070314 6.5835075371105 0
310.603226948928 7.83219401802566 0
179.533789969973 2.56266964891455 0
288.756410747127 2.39476905576616 0
145.089472282992 23.1453644836157 0
185.335891456435 3.51880819409909 0
222.606494368049 21.7730927300574 0
323.453519861145 12.4041829137912 0
279.265541712896 2.61006482391613 0
54.1012809491419 2.45805606772308 0
323.479404204855 6.86396934325585 0
25.6129855153923 23.1078587801052 0
35.6236579021816 22.8654673482453 0
2.699741901884 8.18274507942039 0
91.8290665769263 18.8677099675284 0
151.448607675588 24.144940307741 0
307.418107166435 2.66146926970149 0
96.2630331153295 2.41518450399002 0
7.92660318559828 2.06471931678834 0
273.202720734032 1.18042460594714 0
1.25284256294873 12.5883532755273 0
309.741959090471 21.5995272345735 0
11.0942643413914 6.51609149287957 0
103.766726762819 21.790466735142 0
313.008643904518 18.4933773762698 0
85.7602662812343 3.67442917417223 0
292.815656528841 22.7539948847922 0
1.38433181320579 6.02971788237574 0
113.591609084908 21.3657699685722 0
321.973989624774 17.0310157695407 0
312.300995066659 4.20281209244302 0
303.023241511828 22.6644600355925 0
257.153949705642 2.84536686179937 0
87.5915869724102 21.8754524726341 0
229.519284323083 21.8550419102459 0
258.471708181046 4.1111752949866 0
244.277667618296 3.76074181449125 0
192.230998177234 21.2065012003547 0
56.5540702026649 21.276100618864 0
299.480725003808 4.17034469018059 0
19.5596730082387 2.70398015252334 0
321.517872380827 1.98589481535213 0
308.679389892054 4.11799649926706 0
181.51265023948 22.7119995681899 0
19.2130348651393 4.64693267379883 0
132.948128579489 1.4886402440851 0
324.264194310936 19.4684620562314 0
84.4632766585918 24.3129780318691 0
103.081846945426 2.37550698425955 0
80.8991272820818 2.67470500367689 0
57.7666772368451 22.6567515139639 0
76.7367407360012 2.52687358703604 0
23.9304025347986 2.59376868863795 0
323.070382223309 1.00066420306884 0
1.32154354096684 22.7241138978717 0
316.441474158939 23.2919347342979 0
118.887318463218 23.1153380254298 0
68.5826185484443 21.0807688251719 0
10.0831947252277 19.182223697316 0
296.148367745256 21.8737035918448 0
324.727261683915 0.491565889007863 0
1.22705185013143 7.06851934643694 0
1.28388471085769 8.74841570059651 0
90.1936808930314 19.6229115240643 0
209.603912374378 4.09189577248563 0
186.746675547247 21.4093224036224 0
269.147085731629 2.31678462118224 0
217.0436736258 20.625908514281 0
312.026135559294 17.3702932902719 0
264.377473721899 22.8763583307609 0
322.398160101069 2.15195617225109 0
324.547947041999 1.43057932549408 0
160.951909885647 3.37183074833281 0
208.128184154697 23.8955506949187 0
112.208332306538 2.65303752018377 0
50.5219944111656 2.34977926327046 0
216.257697823365 2.71987519165401 0
219.596716593222 21.3472692192471 0
128.791669737338 23.0684003815652 0
211.556964782957 3.91023728259393 0
114.514285254655 22.6184414484668 0
165.771825172467 21.9215630049217 0
326.164198557484 0.048022605415159 0
333.42400645377 0.0460325118054673 0
333.14364631816 0.0418751252606803 0
326.462617152317 0.0366584284570955 0
325.855258729214 0.0472581740725675 0
333.7307228914 0.048480181162208 0
332.825712829897 0.045487213234553 0
326.780552631595 0.0471111849690798 0
327.059283682639 0.0511348832108842 0
332.498139939906 0.058007468749696 0
327.380923552073 0.0418451511087078 0
332.194387638498 0.0465803893150909 0
327.681632656962 0.0537878728213779 0
331.623435857454 0.0396549095613414 0
327.972205629239 0.0528428961286012 0
328.296246910921 0.0435188569403111 0
331.298962358362 0.0488318535547872 0
330.993676948451 0.0483855676763321 0
328.608268728164 0.0501071483378839 0
330.707702992418 0.049431661788062 0
328.918628816449 0.0433147069057706 0
329.182257211887 0.0463289336471893 0
329.49689756964 0.0470555141554738 0
329.798079253235 0.0458440572620041 0
330.093314003717 0.0511984548297959 0
330.403369741742 0.0480568987318899 0
334.713744085402 1.44089099281903 0
324.894712981649 1.4433612365769 0
325.61279263486 0.0480994894536648 0
333.996393209932 0.0451586829810963 0
334.724502155798 0.948922812793731 0
324.900700496992 0.938127775567013 0
334.710288895881 1.8626994299185 0
324.903551425708 1.85452663063281 0
325.417772205082 0.0495232370390901 0
334.194113356233 0.045452658513266 0
325.234521836067 0.0427911906943892 0
334.40522333416 0.0401740873576574 0
334.702111752564 0.537608339674116 0
324.882712369691 0.544560380749456 0
326.500713220068 2.59638681460692 0
333.184630186135 2.55315390242921 0
330.937713907946 2.58863789457054 0
328.790807851699 2.57783535282973 0
332.004270948297 2.58308250988399 0
327.778376821161 2.50314453177909 0
329.676416139067 2.57687526024205 0
326.009196784836 0.04772778627641 0
333.584716368692 0.0496420483415213 0
326.323742569609 0.0497582308739962 0
333.295149113693 0.0459442034165744 0
332.992426577329 0.0514706572043076 0
326.934912727111 0.0422588057961954 0
332.670387138074 0.0406312589834703 0
326.624408633937 0.0468504797094833 0
327.218749693346 0.0549170462727869 0
332.359337534006 0.0484303587813423 0
327.524835901236 0.0536818439235005 0
331.782589926519 0.0474604772556253 0
327.839975912825 0.0451739336106013 0
332.038897815066 0.0469656840593986 0
331.152610166764 0.047979396050091 0
328.127937603917 0.044647518454775 0
328.449433517477 0.0417487275325216 0
331.460382423751 0.0466512910279844 0
330.828714815617 0.03944259535421 0
329.954538376177 0.0435188533217399 0
329.048180659204 0.0434813478159716 0
328.768394535556 0.0515452552716846 0
330.563103850506 0.0399806533634671 0
329.336079880935 0.0459221584061173 0
330.246371978707 0.0421890821441937 0
329.654421638811 0.0437963671696071 0
325.069130329025 0.0497738961183053 0
334.527005586234 0.0493669008497383 0
324.899309553325 2.16414082759041 0
334.738496361723 2.14975761619753 0
325.866521813662 2.57809611644757 0
333.826534575026 2.58697698387851 0
324.914262914375 2.45295529334376 0
334.701335098281 2.41942377483111 0
332.551167055509 2.60325924662162 0
327.094987135026 2.58648584992896 0
334.720892430096 0.359984292512527 0
324.877453724705 0.357814827559442 0
334.727004374278 0.757688998831948 0
334.720984520292 1.14575610554267 0
324.88721691698 1.16657187008095 0
324.887313168453 0.738326129334146 0
324.898442416103 1.64694354623402 0
325.758614786327 0.0421511757400436 0
333.847383427137 0.0352893270903735 0
325.510299686086 0.0485061932781871 0
334.08667648137 0.0290073928929746 0
334.301382134781 0.0439883110391025 0
325.300375324609 0.0400038447003555 0
324.95667007939 0.051069325358793 0
334.650463310987 0.0544053050396487 0
334.705056893279 1.66627406067847 0
324.946656641347 2.66534144731277 0
334.688937958408 2.63412122661855 0
334.725848808842 0.189314639012227 0
324.878992496923 0.185307357755811 0
324.858927056599 0.0436678304186398 0
334.74991462529 0.0461985841546649 0
333.508316120027 2.57212148720353 0
333.241760502596 2.2693312081386 0
333.24705370025 2.01878132704753 0
332.987251106574 1.99967924590711 0
333.23120110153 1.79962662456846 0
333.008447947869 1.7877837644039 0
333.02181510142 1.59618023536943 0
332.826452886041 1.56810695403417 0
333.02923736462 1.41761317147518 0
332.8488479828 1.39397388622151 0
333.208839071347 1.43420301641663 0
333.206208005534 1.27767730964888 0
333.363948733555 1.29208400216203 0
333.210912189697 1.13230999149335 0
333.366079446247 1.15425105987811 0
333.477057605584 1.30572448809459 0
333.541887605067 1.20025482266496 0
333.519262965762 1.02542967693448 0
333.649786631788 1.02167138343817 0
333.640578372068 0.910753535125535 0
333.715081465846 0.916648544766841 0
333.663122576539 0.809238987489222 0
333.560070757048 0.779910085308256 0
333.751830906691 0.847628427819683 0
333.822561774645 0.918413794297229 0
333.891343276951 0.826320822268055 0
333.957905622692 0.923764052368559 0
333.809461504963 0.725318597937911 0
333.980956860005 0.733244559043504 0
333.908507518286 0.646626208084878 0
334.015990651035 0.647542899232815 0
333.985478598783 0.586616950742009 0
334.066437503632 0.558968638237577 0
333.857116660276 0.565658311986471 0
334.081365211913 0.643760527302262 0
334.152986405052 0.55263043463339 0
332.683554750195 1.53543462498645 0
332.647168711232 1.37089920281121 0
332.470883975979 1.45410729351488 0
332.429827715242 1.33859042355014 0
332.496578637003 1.24736375963899 0
332.349311956857 1.17917388524712 0
332.305716160223 1.32415093363205 0
332.196319933147 1.12388471379713 0
332.108035552236 1.29811189795266 0
332.067275966122 1.04781705580351 0
331.966458133514 1.16610747659383 0
331.871235738634 1.05421450889744 0
331.751830541395 1.12331620121219 0
331.617407426275 1.18714453440092 0
331.557444549863 1.04226157165834 0
331.417548313532 1.09706521688778 0
331.389933465418 0.985509170119862 0
331.238303893894 1.13088942612573 0
331.276337452008 0.962144645076152 0
331.064892146507 1.05755889649828 0
331.121222924291 0.924724678319723 0
330.968039832409 0.876774210085295 0
330.904968518622 1.00320197322051 0
330.838210143873 0.810144929468409 0
330.717371818137 0.923671174760406 0
330.634446927358 0.774382101892563 0
330.522014278025 0.92179644553934 0
330.502164040658 0.788605514138117 0
330.367266729724 0.9036242131253 0
330.362216946259 1.04212907692751 0
330.22074738229 0.88010920089657 0
330.203005587504 1.01954564886099 0
330.077273157939 0.850786181960169 0
330.017180169871 1.00027749449293 0
329.944249631813 0.813993642176414 0
329.875708241526 0.921194660057789 0
329.830952241713 0.772473904551999 0
329.757700375072 0.865121917104535 0
332.401649575401 1.04097967923221 0
329.796415415526 1.02906774491719 0
329.670388496926 0.967647930997358 0
330.182143040376 1.16487817054819 0
329.661263554898 0.797548374036959 0
329.567084746353 0.885921958897906 0
329.567458042001 1.07708501977258 0
329.458221877543 0.979763623290365 0
329.37779665424 0.869387945165991 0
329.227476252156 0.946490985712586 0
329.211581026203 0.793652070107538 0
329.069484010759 0.910349093686691 0
329.093952075532 0.791144785315571 0
328.93003621418 0.874806017456344 0
329.039792466966 1.03877550563481 0
328.893134147991 1.0022873831301 0
328.788042994965 0.829243247446325 0
328.715080748439 0.974452504010266 0
328.57254782186 0.876448100693754 0
328.565618644578 1.07577608659036 0
328.463848988433 0.978932642331931 0
328.341992687662 1.07665329705191 0
328.366001002349 0.882213674740318 0
328.25624951808 0.976840063273682 0
328.161160527462 0.883070285847828 0
328.054683288811 0.996713850953172 0
331.96454773824 0.963861680302208 0
328.067322425937 0.798392964878348 0
327.975509832308 0.889472025629341 0
327.859270852339 0.964898656694841 0
327.829019390758 0.797690060283615 0
327.677572306769 0.864473920246755 0
327.723307431192 1.01862279016629 0
327.591608057121 0.945528063269115 0
327.547504897026 0.80160107196529 0
327.505756507836 0.913925484155836 0
327.477293960922 1.03405388574058 0
327.356542847167 1.02948091680201 0
327.373063096337 0.862630300710591 0
327.213759385188 0.911664783909342 0
327.22271116274 1.0643782995213 0
327.070494292618 0.953313414873338 0
327.068796298712 1.11342624323719 0
326.928734628294 0.970200196857172 0
326.94339687912 0.82795700680468 0
326.799087685758 0.965488499532464 0
326.776060528574 1.07157376083806 0
326.682929364207 0.949741221977271 0
326.70063100738 0.860075302342176 0
326.574506337517 0.906706221342166 0
326.512521765364 1.0226343740752 0
326.398954314498 0.949389531294676 0
326.447027895775 1.14998234883354 0
326.289186711821 1.08590802533013 0
326.264346067794 1.26913677530409 0
326.115101250002 1.12970590475739 0
326.212148815739 0.944319271729652 0
326.088933722947 0.998658328882154 0
325.970289832008 1.16628110704738 0
325.957110970578 1.03692706892237 0
325.950037412025 0.912303536940999 0
325.835614968645 0.932169804305872 0
325.847435428057 0.813265535220521 0
325.725365667953 0.936585520503308 0
325.747695838987 0.818575497057701 0
325.85804130529 0.712041171127976 0
325.768255972459 0.713237015070067 0
325.670104995677 0.712126336499788 0
325.866727734083 0.64629840590025 0
326.631051169269 0.809104929883544 0
331.496874650521 0.897749050927191 0
329.446063140719 1.1870595049123 0
331.031184960369 0.732092637579469 0
328.436261471538 1.18291252943375 0
328.564828219075 1.28104702324136 0
325.684372091733 0.612261236017419 0
325.578515063144 0.615909545005147 0
330.850124810289 1.13899701051992 0
328.136763349458 0.698933670153073 0
331.475032128298 1.25587243327088 0
329.198293381663 0.71016608801528 0
330.108843969385 0.736739061178202 0
330.584220709087 0.664907528846454 0
326.40251792533 1.29460223394466 0
325.606637765059 0.5390002811803 0
325.507134600122 0.54741768981533 0
325.502607955386 0.638495851763034 0
328.462330951328 1.41724033051565 0
325.562664287236 0.49555482385951 0
325.463236455008 0.501761058269836 0
325.623415135082 0.44622918975246 0
334.169561562013 0.63849180968184 0
334.134290288153 0.46937190900122 0
334.226888183606 0.452995504930617 0
333.946826391777 0.479784367515172 0
333.86387086478 0.417879988458505 0
325.493591693989 0.431097809646424 0
325.398314044715 0.418862003082428 0
328.635608314159 1.49809166224983 0
331.966230071291 1.371188023895 0
328.380400457118 1.57175937532635 0
328.191343387168 1.48284256235271 0
328.84702486349 0.720794232260657 0
328.729017886383 0.673014260673311 0
328.79882021861 0.586325507333905 0
328.699057910077 0.539615440873437 0
328.768643841831 0.463901176457391 0
328.677819637357 0.418817373890725 0
333.803407001701 0.366650849266323 0
333.746686533039 0.432720960406957 0
333.684091588164 0.364727306107605 0
333.655871238952 0.430321413356875 0
333.600211445804 0.360003688152096 0
333.597824119757 0.42904430786991 0
333.54487451969 0.357128739921791 0
333.502598675709 0.406992802163796 0
333.452521378646 0.328539107981722 0
333.398030695665 0.410733819282494 0
333.37660266017 0.333557387160168 0
333.308330076289 0.40368720471768 0
333.296583561964 0.329667670740812 0
333.223348605567 0.394950118369685 0
333.311939794879 0.484369044380291 0
333.222892476331 0.475659205899057 0
333.13952361891 0.384920315073023 0
333.134548270231 0.465786991563564 0
333.215957832886 0.560083647067949 0
333.056279152404 0.367496959605558 0
333.029015850723 0.466947680895208 0
332.982753909536 0.333236546597599 0
332.915727348481 0.407011087931594 0
332.957776106769 0.549504171929191 0
332.876744071293 0.508663152438554 0
332.920281321484 0.612847344747752 0
332.831450518167 0.412381251433588 0
332.796345750974 0.471508139993015 0
332.722865972576 0.431554332452566 0
332.672799837393 0.503886928799461 0
332.645879504737 0.397839652673832 0
332.601883400683 0.471310849149908 0
332.56652249477 0.370951873257187 0
332.52426174878 0.445801756752815 0
332.493165549865 0.343496884479021 0
332.445426697493 0.41944631764159 0
332.371182812572 0.385282839945547 0
332.408846695802 0.503861196190705 0
332.308770764469 0.485697596728869 0
332.235442853534 0.411558154106468 0
332.187089152173 0.458876737462708 0
332.171152491209 0.354854780805441 0
332.105930455976 0.41849486367899 0
326.691821393822 0.726302325853714 0
326.617609313967 0.67988152659756 0
326.745222157349 0.639099403206812 0
326.617296073233 0.586049184521429 0
326.489521669586 0.620964534083781 0
326.697564528038 0.492891520857981 0
326.53063849095 0.492706151901888 0
326.43631939254 0.538664931266455 0
326.461251422625 0.42475911414892 0
326.376190794305 0.466047597210367 0
326.532410343454 0.377584415302283 0
332.059988706614 0.329097662997224 0
331.994986229852 0.415262773392271 0
334.181517255031 0.393157723024066 0
334.27278813727 0.369932821158783 0
326.796761033009 0.551912629564303 0
326.853718940281 0.47795462934757 0
326.90666363519 0.412307262672867 0
326.997937065359 0.47206047247938 0
325.408835085231 0.363039803224859 0
325.324330916821 0.384236294137321 0
325.279844572213 0.451374704184751 0
325.467947576504 0.323553920193506 0
328.033112488771 0.638509278707217 0
328.183481903042 0.598922817837125 0
328.082832613569 0.551800505861252 0
328.129451445078 0.47064213238588 0
328.049501763484 0.421837496795725 0
327.993175083035 0.494909745239136 0
327.982204301263 0.368758223652401 0
327.91859596084 0.432099257366689 0
332.319777379738 0.571809458030448 0
331.982368019716 0.333570626308453 0
331.897815902083 0.401104381863859 0
326.404167421441 0.36251793631799 0
326.322772991138 0.399618652763194 0
326.285333396174 0.504442892863401 0
326.236698858055 0.4359580747812 0
334.329278107845 0.466662638105566 0
334.349302806207 0.394567713452943 0
327.018798294867 0.358017859378566 0
327.065252049196 0.419755676578541 0
325.989159778214 1.29486097209181 0
325.845378632689 1.33846947555752 0
326.020639714554 1.41778626671907 0
325.880550301222 1.47530998126451 0
325.918994318955 1.60567895141384 0
325.812545776209 1.64537056672833 0
325.720886777119 1.55459757987915 0
325.652954806483 1.72370424969169 0
325.553946374604 1.52663363285497 0
325.517736931175 1.67500674715036 0
328.178146042601 0.397342896758257 0
328.254315237074 0.436398285554336 0
328.722646262391 0.350616100223099 0
328.835063558853 0.371616769814312 0
327.862561592035 0.368555328483069 0
327.811363410332 0.408207689481089 0
326.194798155513 0.369777346696003 0
332.591678043811 1.0956212515145 0
331.897910024562 0.32304802236323 0
331.8046956602 0.381907184906351 0
331.897852850977 0.484827643066696 0
331.796764102478 0.462265330888637 0
331.714695905715 0.362242493492612 0
331.701298528612 0.441341154836959 0
331.630469929033 0.339551013372388 0
331.592371176135 0.430321347221692 0
332.634963440966 0.557505076888439 0
331.784287013399 0.543956031690874 0
326.836206554509 0.370314172335153 0
325.216524227171 0.534429404995502 0
325.261312739521 0.331636294507532 0
326.191740373878 0.53932695995122 0
331.56312528868 0.304180155292322 0
331.491065428454 0.362757993117834 0
332.110123654342 0.525935940783305 0
331.475868813541 0.298065617468791 0
331.396943454138 0.342374412727083 0
327.261175614036 1.22756632512004 0
327.085249298555 1.27724048570121 0
327.239956929452 1.36480739251334 0
327.131938706527 1.42054436616167 0
327.22609176144 1.53750869804377 0
327.076155385615 0.330352429874492 0
327.12478487551 0.366335056453341 0
329.563176761401 1.29394319404926 0
329.463487988452 1.3740753400684 0
329.688590018674 1.43090802814363 0
329.495723101643 1.49548978142603 0
329.708530760239 1.58887504573487 0
327.0725213383 1.63829775090066 0
328.613759087847 0.485177320877411 0
331.431808960448 0.45090747491295 0
331.354046688379 0.410035563388636 0
331.331884570611 0.310601252047287 0
331.290650937566 0.368462351173613 0
327.817855828049 0.30560649815369 0
327.746904073715 0.3600425216066 0
331.243675604067 0.31713151833648 0
331.184710213847 0.372603201484954 0
328.305789599554 1.73835037839732 0
328.116122723316 1.6475165877515 0
331.620468963141 0.501594779258024 0
328.564833388028 1.64894900498981 0
334.203145685057 0.342164357791876 0
331.132295318777 1.22026016345727 0
334.391070283301 0.471685872327364 0
326.157734780049 0.306474407789034 0
326.080079949725 0.335839281792667 0
334.137666967947 0.323648987227164 0
331.136783605889 0.31310957555351 0
331.075801168199 0.367783196084523 0
333.7539829415 0.311261170190414 0
332.540906199833 1.65303109896306 0
328.231793091979 0.333148726394902 0
328.303446880667 0.373586384822807 0
328.163675649435 0.291267835524523 0
326.233338753733 0.618508658127324 0
325.403791227875 0.275456772249774 0
325.942043727218 1.74844153343494 0
326.117311918193 1.69402659133636 0
332.685502193776 0.324855169899961 0
331.296508001979 0.479789440005553 0
328.81331849948 0.283890226562789 0
328.934321585113 0.313555760897674 0
329.56098287645 1.69676603483766 0
326.240835089147 0.259799118685134 0
330.473681794597 0.671353239154422 0
330.553169484057 0.570191950496498 0
330.450765847536 0.566397452011825 0
330.549230076543 0.487244614228908 0
330.433335097273 0.45501700463374 0
330.619158372553 0.503414632883978 0
330.571740613395 0.411988349119471 0
330.674509166961 0.455354915287915 0
330.598588513989 0.336235315995323 0
330.694438359645 0.361455056890442 0
330.757605064137 0.456635897532843 0
327.337389359749 1.42345501993957 0
327.365384663945 1.64242884889772 0
325.389875513099 1.6136099932112 0
325.42762650459 1.47701495454938 0
325.328555508069 1.73528316138459 0
327.112670392646 0.483110093103111 0
327.219307559654 0.426767259660715 0
327.230617962117 0.341207215070073 0
327.303649297176 0.377406496647814 0
328.761221251202 1.55042633326627 0
328.772733167471 1.71682264888748 0
333.143633442456 0.311299393484501 0
328.934197571744 0.428808632779783 0
329.002079205507 0.361214002103735 0
333.581786190685 0.283582347274491 0
327.310614125932 0.293765577750849 0
327.377367252394 0.318931074072351 0
327.375504861158 0.407293574170408 0
332.120036105413 0.302510675376966 0
334.421466524346 0.424391893593138 0
334.378256446537 0.324021754164634 0
327.714043666996 0.476153500679252 0
328.310311709718 0.464029327552136 0
329.001538130848 0.259786120784955 0
329.061064090038 0.300804655167371 0
325.614635337513 1.83742198667113 0
331.085064210239 0.261252868393038 0
325.203239993213 0.385223101066981 0
325.219521833149 0.27532946368659 0
327.875442327713 0.263133872121618 0
333.350527635909 0.265422068255449 0
329.081822977955 0.39574431622061 0
329.130875104647 0.331141202061798 0
326.997089538412 0.287511787490961 0
331.118754956258 0.433106937839921 0
332.538013471889 0.279217995627394 0
326.126412790408 0.249319488726811 0
326.05770548894 0.270622851879564 0
326.000778808105 0.361601210701878 0
325.966972381907 0.28492861257469 0
334.469913933142 0.349702795592778 0
329.795701016823 1.80094430641465 0
329.853543711741 1.62417464274132 0
329.966376067221 1.83879328025519 0
330.090528989034 1.67562908114016 0
325.985903212375 0.210628059971268 0
325.911515746339 0.252732777491633 0
325.886642824071 0.328463774486897 0
325.84118788749 0.278122366644023 0
330.248976891063 1.87343652669536 0
330.392140808264 1.77572509181808 0
325.94312161667 0.70160389380121 0
331.727903167735 0.285917751280624 0
325.277526846083 1.53862405707743 0
325.316436795301 1.41343347419662 0
325.457370960288 1.35281681387999 0
325.3522049829 1.29447506281663 0
333.887695524222 1.01082241182967 0
334.0130598875 1.02905542066854 0
333.961643398901 1.09725135770353 0
334.051779102123 1.16637621654594 0
334.155990794059 1.22087933547405 0
334.090884800674 1.33301530069742 0
334.215216351809 1.12630062218869 0
334.219181743456 1.37201157404018 0
334.17276863525 1.52087860946815 0
334.327646663696 1.50273311878479 0
334.239599673328 1.66071549472534 0
334.078727162674 1.60655209453189 0
334.113888265112 1.70162153375396 0
334.347508845016 1.3947162903295 0
333.400876398047 0.493907068605174 0
330.802716105446 0.39451940924804 0
330.799998660497 0.293907040318597 0
330.861576472718 0.483815676381991 0
328.288744560982 0.276736674352782 0
328.357220015654 0.312906612438199 0
325.61959878817 0.924973217916488 0
330.619918653847 0.260985123972694 0
330.529770191246 0.232673957397646 0
334.096987795693 0.92380058978613 0
327.654722681936 0.353813394718502 0
327.65194988774 0.267309164649515 0
334.301238755644 1.78857254881748 0
334.16934529222 1.83822407572158 0
333.525521217669 1.41334928679843 0
329.164812585331 0.424230118697651 0
329.20656362281 0.356740049091842 0
329.250035033813 0.454456732100256 0
329.287118487743 0.383171100288602 0
329.348231490754 0.50454371565706 0
329.375848170566 0.40818892217571 0
329.386552501701 0.331745438391513 0
329.467550524652 0.340823714776557 0
329.475014690172 0.422887957028578 0
329.545672475548 0.328914366511204 0
329.593121017536 0.421092781066706 0
329.661608373515 0.351837488600085 0
329.673236778873 0.45006173438374 0
329.715081847304 0.405803461046149 0
329.706807534026 0.312108261179327 0
329.775416888223 0.345676157066074 0
329.80695469683 0.409707419468618 0
329.868285531672 0.346626969243637 0
329.864948920747 0.419801562118739 0
329.950856925984 0.35662091921882 0
329.518203974032 0.26661861003521 0
329.165762084809 0.270303673531705 0
329.469578852578 0.51228473639291 0
329.946604716697 0.28195003407533 0
330.027135825419 0.291721673379903 0
330.036264133353 0.367935575021543 0
330.107114677414 0.300990912774244 0
330.121636116162 0.37744866419076 0
330.185613630617 0.308215549876586 0
325.212797364862 1.3537642652273 0
325.246386789593 1.23625376536506 0
327.244263032869 0.26580519759066 0
334.145023574346 0.260731455150672 0
334.093874517649 0.260274971799209 0
327.381162130638 0.236915514803361 0
331.980480191547 0.263837683315521 0
334.391530337596 0.255652084418236 0
328.017522566113 1.81313655429925 0
334.465711012849 0.25963053011629 0
331.510635227944 0.261575195300492 0
331.454989355657 0.227235073355957 0
333.681693717017 0.48339382750722 0
325.391838334157 1.18911644476478 0
325.286160939849 1.12701820984416 0
328.341108593167 0.225394195467182 0
328.405310630879 0.254384483202155 0
331.194854772491 0.243093565365125 0
326.941310356073 0.532789228656967 0
325.324075791975 0.597451285876463 0
325.208176770426 0.640659391388682 0
325.287304854763 0.676251722237116 0
325.19988422467 0.704441251988821 0
325.250158580743 0.748342979923064 0
325.186757486519 0.823703805120566 0
325.815218073251 0.354994605500507 0
325.779564386908 0.299463274257892 0
325.795291073748 0.228460817517279 0
325.752026376243 0.243249363858227 0
332.293156830367 1.65249641765074 0
329.787808038145 0.257791776932055 0
334.498177336776 0.481161545045095 0
334.418767732431 0.528831837357033 0
333.060505408744 1.11074384783973 0
333.217994587095 0.991782384325132 0
333.074203697367 0.97654559237876 0
334.413440459754 1.49507486443053 0
326.171582601102 1.86922794338545 0
326.387422401008 1.78521585111501 0
327.207775926425 0.527034552200371 0
330.789351403229 0.51881973726331 0
330.171682138843 0.238015599062721 0
330.243420654002 0.244119702782867 0
328.21117611041 1.91025517769881 0
329.305436042415 1.32473974745926 0
326.974269826425 1.50096702327362 0
326.896864362396 1.73849079078421 0
325.429567594481 0.213985081555241 0
325.138722574398 0.3036544716062 0
325.142002645312 0.221611558868017 0
325.205101983515 0.216403028712763 0
332.558598681913 0.911431418375133 0
329.054858895989 0.213575191328541 0
332.411516603908 0.908936093187712 0
330.343048853792 0.561418544761595 0
328.947272540278 0.200353723062921 0
334.352056131001 1.89034410486409 0
334.278105394456 2.02370639032815 0
327.038540670087 1.87629031491598 0
326.845793476182 1.99298597869162 0
333.084760892535 0.845987696293345 0
333.03361754962 0.596241508742074 0
332.462815502234 1.89108383471814 0
332.219810822562 1.81577191163692 0
330.884956520909 0.299335017381079 0
325.130727432365 0.639680442380484 0
328.424731056017 0.347845703429165 0
329.685956760511 0.230594308158494 0
328.281236392031 0.193192959249027 0
325.487743252287 0.229420803744846 0
331.89003435939 0.572351571021567 0
331.759155130313 0.626150975563742 0
332.386025636639 0.587806521355751 0
325.927125479177 0.623966636627119 0
334.031748291375 2.0091560880432 0
330.804422880722 0.218938556171963 0
327.443430096903 0.333857771589679 0
327.445831792604 0.25005249772158 0
330.020722590108 0.219140778846529 0
329.944250533578 0.211819976599279 0
325.738101568773 0.184811429405806 0
325.678296327479 0.202830868913509 0
325.692567755052 0.262846774427094 0
327.720957041608 0.258262826086903 0
329.840884721446 0.492700332027195 0
327.64490408862 0.187734529727972 0
329.737358572829 1.99639120774441 0
329.476373959633 1.92368181415958 0
333.972060614186 1.71806549029514 0
330.391810363965 2.0456820868791 0
330.595485561775 1.88923505274793 0
330.657772146282 1.6417766187731 0
330.894034922836 1.9027307193158 0
330.912314027217 1.69603715902096 0
331.175109636068 1.72884249944519 0
331.169393225839 1.9408328210841 0
331.478257485824 1.738173357276 0
334.453529874139 1.42639296244099 0
334.390133692 1.28700394574797 0
330.03871954857 0.447501560718501 0
325.075785359313 0.27175026138146 0
326.27809354888 0.722219310341959 0
329.114629858799 0.496906586765609 0
331.8663896728 0.662045109415793 0
327.085088022403 0.265218353544349 0
326.980804421828 0.217410151725041 0
326.911613782918 0.238316443895323 0
334.323384549586 0.244661280748797 0
330.896669920434 0.543583276345749 0
325.924536298496 0.205718807512085 0
329.363553355805 2.12776618456322 0
334.1340943716 0.19893795539339 0
334.05519244333 0.214810996895054 0
334.204148591388 0.195578983402602 0
334.014446455273 0.282814957029251 0
333.993395188475 0.199912001370894 0
325.436112897591 1.09241097583135 0
325.137861020619 1.19605526036369 0
330.262714875354 0.310429997246706 0
330.310819073364 0.24542302760094 0
330.505999370418 0.309803558489856 0
331.906798719561 0.253241106928715 0
328.471086199505 0.285132841857356 0
328.442247399332 0.198607867957867 0
328.506774389601 0.221099956301068 0
333.943906296805 0.241885470965754 0
333.918729467351 0.16986387811823 0
334.453797833027 0.191559772383625 0
334.521979547181 0.182602885615158 0
330.883957694259 0.230715928305045 0
329.125439592525 2.02830720966889 0
325.801884427648 0.167533846914945 0
331.449228623536 1.98895771828642 0
327.481785921613 1.5046011710896 0
327.527272648055 1.7502923482099 0
333.280052225326 0.261376723469795 0
333.327786323816 0.203538845499941 0
333.392465460009 0.205642246272207 0
333.264179600413 0.199435097120792 0
330.434457775753 0.217355308365974 0
334.539783282865 0.584115980946698 0
334.45348943232 0.631829687320753 0
333.658483259657 1.35583118343455 0
333.580147965237 1.57317128424941 0
332.974208922297 0.691788481726276 0
332.86259654913 0.718606439394729 0
325.078923898942 0.22157804336622 0
334.412086545878 1.72822210278426 0
330.25097369683 2.14100708269743 0
327.938141640206 0.574472261671565 0
328.020104508394 1.38935024248551 0
329.748976236434 0.162247631388967 0
328.294271466244 0.625076329552902 0
333.217161230393 0.856751057250293 0
328.851226719158 1.1273083540171 0
330.577333488945 0.187292856575358 0
325.845775016537 0.4152275973424 0
325.771531715381 0.436486749928267 0
325.366620815518 0.249278809046073 0
325.375218839149 0.201676874332877 0
334.529245602084 1.31449468139808 0
334.42027948461 1.18160398786068 0
325.995936734667 0.151646625653967 0
325.162372248858 1.05971205396732 0
328.906542119175 0.626809522300376 0
330.239004917636 0.182633616924858 0
331.48225382449 0.171113571105344 0
331.563889612175 0.206584716755797 0
328.978555003144 1.61801290030105 0
334.587237994401 0.479730701486141 0
325.827826743254 1.19763532813303 0
328.089895401457 2.0881891192389 0
331.41813258642 2.19870850121602 0
331.927079720054 0.192353439849572 0
331.994516903665 0.203305256576762 0
331.857327355829 0.175157449367214 0
334.201119599219 2.19101752316578 0
334.392533868069 2.20476976129725 0
334.147199200226 2.36839509917923 0
327.385069707725 0.181061841959446 0
331.747192472276 1.83429409330232 0
334.179682881389 0.726351506464402 0
334.274792067375 0.723447648885254 0
334.559075785217 0.331468159579498 0
333.86831692995 0.237947884406034 0
333.861839512127 0.181971609587822 0
330.170632457431 0.172685792452076 0
326.79423921754 1.59120809809341 0
327.051903656984 0.19107598767737 0
330.942930403713 0.299077432813163 0
327.441779141392 0.162127251851384 0
334.576335441259 0.669604022372078 0
334.517278533235 0.711730288400293 0
332.375627683741 0.677221443029086 0
326.259563492904 2.09496878176375 0
325.949819514841 2.1161572674943 0
328.527532350842 0.157641968448595 0
328.592312668869 0.165404201644165 0
327.195951893422 0.771601321687379 0
327.315273893193 0.717339947235746 0
325.330143756315 0.805621393047139 0
327.518627010203 0.181868873431384 0
333.370192459437 0.148216680334399 0
333.432408701845 0.146353812722675 0
333.456425048376 0.204279805278521 0
333.505348417241 0.135167508791631 0
333.599626226603 0.682263877061206 0
333.516645509936 0.648493730129737 0
331.418062027407 0.149778205554631 0
331.394700979353 0.199470126416452 0
330.064747216195 1.44341729057161 0
329.651309345006 0.143018293999806 0
325.042659489184 1.08088730719442 0
325.110409657259 0.943657310305721 0
330.88302406196 0.163318357230887 0
330.954855191466 0.16458094451646 0
332.949199954138 1.08855575128862 0
326.153061685258 0.744475278710627 0
327.555496193148 1.34773352393786 0
334.546754720392 1.48884103530378 0
332.518658263087 0.772893947311481 0
330.84219843418 0.631939412477728 0
328.302681370378 2.19453071033647 0
328.334516728886 0.155230887318224 0
331.824394779868 0.753332835781565 0
331.716661856427 0.712498259857924 0
329.021435905454 0.164798971281038 0
329.088150371409 0.184830416369174 0
327.027339377408 0.129771132685926 0
333.895095100645 0.117137834238388 0
330.333719709237 0.304262265026048 0
325.67253022645 0.145410555270679 0
325.61436525217 0.156410521133556 0
329.771243098984 1.30204225360345 0
330.131293224154 0.458108561605301 0
331.729298070907 2.03279403198116 0
329.931976901679 0.514629664626506 0
333.983382075846 2.16018919898054 0
330.726048088226 1.44866682991968 0
330.531164173974 1.36527394829383 0
326.306028996374 1.61886919509901 0
328.93627942005 0.132454383692203 0
328.892774495652 0.185796034325395 0
332.255301615833 0.637561352659431 0
332.241453212045 0.800697353845619 0
332.094699348118 0.743630048214777 0
332.14865657508 0.925746358021561 0
331.375427295709 0.136380343017608 0
333.804761537475 1.08537477619989 0
328.486803197493 0.384447252093487 0
325.015477175407 0.228563276067031 0
334.18778728183 0.818377515178286 0
334.283895313 0.814858270928236 0
334.297277497282 0.903247971640047 0
334.367279479104 0.895381618176637 0
333.207954010061 0.739599213045611 0
330.945203563533 0.103208367690869 0
329.223473750625 2.34468929177863 0
326.733443821046 1.42766691060547 0
325.038389436078 1.17841087622733 0
331.00877159479 0.413414414496269 0
331.045770802786 0.48740418661444 0
332.386264765449 2.11399128425025 0
331.621061401173 1.61559789928052 0
325.93989401319 0.148439110033387 0
326.120982850487 1.37273085310123 0
328.449668783573 0.430066187051491 0
332.882043367483 0.796078497849913 0
331.954192656924 0.138668752940541 0
332.014045848484 0.14774424989493 0
326.386875700898 0.660067655510379 0
333.316340778851 0.583990444756632 0
334.319695764904 0.988087590930368 0
334.427029704108 0.963067682213131 0
334.474425235364 0.869654173829323 0
334.543335789641 0.991416469308454 0
330.625880748504 1.22641337792848 0
334.476185340507 1.87817714780499 0
328.652832191094 1.86169902769604 0
327.37503780238 1.88619286800942 0
327.551164962625 2.01740236920848 0
327.375272823647 2.16742001971819 0
327.140364073082 0.560468146060398 0
333.895432104898 1.99139312781459 0
330.291322558258 0.383150044538741 0
329.2713531203 0.553975132307913 0
329.383092057465 0.605486944315534 0
331.16732538744 0.496779045286986 0
325.556403231439 0.306579082484849 0
325.01686524045 0.16488328007443 0
328.153260998813 2.38950205268035 0
329.938174182232 0.147445835148089 0
329.872338549861 0.144992154924381 0
333.403238269458 1.59916043380047 0
327.582714035205 0.267203686609916 0
327.580564991672 0.348290081048731 0
330.176600062868 0.104867445714173 0
334.039758281914 0.145449605858565 0
330.89212746928 2.11180770613085 0
334.556400971143 0.896270462675542 0
331.087147492841 0.562618448764409 0
331.149073050022 0.632712142635885 0
331.343928320453 0.164200977232003 0
333.550178766528 0.591061467765112 0
329.714603003149 0.106464150012337 0
331.163558354038 1.51920731102444 0
333.628698611721 1.75348418527929 0
329.90923230568 0.599032263140083 0
329.786415498415 0.584657022782379 0
329.012092273048 1.20531125164171 0
333.518458748873 0.204310471437583 0
333.576219665497 0.149431440883509 0
334.360877579474 2.36404571445139 0
330.133589761951 0.543640404452588 0
334.352000934694 0.630165272571612 0
333.305972220317 0.718831694221952 0
325.319676367095 0.202486134674823 0
328.274127935821 0.133586768803245 0
328.235456647455 0.153812874062238 0
327.761724555222 1.39750932828767 0
327.705817196903 0.180863566169133 0
327.764250516295 0.17050814670002 0
327.637754526596 0.118094483675309 0
327.749282776529 0.107875188870049 0
328.467518574549 0.144376947544507 0
328.541082682826 0.10036280948446 0
325.323465396112 0.142236430288303 0
330.579274122983 2.2695065892607 0
334.194537015086 0.139535526638301 0
334.256596868537 0.140207121573198 0
331.580104874925 0.133003334142994 0
331.650996457672 0.145429871660825 0
333.977945215204 1.26977963855401 0
331.774924902435 1.65372873581319 0
330.629486903896 0.192512186051455 0
330.61692708644 0.131544253048875 0
330.675788762439 0.11762236328779 0
326.099044773632 0.570408655864625 0
325.870871789335 0.483358108342948 0
325.951993789428 0.456003097209199 0
329.777270069333 0.130631264131127 0
329.871487814441 0.204545764226866 0
326.50051524019 1.94945762185921 0
330.018452035165 0.140662586726513 0
329.608310513448 0.210642915970894 0
329.579725890034 0.158050716151656 0
332.947685371395 2.23509469697517 0
329.121038371881 0.690624587046463 0
325.39002240834 0.128032627055606 0
328.208768374598 0.108033853349846 0
328.156948783559 0.116183813921456 0
333.375304654978 0.841644588914084 0
325.479672765049 0.995558094524955 0
333.840321260815 0.131850602753288 0
333.812726362018 0.19629346029261 0
333.790646115659 0.149315262805842 0
333.744181269574 0.170829057180495 0
327.132862041886 0.220306832483323 0
327.126120437014 0.15986216722823 0
334.530097698206 1.19864273677395 0
334.633650827094 1.31917251811773 0
328.89245580871 1.29383075790644 0
327.011711916833 2.14536205862199 0
326.800451935247 2.31920979307573 0
330.738508935984 0.604856621348257 0
330.245156369105 0.128840060578635 0
326.47078486894 2.19017023948049 0
331.017289756146 0.156746402947088 0
331.071406240029 0.150553146430259 0
328.590185580486 0.249257586207026 0
328.667958457793 0.228847221470586 0
328.657417409424 0.166086154173126 0
328.719725329016 0.164225041786355 0
328.731033005994 0.224543905483612 0
328.779409936851 0.161850703222559 0
332.056760212415 0.211585249807398 0
332.074654824525 0.154904168652851 0
325.784271325301 0.50705334496775 0
331.769379590542 0.848222990303808 0
331.650748071102 0.205776394653213 0
331.703738318419 0.14976182631222 0
334.329739015675 1.07306603746084 0
332.151778629829 1.60825727927148 0
325.02591910339 0.297203558634155 0
334.495712651852 0.123041650952993 0
334.434907452884 0.133638884774786 0
334.584555468286 0.161779668314799 0
334.266456424356 0.192005587797041 0
334.315593038566 0.139471653314672 0
328.884639046572 0.145386276476743 0
332.772534663374 0.742173214933403 0
330.558953974529 0.144246092964292 0
324.948261140458 0.247543154799534 0
325.886550101391 0.141830008441143 0
325.080353084349 0.161770255702366 0
331.829585131358 0.234713249120159 0
327.830279453376 1.70433439646041 0
333.535855478684 0.0954150112352542 0
325.263602903897 0.150456199486101 0
333.971297666453 1.58043142065129 0
333.809092608282 1.72684177481372 0
334.588135973571 1.75541710863449 0
325.584500676533 1.03752791407089 0
325.540324937518 1.14629980497917 0
327.740590159626 1.18243580620446 0
326.25083806024 0.812942374498245 0
326.37734049435 0.786137811198911 0
327.818025769691 0.158222719868478 0
327.869205756691 0.147025598564738 0
330.987912551213 0.612069186500981 0
334.227582069592 1.00559097006978 0
330.27809157782 2.32159017771051 0
327.58133369455 0.118897468741781 0
328.966410808434 2.24829024440365 0
332.75594223003 0.666319705169043 0
327.47483623946 0.0970376089865058 0
330.09874261501 0.229098726249751 0
328.347533140755 2.50356935440776 0
326.004150872701 0.0979368738253022 0
326.052212225711 0.151436280513419 0
325.951254327356 0.0964010635905083 0
331.9299012932 0.801540646494999 0
328.971515852623 0.761946156663327 0
329.079194960845 0.145647033533604 0
329.134077679267 0.144719696861153 0
329.133837598347 0.0928053382879827 0
327.942935301264 2.280272751411 0
328.383514019033 0.176937101336755 0
328.375425474309 0.114745574284631 0
328.996575684593 0.100727988619917 0
328.598678596205 0.104604021064361 0
331.792137107696 0.148196948782925 0
331.828678119731 0.107997796726508 0
333.459612480453 0.0828283536700651 0
334.50977137282 1.65977853778294 0
329.667844634293 2.2245854700734 0
331.662270447398 0.093425258146217 0
334.643043702691 0.122555129703506 0
331.302234203282 0.108288068915797 0
329.127402601679 0.196242199786951 0
329.192205001026 0.151949560138084 0
331.977265444482 0.0900689779560285 0
333.909433033476 0.333239045174667 0
333.846791194262 0.300444502903876 0
327.319653338096 0.217206880290166 0
327.338483907855 0.141133467556579 0
327.257801849187 0.194938684958688 0
334.514144115163 2.21591827486137 0
330.23665583286 0.554832217606686 0
326.185032425097 2.59651573989002 0
329.090716732785 1.38528181474211 0
334.338501126252 2.53882268316024 0
332.606612841 0.302756591745299 0
332.568505422224 0.222230340241842 0
332.520439557877 0.211848089413978 0
332.590549216913 0.167812995510271 0
332.656918894039 0.17999209447032 0
332.511818295739 0.159941670876242 0
332.438948693501 0.209595568825088 0
332.453017387756 0.11553623303595 0
332.398751571546 0.162649240117484 0
332.61623879023 0.117200796527264 0
332.677076741815 0.128506369016156 0
332.723529089049 0.19112623092499 0
332.737587131045 0.137036002165948 0
332.789845332466 0.199573293926632 0
332.798221145309 0.14408959750962 0
332.852761275241 0.205767724909315 0
332.858870431264 0.151308118435759 0
332.909947475005 0.21686596654793 0
332.921246729823 0.162412223943701 0
332.962159104606 0.241583590035777 0
332.996725412231 0.184086562768264 0
332.854429640686 0.262433056287186 0
333.031823005827 0.232467853868819 0
333.071130801743 0.176749797694187 0
333.069498201473 0.107472692889684 0
333.136069991426 0.128802508419276 0
333.137129645545 0.184008473482646 0
333.194340904295 0.137936592068815 0
332.928758437614 0.10508068214325 0
332.377609754843 0.265854017880446 0
332.327359702363 0.209016739347726 0
332.312840831801 0.140576863847778 0
332.272096729804 0.202862779394558 0
332.245407465878 0.156702015171623 0
332.199860701081 0.208421534403577 0
332.248786421297 0.242461908861602 0
332.196520484876 0.13576245959604 0
332.302526335917 0.0911043175913836 0
328.15931103434 0.181840854525286 0
328.082223904882 0.157701807566539 0
328.10042676308 0.0997515426173655 0
328.041628992374 0.141371645855839 0
328.041513718346 0.208089953821232 0
328.001211130125 0.166792738585674 0
327.984441299108 0.260167295278642 0
334.303145500741 0.302649956264715 0
328.788472267061 1.24174996854515 0
333.210499705398 0.254547190454851 0
331.894032858573 0.124171713982444 0
330.901707009301 0.731047404776159 0
331.497814981475 0.103043704605789 0
334.72351716554 0.271869572951207 0
334.639116443456 0.337028054202387 0
334.642301883899 0.417719125589093 0
329.53079708842 0.20004993137889 0
329.52311435562 0.134926898931838 0
329.475422332212 0.158459133141538 0
329.568621779125 0.0954841335480233 0
329.457003590642 0.0972742625731767 0
329.400098257756 0.148793597751521 0
329.45756896173 0.217375577486317 0
329.395578647855 0.204357123429667 0
329.340883241669 0.138026574965574 0
329.332174358667 0.188110474640139 0
329.30064627897 0.127300189090866 0
329.321979769008 0.247151998334698 0
330.809343609362 0.154927273645476 0
334.431991635422 2.05489148030296 0
334.607584807316 1.944997201883 0
325.141790725905 0.160129469049384 0
325.136234654477 0.10259748791167 0
329.978294122147 0.0819650659004372 0
330.052411124511 0.0991631187678663 0
334.386522386605 0.193670845997212 0
327.982654345905 0.11604928209987 0
331.375691942023 1.49906971345559 0
334.718760113575 0.450337223829595 0
325.263772575298 0.251928900359779 0
325.916819622056 2.32549208936678 0
325.619411687896 2.24678344842706 0
325.5627479278 2.53346004550344 0
325.325171432637 2.25245155801127 0
325.25411545384 2.47089488535096 0
325.131323110978 2.21462657740912 0
325.328951249381 2.07695158720748 0
325.777046634878 2.10133457046594 0
325.153229018283 2.08063292802433 0
325.144458818042 1.95476638896141 0
325.016683201722 1.95571246381758 0
325.124375872167 1.83836919727357 0
325.290656339631 1.92888388468367 0
327.459143662012 0.768580426531861 0
327.58898715113 0.672197617462593 0
327.678617036203 0.739407405277295 0
327.682070222547 0.605659300097313 0
327.565674364771 0.568201687991893 0
327.742541466783 0.685947061052027 0
327.887348664257 0.666839851853984 0
332.364622235514 0.117029986339416 0
331.119619018755 0.210784056764887 0
331.18697536179 0.158393089507382 0
333.768820056686 0.221118340977623 0
333.696085784468 0.192373776662813 0
333.680592516282 0.138902928216532 0
333.641751444895 0.207056259943719 0
333.658146012314 0.274866048775499 0
326.473779664353 0.324875943474574 0
326.523248937132 0.282216719758111 0
326.482232244937 0.252881892356281 0
326.555535764553 0.229632403765066 0
326.619592253421 0.265254918092503 0
326.652504754581 0.211254326277265 0
326.710166113305 0.246824075798192 0
326.687710578414 0.163664934494233 0
326.746427832963 0.204601418652676 0
326.490960853755 0.208108813256605 0
326.409032355681 0.201000737513223 0
326.686497079364 0.299870562486476 0
326.437600981474 0.13117626367566 0
326.351819270276 0.156808082164031 0
326.329651191481 0.239512392327801 0
326.304141189671 0.187908014611788 0
326.743003051991 0.136878657523086 0
326.795960153548 0.157309683275886 0
326.788555906473 0.245157096092348 0
326.321405178073 0.132128132808802 0
326.284231567278 0.143317320064471 0
326.274726185955 0.0968904966568947 0
326.637504394654 0.137019934744969 0
326.220030025352 0.0998644680196174 0
326.222371542621 0.16437585525482 0
326.158525003041 0.150842333220479 0
326.504677325671 0.147758071501511 0
326.58675933521 0.163277393634335 0
326.575076099296 0.0962706699371047 0
326.685345435362 0.0974154574230202 0
326.606337420454 0.433163425603744 0
326.762088192897 0.402924235706662 0
326.795622477921 0.814656850871498 0
326.954630321891 0.710293510710704 0
327.06924943242 0.811940977348489 0
333.098776928056 0.72748242126321 0
333.1168558967 0.629292960410191 0
334.63641504688 1.01652378410445 0
334.601975758627 0.729655422563798 0
334.565068913352 0.793335033508063 0
334.461777024034 0.759589260815936 0
333.97686318854 0.15742987280156 0
331.341403994913 0.809536303617347 0
331.457138532972 0.709281082055723 0
331.179474997389 0.791580985754207 0
331.556947746192 0.764160488967141 0
331.525615054465 0.623572904266029 0
331.376294780148 0.650438231874257 0
325.266143870211 0.0859880953245723 0
333.273745184285 0.651350610431847 0
328.107263655407 0.353878882558646 0
329.086773965622 1.7523113572041 0
329.183177630742 1.66027254536269 0
330.385169373026 1.56748043746071 0
330.231956670534 1.37253790726078 0
330.041792065563 1.28842040600366 0
331.124892264256 0.154735215326937 0
334.117282555625 0.128981899563549 0
333.694189856741 0.70360119394476 0
333.798497859672 0.621398945005013 0
325.287478073093 0.884501672023981 0
325.421720816245 0.856892645372449 0
325.457341099036 0.771659921672642 0
331.315621194593 0.709962848218283 0
333.31112816509 0.146831906437298 0
333.355204723937 0.095298181336081 0
329.322814391889 0.754268892019831 0
329.488683483913 0.791165238978717 0
329.584159749417 0.714681794032966 0
329.745449784282 0.718369739345597 0
327.435175056121 0.651147136073059 0
327.464309643277 0.509351587644233 0
327.361048610565 0.571392491967587 0
330.234790575705 0.760879333264371 0
330.365684373071 0.779566005773541 0
326.149502123793 0.188630856383629 0
330.708334352087 0.279344288325675 0
325.729000664245 0.130172498469633 0
325.718871888575 0.0839601952031434 0
325.787393877577 0.100940977798889 0
331.998239350636 0.601918338936587 0
332.87730776686 2.50175973890039 0
330.943832170515 1.49746517126018 0
325.44653187849 0.150029463541393 0
325.49990905144 0.159828261970912 0
325.556339141978 0.161974208670572 0
325.560576263184 0.102396834255586 0
325.549950866811 0.800419604350473 0
325.715632031602 0.44808591115199 0
334.089693608686 0.822959924640199 0
326.509488949059 1.52898020901717 0
328.65804956402 0.77180602614244 0
328.464343074483 0.794645353132952 0
328.546119543762 0.704753707652879 0
328.393398341275 0.731972486774163 0
327.562130083037 2.34196520378694 0
327.3506401958 2.50842148030158 0
330.4991890815 0.154688962999752 0
330.43294500518 0.155530975436802 0
330.478922359172 0.0979452861053838 0
330.365096244479 0.201841190868644 0
330.367126903109 0.148448662728146 0
327.059956876964 0.694213064220469 0
325.616962681899 0.218889730954409 0
331.623845978959 0.885939203839253 0
328.795146663966 0.220176400467704 0
326.916603320767 0.305840862095085 0
332.701967350556 1.22191523102882 0
327.389739015736 0.095443316161901 0
327.326052075109 0.0828030591194502 0
329.414051905733 2.58422987250162 0
329.99640698841 2.30266683445055 0
334.355390869993 1.61358172232746 0
330.367629781023 1.22346521391302 0
326.279868591741 0.333790432814039 0
326.950568187531 0.1481637461969 0
326.890236033287 0.185114997384252 0
326.902539807957 0.124015445921816 0
325.230053471996 1.65390288909378 0
325.112956402526 1.59110226917351 0
325.174709963607 1.47227461355881 0
325.081285609299 1.42696212284722 0
325.058135905357 1.50712645163522 0
324.996820468825 1.62337053824254 0
325.866604147784 0.195695636813409 0
334.269696737366 1.25995077924336 0
334.471779484227 0.0739947983550125 0
326.469975816179 0.845509480101808 0
330.30394309934 0.191566881237708 0
330.305729357025 0.139951040713563 0
325.01984441817 0.98803468443963 0
324.994520316624 0.890072649447402 0
324.892281531612 0.837227595857504 0
324.979350758578 0.791426255133046 0
324.970336544809 0.695314877058148 0
325.084782786543 0.850453180427104 0
333.578327284651 0.0975909721387314 0
333.636207214878 0.0478946569285842 0
326.814171400106 2.59794671917864 0
332.330290149563 2.60173993685732 0
332.017383028956 2.3138480292163 0
333.896197372851 2.34730824642031 0
334.129286154475 0.391708723488127 0
334.053220991784 0.471458537674759 0
327.270080028978 0.127968577038851 0
327.438360236674 0.0779734006710394 0
331.54520448714 0.0651526983197859 0
328.737325096755 0.284360907328516 0
324.880329283705 0.450372673280986 0
324.962898293494 0.504130580871427 0
324.960288013092 0.413685301143879 0
325.065887499872 0.7562626524197 0
326.598502550958 1.68673060092909 0
329.426217290091 0.696393376439342 0
327.159643608102 0.304620127980333 0
326.918459472517 1.34379699607008 0
327.210732513753 0.113973505886818 0
327.166688391024 0.0495995636862019 0
325.111127902876 1.72711078212833 0
325.005401674528 1.73325007038315 0
328.602655192513 0.370108823340461 0
326.792471136308 0.0961938978837531 0
328.714007859928 0.105926529474716 0
328.770483816089 0.105397908920831 0
328.820848119078 0.0503271178163915 0
325.108597094821 1.31700528297617 0
324.992590880316 1.29502826422765 0
327.513758623532 0.259934087122962 0
332.78276649058 0.35284512133049 0
331.315291141528 1.31095317275588 0
327.165784089926 0.654802899844628 0
331.797491151707 1.48295919656189 0
329.159732573803 0.605779162028169 0
324.988410790786 1.52279401527411 0
326.065492310094 0.879949103619145 0
327.085226382268 0.105076285472211 0
327.004682637683 0.0781773606025045 0
325.195399576966 0.0988311692632177 0
331.733381739447 0.106155436993639 0
334.580015083027 1.40215245909876 0
328.526869551296 2.32763060736863 0
334.642647875641 0.652796626997195 0
332.556402910723 0.0978907792593806 0
333.384916614042 0.663924824905609 0
325.647160973627 0.814884281930275 0
325.700617076139 1.06181883837783 0
329.868190056906 0.273242922799644 0
331.363899598868 0.253012687100184 0
329.613033491247 0.293178467692514 0
328.886062977853 0.256166786950105 0
325.365969682925 0.326929785665621 0
327.40665309435 1.29305848546082 0
333.869432902649 0.0723683694808655 0
329.675719363833 0.645212015876639 0
326.848943187417 0.689311875537979 0
330.7439416691 0.721558671733603 0
325.581400525722 0.38152104845329 0
325.652271265274 0.348310292331943 0
325.570987432969 1.38457043309102 0
325.70184870015 1.37491772688518 0
331.926851680404 1.84964364191753 0
331.580395202756 2.55292015118327 0
331.253125583841 2.59150473366183 0
326.032886615688 0.680088251810152 0
326.049289389569 0.774789356175228 0
333.981740723508 0.364757018822774 0
326.949081367577 0.0876005607944509 0
326.377655591858 0.111224074392605 0
334.726954673258 0.853582524259391 0
332.303608905722 1.47784810799721 0
328.273230391555 1.2949226490536 0
328.09003113856 1.23160427571957 0
327.582435991369 0.189179782244504 0
326.050027068854 0.208378091498435 0
333.614669251885 0.590961185380186 0
328.957927450191 0.075130049226928 0
326.150568727035 0.468559274854083 0
326.06544119587 0.497753097057659 0
332.994935206191 0.11051516042852 0
332.8733519947 0.323756430283646 0
324.918307431589 1.05672867562791 0
330.480554932135 0.379102592692 0
333.484876937892 0.266150068515761 0
328.624660650467 0.617493404631992 0
328.538398000751 0.551649255873473 0
330.880859371946 0.100976632994012 0
330.803646838588 0.0879392944660431 0
324.96514946354 0.600222875903522 0
325.043371162232 0.570808965601912 0
333.409872036197 0.09292513825414 0
334.721724708411 1.04827646036262 0
324.988682726368 1.42214706747631 0
324.890032844506 1.34537912547488 0
332.725728709629 1.95192448579689 0
326.696914176731 1.26111188911393 0
331.81398833824 0.305545386083661 0
334.374555858539 0.138334308282134 0
333.077669249718 0.237022953577682 0
333.073616668609 0.297248435018602 0
330.420171016927 0.0991594471790593 0
331.420859747568 0.0995450115140354 0
331.364440105251 0.0993090361563735 0
331.256649869454 0.0825342864737296 0
333.370302923654 1.00868117850081 0
328.037944264753 0.103036495740543 0
327.910684292591 0.0816406615135959 0
325.459028832933 0.0955278129226029 0
325.614453067804 0.0997679570709714 0
326.307542193242 0.871912071968908 0
326.453254438223 0.0789713591898375 0
329.398181580155 0.096255061216469 0
330.356534600948 0.666003201151587 0
330.588912298901 0.0795847369228921 0
331.169808921526 0.0991131481911582 0
329.884210886072 1.45460002598011 0
334.363873639792 0.716495363707329 0
333.779772995821 1.27296092928724 0
331.740185786362 0.203026329828476 0
324.942498066365 1.23399484095025 0
334.615024913416 0.564384400466093 0
325.828058656829 1.0592426366355 0
327.58840895132 1.18592230509745 0
327.92634259994 1.144606252132 0
332.302618074228 0.338890489951739 0
330.934860394977 0.448730460178735 0
325.119532850748 0.553482233770416 0
330.408949109957 0.286134467155362 0
333.043001386038 1.25448143757408 0
332.915154254049 0.957902224128053 0
333.218577839177 0.32243573763106 0
334.719098548007 1.34514754811643 0
334.245193465405 0.548299161881287 0
332.928419219125 0.288910105527668 0
333.723442488593 0.122464420769026 0
334.227450853282 0.266128645616274 0
332.047769305681 0.267258740572866 0
328.081167301255 0.047190528764059 0
327.923337310142 0.211058498726566 0
331.594524579941 0.262695327021069 0
325.17785838022 0.914885718371433 0
333.683984160868 0.0464832083776164 0
333.799760998791 0.0421103688948193 0
333.519026529603 0.0536578363043601 0
333.676519868012 0.0920563632329564 0
329.102840274596 0.246116375876907 0
332.594905253397 0.0576295134712698 0
325.804208600021 0.0457703819154112 0
326.060073017497 0.0481011079577167 0
332.667508441141 0.761061423700289 0
332.556972064161 0.637443073872502 0
332.450357500819 0.681299220769387 0
334.524337637512 2.51937825266829 0
333.928456604942 0.0481548814681563 0
334.028991545027 0.0432016159382364 0
332.406021400717 0.0815582993726437 0
331.078238058282 0.191075483285001 0
331.113767097567 0.0991818455948051 0
333.396161325321 0.0456062706080754 0
326.216415776951 0.0484639470835029 0
326.111530738911 0.0481811796861378 0
326.109864487603 0.0982341041520671 0
331.302063880047 0.601185246368712 0
330.900874087854 0.372147961527912 0
325.5604904686 0.0495806141805637 0
329.337366188331 1.07522980007367 0
334.534922846351 1.09405766812333 0
328.312537758115 0.0864955015056516 0
326.52793148431 0.732715040823706 0
325.572268785497 0.708196163270957 0
328.373211803288 0.0591739016012754 0
334.516046122874 0.410274268057196 0
330.971207532917 0.24391997769072 0
334.126242085428 0.04880003320025 0
325.461697292714 0.0475115703621197 0
325.359353466003 0.0611539758298162 0
334.248937437972 0.0448249585015734 0
326.433475083285 0.270934264044861 0
325.235250982518 1.80809421239149 0
325.460774216509 1.84252115384194 0
333.243956524121 0.0450741592638663 0
333.245949431754 0.0924355539667769 0
326.389366280345 0.0532925772321529 0
326.203873290505 2.35099844407181 0
332.331874478991 2.35419262205021 0
330.028049778823 0.0543530580052445 0
333.193458088552 0.0437061877715128 0
332.868434188014 0.098867458859211 0
325.718041794487 0.321975666462639 0
334.558051270957 2.34721860400833 0
331.029410378821 0.306602604246255 0
332.635606362858 0.239264334103531 0
328.866529732079 0.504284717937263 0
328.965433903739 0.542472888222803 0
327.510591901683 0.341867155100869 0
327.504123303689 0.404729741726936 0
327.570090210016 0.440748934551763 0
330.755912731756 0.146670768219222 0
327.628624457406 0.0566005228290668 0
326.258708399179 0.203344725610599 0
334.354320135135 0.0428823909069746 0
325.2624908952 0.0279996735968796 0
334.686620576819 1.54816606406918 0
334.593556615605 1.59784788866748 0
334.707685930912 1.76538232621182 0
329.6275185424 0.0900461047995443 0
333.097332445597 0.0434722686113587 0
325.747972575118 0.378903097024109 0
333.048954209245 0.0490582138655406 0
326.676096385783 0.0476800310611234 0
326.727669047968 0.04790122312707 0
328.43164830622 0.629564634866904 0
328.397863365241 0.516344547169899 0
326.831463031303 0.0458805240365802 0
332.77314371378 0.0433593424739954 0
332.721219271049 0.0411443420220437 0
326.882355335244 0.0443998691940199 0
332.29823692218 0.0455070511520511 0
332.245722453465 0.0461180785487195 0
332.142492739731 0.047601909400601 0
332.090065704188 0.048014211372154 0
332.085716699555 0.0993959980331661 0
327.47468225771 0.0480769480078658 0
331.870316986832 0.034646770976545 0
327.734354466232 0.0518859719965569 0
331.954050070126 0.0437181270787257 0
327.895281095302 0.0420649319798318 0
331.731070869157 0.0478576291884086 0
331.832403310313 0.0436832453740797 0
327.786875527291 0.0491062296681704 0
331.406431866953 0.0490210917940907 0
328.180268632533 0.0568355242965185 0
328.240227061561 0.0488763917036385 0
329.011920284912 0.0439881051202959 0
329.2843191143 0.0459240321678441 0
329.233297241168 0.0466443723197772 0
329.242624800453 0.0958513665033369 0
329.188740678165 0.0968666128143897 0
328.503470710331 0.0455552072799988 0
328.556269073842 0.0489194565298918 0
330.296566061454 0.0446256875335488 0
330.939203517616 0.0495987727782739 0
330.761616073882 0.0435272137007751 0
329.849320457975 0.0454697658140204 0
329.81204867312 0.0921595126835061 0
329.901653199484 0.0445543049210068 0
329.922336298952 0.0921394781202539 0
331.202194920527 0.046768320872429 0
330.348972762849 0.0470356207981993 0
330.456267769116 0.0474915733527157 0
328.662582232563 0.0512076543181099 0
329.44273557506 0.047561216802231 0
330.148415822023 0.0480429418383874 0
329.747270487545 0.0476148118016793 0
329.698064658511 0.0473689809225593 0
331.046653544948 0.0479664598995589 0
330.197911642267 0.0432449883152097 0
330.882305630609 0.0475530830500424 0
329.388631016061 0.0471625337792539 0
330.509410780219 0.044515808764959 0
332.112692603838 0.227291194880671 0
331.973545263468 0.701868882249434 0
327.785121934371 0.238535973371768 0
328.217645489312 0.509199799094399 0
326.113538593424 0.401042897472554 0
331.36870879119 0.525761801267788 0
331.444752004724 0.574400095747141 0
325.144471736077 0.443965622323648 0
329.718781048943 1.17790874247077 0
330.794913734688 1.28466968418824 0
330.97464956243 1.32697131485163 0
332.784642036915 0.264515188316948 0
329.266065528904 0.643785663764902 0
325.178311234465 0.0472786774064995 0
325.122656709649 0.049712898240426 0
328.536142985517 0.323741473651415 0
325.385018397136 0.513172896311667 0
328.254464493078 1.1459943594158 0
325.047478249457 2.34225820159943 0
324.979568133939 2.25259601950506 0
325.061842399785 2.5329089886912 0
334.086827873604 0.730782034512527 0
332.83156846665 0.612628187398431 0
332.96348179038 0.821039971373466 0
325.370310726194 0.726765277406754 0
325.959131761024 1.91881911601388 0
331.248118445743 0.145715290031613 0
326.708819829536 1.8414271379482 0
334.71982818503 1.24665086892449 0
327.907972326357 1.31456205848381 0
325.494171507759 1.24639523749239 0
334.595650225286 0.051472816232118 0
326.862598948219 0.248607301625463 0
334.542945969631 0.254476428353835 0
333.82722087631 0.233046262135473 0
329.084622131871 2.59128112109812 0
324.976262250056 1.10341441036491 0
333.690676984569 1.93331162342532 0
325.016840397069 0.105470887559807 0
327.293725842927 0.467279717529409 0
325.789859124154 1.75555233052075 0
326.125231633633 1.26934344864933 0
328.224066237081 0.237077509243323 0
326.583178307097 0.32283905046615 0
325.57207622469 1.28739477525717 0
334.710069333822 1.96644093986225 0
334.717328924399 2.07455631008091 0
324.905698451024 1.96071423103192 0
324.90449621737 2.06554971052511 0
326.75230737298 0.269041579085342 0
325.060162062163 0.386307919209955 0
326.875267781413 1.15083113176646 0
327.050055617182 0.511444764722623 0
325.92158187454 0.389434882327675 0
327.648770960735 0.420152271932329 0
327.820329256779 0.499516507124595 0
325.947544171409 0.800044605767926 0
333.747450609216 0.984699319616196 0
330.036154645647 1.15515175951902 0
329.893789103159 1.16666484894304 0
326.106553060244 0.14912793322433 0
326.569613950972 0.0461709477699079 0
328.16473788183 1.09112265624655 0
324.909455869997 2.35538884546018 0
327.856500335657 0.0940204711868892 0
328.746838601895 1.09287100014941 0
325.040411594201 0.473000636831174 0
334.707697778097 0.0540846177383052 0
332.764473251798 1.02905178773489 0
333.580563461955 0.208663475641092 0
333.632040536424 0.148060401715186 0
324.899267527276 0.0507007728294491 0
324.953590634069 0.109424473542002 0
331.426121803869 0.28130072259743 0
333.604121295754 0.505634581686065 0
330.680437846851 1.09114612358889 0
329.150109660592 1.055450684089 0
324.949540274751 0.175813786919431 0
333.481568857913 0.0313882317610674 0
328.824163652363 0.101849058856265 0
330.206381539493 0.383573416726028 0
333.801128649242 0.496063794458137 0
331.234945253626 0.429599423740854 0
331.687912948866 0.517969531895139 0
332.573988738696 0.547628094496742 0
333.503335188897 0.521702682379317 0
329.946949807541 0.43445705859392 0
332.936140885425 0.0510187068882659 0
331.179137047463 2.35451144648508 0
332.208357705135 0.527415887496182 0
329.770038333778 0.455044199036852 0
328.8714731727 0.0471536914246819 0
331.508880731235 0.501055248936348 0
334.335639008622 0.545021542718544 0
330.697680287326 2.0893101360686 0
333.420074098394 0.265644517191232 0
329.804867194756 0.665700795013909 0
334.104278683093 2.5778347766616 0
330.519002509054 1.06083649611167 0
328.683712869402 0.275188691838218 0
331.012345340224 1.18593807958222 0
331.67471388785 1.30234667662667 0
332.743636296747 0.550028601714641 0
332.493678284528 0.527357623633154 0
326.056649920483 0.098730972845887 0
334.623794487413 1.48067438718987 0
333.066324132345 0.539370470254849 0
332.136402490667 1.48495665150161 0
327.359979794004 1.13560100542097 0
326.543766465491 1.18924013000867 0
333.69689494547 1.14458806428145 0
332.483102514305 0.250284901291412 0
324.884856382685 0.64312317198443 0
332.780549542619 1.7464593813609 0
330.420146143724 0.349521430855339 0
327.92525205533 0.314729095445555 0
327.889002840112 1.97942193959284 0
329.31898711124 1.5175397757457 0
324.902356889994 1.75190421127236 0
331.698746136528 2.26335834097348 0
334.193062402483 0.0907828458506436 0
326.179921614028 0.215814737663111 0
327.196401031715 0.176468097199582 0
326.335708784064 0.581305259989363 0
327.212835468842 1.76144893914101 0
325.240254492321 0.966513752049025 0
325.89992789281 0.0943610281472731 0
334.429042470826 1.08010169084818 0
328.497869852778 1.81436939290961 0
329.252667291818 0.227700519399937 0
330.126029359448 0.636349928489392 0
326.514568968306 0.0431856457780318 0
330.715371546194 0.543044535410088 0
328.546486762214 0.430618275773049 0
329.024284310769 0.465971702321108 0
332.389076732792 0.786547667792686 0
328.376949856105 0.426539780284477 0
329.593547471295 0.546892671253268 0
333.462127673361 0.730653331405244 0
332.880709168228 0.0486374708493103 0
329.880862766085 0.684772494972826 0
334.693732283391 2.24274987606085 0
334.012489583723 1.86255174620577 0
332.307274872863 0.903690489390851 0
328.934427396414 1.8932630366921 0
334.147706421538 0.0887040381478298 0
334.023427159241 1.45255456235569 0
334.013984332849 0.826042601796489 0
330.224079154129 0.465740473615794 0
326.377050532982 1.41463628361858 0
325.712356156806 0.0422439509711833 0
333.375076377215 1.43635703791362 0
331.592081503911 1.43514809539216 0
327.121030591643 0.0843856918951419 0
330.791232282529 0.028266007508744 0
327.923436652091 0.134724254873232 0
327.9364729494 1.54221597191232 0
332.432684640911 0.0415957322057628 0
334.456451883688 0.0346186647665375 0
333.444715793198 0.598082258553199 0
325.552804858078 0.23017464204855 0
329.54912668419 0.0464535676697026 0
325.663243479354 0.0455952851375516 0
325.454224676013 0.594446960751051 0
327.183118265276 2.30674352843851 0
325.051997130225 0.664271433227113 0
333.348177118402 0.0465380581014034 0
325.524721585911 2.03094178293397 0
330.239112496247 0.653932156747206 0
329.986055436504 2.57698377219211 0
329.512537329529 0.634339064807073 0
326.268866788025 0.0486049147879796 0
330.100650782669 0.104010589061711 0
332.037166411097 0.859069534797612 0
328.716678407659 0.0518710372097776 0
329.234438567813 0.291977703042151 0
332.141857431283 0.0989894210302943 0
326.068327625481 1.54461965287422 0
333.488901756601 1.99206898806885 0
330.361193696217 0.0963500769884344 0
333.216418987844 1.60695751063469 0
334.649759697401 0.826229413958539 0
330.734659773582 0.103285431543081 0
334.075629424238 0.309548693280724 0
334.260393083718 0.634879378319787 0
327.284756362222 0.0618491377360435 0
329.600689260826 0.0445532249987444 0
329.132452134992 0.0448954403976875 0
331.159176604767 2.14671880969659 0
334.640826860167 0.475392805761245 0
325.012229889236 0.0513641857605035 0
325.271527013983 2.65779924647213 0
334.250717490511 0.0913135504454959 0
330.622245479666 2.58149614922655 0
330.905092556421 2.33690140878489 0
333.130076860637 0.547104034783522 0
332.248605918888 0.0950250788350372 0
328.015742466347 2.60573144329252 0
329.203226786689 0.529420344670683 0
331.867453841317 0.898868225754495 0
327.117395154102 0.0476392664979393 0
334.06994705642 0.0775210657268892 0
334.63570950108 1.85642686621551 0
334.014040353255 0.092795523799289 0
326.98971424772 0.0386507063662134 0
333.954319506331 0.104697280185308 0
327.649158685456 1.59475306149586 0
328.834923812334 0.154674099496207 0
333.881539438712 1.18251093392946 0
331.929426539433 0.0769468230109952 0
329.894948073094 1.07004759841736 0
332.811170401941 0.0938627167009682 0
326.639887357702 2.10992729178186 0
330.643141885273 0.0491744825224282 0
331.676375001082 0.0456538231964536 0
326.891807502159 0.602867417703446 0
328.029313660696 0.0515772665113183 0
328.042961278937 0.307563081124894 0
332.708442086103 0.255454513101175 0
333.201329972146 0.193520993224914 0
334.309840901664 1.16169077394368 0
332.217305160184 0.298062363932535 0
326.032669989863 0.429199836651225 0
326.845341970992 0.0925770968687335 0
329.264630027818 0.157512807134757 0
334.732747657126 2.34069519652282 0
324.930196634541 2.55578815993836 0
334.676265377314 2.53398011129192 0
324.945702835814 2.75155326938667 0
334.718376459823 2.71206904901475 0
334.491496474013 2.66758182044443 0
330.970028165327 0.533579819303833 0
326.862895898662 0.138625550751278 0
326.737274233374 0.0975175663191956 0
331.615309952017 0.671567699280905 0
331.98901042514 0.0445733016903623 0
334.202087586111 0.914489816044369 0
325.507380434456 0.101345404149564 0
334.669984135423 0.182471720410802 0
328.657673721923 0.106552180567088 0
334.324283503517 0.191935994634237 0
334.64139634245 0.920787742960307 0
332.001988638192 0.50619950343656 0
334.307045469391 0.0905847759551275 0
328.670222919 1.16788163547168 0
330.030614536967 0.530636647595601 0
331.099638111277 0.0484092264992013 0
330.041998797697 2.02661285744512 0
325.957098904735 0.047590048309243 0
332.146559274569 0.16429278095202 0
325.682317781771 0.510543165036806 0
334.42544554258 0.708249865898366 0
331.0587581385 0.099394126373502 0
329.864346269103 0.093465184973584 0
334.719407709507 0.662059820640984 0
334.116516289373 1.04888319125443 0
329.063773232651 0.576132563704494 0
325.40826352505 0.653167409820844 0
326.423174844956 0.0287115800202356 0
334.719269975508 0.116980026036371 0
332.053861149358 2.02130543337826 0
330.304176294094 0.0910700824622422 0
325.62940770258 0.284218397104373 0
329.456230679894 0.582014809290042 0
333.141251149749 0.0833343355822626 0
326.542683523002 1.30431484238123 0
331.289250110163 0.218188357646124 0
334.418092760733 0.0839856947034592 0
325.012530312342 1.84561190125968 0
327.734616892047 0.562011925352399 0
328.965526369615 0.0425267348905257 0
328.418539768912 1.99948036786586 0
331.249150497842 0.0466177986269722 0
328.486546113429 0.0933017558463313 0
326.754987772892 0.314614023663025 0
332.288699154917 0.261798262754444 0
328.100585577827 0.248506534001315 0
329.318908324626 1.68056076584624 0
334.631561429812 1.11759343099922 0
325.667623362474 0.0935781703104201 0
331.818606949417 0.973788883547973 0
333.526015651107 0.248894977997985 0
334.388714326113 0.815387351116801 0
331.660827684219 0.591953915771422 0
327.625836717435 0.528770192941174 0
329.984943336888 0.0309126871536269 0
327.200078162997 2.01795531139239 0
330.639947348557 0.56129398583004 0
329.342313355335 0.0924628558391938 0
333.527108727559 0.890797385687315 0
333.253313435392 0.143925842397342 0
332.113152790095 0.629391771336731 0
327.575867154037 0.0570360822215243 0
334.255377227544 1.067930021129 0
325.318294769284 0.0992802355080089 0
327.335560344095 0.0426547420097087 0
333.193287084383 0.0892583490801545 0
333.800859746266 2.07787171961645 0
324.902296923626 2.26037529918874 0
326.16376678364 0.0998938636436886 0
325.848807869588 0.095860159258015 0
328.15335652368 0.0831286581115897 0
324.887111895426 0.11224549948855 0
332.470094498295 0.613714991614332 0
327.700254975953 1.86319202324998 0
325.801540773172 0.60596943779654 0
331.782213132479 0.0848524509114817 0
327.42899388043 0.043135915197219 0
330.970041078144 0.345383419620412 0
326.109153659674 0.198475606019101 0
328.699712690661 2.06658174593027 0
331.602533890763 0.08224068751202 0
325.685863823107 0.407509054121961 0
329.804243521787 0.191665086324492 0
329.705204946486 0.520909772947671 0
329.145018235866 1.54666183002461 0
325.103243917225 0.490549721003346 0
334.631268618263 1.66735880596583 0
333.437085525487 1.78492146142608 0
330.594299428426 0.0280986556222853 0
330.320489885976 0.467066439232714 0
332.607023618453 2.42106260965665 0
330.510750277939 1.16886371457987 0
334.58859574256 2.10649134897501 0
327.693521592508 0.114760003507997 0
332.816857636564 0.842188660559263 0
329.096439981017 0.043098131850376 0
329.51220109681 0.0964070867479997 0
326.645354841985 1.09869204409933 0
331.229322622367 0.552482786367889 0
325.263524583727 0.207745225462188 0
330.250300723261 0.0838187029728346 0
328.307115357502 0.526944510126195 0
333.853688125962 1.88274976055915 0
325.753445033154 0.0745623143896654 0
328.43439126132 0.0818778981472804 0
332.7547862769 0.0889877935104452 0
334.594114867145 0.0917438841319202 0
331.49536004752 0.0362856938746476 0
324.876845011281 0.271041184859089 0
328.260080499799 0.0968730968671275 0
326.832611400767 0.300308497659074 0
325.905701428915 0.0473499928723322 0
325.898475982989 0.55554155109257 0
329.200705684086 1.15773163873478 0
328.711411253988 1.36270234753365 0
325.202045529635 0.156007114609119 0
327.018467582927 0.0286301386797976 0
331.580839143915 0.551692839136081 0
325.728688083693 1.95116037867147 0
326.48577479001 2.35770568386203 0
328.273999332769 0.762644692927983 0
326.173617538243 0.843004187388436 0
331.221026991005 0.0928494051795554 0
327.035436554115 2.40617395114029 0
326.010151503382 0.599081079629806 0
331.830233071697 1.29226501850359 0
329.01582769552 0.663401075116409 0
325.517898251471 0.895278252036831 0
329.185062416478 0.210924677064415 0
334.363050268088 0.0887589464365352 0
330.71547758469 0.190249590115047 0
328.875321615892 0.095222290542551 0
333.141959628417 0.24633463160356 0
333.719064684043 0.251054788996844 0
326.958468693961 0.635845570651194 0
333.892672692246 1.37712509602972 0
328.857523496561 0.213617298379513 0
332.701734650572 0.888219707493059 0
331.351008630153 0.0498592538273218 0
332.638611795897 0.0301170554392796 0
333.301533550403 0.0950238752507181 0
327.977234754783 0.730397615434162 0
329.457851097707 0.272792171606915 0
334.343327073479 2.67198356519835 0
324.896582693522 1.54766715029611 0
334.571347142535 0.408623589215625 0
325.666294327222 1.21499370835397 0
334.496728514953 0.808529320850207 0
333.392259591488 0.557314637517986 0
328.882169174738 1.44196057109243 0
334.058275531737 0.384777339504833 0
332.671691178505 0.634554080743904 0
325.075950251064 0.104666544892102 0
327.802779507031 0.102179268618811 0
325.333912331776 1.03194361160682 0
326.361524515246 0.299939616510645 0
334.629082205736 1.22050399933215 0
325.380760444095 0.942236126054687 0
330.099356015792 0.162602153368778 0
333.889601967858 0.0266658752154241 0
329.815389160244 0.139120333268685 0
334.553224593448 0.106803642892827 0
327.523622256741 0.113134760919423 0
326.895626728588 0.0892533941668485 0
332.007615676992 1.6907735920772 0
331.972724449161 1.4943056230806 0
330.014927666724 0.618087315718767 0
329.763922980077 0.0954472670328356 0
333.816798200496 0.0862841375049975 0
329.415997035103 2.39979256588517 0
329.501911374942 0.226904675096779 0
331.892165382384 0.0545875418194869 0
333.767233430198 0.102948080966068 0
332.699269516315 0.0833654930406437 0
332.646071625569 0.074463114649337 0
333.20654413561 0.644862169032901 0
331.003516403081 0.101679650656663 0
329.253783038171 1.846262307217 0
326.324770253818 0.0982369990646604 0
328.326419190542 0.0324575692383341 0
325.013516098481 2.44821450630575 0
333.104287687123 0.0762939641536498 0
333.782826890908 1.52358707472807 0
325.981868144029 0.526209208536585 0
326.657232683089 0.36433139664032 0
334.453349575312 1.56335029284365 0
330.534681661212 0.0920237200385552 0
332.395843158329 0.0290007814414435 0
327.808810148263 0.59306748969138 0
329.891126656573 1.30186717447607 0
327.925322885733 0.0300318634453873 0
329.664773745883 0.0791728377278536 0
329.571273634526 0.24062496621084 0
334.274903475973 0.232743088961484 0
333.720573730091 0.5806374468341 0
331.238405826554 0.684983681849909 0
333.01364739182 0.27359053767516 0
325.423123561808 0.0888334493005915 0
331.587685504044 0.0324418663898142 0
331.28661309325 0.284022245840902 0
329.292696190491 0.0923286559141132 0
328.418548294112 0.0315651573001259 0
334.493737327914 0.0269010119365925 0
331.040752214315 0.211691326953608 0
331.664900865719 0.807803491750349 0
331.146413512566 1.33882579505661 0
325.191391054625 1.7288052254444 0
325.486273221172 0.691391728384171 0
325.002930910871 2.17805983537568 0
332.195455532801 0.0967018667121514 0
325.146146010756 0.727839874291765 0
327.029832347342 0.586611424120658 0
334.632612900989 1.41405828851552 0
328.651290452208 0.31232124255543 0
324.883533573244 1.25580414352432 0
333.800123407266 0.265238658195009 0
326.229858880451 1.44291726790549 0
332.857419586947 1.19545075543493 0
326.512977396511 0.0919175052988586 0
332.029113855393 0.0961104619502777 0
326.130354367147 0.654200019167601 0
327.156355239473 0.0995891077879358 0
325.847605493572 0.133314804224079 0
327.737419795331 2.15418427178603 0
327.875220817091 0.189634719586847 0
326.631150979906 0.0974013201439881 0
327.271243874732 0.584661218160882 0
329.390904217847 0.264209160876127 0
330.210667472633 0.0757527968238103 0
332.092711269358 0.265908974187799 0
331.649288362102 0.271474376956678 0
327.452727856679 1.16223090058128 0
325.121331610665 2.6720730000175 0
332.162946770295 0.258348138276584 0
327.441570275708 0.432534423370627 0
330.679219959176 0.642802341457003 0
332.430491071307 0.310754485686809 0
328.480443048397 0.481778083982831 0
332.5459643622 0.0364482700903635 0
325.315619076791 0.27160984355831 0
332.263964855169 0.992386351120397 0
333.515757149055 0.313098339978081 0
328.131661188433 0.0749740751345739 0
331.703693742584 0.971322789363411 0
326.424734032354 0.725362526867864 0
333.630594092383 0.0964005698088001 0
324.953971569474 0.329113689562477 0
332.897699593921 0.256194281000927 0
327.370642570575 0.49625732526099 0
332.667815380148 2.18100383307515 0
329.308030166509 0.313397946490741 0
327.83977628171 0.211783547911921 0
330.303538070117 2.58177132502611 0
327.180499177375 0.240473496881011 0
334.653201749609 0.74089916839739 0
328.479248182448 2.61223347963842 0
333.70967450259 0.0898740415518485 0
326.836154164174 0.212770894338988 0
332.341682037457 0.0865522847370652 0
331.38476417187 2.35285064186268 0
328.197367646476 2.64316248242283 0
324.960381299497 1.16985662633074 0
325.01803850262 2.07039589909889 0
329.987736130524 0.712477720131247 0
328.413526171543 0.128541146229839 0
327.595493279863 1.04208342819706 0
330.368675460583 0.369328385994375 0
327.345851600504 0.0748277851413105 0
330.15368552087 1.27308770093791 0
330.359795685338 0.242138702382614 0
333.589359252961 2.25271315538361 0
327.93118545818 0.806549596045388 0
328.923710506785 0.0857244596981294 0
334.632895524767 0.239385649609378 0
329.072267972483 0.0830251007604681 0
399.297219938725 25.0276642270833 0
423.202176289643 24.8677717742544 0
407.202965514451 24.7874991444018 0
382.586424195533 0.473490851442969 0
347.706877836107 0.507365929821246 0
426.954585721235 0.440754702672427 0
352.975683795364 24.9894784111835 0
356.668747640017 24.805611915854 0
418.259261406766 0.423895644330385 0
361.431975821376 24.9717772347073 0
365.082430190996 0.445456203321766 0
411.375779028765 24.9426124946811 0
369.691557013562 24.9266487387287 0
376.022575608391 24.9442695730574 0
403.122427027152 24.8960336946896 0
386.928144566654 0.450457859052637 0
392.987047154664 0.485150237534003 0
415.154705995555 25.0495190514145 0
372.853791602733 0.441985564473298 0
389.750828991877 24.9301240174555 0
396.818678141309 0.35524225685325 0
379.752925298709 25.0469967917089 0
409.518628637602 0.366284719797991 0
359.424507008759 0.357911369965407 0
405.291650709658 0.554492822753076 0
384.657447839968 24.8179462144927 0
394.460738183565 24.9518428774048 0
401.697187774868 0.435279891959141 0
378.408308215763 0.378495071929622 0
413.703356805113 0.48770418336831 0
355.049937158416 0.420145486615101 0
351.387410575731 0.414906034305697 0
349.477898470005 24.9530558316008 0
368.904581291553 0.421482886699729 0
419.425370201537 24.9334538763178 0
422.026415641606 0.51314244124757 0
366.276214626639 25.0187244262938 0
426.855062456983 24.9240071917066 0
389.981624364739 0.53150451801349 0
372.939061832852 24.8825255157273 0
345.982417174611 24.9709299604283 0
335.622317585965 12.6059252282872 0
439.087019656769 12.9662704990647 0
344.559486902202 0.614796544666316 0
430.116758633101 25.0012507472093 0
429.947907833925 0.507094960531068 0
375.724206606686 0.601952876616574 0
362.554239873101 0.541259412577483 0
387.177316359547 25.029816645562 0
343.502242115299 24.993158131638 0
335.485812093973 16.4037165213444 0
335.450513454489 8.68277209381927 0
341.726811376177 0.467513375218772 0
432.729929852722 25.0456556115873 0
432.505633105616 0.315005204452744 0
439.0159674156 17.3303700511585 0
439.075904143814 8.52676064855826 0
340.732092119379 25.0357403078581 0
334.922068132055 2.29310563896967 0
334.913723700293 1.83240717839362 0
382.374540046505 24.9486327373843 0
392.072086542902 24.9268078321719 0
359.345489970953 24.907173751179 0
409.449795841898 24.8960761418732 0
399.435814000547 0.497965555243002 0
397.370763251276 24.9162949804669 0
415.656058058891 0.473988156406496 0
424.018906870447 0.467364106588422 0
407.339023928369 0.545388125118163 0
405.137049235248 24.9026178188354 0
357.352512417594 0.358028220454183 0
363.336773241285 24.9377540899313 0
411.687196012865 0.350680043783833 0
380.576520714238 0.352458601726185 0
417.482856887686 24.94732677642 0
371.092485768567 0.454709303087183 0
384.589395984836 0.435531645225587 0
334.891738462059 1.48259625549783 0
334.916821356875 1.03669803873366 0
339.822135048391 0.602068144002042 0
434.692204087016 0.524589360501813 0
434.673548877963 24.8816023222115 0
335.498539184972 19.5435490861091 0
337.472357285724 0.57511155875468 0
335.373496908066 5.76482895179518 0
338.733356503087 24.9358165967785 0
438.7251867441 20.4793419005149 0
438.855364491817 4.80451745334018 0
421.580094473703 24.9571013076767 0
351.014887631107 25.0195300073352 0
391.443818244893 0.567586286741377 0
400.903812168676 24.9007749495979 0
367.841736343141 24.8880646123443 0
395.108304058372 0.477440784184209 0
424.688522507208 24.8867401783864 0
374.632113179331 24.9703406595689 0
413.11417089232 24.9508903814038 0
354.942047741731 25.0428584258414 0
352.906502070453 0.579632132191842 0
367.395044997785 0.420798929805439 0
346.368194752723 0.491257076749615 0
371.62309554809 24.9605485776825 0
419.913810822748 0.520639884632613 0
378.360402394619 24.9181304787024 0
349.394862550422 0.520137394480246 0
428.397136761162 24.8844687907916 0
403.046820590856 0.536364853406651 0
388.406091664547 0.490025028866937 0
360.828395637306 0.52756459200667 0
347.666886394076 24.9796752036525 0
428.241605109003 0.468850549938663 0
436.23653490227 24.8364031191122 0
436.214519629172 0.401446506664111 0
334.916029990177 0.688391670107247 0
335.32898196567 3.28563182011301 0
335.48051577858 21.9234910501718 0
337.053267283009 24.8477697429824 0
336.076442089401 0.523872927247925 0
438.001976414673 0.61914576169038 0
438.09292079211 24.9232538062147 0
439.004355528088 18.9616900069656 0
439.039599474484 22.3267497284794 0
438.978253836602 3.08340112709686 0
438.992634067416 6.60980791397559 0
335.491144836515 7.19807101583717 0
438.942602711446 15.3069184607422 0
438.895536739784 10.0785417468114 0
335.310069863473 14.8605574205282 0
335.563008633005 18.0354973091991 0
335.483652038428 10.242077082606 0
374.532600123844 0.512174699377216 0
381.533232991045 24.8455781765919 0
383.652059780692 25.0399969583096 0
358.362725682422 24.9158211113508 0
398.433476818466 0.499589445907952 0
406.37223611044 0.362052567683609 0
423.060621723031 0.507957784029961 0
416.634716281801 0.465298913960235 0
360.342776419035 24.7515941962741 0
420.374459144996 24.9472600495745 0
425.178648916263 0.344565608586937 0
396.236772514612 24.9960818831325 0
398.363592782294 24.9807831906737 0
365.128596383175 24.9732835836989 0
410.487124655366 24.8747083028957 0
385.612827572 0.499634590196596 0
381.643384582454 0.426081344922275 0
390.918084369483 24.9529589991914 0
376.742857224713 0.556173642388616 0
363.457489132444 0.474632231618197 0
408.306524715289 24.7806657991357 0
414.776669671623 0.565094792976744 0
416.320651211102 24.9506633444326 0
377.238623859032 24.9910321227855 0
408.254671793798 0.472328951222078 0
369.980611517633 0.526111601704454 0
386.238266459435 24.8441952714929 0
351.872745083946 24.8616648331342 0
425.692323981495 24.8853234508875 0
403.975288482669 24.966154635235 0
393.538985569016 24.9476482485862 0
368.865191019231 24.7951561078865 0
362.412585603734 24.8911346820455 0
354.022852202515 0.577926132373304 0
358.282848224267 0.404834395380891 0
379.379220559722 0.45135626379549 0
414.0894089647 24.8517807653816 0
401.99967185489 24.9834373027879 0
412.754284329713 0.431876210084633 0
418.550966632333 24.9747357391836 0
353.907015982098 24.9564457232184 0
350.298854912917 0.403117734901839 0
356.142121171652 0.411086301754193 0
383.632312336482 0.500818125289472 0
404.05489608583 0.356213446016859 0
400.463466154718 0.455878884073622 0
371.935655733724 0.51314187495033 0
388.935806518309 24.8915236105544 0
394.00565769273 0.352984360209755 0
406.291952932766 24.9316918918217 0
420.949755469598 0.352549711690395 0
410.493971220956 0.444932385727717 0
366.237495259619 0.455995947693574 0
345.067189662294 24.862281931213 0
343.460326320297 0.475413881611207 0
431.217540727603 24.9350880850144 0
431.062430999722 0.387578819745889 0
341.719203673365 24.9599566513318 0
340.89115631476 0.494115609198618 0
339.674115952243 24.9601126017253 0
433.84981573008 24.9897774595132 0
433.604928325389 0.50103534559484 0
338.631823749291 0.478779903972577 0
334.896488350412 2.54242755652331 0
334.88976357876 2.09355817909186 0
334.886902167963 1.65494854814624 0
334.897034660434 1.26002364094531 0
335.539668908659 23.472076820052 0
334.899348998283 0.490841404059654 0
334.901380763504 0.363157029166118 0
334.968367172761 0.211804820992692 0
336.259285363303 25.0239828605933 0
335.012221631504 0.452215734537819 0
438.887745643595 24.1939654588807 0
438.927679719293 1.45254776403955 0
439.129886155266 24.7433272532978 0
439.124565176876 0.703499761925125 0
335.252716157228 2.87264655127752 0
335.804027189362 2.84865212760819 0
335.900915051892 3.42037562018197 0
336.587461062948 3.13092113811758 0
336.408145565046 3.89068627409285 0
336.903256141363 3.55542594790521 0
337.090278211165 4.15924323468731 0
337.774678232966 3.82909608642828 0
337.548561713834 4.61918242140187 0
338.079162222612 4.35220080796846 0
338.351861821657 4.83630358691984 0
338.960848956441 4.646643940845 0
339.036014770092 5.26069682030936 0
339.560593292755 4.69262627696687 0
339.635325721704 5.2686555276697 0
340.127226793331 4.97775255336744 0
340.015573888603 5.7583139347976 0
340.487896162382 5.36686469060118 0
340.678582092505 5.97647576955328 0
341.186600066535 5.68741928277681 0
341.308635895174 6.25411393487096 0
341.806051512884 6.03544972408995 0
341.866799252684 6.56960819800517 0
342.283424473972 6.39826710700706 0
342.423615860597 6.77402891679719 0
342.819459195405 6.59581713105244 0
342.979176022265 6.98171843830639 0
343.428782663477 6.76363947175877 0
343.546443304225 7.23055808686171 0
343.983101029699 7.04579468957259 0
344.102766170285 7.51104650490406 0
344.549123750384 7.29939597827874 0
344.741205725622 7.86579753380382 0
345.178847864379 7.47968046491215 0
345.332477685258 8.06807177865334 0
345.733355647007 7.70698822580608 0
345.695662017228 8.34300902148422 0
346.081637098809 8.06858418790473 0
346.257712005422 8.65328224383092 0
346.657088478347 8.36086488974404 0
346.809122227121 8.9016384003564 0
347.011063443998 8.51758514785782 0
347.264419830908 9.23414921716824 0
347.574222889305 8.70551839071066 0
347.826560849316 9.43787911153874 0
347.411870383189 9.85408865401795 0
347.952162706059 10.0805424473622 0
348.248472665146 9.70280062481658 0
348.302200141277 10.2401018004507 0
348.692789634219 10.004449058528 0
348.878510597869 10.4514630103961 0
349.192600365377 10.1374125450341 0
349.303980479621 10.8296031899622 0
349.677352982361 10.2679738496717 0
349.905614719702 11.0133547561093 0
350.209307839269 10.5401717022093 0
347.363872867892 10.2805570972264 0
350.367056293513 11.2636080070992 0
350.612546974141 10.9007393422625 0
350.811461379245 11.6362915131844 0
351.047196307012 11.1173249819834 0
351.407028348312 11.8435177377065 0
351.54020866764 11.3225586039061 0
351.917985475176 12.0491723094451 0
352.122823989791 11.4674842486947 0
349.911533105924 11.6221921776457 0
352.27558935456 12.2272603282736 0
352.694478061623 11.9209982571558 0
353.255913528529 12.0268547910317 0
353.24634742737 12.5693097448513 0
353.703265365167 12.4684016688291 0
353.832985865958 13.0248852038531 0
354.20739672183 12.5072303600389 0
354.29265578127 13.2443463673751 0
354.538186985886 12.9094794282512 0
352.279304971078 12.6563534729761 0
354.587619209513 13.5605865263431 0
355.015301347546 13.240964690747 0
355.137862394327 12.6540244770584 0
355.621795784893 12.8645976582482 0
355.620427332767 13.3850992026201 0
356.090690653158 13.0304938837115 0
356.071952137187 12.5424098113108 0
356.463880286938 12.6600979431097 0
356.502732765773 13.1158322470419 0
356.880765959429 12.9315838688036 0
356.961172968049 12.4098305082403 0
357.399192755044 12.5549764902021 0
357.417632768191 13.1163587680373 0
357.896767401508 13.0138329393191 0
357.900255326165 12.4894619029207 0
358.408038178845 12.5068375473128 0
358.403829502489 13.0726805456616 0
358.944770045535 12.8458309743062 0
359.095949971737 13.3016233807895 0
359.421746427457 13.1026143727636 0
359.466751762817 12.6800100469266 0
359.898067266697 12.8881625771873 0
359.735904690457 13.2585420257658 0
360.271817261058 12.9534379393747 0
360.366253575756 12.5983687737778 0
360.726277272796 12.6555503964917 0
360.747555048526 13.1139410381058 0
361.112677083225 12.8534611028849 0
361.283118081868 12.5034143897134 0
361.733396605935 12.7064170055122 0
361.548582874864 13.2169295075649 0
362.232120243196 12.9089325977623 0
362.378376891018 12.469907281837 0
362.801492961568 12.655261208063 0
362.696361793975 13.0189082474546 0
363.122110638029 12.9213375136387 0
363.361715815227 13.2556620112134 0
363.780209483342 13.0548057330892 0
363.593818900113 12.6553795776624 0
364.157293499651 12.7985811055007 0
364.126820213388 13.3172215292853 0
364.541065144538 13.0356579224322 0
364.488902108672 12.4951537404508 0
364.949078958972 12.7374863479568 0
364.955453031921 13.3102928920722 0
365.391410090597 13.0087964704769 0
365.359774877515 12.4317519760168 0
365.800544233997 12.6988369884502 0
365.864344672286 13.3579941558758 0
366.245423098098 12.9662417293225 0
366.155980350216 12.40598392996 0
366.573461511308 12.6481945044173 0
366.6646870334 13.2107609679339 0
367.095830228176 12.8875820979145 0
367.42174643727 13.3191743631317 0
367.808809249002 12.9761324920215 0
367.877068472931 12.5630387441253 0
368.311242912122 12.760150690477 0
368.246369792659 13.2949498834715 0
368.679187826467 13.0100372688182 0
368.657582557605 12.4811995885472 0
369.103808363431 12.721328426173 0
369.117657779272 13.2711234933795 0
369.555650299864 12.9692836932259 0
369.523292942869 12.4199220885605 0
369.990323701817 12.6641059662148 0
370.018429853674 13.2187370418405 0
370.459767786627 12.9085388117823 0
370.488485372783 13.4695747929421 0
370.931372556936 13.1554286761553 0
370.897231742921 12.5986119002565 0
371.371944543852 12.8437017407337 0
371.398859538519 13.4100549877815 0
371.839795790656 13.0993184121503 0
371.809571636573 12.5330780026477 0
372.282996311314 12.7902267013538 0
372.286471834323 13.3778270096957 0
372.744113719484 13.0768754403799 0
372.724275357044 12.4792025787182 0
373.204901903445 12.7601347004806 0
373.191750508215 13.4302447559559 0
373.727992159705 13.0843877623514 0
373.646420552192 12.4284912353092 0
374.129292112783 12.6923149017021 0
374.206555933422 13.2025886756292 0
374.583658685486 12.9645316637437 0
374.807676271414 13.3790261595678 0
375.196613912187 13.131785905094 0
375.046141066598 12.6022875329628 0
375.536142312793 12.8382224670712 0
375.578992766949 13.3826406484463 0
375.995722069339 13.0909046971531 0
375.952689850799 12.5246546808458 0
376.422255564066 12.7860493883326 0
376.416891654984 13.3921142149761 0
376.871680006568 13.0919334056215 0
376.855899150955 12.4763180656835 0
377.325245958361 12.7772932660648 0
377.307777136681 13.4722382954481 0
377.772011969935 13.1406111511827 0
377.767509341056 12.4505014787025 0
378.288604577231 12.8168849127931 0
378.272602552768 13.2747897190009 0
378.823658697848 13.0399975568233 0
378.694137235454 13.5193603649374 0
379.256609863989 13.1300513589867 0
379.181717707069 12.6771741568807 0
379.847440039265 12.6930377286974 0
379.766146727001 13.2397562588467 0
380.271752087259 12.9905820551153 0
380.293547843973 12.4534693408587 0
380.562141132274 12.7096907904297 0
380.621830741936 13.2879350502105 0
381.071666039184 12.8909644911448 0
380.935781763321 12.4720601854431 0
381.598116423591 12.6650461787685 0
381.458455101832 13.2611514310626 0
381.898907425847 12.9651170089641 0
381.77442946291 13.6176014809219 0
382.196078190693 13.3163761937616 0
382.308118268751 12.664979652333 0
382.621449557755 12.9949212339931 0
382.873420646429 13.3834879132382 0
383.303439957277 13.0769052563903 0
383.107233027391 12.5791665520858 0
383.748277757889 12.8179358920048 0
383.847579160677 13.2831161632646 0
384.305210080286 13.0560241965779 0
384.215647261237 12.5750013145305 0
384.804866072526 12.8797051071327 0
384.803366030116 13.365611457671 0
385.169190162045 13.1086337746681 0
385.228086768714 12.5240267152163 0
385.483193107293 12.8106218434003 0
385.714004181972 13.082183855881 0
386.067164361927 12.8395126977386 0
385.875627274319 12.5263679620375 0
386.453663490546 12.7221104891813 0
386.55747008041 13.0540335931247 0
386.963839398363 12.9608616394292 0
387.03074313162 13.330737914925 0
387.505196632035 13.2443572596352 0
387.479379280397 12.7443746867843 0
387.934538118131 12.9211352545245 0
387.813055844276 13.5168128152894 0
388.162960664234 13.2420262801852 0
388.272541105964 12.6162635484883 0
388.576950041313 12.9704163737463 0
388.747577522356 13.399329207374 0
389.168007252883 13.239752565739 0
389.118988807222 12.7197701760284 0
389.743408462462 12.8305468370787 0
389.674844425731 13.376035298245 0
390.205516303522 12.8383140223124 0
390.328984729409 13.3169657826641 0
390.720099906037 13.1103858007047 0
390.764220120454 12.7331946121091 0
391.300010624759 12.9085330820904 0
391.053755047863 13.2787657390793 0
391.734171586013 13.0721065152345 0
391.57552320363 12.5153281688417 0
392.03849403889 12.7295472488577 0
392.076332514343 13.3211824684294 0
392.432251457269 12.9939820661949 0
392.372275018914 12.3184948602857 0
392.81045527516 12.5670077507891 0
392.733295328129 13.3453897994221 0
393.24130234346 12.9154368378159 0
393.309241010598 12.3206111140408 0
393.840325105638 12.6599753384998 0
393.929357649569 13.2017596733674 0
394.476576076123 12.9933105723733 0
394.510644825633 13.4604906686256 0
394.883509452246 13.2063902417099 0
394.904563624973 12.6514477009213 0
395.164846213112 12.9373380086441 0
395.122265137209 13.5331097939219 0
395.568621985037 13.2651313996139 0
395.625492092602 12.7135346752959 0
396.140332953088 12.8455108970359 0
396.071320177423 13.2339770464647 0
396.563674652761 12.811012274227 0
396.52928808782 12.4867734578485 0
396.99835061532 12.6916832841125 0
397.098395808578 13.1254353884893 0
397.5287244294 12.9439638810322 0
397.422997691721 12.5501285414162 0
397.936227306339 12.8209136214718 0
398.031660345902 13.2201227349798 0
398.445357963254 13.1059613603621 0
398.476143860589 13.4337360499256 0
398.84457288623 13.0619831140117 0
398.903106541759 12.6849556546801 0
399.3033868033 12.6324738980106 0
399.350942990881 13.1717043201039 0
399.856244095935 12.9337319549352 0
399.718630002061 12.4917972523521 0
400.27528468995 12.7066504312412 0
400.414075974295 13.1510844660732 0
400.821556346535 12.9113344442655 0
400.693422988681 12.4746434259431 0
401.238282265097 12.6668524408868 0
401.391635490433 13.1534756305419 0
401.817190427902 12.8450323844742 0
401.664107862989 12.4364353001755 0
402.113788221371 12.676659453272 0
402.006072972368 13.238287988568 0
402.431684898659 12.95479063774 0
402.533974000315 13.472697588614 0
402.939397804322 12.9748011680448 0
402.980638742453 12.5207784785049 0
403.436045354674 12.529454197436 0
403.474643159548 13.104020444661 0
403.995808016721 12.8938069992636 0
403.886659646705 12.4285670546702 0
404.450804434412 12.6815860852127 0
404.621330705875 13.1753196341931 0
405.094361267183 12.8685150301195 0
404.918828637617 12.4561086493567 0
405.494706467062 12.6699342736698 0
405.318618636438 13.2297093336086 0
405.821235189905 13.0403456184905 0
405.681117090801 13.5900620529673 0
406.295483112763 13.2997056527384 0
406.128328294664 12.6595208716696 0
406.70345992204 12.8603338120093 0
406.732900511434 13.4901988799411 0
407.273421091434 13.1653932386771 0
407.105895801123 12.5800280172912 0
407.438783313881 12.7426533129781 0
407.715562345879 13.3683155449425 0
407.882221819588 12.9303682692938 0
408.023408465468 12.53252653964 0
408.439424293509 12.564761541016 0
408.394476343235 13.0990164771464 0
408.91508242175 12.9992379730277 0
408.882128611658 12.5460714680825 0
409.4427582031 12.7028288983408 0
409.549336036431 13.2879642193115 0
409.993789211213 12.9401112565827 0
409.931260043492 13.5485417537494 0
410.379742999516 13.2495262891119 0
410.322819630671 12.5851138896622 0
410.79108877376 12.8276792991803 0
410.821475647357 13.3813658611898 0
411.258636430936 13.0606995445178 0
411.192735729634 12.4368560775399 0
411.68988512808 12.7245232212761 0
411.819688842938 13.3779610576886 0
412.142748194149 13.0155351752375 0
412.105494457829 12.3531646398002 0
412.533051634768 12.6676950580473 0
412.500111578491 13.2759035148453 0
412.881971533442 13.0060803673461 0
412.941994384315 12.2798693839497 0
413.385806817158 12.638219167385 0
413.59112870646 13.1571217553791 0
414.13408393369 13.0125072492361 0
414.078024556926 13.3910782741683 0
414.54556722252 13.1983271297969 0
414.541108304022 12.6295110982654 0
414.829385015955 12.8906575535516 0
414.986914949058 13.2969464242535 0
415.412873641136 13.0982623405424 0
415.288163019534 12.613491529053 0
415.924134640021 12.9119312308068 0
415.978906411603 13.4664917324956 0
416.46097612243 13.054873790123 0
416.23737799163 12.284718907 0
416.753194363467 12.7156802018469 0
416.797409702988 13.3338323320634 0
417.129311700781 13.0767733126392 0
417.126182964389 12.366892686818 0
417.567120865576 12.7687378486463 0
417.722126912382 13.1853001183362 0
418.135464316017 12.765817618832 0
418.158662577387 13.2916924142652 0
418.785867494653 13.1908967903102 0
418.557304472221 12.6696659068085 0
419.044272944791 12.7535906189146 0
419.248631093715 13.4935742717627 0
419.656266271066 13.0635137173514 0
419.543621662167 12.3842233936855 0
420.050033639401 12.6028852264378 0
420.273162569667 13.4037774214912 0
420.684686643934 12.9685379285382 0
420.716031429921 12.2597287070687 0
421.206121698434 12.6639956362695 0
421.187445547595 13.2431197693663 0
421.503621299273 13.0642297207982 0
421.494672895068 12.3612045917718 0
422.001347223923 12.8060417862149 0
422.184025615898 13.4028467660222 0
422.635846711122 12.851469596889 0
422.655843909154 13.3646790367117 0
423.146941043539 12.908169227622 0
423.127084776597 12.4048568527555 0
423.617667751159 12.6993568317745 0
423.843165082324 13.2581322505931 0
352.670556154613 11.2025592819475 0
423.740137159971 12.1500237273521 0
424.224903879525 12.2761707806039 0
424.311608895074 11.8434085038157 0
424.790853075197 11.8248095179835 0
424.761469080966 11.3441826718979 0
425.31360785439 11.7131974054805 0
425.207841096696 11.238191569984 0
424.564955307095 10.9415090737134 0
425.807448021229 11.5755235845342 0
350.212885946022 9.96603934700247 0
344.627977449335 8.52500127424086 0
354.329739336365 13.8078886531251 0
425.798638512549 11.0043635853206 0
425.921604006478 12.0559064706774 0
426.415087368959 11.8993024610109 0
426.546593518306 12.3850226328852 0
427.073848078796 12.2373884100582 0
427.104803851072 12.641734195766 0
427.752513108214 12.1840347723728 0
427.47275428674 12.8204218173149 0
428.331794079467 12.5659712108301 0
427.999535390031 13.1889513469465 0
428.347148062841 11.7167006406278 0
347.548587793129 8.19452683565594 0
342.482611354039 7.34044109990319 0
428.785726551522 12.1625420417467 0
428.845964362682 11.3337521172015 0
429.265867338915 11.7670413041296 0
429.291294845231 11.0194543846527 0
345.612659927026 7.27587696149844 0
429.693198415145 11.4049496116794 0
429.937535583313 10.8462682436643 0
430.575549000687 11.1871634948546 0
430.418680421492 10.4165237530859 0
430.283210956872 11.7766218692875 0
429.997279298222 10.0712551516461 0
430.372729641045 9.70483492105241 0
429.859230637731 9.30051691959847 0
430.412179546674 9.00207175259573 0
429.880788994858 8.65365563073341 0
430.38812247946 8.33434792118034 0
429.544390549552 8.14338885505976 0
430.125215019775 7.72137955484681 0
429.493768405074 7.43712273426638 0
430.164274815366 7.08823703174511 0
430.773025142084 7.20392282201588 0
429.67811585715 6.8895024031754 0
427.485828700513 13.5998262637293 0
428.224691032268 13.7390675799541 0
427.767030437115 14.0048542950701 0
428.217379434301 14.2987145765157 0
427.831666365932 14.6997409353314 0
428.307565768861 14.9101251753118 0
427.971796947745 15.391796591697 0
428.313067479554 15.7237430655057 0
428.026119258164 16.1527677523663 0
428.390349570182 16.3495713385682 0
427.745019826112 16.7032832537631 0
428.374302214157 16.7787816285037 0
428.823792752395 16.0329754471802 0
427.717197398198 17.2983308001787 0
428.311476569215 17.4938855828685 0
427.851368952257 17.9786758994183 0
427.485172017945 17.7238129178735 0
428.662801245871 18.0769123925541 0
427.577453040446 18.4046802213524 0
427.07981658213 18.2283687661139 0
427.0467462942 18.7902774779853 0
426.435617028598 18.4049620955022 0
426.532479269976 19.0573979845755 0
425.788934030319 18.5941039623154 0
430.846587566816 10.0492923710613 0
430.721509340799 6.73576043818831 0
431.336918392497 7.01244532360805 0
425.848203668116 19.245407679417 0
425.334874695483 19.0095407264043 0
426.478388707866 19.6259036596513 0
343.285828285071 6.19047108204736 0
431.189336614621 6.51130929734376 0
340.822413796892 6.52979316094799 0
431.71928132125 6.77197214318564 0
425.476774712011 19.5557749775118 0
425.11865302312 19.4150577292468 0
429.044279829743 17.8332840465534 0
428.972149730016 18.4604826897406 0
429.514996464188 18.0846820034494 0
429.406694854572 18.7145115595567 0
430.099086510119 18.3216331574146 0
430.002530156036 18.8924173932329 0
430.635971521208 18.8212172342294 0
430.807078252111 19.2568552854185 0
431.139479991558 18.9100343380361 0
431.324879740723 18.5043449215609 0
431.888399046981 18.7126816801927 0
429.154191058874 7.09923668895116 0
428.993848844936 6.65245626181719 0
428.503762546261 6.94228713317192 0
428.389950358987 6.41486501843819 0
427.901209663685 6.67957124090109 0
427.832071439345 6.14740816778573 0
427.352719004734 6.38957152850323 0
427.299467984212 5.85984637175034 0
426.823719758208 6.0818967054895 0
424.913345209006 18.7502151454891 0
424.620352772514 19.1964840669781 0
424.34603805025 19.7199430309069 0
423.811312956091 19.368822781651 0
424.087366005631 18.9558111758128 0
423.454053655564 19.1866692044446 0
423.476854264649 19.7212552059779 0
423.126417254551 19.3934645687474 0
422.838825532042 19.0432809110611 0
422.387166951193 19.3327801611509 0
422.572541350809 18.7067120116182 0
422.147846371912 18.9787356513257 0
421.957175627282 19.632150743331 0
421.70671023446 19.218025112327 0
421.515423275796 18.7146202583324 0
420.910329569136 18.9943247600567 0
421.206653461848 19.65772347412 0
420.533608219537 19.3368199883159 0
420.460524296565 18.7403143001386 0
420.108243619162 19.1385196579535 0
419.9827185517 19.8318067104588 0
419.450331253352 19.6474652123733 0
419.502529019725 19.1222948662314 0
418.992404395665 19.1050080021931 0
419.023636073462 18.7061577847035 0
418.549350509151 19.0487705404024 0
418.379595347474 19.4829830623264 0
418.001363711292 19.1403456923128 0
418.023909485315 18.6061338603054 0
417.437696397936 18.8040529955289 0
417.425318729616 18.2817703404355 0
416.841858424737 18.6478566028966 0
417.120105190924 19.3329009056408 0
416.600470359441 19.1093943524199 0
416.386718728954 18.4880098637474 0
416.148396070821 18.8770299307163 0
416.276123218143 19.6034289708967 0
415.812076833421 19.3124666714441 0
415.830481248788 18.5896116477251 0
415.404991488278 18.9477808147671 0
415.363991888266 19.4630026042653 0
414.927694126439 19.0964429512739 0
414.836919348687 18.637671137901 0
414.471096522742 19.0064226221643 0
414.212139449907 18.5240403436882 0
413.685515686403 18.815202326941 0
414.002168228368 19.3486345056112 0
413.37045644091 19.1349006292483 0
413.198336993768 18.5924832089752 0
412.910800533288 19.000571201411 0
412.96334037193 19.5372162530772 0
412.398239099728 19.3552404815627 0
412.433100868238 18.6077206250631 0
411.987047751053 18.9438645073329 0
411.902224203779 19.5664525668558 0
411.558619532555 19.2484085757666 0
411.563105459713 18.5803042286287 0
411.227258455743 18.9304124599182 0
411.17428718862 19.5449750122709 0
410.756984107862 19.1104505696483 0
410.674051614632 18.6143963833743 0
410.181962617842 18.9768925855521 0
410.190924868974 18.4123519168551 0
409.770188444673 18.9792537622627 0
409.831350271444 19.4715962831791 0
409.379433269828 19.1857918887752 0
409.181563074693 18.688356109061 0
408.859861898925 18.9597071603781 0
408.811515013895 19.4858452382229 0
408.324682903131 19.2783171821338 0
408.383286133596 18.8398339876669 0
407.82194568214 19.0700097753688 0
407.755350422347 19.6084720540203 0
407.234613690811 19.3115035533719 0
407.301490862443 18.8863070856007 0
406.874592420557 19.1941376386346 0
406.727841853232 18.8128246808248 0
406.278366379909 19.0627400770138 0
406.620357399105 19.4902729450356 0
405.997927682651 19.2557269757014 0
405.936078964156 18.7192458624359 0
405.590330979336 19.0754264996547 0
405.591210779778 19.5459265236805 0
405.193390257355 19.3262021313503 0
405.143454810181 18.6379168702795 0
404.742280519835 18.9876604842402 0
404.643093076451 19.4488499364011 0
404.194909274286 19.3436573102805 0
404.151518173146 18.8328919627504 0
403.735737335466 19.2731482298917 0
403.572853790703 18.7500251547665 0
403.181188899302 19.1398486357457 0
403.313068555581 19.6169600096987 0
402.830604874209 19.2833931058302 0
402.75653314956 18.7280194299762 0
402.511358935621 19.0869412064436 0
402.371151458233 19.470878496854 0
401.929459584798 19.2667010960973 0
402.049449787445 18.8399785524234 0
401.464412658943 19.0888082155986 0
401.450080958251 19.5394248199571 0
400.997226865493 19.399217138282 0
401.008100940637 18.9693240030987 0
400.577294142321 19.2998544069371 0
400.414024868236 18.7239598893437 0
400.052620905231 18.9892923747272 0
400.155198738412 19.4329505567065 0
399.666255428541 19.3524094327472 0
399.605224027672 18.8419010508221 0
399.135354863166 19.1926345597832 0
399.218623860438 19.6698699150397 0
398.801119705506 19.4880726132416 0
398.671065636901 18.826612263887 0
398.312110343736 19.2462146499247 0
398.184969456287 18.4894790929577 0
397.82465198392 18.855805830008 0
397.908197635398 19.5295092783704 0
397.501374456904 19.2244850431098 0
397.418736306823 18.540357921549 0
396.964218935905 18.8004861253049 0
396.786927092066 19.275646050942 0
396.358296928867 19.0812584446188 0
396.368345346278 18.6633786528378 0
395.974004972007 19.0168551227253 0
395.95989721033 19.4431339228817 0
395.477074367879 19.3068377187243 0
395.491973498328 18.7423292265137 0
395.031556736693 19.234222337772 0
394.850243526326 18.7350584465724 0
394.443292877497 18.9982946918854 0
394.636689845674 19.3580472310595 0
394.09713973599 19.1351309775925 0
394.059084106317 18.699547979135 0
393.567003268796 18.7419246898031 0
393.650326949045 19.2746963716439 0
393.101263092011 19.0917336920538 0
393.114171175104 18.5996661840684 0
392.636334735367 18.9033593443231 0
392.592012809502 19.3216235730136 0
392.166689836201 19.1789382238821 0
392.17404029482 18.7120232432569 0
391.712804688958 18.9900553537668 0
391.679470396307 19.392399864507 0
391.273761534967 19.2395112320285 0
391.265410203349 18.8226101097609 0
390.915807546928 19.1943621778993 0
390.785260442256 18.7037634620059 0
390.50379048515 19.0034993656142 0
390.446492109518 19.4358955202536 0
389.96405142924 19.1955738550426 0
390.027701976337 18.6486560864199 0
389.482519017425 18.9696796302272 0
389.451833091196 19.4379770363226 0
389.005535831801 19.2306530985103 0
389.010173859187 18.7669187118061 0
388.552270292663 19.0499751989659 0
388.571324605627 19.5350812196418 0
388.108913050477 19.3929630698698 0
388.079387906639 18.8935283331981 0
387.695165506557 19.2875810273916 0
387.545025864885 18.7979470613727 0
387.212184781534 18.9672400545696 0
387.294117810947 19.3933325938495 0
386.784551609266 19.2575627476169 0
386.869405053147 18.7946277546374 0
386.197503981729 19.1158757135886 0
386.361176297575 19.6578283305813 0
385.854378247537 19.3327687688641 0
385.685779302631 18.7512891668309 0
385.522257255469 19.1569227767269 0
385.232051267625 18.5206944794914 0
385.074373171684 18.9286338004447 0
384.939495251407 19.3807915471231 0
384.442955639951 19.1617668354745 0
384.571880344843 18.6509347028816 0
383.926803299813 19.0546783228907 0
383.990734778298 19.4328304919596 0
383.643938946273 19.3398101361478 0
383.511137812375 18.7989932218742 0
383.206015025265 19.1448055167139 0
383.215428617703 19.6021935840903 0
382.686560188181 19.1561508723577 0
382.638590281119 18.7975647426497 0
382.264642565343 19.1446669293694 0
382.223143446988 18.6731105960862 0
381.8413503642 19.0016963095676 0
381.743526702694 19.4278990572972 0
381.152713565148 19.2501975612956 0
381.423596528149 18.7531085009226 0
380.661863507602 18.8610935480786 0
380.78395063876 19.4198981914038 0
380.469121666128 19.2424477925905 0
380.19309551999 18.5780042820331 0
380.027829538266 19.0074276440874 0
379.937248625084 19.4481738797798 0
379.458951081985 19.2483933385428 0
379.504088465748 18.69470758685 0
378.974504706245 19.0515954557641 0
378.964627365709 18.5385282951844 0
378.506590957788 18.8706739053377 0
378.513027281631 19.3754560464946 0
378.028454940338 19.1966211588856 0
378.052352947956 18.698476781235 0
377.460344620599 19.0421781265665 0
377.582505143524 19.5865075778234 0
377.1146938059 19.2420276202715 0
377.03824834495 18.6917629277762 0
376.778430222158 19.0684236059984 0
376.707608041643 19.4793616795536 0
376.304601934528 19.2748656104221 0
376.070329293899 18.7480433938703 0
375.559168709872 19.0203838468586 0
375.825116390055 19.4595926048847 0
375.285675165589 19.3202210358488 0
375.222936506242 18.8016657288197 0
374.933866284743 19.0651365026482 0
374.794499285978 18.601069761805 0
374.433082514394 19.0419889457606 0
374.471458439191 19.5549307220638 0
373.984505470546 19.285649351059 0
373.751039749061 18.6517829960197 0
373.43203877527 18.955338125412 0
373.468184224509 19.3091188496964 0
373.01886156617 19.2639830745194 0
373.092547086185 18.8195921675012 0
372.5639842539 19.2187037048357 0
372.634652424097 19.6556737115649 0
372.117507602664 19.2036135365328 0
372.080217489413 18.8375030766573 0
371.663187073214 19.1014299316082 0
371.747401992422 18.6632428292966 0
371.168923169663 18.9038895946947 0
371.156112882767 19.4399312305004 0
370.573851438511 19.2332513629536 0
370.656918979834 18.6809405030769 0
370.109492393928 18.8667785458548 0
370.247285570749 19.5141433271223 0
369.834287796167 19.1684362487898 0
369.710219696791 18.6644430088535 0
369.34340352972 19.0512154945609 0
369.327603809221 18.5626107609929 0
368.881022399083 18.8644002511457 0
368.830669923842 19.3654505095786 0
368.35186974327 19.122682633263 0
368.421567355629 18.6424994020036 0
367.906415544188 18.8837923884545 0
367.824635753043 19.2695169452653 0
367.42572104821 19.0758028145131 0
367.467967475316 18.6608967306917 0
367.016286641317 18.9460281756822 0
367.040276619702 19.4310838200743 0
366.569889568083 19.263014192293 0
366.558241380764 18.7644299364449 0
366.113242396845 19.0805446632977 0
366.107772845705 18.5902550155552 0
365.667116821817 18.8903816235184 0
365.661622791983 19.3845785829946 0
365.19404362658 19.176186746344 0
365.246358839947 18.7243039940433 0
364.723958063458 18.9963056448902 0
364.714906496162 19.4880761775107 0
364.31824186651 19.3720565265569 0
364.246487082531 18.9166196766266 0
363.714330556658 18.9254720520058 0
363.944180201896 19.5114657394845 0
363.304240490197 19.1344122150646 0
363.270225171637 18.715326306714 0
362.881033291538 19.0249652229962 0
362.897193661851 18.5798729578898 0
362.408059622828 18.8273976787793 0
362.426731916374 19.3540314993033 0
361.939223396641 19.1474762870304 0
361.914041561697 18.6177453872047 0
361.45870451296 18.9419481532951 0
361.460121869603 19.4538544109161 0
360.971401541865 19.225602325159 0
360.986064044939 18.7446025466147 0
360.501421805042 19.001790183307 0
360.44382466592 19.4033729905351 0
360.019510859741 19.2251734002234 0
360.03386951004 18.8156756082813 0
359.520727962994 19.1651293673841 0
359.580070903104 18.7065142094709 0
359.010274149557 18.9520025171108 0
359.262526368613 19.5524706598449 0
358.820953845562 19.3179987629946 0
358.592965509213 18.7189990042592 0
358.3370351998 19.050088136233 0
358.076855116073 19.4436151142269 0
357.867865598411 18.7524622753948 0
357.556040097297 19.1496281354683 0
357.2520898973 19.6134360790704 0
356.763406092455 19.2897231989546 0
357.024006347758 18.8775136359255 0
356.420497804348 19.1313959637717 0
356.527067032564 19.6176069483229 0
356.090939592424 19.4241056303587 0
355.835569321974 18.9748386745199 0
355.398048251491 19.2173416068421 0
355.567570782783 19.6803998296878 0
354.868488374754 19.3905812686429 0
354.946329790196 18.8311616581341 0
354.409402207929 19.1275093822262 0
354.493049718087 18.7071876289423 0
354.050374224051 19.0306802989279 0
353.988309356387 18.6158530297518 0
353.692785700009 18.9581289730416 0
353.557383363357 18.3158663662518 0
353.217830805632 18.7737937988772 0
353.235258581536 19.3458072582382 0
352.669552727487 19.0146496945107 0
352.537394010411 18.4379364550579 0
352.095554493123 18.8156049077637 0
352.046286652134 18.3261501553854 0
351.603532211859 18.5110726905812 0
351.451391572922 17.9494289000252 0
351.010248661042 18.3365190948759 0
351.094641548059 17.7025530233512 0
350.798731917905 17.9985743846264 0
350.727460064835 18.5725960086264 0
350.381307490208 18.3487198920645 0
350.203438578312 17.7432524165139 0
349.756392654348 17.8507812225056 0
349.717942486999 17.4941696474901 0
349.318555038506 17.7972496607545 0
349.423055280375 17.3476901507876 0
348.892790844148 17.6958194761273 0
348.966275260802 17.1052580500784 0
348.43221906157 17.4269422307553 0
348.26197613993 18.0634922265477 0
347.92958944614 17.6255202573329 0
347.749248782298 17.1612226152516 0
347.279567069603 17.4195098954771 0
347.129586742581 16.9234572155237 0
346.6688513799 17.0102985171018 0
346.815804637582 16.4034258799936 0
346.195124738038 16.8778999763649 0
346.246004364999 16.2973929621973 0
345.694053953817 16.6809868581101 0
345.782685625656 16.1697591520368 0
345.195900999038 16.4498626034964 0
345.31521081314 15.8286523972368 0
345.169054870248 17.0157126087879 0
344.665984691471 16.8249902327291 0
344.678209757914 17.3973021119136 0
344.154772292657 17.2054600323491 0
344.157280933499 17.7806206952565 0
347.902689341039 18.2447890372583 0
343.632625812012 17.5955101090118 0
343.597147333737 18.1534111300417 0
343.080593115685 17.9876239983864 0
343.09820098467 17.457482566001 0
342.950956282355 18.4495573178171 0
343.47287363782 18.7536915474619 0
352.783973587678 19.6086673446198 0
342.627184842259 18.2830609712786 0
342.650066133327 18.8243577042351 0
342.327430112291 18.4758770630311 0
342.236444786271 19.1873105618881 0
431.586521780761 19.1700029300162 0
346.339099699173 15.6899535525354 0
355.137234474735 19.8879395694887 0
426.767100394627 5.53329619513595 0
426.278418153935 5.7754852477949 0
428.284428872542 5.95977974559718 0
431.695884662895 6.08952098685221 0
430.252817393439 19.571454620115 0
432.209196196299 6.550323907437 0
349.250963430704 16.7759914885228 0
426.128402082052 5.17180933810645 0
425.581627210453 5.50282383715571 0
341.868793036777 18.7599157515051 0
341.65184673845 18.2683781753541 0
341.788458378685 19.5908662404948 0
342.322379696858 20.0701876596905 0
432.154604432393 18.1949116901934 0
432.445174517623 17.651491800109 0
354.613092722436 18.2909783924774 0
432.190938992045 5.71123041258591 0
431.675674384776 5.32456597135687 0
425.663309182542 4.89974985541949 0
425.088715310993 5.23150164960235 0
341.781674370604 5.36107726458803 0
425.066152636763 5.85717803911573 0
424.459554357236 5.69564804428254 0
424.601015076365 5.09981035979396 0
423.990291877808 5.44175529635914 0
424.153834075892 5.99878918453262 0
423.735323829257 5.86322114944827 0
423.775377365217 6.31013824223299 0
423.369857939896 6.20197947332231 0
423.293375479193 6.65863619625598 0
422.680206071598 6.53146620796637 0
422.813740749847 5.94268416917574 0
422.19420045787 6.16774370727552 0
422.164322744994 6.75938608233397 0
421.802116676499 6.46624245086612 0
421.825486579276 5.82176874830656 0
421.36878362987 6.16905667489183 0
421.473144139518 6.76235605158531 0
420.980864215369 6.57646333735528 0
420.90509753983 5.8766238218788 0
420.556857049912 6.25734970907057 0
420.352637227095 6.77089873763551 0
419.914442161792 6.56086203053448 0
420.043373734111 6.05882286339589 0
419.4710502279 6.40203837070171 0
419.420503137113 6.83515936951662 0
418.956320086823 6.55051336104787 0
418.814275685185 6.06308997166618 0
418.485881950093 6.30599596697804 0
418.489730443178 5.77575198205027 0
418.1342438913 6.14634784534869 0
418.111145974785 6.67692211934482 0
417.642753615447 6.28250311247384 0
417.5314675218 5.8447615121787 0
417.14200029229 6.01505801243589 0
417.216959080475 6.54760608364314 0
416.756346655367 6.32547026511316 0
416.657961920377 5.78854479477088 0
416.290512350693 6.14882718117618 0
416.22616083892 6.71947628783855 0
415.839416164911 6.41955338065033 0
415.737410791757 5.84522678958843 0
415.368888363517 6.21537582986012 0
415.326446268739 6.80785374240725 0
414.923110269481 6.49149958843393 0
414.802686452374 5.90475300044221 0
414.439969100949 6.27646779518398 0
414.391213647534 6.87926132517396 0
413.984524941782 6.53432316141253 0
413.87574170073 5.96763979322103 0
413.514558456841 6.31057134741512 0
413.467790685698 6.87507583161819 0
413.064050051549 6.55703323721038 0
412.947792264451 5.98800820792731 0
412.566336141855 6.30726177015433 0
412.448946508527 6.880339389073 0
411.939738357456 6.66242997160385 0
412.044578590205 6.12653693205233 0
411.445302008179 6.45841583905016 0
411.258197054652 6.88880965845522 0
410.822579811032 6.68510137529063 0
410.986901259406 6.30474023259785 0
410.438247480122 6.37156029000349 0
410.388418278615 5.8582934515802 0
409.917877737464 6.18281468705439 0
410.054817328475 6.75030672417905 0
409.590541503678 6.50126233625092 0
409.535961495322 5.94251088421361 0
409.141819335058 6.25322610258531 0
409.227026667183 6.84940541578322 0
408.760977986791 6.58627809053564 0
408.720902667213 5.97571480674016 0
408.32130391344 6.28199365582184 0
408.3778561934 6.94514643310234 0
407.99562325318 6.58496757400235 0
407.88124749816 5.89702056407118 0
407.483312818478 6.29679637014512 0
407.410668877276 6.83778661520742 0
406.923968488066 6.66957055358552 0
406.942593190835 6.20865243887309 0
406.438205765806 6.49591628028435 0
406.472288457397 6.05258444688454 0
405.981014488812 6.37354136610561 0
405.929156242587 6.82198110991304 0
405.486339116275 6.6921334943584 0
405.416694417981 6.20183080572329 0
404.89525796423 6.36349393847698 0
405.067710800174 6.74612819700484 0
404.469664983735 6.5496031223077 0
404.688348015604 5.98843879615896 0
404.189536356017 6.08861923805667 0
404.116921270946 6.7656421448217 0
403.728708482846 6.40305272523694 0
403.652227118903 5.90788284070211 0
403.245973539678 6.32607677310593 0
403.153604965695 6.70763629263205 0
402.699496434962 6.55277965469054 0
402.803272375372 6.13520236168819 0
402.208002161962 6.34331967456998 0
402.062292486765 6.78833394760839 0
401.591082973909 6.58693020755721 0
401.732990870189 6.20411934134461 0
401.152286164548 6.43882544326931 0
401.195849308545 6.02457258207659 0
400.742507533396 6.23905806158668 0
400.949878996291 6.76114979327582 0
400.41642248606 6.61918121521937 0
400.394998413132 5.9772069896208 0
399.997091845898 6.29178258492364 0
399.973471107453 6.88137233987514 0
399.620999301276 6.63236689694324 0
399.630222984593 6.01822543264026 0
399.17786571958 6.3601328844327 0
399.180006728445 6.75324809557091 0
398.554919250556 6.52342378061403 0
398.456313243773 6.0618938662809 0
398.059383923555 6.30964879135735 0
398.109935718158 6.86598064193724 0
397.78624307604 6.57390137394585 0
397.730894000631 6.04131010521993 0
397.417948143539 6.31179768556255 0
397.286561599909 6.75029527087821 0
396.782849758636 6.45628168390052 0
396.949643607781 6.00835283371702 0
396.323172312443 6.26543634529001 0
396.451696703086 6.77973267047406 0
395.905377718901 6.70657241281538 0
395.867000273526 6.1955961141234 0
395.444779021637 6.65282719952613 0
395.377355116049 6.17799400130539 0
394.922014958866 6.27724494094806 0
395.049437027141 6.67820228061099 0
394.520070286797 6.42825592830479 0
394.295648002198 6.0884805477604 0
393.868400552421 6.33489756766272 0
394.135185219735 6.71687753458119 0
393.495507044702 6.56717216051889 0
393.543738448823 5.93914579203202 0
393.154677180035 6.31627700303297 0
393.257679640922 6.8704387855683 0
392.901349222589 6.66820690617335 0
392.750594052339 6.05216031812874 0
392.481846951816 6.42225605275653 0
392.321861101552 6.84838243469758 0
391.843968554645 6.63107087096828 0
391.959043161448 6.0716355114406 0
391.333596308342 6.4391938952402 0
391.332213951418 6.99968305537813 0
390.784974821236 6.87679209840095 0
390.859792117261 6.31707894308179 0
390.257084663496 6.5370530777345 0
390.397020868927 6.10609115298191 0
389.888014027021 6.28803030175733 0
389.847309461157 6.67033535993242 0
389.374333811146 6.65215993340615 0
389.486152718951 6.16156466613566 0
388.801071811425 6.47659557168062 0
388.944412618953 6.9589035263599 0
388.397817043996 6.76871789320794 0
388.381435829711 6.14515163987258 0
387.972853904275 6.51907300253596 0
388.014551788603 7.0087070920424 0
387.471748320367 6.79045529317414 0
387.605071240223 6.14911342291013 0
387.245688089472 6.47013432021773 0
387.126609886663 7.03838531728482 0
386.836197461294 6.79959577248902 0
386.807969601431 6.26011365572229 0
386.2867878931 6.49676033571765 0
386.296651686319 5.84747352391478 0
385.750723224382 6.16987249999053 0
385.855754742525 6.63721740433002 0
385.308667250212 6.26032096454003 0
385.22146305994 5.78870523073247 0
384.837501065614 6.36003407046874 0
384.924235271368 6.90577991850987 0
384.399511334029 6.47572494280342 0
384.216369186586 6.04980640120818 0
383.862894279543 6.4717697579377 0
383.929270095534 6.96936020246046 0
383.425196394528 6.73375015232897 0
383.546444771137 6.08561931653237 0
383.038857378183 6.38101061391355 0
383.029541208457 6.94545943490907 0
382.467924733867 6.63972826601512 0
382.547209215727 6.15649593416725 0
382.018000654664 6.51149861873161 0
382.071791277211 6.93723365406564 0
381.579794460983 6.60369291388872 0
381.499852801812 6.1859224771919 0
381.160147522401 6.44221073045607 0
381.305949821813 6.96967499846454 0
380.94149298786 6.78341652829147 0
380.870587564207 6.21047723113865 0
380.471602599895 6.59483834491001 0
380.361291579182 6.04448667795709 0
379.845666125868 6.23330842911913 0
379.868673146446 6.6788728414758 0
379.371203169926 6.41582901284757 0
379.237850002875 5.992455367414 0
378.891445810054 6.27106368901128 0
379.129142381528 6.85431140991186 0
378.68898694947 6.64165685095669 0
378.538664804402 6.02095493759851 0
378.258527106232 6.40282849184409 0
378.038568141203 6.82437710675419 0
377.610804380323 6.54865772932878 0
377.823440920141 6.13587912241617 0
377.172588300389 6.29210492663752 0
377.069845067416 6.70326138334135 0
376.655964728941 6.55375924003526 0
376.695725578131 6.05304086780581 0
376.195593138244 6.35289265236028 0
376.167543455196 6.84495102103352 0
375.727540871627 6.6301214211657 0
375.725081546064 6.15197349957483 0
375.289958092166 6.45492497909999 0
375.293825905126 6.02834090634036 0
374.887248944391 6.33196049760972 0
374.840002779711 6.74219374210934 0
374.395503735883 6.53388510483308 0
374.490904969847 6.14327098870931 0
373.953734712045 6.30989829070241 0
373.848831668562 6.75672573368064 0
373.412635665662 6.52856518391899 0
373.525890671935 6.13879021632286 0
373.002042200692 6.37936066004633 0
372.908509696509 6.7215681849139 0
372.450788283183 6.66442817217649 0
372.498520635242 6.12527768094311 0
371.99350471877 6.32473872046194 0
372.138329881229 6.95557251387591 0
371.626695435848 6.69448710244803 0
371.628796308394 5.88777467725086 0
371.162138697373 6.19584511251348 0
371.091360355586 6.89700293271721 0
370.681604646993 6.52556343667275 0
370.612297651897 6.00584874087641 0
370.240758190463 6.38708257921059 0
370.094794342382 5.97301292558848 0
369.692949771855 6.2555001013932 0
369.970232431054 6.65306186316232 0
369.43191346147 6.43430079323883 0
369.479827478144 5.90963550307017 0
369.088074208345 6.24638991170775 0
369.060331729197 6.79813305565179 0
368.596455036401 6.35500751284341 0
368.514294237869 5.90692952129595 0
368.1182356885 6.29150771017178 0
368.156640406693 6.87681510963296 0
367.612966855057 6.51241299639225 0
367.484565111565 6.01635151218188 0
367.024994814214 6.22846205706123 0
367.137150886035 6.7212678577635 0
366.554253598723 6.34587362008609 0
366.521417941076 5.92414801977972 0
366.116311950443 6.36390420920685 0
366.017254606046 6.72623269308832 0
365.643015682854 6.62112990408044 0
365.642010849335 6.24282438827576 0
365.294728607416 6.49746015242293 0
365.165372743732 6.82588027446179 0
364.707003722515 6.72861493773719 0
364.895655684003 6.2173141836873 0
364.286693061127 6.59327879250251 0
364.348795004845 6.14919252014349 0
363.8668003637 6.22758508024361 0
363.934757731352 6.64363678599702 0
363.417462499153 6.43815871859582 0
363.193688004372 5.93897688320468 0
362.778428757049 6.35535630429256 0
363.000628502975 6.71621587161315 0
362.395248745956 6.60920303340234 0
362.312372950912 6.12330269413656 0
361.915163521913 6.34808894353189 0
361.953958045345 6.71768213821311 0
361.367874276649 6.79249112363629 0
361.465940914589 6.19505008627324 0
360.918311381082 6.44634492787209 0
360.853885431332 7.07677632225713 0
360.564716441418 6.7344170360113 0
360.578421588601 6.15542273905789 0
360.243747788199 6.46187399634316 0
360.233242865961 7.00216072833042 0
359.853955498283 6.78141197733779 0
359.73334003367 6.26824184014076 0
359.249772088608 6.52830115313969 0
359.406764434346 5.84412413284809 0
358.917515477044 6.20732554783348 0
358.892755266149 6.67369764480783 0
358.415442547318 6.44099467222735 0
358.279900905499 5.96029238621439 0
357.835359109608 6.25449652935546 0
357.995244502361 6.7350004549389 0
357.389602702537 6.53738441989192 0
357.295455634585 6.02634430307775 0
356.824119062783 6.28972752303128 0
356.929693309217 6.78969471074625 0
356.358026792306 6.57907856534173 0
356.141634003919 6.14805991573089 0
355.709196150483 6.48708030829335 0
355.811074915896 5.79629169699477 0
355.404616170314 6.14161520345881 0
356.4882935744 7.03143848180428 0
355.42763722656 5.51282637790362 0
355.110256931 5.83035497172771 0
354.99973096797 6.49946172705859 0
354.652593407793 6.05303906892585 0
354.754425411546 5.57622337695443 0
354.165355446488 5.92370040664911 0
354.27768366187 5.33023490516001 0
353.714422900443 5.63411530830497 0
353.516756853446 6.11407563819757 0
353.247974918837 5.78167976091712 0
353.087056416014 5.35755015355007 0
352.657771719892 5.62288879064419 0
355.718481199604 5.15127676046133 0
352.396704860565 5.06412173268394 0
352.00896622565 5.52603544296341 0
351.998789837305 4.88105978975879 0
351.570060397073 5.18122686993982 0
432.738792524356 6.15796509212816 0
432.870516184865 6.76234038530615 0
353.185278671752 6.41141571228901 0
351.580400364236 5.82255505531161 0
351.022061006878 5.47943227407346 0
351.201736190903 4.80671058186369 0
350.755538263372 5.06692397315245 0
426.673064301875 4.97312493730667 0
424.049969377076 4.93921816488647 0
351.3930373337 17.4149162195812 0
350.732311958237 4.56393692189991 0
350.366933532303 4.80828784194698 0
341.825367138762 20.2587864787436 0
341.431773351505 20.0464863233605 0
342.365147522605 20.6820798793 0
432.90644369955 17.8883295988016 0
432.785176732909 17.0630847619957 0
432.622198284015 5.31488124211679 0
352.400091223124 4.46559896067937 0
427.479905394494 15.7754748769326 0
433.239039562706 5.69829705828828 0
350.235586737123 4.40788610860993 0
349.786772117296 4.66736661924761 0
351.054684377869 6.04705159330773 0
341.221349276962 20.6094035038022 0
340.614085508429 20.3195610609362 0
433.304923568922 4.88067085783997 0
349.707206547587 4.13577124317198 0
349.173537041549 4.36630243697137 0
433.371819302899 17.4771757826326 0
433.404346523886 16.7034186952619 0
433.556783364105 18.1888108278982 0
432.604827095841 16.50043783028 0
433.147961009062 16.1103012575607 0
423.779413244074 6.71136635362823 0
350.617554260611 4.22582298576898 0
340.896952889118 21.0673719336315 0
340.346859650797 20.870827543675 0
340.211286765561 20.1491215524944 0
349.228513491439 3.79529662481439 0
348.6937989387 4.30315195505655 0
426.863539534656 6.61379433812976 0
434.072186461284 5.24886953194396 0
340.000607476142 4.52441378048332 0
338.947254975183 5.78844042460714 0
433.866903958679 4.40730296881724 0
433.045135240746 4.09745063140986 0
348.734057771817 4.7806840640283 0
348.259565391092 4.46772893474957 0
348.138242057634 3.86807914069139 0
347.703627558379 4.20513276507925 0
347.652684425756 3.71781293762678 0
347.238670638926 3.72735186237792 0
432.591494174103 15.8111856782531 0
433.060211647564 15.5011247970396 0
433.987673121704 16.4862634252199 0
340.368140467404 21.4427229625155 0
339.743792758892 20.9861207308127 0
340.867783482422 21.5609485393937 0
434.33141495862 4.73539714567889 0
434.64999701798 5.53803030616299 0
434.415316088266 4.12398697087331 0
429.168007323595 9.24916996857606 0
347.797902259694 4.64788188601709 0
428.805861494299 14.1215244233609 0
347.18323983086 3.24559365969729 0
346.78356565593 3.66208966669361 0
339.840320868183 21.5806943693002 0
432.686657201593 15.1235237464966 0
433.233871391148 14.7696590469676 0
339.266385897846 21.5255490933638 0
435.024946414403 4.24661886766617 0
434.867942055034 3.6991554360371 0
347.62862401775 3.13456719451456 0
346.77088349681 3.11993414761483 0
346.299183640997 3.53400285654808 0
346.313379828031 4.16715811985852 0
345.750067577461 3.35846908085389 0
345.283267421367 3.42483271404121 0
345.793234205542 4.08144073150922 0
426.362971324693 17.7732037314564 0
338.357598718121 3.5759571035331 0
339.276067808522 22.0509135094801 0
432.739240056998 14.3794502779561 0
433.28009981673 13.9709444198615 0
433.807157734451 14.3962930776351 0
433.802486534584 13.5172711165472 0
434.310738781678 13.977485361027 0
434.322369888998 12.8965721044932 0
433.566707971856 12.6043057897207 0
434.388123692175 12.1846954150466 0
433.849057276343 12.0555158727326 0
434.608575128258 11.6601887263128 0
434.963476878861 12.0724928982647 0
435.035480677712 11.2498982677509 0
434.57856689494 10.886482103912 0
435.023785353761 10.4644770720619 0
434.271604400075 10.2925750659465 0
434.737658354831 9.73718607142118 0
432.212433135346 14.7695139846125 0
345.321894532531 2.95532118376328 0
344.884526803399 3.26619519101851 0
435.670626282818 4.10001056774935 0
435.411271013529 3.46226448575948 0
435.184820511915 2.90024632334735 0
338.707968885972 21.751700219057 0
338.557409625882 21.111211571917 0
435.465416813168 11.6958042066477 0
339.727875225557 22.1311296932678 0
338.670969584943 22.426075589488 0
429.453929435101 6.43456988800397 0
427.046301826417 13.8796110005119 0
344.676993437902 17.9821143807876 0
427.459587554705 18.8164358333736 0
429.094362229142 19.1460627930313 0
432.199792202024 16.1722534122165 0
422.268082941585 13.7756979338935 0
423.859547886618 11.6962002740825 0
344.411990802213 6.85694221742872 0
346.687410218642 7.91915089932867 0
423.249896613221 7.20585298027517 0
423.925163277548 7.27280381138944 0
423.11439031098 7.83373035974591 0
423.814523923247 7.89616336400933 0
423.504930802751 8.43227682819017 0
424.636582682826 7.4904980099896 0
424.46379428618 8.14816480445953 0
349.644273233422 3.61654794127425 0
417.879863737073 13.8078992826055 0
424.688787868379 4.53238708001154 0
424.204940142095 4.41783861720076 0
424.759357976456 3.85945324328772 0
424.168249269244 3.89410336380237 0
424.6037244766 3.19909858284809 0
424.045886103203 3.24738029004012 0
423.584450164258 3.56548352438038 0
423.476930367092 2.99569991397085 0
423.039276849148 3.30572176055435 0
424.528142840617 2.70593514431701 0
425.032330035047 3.08952401685313 0
422.969586513446 2.71242604831763 0
422.459435743646 2.926015386929 0
422.625529551699 3.48106048404197 0
421.991271046871 3.20491005355071 0
422.031515751018 2.62837958073275 0
421.554260758014 2.99762832409212 0
421.558348643431 3.55214600367033 0
421.151293835409 3.48101605767516 0
421.144517292007 3.02685175200794 0
420.720792036324 3.14368961499039 0
420.77347470658 3.61426840527254 0
420.291458719553 3.31376352078427 0
420.202498814255 2.81331350192257 0
419.789942293413 2.97662694636501 0
419.778201200247 3.50250867143465 0
419.226371395555 3.4158707399787 0
419.356197299855 2.96253734385475 0
418.699632967501 3.27957847177366 0
422.639259123238 8.25600252567933 0
422.959480249513 8.64551717683019 0
422.196055493837 8.57288536928079 0
422.520781105116 8.93376363978537 0
421.781736612736 8.83864998184201 0
422.103718068006 9.27198543592848 0
421.426985607424 9.22787123137401 0
421.514010630677 9.72088030557086 0
420.973724693176 9.57716308749607 0
347.970098785176 8.35866575747976 0
348.08509105399 7.92499483405607 0
348.651132341843 8.07952821961217 0
348.618238811265 7.54239305056259 0
349.081013602539 7.62797594911162 0
349.104808601324 7.1279846109023 0
349.546164139528 7.4607245833448 0
418.055474172938 19.8266794284017 0
419.083213724699 7.0003455999461 0
419.48498201245 20.1642727587076 0
420.080254912192 20.4727657161357 0
419.60113637605 20.6237927074967 0
420.083394198715 20.9871452492723 0
419.682717438741 21.0767904120967 0
420.131544353667 21.4808365591335 0
419.608798287335 21.6442928386826 0
420.310325681758 21.9999681415115 0
420.648863135043 21.6756566957932 0
420.669144493535 22.1923371109388 0
420.962802199811 21.9258245108509 0
419.771934660423 22.1426794453978 0
419.12218248457 22.0269642429943 0
421.112130753018 22.4450504771166 0
421.481936400427 22.1400387315777 0
421.623791714206 22.6243180321179 0
422.017848681802 22.3792325072771 0
419.343470989253 22.388742897625 0
418.821216020716 22.2890026228488 0
420.696933332706 22.645306649846 0
351.647197827586 10.8147769700178 0
417.876532674677 18.1915905047541 0
417.537936251515 17.8092332756338 0
417.977117393018 17.4604226085949 0
417.506469948626 17.3702838368962 0
417.927003548968 17.0458541545041 0
417.470785884701 16.9116251985416 0
417.863422519018 16.4150381991031 0
418.362452362695 16.776337931062 0
417.293057220378 16.1357175632352 0
416.850383053879 16.5205448227408 0
416.778935469446 15.9628549415219 0
416.245543977964 16.3644740114399 0
418.420117672489 16.2229710333671 0
418.785976187804 16.6068355763563 0
416.322782425878 15.9301150515868 0
415.802047309061 16.0651548492686 0
418.714253506491 15.9672532695271 0
419.192615707948 16.3062741599946 0
415.716823000915 15.6213955965904 0
415.342996184029 15.862793557057 0
415.451755520732 16.4465807866215 0
415.032618536818 16.1609584313023 0
415.035341137533 15.5145171241208 0
414.697311033149 15.8763942514946 0
421.052662726659 10.0400043589453 0
420.618306635118 9.89195090611392 0
420.558427289719 9.20069164785614 0
420.075138577775 9.61618278088081 0
420.060856825365 10.237981112892 0
419.366850972293 9.72378360296847 0
348.701274667446 11.0847808772707 0
427.995289348042 7.23541317800077 0
351.28691671239 12.3705987842154 0
354.250176500026 11.970556801314 0
414.953367761666 19.6442134517327 0
354.906401975024 13.9119386432136 0
354.498914995373 14.2693368709227 0
355.023931015422 14.6231300347758 0
354.40658888071 14.8813142831809 0
354.899852297925 15.0901908036299 0
353.953175721866 14.7632068434107 0
353.841273373318 15.2713079260632 0
353.523219750159 14.854275688552 0
353.461192754169 15.5048514168255 0
353.087398036971 15.1655851342157 0
355.423104009506 14.8899561851789 0
355.374973633565 15.3211760970889 0
355.783437693429 15.0189588839461 0
355.902930485694 15.5226331474786 0
356.154357553937 15.1567750463858 0
356.366113984239 15.8678770598796 0
356.634313265859 15.4930178211296 0
356.797640223107 16.0754725352946 0
357.218020244097 15.6653290754212 0
356.300549717946 16.3102430531277 0
357.235600415366 16.1859879316655 0
357.818746632124 15.8478313917956 0
357.696104303203 16.3105173645208 0
358.342177850859 16.1739444801558 0
358.215871528948 15.5760102426093 0
358.574940125721 15.8344518647592 0
358.770277069131 16.372656688793 0
359.071082110753 16.0272973537742 0
359.211511734941 15.5973030500614 0
359.534596562347 15.8552388522541 0
359.412406237133 16.3700357939709 0
359.871527019469 16.2007931124656 0
360.039752925613 15.6814279974619 0
360.621330094679 15.9593491676547 0
360.421201532766 16.4150654279236 0
361.042573750239 16.2242019159608 0
360.932366187488 15.5880979763905 0
361.384245293427 15.9446727493074 0
361.461820154203 16.4286463576891 0
361.900690662983 16.099683465425 0
361.76646352856 15.6027267064258 0
362.302619837874 15.7242278351895 0
362.297238051624 16.1278144486196 0
362.705051714603 15.7540530535355 0
362.799976895266 16.251331727467 0
363.129094068637 15.9382811066118 0
363.322025780363 15.4799271505003 0
363.752061436588 15.8823566833334 0
363.505785479328 16.2477600708444 0
364.161371192083 16.1715691576432 0
364.189017677292 15.6442023753853 0
364.70952791493 15.8993249570379 0
364.611373395957 16.3452765010542 0
365.173030324675 16.0436543723622 0
365.287569920097 15.6006478037314 0
365.621943266417 15.766137602027 0
365.743820231737 16.1925860878874 0
366.052128944579 15.9686101224165 0
365.945089627488 15.5962568103037 0
366.489264503168 15.7032478663037 0
366.403960267918 16.1092457409991 0
367.024058773659 15.7701471463954 0
366.966223341888 16.3095858714745 0
367.418440981948 16.1109604741899 0
367.520361443883 15.5705013903273 0
367.840175221222 15.9665545163163 0
367.798727826998 16.4514646906703 0
368.343619081207 16.204972018279 0
368.29863471686 15.7133686341338 0
368.832890996792 15.8977400567409 0
368.795897334618 16.3397603298395 0
369.258997997618 15.9780371850932 0
369.377063913048 15.5600769160419 0
369.828562603837 15.7276304043459 0
369.808220874748 16.3150055126948 0
370.246440841068 15.970566740752 0
370.305969555356 16.6256068098259 0
370.618688415892 16.3237700360419 0
370.44150551445 15.5832673040206 0
371.031330293703 15.8838054133923 0
371.110027624914 16.4967435838532 0
371.573106064519 16.2005817191617 0
371.567816670838 15.7616229910811 0
371.99397489821 15.8544530380303 0
372.000346509016 16.3223169242386 0
372.404576615025 15.9376874753577 0
372.397026997975 15.5010811461641 0
372.87456072031 15.8234724032964 0
372.962723735132 16.3560636265145 0
373.505264675259 15.9684156183859 0
373.507310518149 15.3846144377793 0
373.953475336765 15.6995009580642 0
373.922991472133 16.2469809144026 0
374.195460955178 15.9895899981501 0
355.313964674514 15.8023795986541 0
343.592153754174 7.85866853063324 0
359.83562787522 5.57885155430807 0
354.685378903043 4.90738841419703 0
346.242505242612 9.26419690041037 0
337.805085719385 5.20013561332014 0
358.265472412829 12.0000591181087 0
348.150977801331 7.34004279468879 0
355.786670456561 20.1923334409292 0
355.290762761242 20.3628881303437 0
355.844430755454 20.7057045954585 0
355.392015575327 20.9424976885418 0
355.726646271767 21.2343364881566 0
355.281455256344 21.5215657328718 0
354.806530851041 21.422315911284 0
355.715253039674 21.5845420019419 0
356.083237263997 21.5658750831838 0
354.834783986934 21.9573076568485 0
354.430199013273 21.9004177444416 0
356.172894904114 21.9799214238762 0
356.572876544016 21.7759508818823 0
356.68276203368 22.2433016954433 0
357.102877980428 21.9980458109429 0
354.473993549476 22.362025791131 0
354.070332374069 22.1069645179745 0
357.262003099047 22.5688991441689 0
357.674265605017 22.1478059124714 0
356.291784404725 22.405298520872 0
354.051430837648 22.641105034518 0
353.634337458573 22.3293389327116 0
353.47053650062 21.7680281459342 0
353.072980069333 21.9009470701108 0
353.114991976367 22.4958591291235 0
352.550617260891 22.3588593646436 0
352.641626592617 21.7560507774734 0
351.996353150267 22.2414516479868 0
352.134941173961 21.5922770146002 0
351.57448747336 21.8035314191742 0
351.583329909736 21.2576160453593 0
351.205172619536 21.5345197701938 0
351.26344373727 22.228501922613 0
350.826694883039 21.9533334066957 0
350.644403521324 21.4223836543581 0
350.2209735322 21.6857131128174 0
350.117253064241 21.1905991063452 0
349.748075652488 21.3980118999084 0
349.614267526902 20.9809087751027 0
349.261396484001 21.2044125697824 0
349.409136045744 21.731142229795 0
348.920686474392 21.5634969490401 0
348.749021031905 21.0256306793395 0
348.393346983102 21.4186255337982 0
348.39585365408 22.0299822667936 0
347.901257326504 21.7511848671118 0
347.645786588177 21.2090556107176 0
347.266755190397 21.6400912097904 0
347.321821182847 20.8278135325092 0
346.762990857347 21.1913560649574 0
346.847434644796 22.0117754051639 0
346.366831044016 21.6711982800865 0
346.157424054226 21.0368571139905 0
345.862857716234 21.3903972449906 0
346.059938545066 22.0900032428255 0
345.534510970305 21.7830080323973 0
345.24110132935 22.19257495193 0
345.081824154829 21.4518217386132 0
350.878656494201 22.5951366176079 0
344.62518727732 21.7912419640108 0
344.491634999099 22.3832991793422 0
343.916368391659 22.164067552809 0
357.794619347419 22.7330721069554 0
358.266356066316 22.4568343782602 0
358.071321908152 21.9157065470985 0
358.694005123411 22.1289970196918 0
358.70148205049 22.7131163281169 0
359.173244263583 22.2578917739645 0
359.025260711221 21.7495159529234 0
359.510753786786 21.929512043727 0
359.588399085704 22.3777942184857 0
359.948527660649 22.2882107787846 0
354.45282907073 22.8052994306845 0
345.819173528068 22.6267870871055 0
359.967986011845 21.7461331202065 0
360.349611375365 22.0833400976084 0
360.564338319759 22.5219914530378 0
360.998508424135 22.2382629755146 0
360.923092542546 22.7827393274308 0
361.323212812877 22.6087914369888 0
361.35697186561 21.9605787148766 0
361.792809413289 22.3082392830183 0
361.828950136572 22.8229457873976 0
362.296316332685 22.5378776084993 0
362.034951583072 21.913141965247 0
362.550577575942 22.2088108763511 0
362.721206779052 22.7054365962319 0
363.088499265745 22.2906249606698 0
363.134811707126 22.8054376379991 0
363.589045861245 22.4352208128052 0
363.648117000665 21.8785113927374 0
364.15948477759 22.1913503934412 0
364.012063474464 22.5603197191369 0
364.454500471049 22.3780970663146 0
364.42276591003 21.7908328700789 0
364.728122564976 22.2060043651752 0
364.89152979719 22.6377380157401 0
365.322976161917 22.4124498909433 0
365.109239380145 21.9634839293756 0
365.735630308861 22.2180559211994 0
365.973215740359 22.7221369537184 0
366.211134848704 22.2296900045591 0
366.421724488742 22.8819570690721 0
366.7836157261 22.4686456347834 0
366.795556525588 21.8010188319604 0
367.255986970357 22.1315953611321 0
367.209014350999 22.6727688779521 0
367.499621880148 22.4818590705782 0
367.609241162855 21.7741892952671 0
367.914625768538 22.2193643255895 0
368.132853132056 22.6569592818485 0
368.601906782135 22.3639846140464 0
368.364949766526 21.9486251764538 0
369.03675196556 22.1317090469343 0
369.279166304421 22.4731928710763 0
369.665128500846 22.2616132656951 0
369.519157564085 22.8124254893256 0
369.96806689042 22.6252604316794 0
369.92257416938 21.9954461467114 0
370.353035469295 22.2855786728393 0
370.46298669447 22.8185541826835 0
370.946328729416 22.3506454320436 0
370.767802198208 21.7563544680144 0
371.394422446537 22.2004925603178 0
371.44662284797 22.6814186677331 0
371.807176028204 22.2712222807111 0
371.859346048838 22.7680408990196 0
372.198067163117 22.3185501306906 0
372.163380595651 21.8630141273983 0
372.572690950044 22.1213803082214 0
372.745492820567 22.6577447965413 0
373.193147724367 22.4642226121502 0
373.06465924632 21.9304829118003 0
373.614045281663 22.3189102521739 0
373.691287068318 22.7538543728947 0
374.124370695973 22.3839750918929 0
374.059819425586 21.9193878025639 0
374.486191521576 22.0902926356559 0
374.523969802201 22.6851371192632 0
374.818259446151 22.2873635768418 0
375.079759759959 22.7191679465249 0
375.426270382385 22.5500183064746 0
375.28493570106 22.0345032807677 0
375.843315781435 22.3439774872168 0
375.972345995115 22.9707741745533 0
376.431101881551 22.4439985345263 0
376.434892572592 21.8947235586065 0
376.987067396961 22.0090426023273 0
377.001451380469 22.5340177825759 0
377.382656063995 22.3003811895884 0
377.400758807331 21.7963621854843 0
377.669210862669 22.0586339116592 0
377.854040511923 22.4854863518495 0
378.328403618775 22.1822980892839 0
378.027592480476 21.8458079170568 0
378.608608550158 21.9717154499847 0
378.674988360767 22.5076777360899 0
378.940810090491 22.1475077215066 0
379.096452278894 22.892299187936 0
379.486335550989 22.4798735483331 0
379.561097519743 21.8926690138021 0
380.147701430951 22.0669589315626 0
380.092463947324 22.6192022767482 0
380.615414574469 22.3395032789533 0
380.47016055161 21.7453388281388 0
380.826019979632 22.0230857062269 0
380.906930210922 22.6545705486985 0
381.270797718004 22.3853656985698 0
381.395983056111 21.8989985394375 0
381.781571353178 21.997386914692 0
381.770431945286 22.4658502927423 0
382.250411067008 22.3433680079343 0
382.358323887486 22.9938045184015 0
382.831313192118 22.4959849043395 0
382.81562244606 21.9302656742608 0
383.398734705434 22.1037246573782 0
383.355040156044 22.6686848975357 0
383.867527932068 22.4165606637516 0
383.731105545062 21.762656319883 0
384.180145468943 22.0826800278853 0
384.246474282496 22.5441935177229 0
384.758084293201 22.2151226057716 0
384.810607853269 21.7779740769796 0
385.195204685458 21.9986316884435 0
385.113407048622 22.5643970528398 0
385.476332788917 22.3080841993756 0
385.733840084119 22.6590143897111 0
386.118902551335 22.4537547819045 0
385.927802657013 22.0002972091293 0
386.447041225919 22.1815960672655 0
386.324945356374 22.8049469309124 0
386.726879751943 22.5406154316964 0
386.667221084505 21.8131141412732 0
387.177799537295 22.1979373412633 0
387.368636826328 22.7852974488751 0
387.708630603502 22.2361040397497 0
387.76149749254 22.696469482408 0
388.145303867154 22.4605886491085 0
388.185680978825 21.9114073742479 0
388.68441888172 22.2699815002346 0
388.745309063615 22.859182226984 0
389.394659293188 22.3577820299511 0
389.228609724042 21.7829189840441 0
389.847717319523 22.0157524887513 0
389.950979531997 22.7048924196973 0
390.156713030656 22.3259487789849 0
390.103997904578 21.7953154961897 0
390.480336395327 21.9448397947228 0
390.671827075205 22.6099944230149 0
391.017347950927 22.2976515238086 0
391.135378552784 22.8317701105588 0
391.344037478567 22.439197432425 0
391.374247715375 21.961875303128 0
391.779663114666 22.2376653075962 0
391.868871623018 22.7870783307012 0
392.269752673912 22.5168735019981 0
392.390372674211 21.9540063279367 0
392.886427702599 22.1761964134139 0
392.838462136849 22.801175206853 0
393.36399629852 22.3509706879734 0
393.409550906015 21.8715721452823 0
393.850851406643 22.0674783561932 0
393.783947312082 22.4755164651774 0
394.29897096383 22.2706531826097 0
394.388073091333 21.7840545970165 0
394.822954155364 22.0596990781253 0
394.761208991638 22.4856486551618 0
395.279999431771 22.1606899560608 0
395.218607852129 22.6693214952506 0
395.636055885811 22.3903552663347 0
395.516255264019 21.8102355568938 0
395.942583478464 22.1772781093855 0
396.087388297838 22.7697402596159 0
396.446418991058 22.287906204852 0
396.524247962995 21.8338767298694 0
397.000505713418 22.0907062096721 0
396.872505457268 22.5883895827259 0
397.46695653125 22.3400355930638 0
397.536951893316 21.9040549269356 0
397.959672962834 22.0539354283824 0
397.946714715795 22.5540046830857 0
398.404924524942 22.2280045201713 0
398.405796268809 22.7137501209725 0
398.831259926709 22.3867274396879 0
398.818164035222 21.8882972960919 0
399.28309797413 22.0559313141426 0
399.22227660834 22.5170772767895 0
399.715780730016 22.2267945747113 0
399.845409747397 21.7712749930681 0
400.211993357212 22.026500731754 0
400.207569601172 22.5679775518453 0
400.55597084611 22.1873838296147 0
400.720620021743 23.0097055562854 0
400.983408363466 22.4525484816664 0
401.015399987778 21.8949008460507 0
401.50128994087 22.2537664007784 0
401.658978442979 22.8056323570381 0
401.987340838582 22.3480287421734 0
402.069125157706 21.908697169701 0
402.530257640538 22.1323696748433 0
402.415350769107 22.6267895121464 0
402.986975396513 22.3360502141921 0
403.081696639982 21.8439807265629 0
403.528145673328 22.1127415853663 0
403.455024980316 22.5422912655961 0
403.89386315376 22.2044510118941 0
403.993888898166 22.7415989676687 0
404.287147935236 22.388089369216 0
404.327181086516 21.9670420980188 0
404.764901515209 22.1291795044963 0
404.736470465133 22.6730329682296 0
405.181207213513 22.246580840375 0
405.185148248917 21.7912768787265 0
405.641453497815 22.1493183181612 0
405.692160252669 22.7181566218515 0
406.150388618719 22.2780667572786 0
406.243569342362 21.7542738617848 0
406.697030092869 22.0792381674784 0
406.606083428091 22.4730318738631 0
407.091478459738 22.2143764681828 0
407.035591134388 22.6675695584075 0
407.46517540499 22.3015624307549 0
407.461007485646 21.8875897852188 0
407.829369470183 22.1525415407946 0
407.91660599018 22.6761039452151 0
408.289349226917 22.3813126455571 0
408.340621947299 21.8205990251242 0
408.76801359176 22.1503161727645 0
408.87776453109 22.7246715617177 0
409.294762509845 22.3760853332266 0
409.424829554361 21.8583840747696 0
409.787994536368 22.0213540486972 0
409.847011035514 22.4195285157088 0
410.286962860792 22.3138373817227 0
410.218299287867 22.7440781377865 0
410.677535498045 22.3725385326866 0
410.657603250628 21.8955470706462 0
411.147920596945 22.2595598704862 0
411.252007695393 22.8371962414092 0
411.701516599112 22.4392745522361 0
411.712032985619 21.9246116170759 0
412.184068745283 22.1285104891419 0
412.180429270094 22.6265582717643 0
412.635721235629 22.3201577996777 0
412.642130483692 21.8406125019696 0
413.087248006061 22.0091661520233 0
413.07086510179 22.4985348751177 0
413.541688126835 22.1717747018972 0
413.582054918608 21.5714608528079 0
414.116551730169 21.8348816214434 0
413.974276846179 22.308688280864 0
414.526533088993 22.0128640212272 0
414.43553900925 22.5693121956265 0
414.953323733197 22.4525703672104 0
351.250867438247 22.830798443372 0
362.656607627195 12.0748505647019 0
410.592819840016 18.2158067027643 0
415.379216239058 19.8726556588184 0
410.990259826764 7.27421384603161 0
364.957932062606 5.7087997143961 0
411.07135821811 5.81861626233413 0
410.357263975888 5.3412455682582 0
411.013605816239 5.24303108299581 0
410.33345833004 4.91295790409469 0
410.890067277199 4.71014440009205 0
410.473834577897 4.35108349198757 0
410.909950503312 4.02684727398964 0
410.441786442083 3.67048007963301 0
410.091696635799 4.06961952086133 0
409.777335931587 3.6400799205971 0
409.338935264479 3.95609749884688 0
411.364064146146 4.31831477129288 0
411.34868626798 3.71364569605793 0
411.786044666634 3.99836325069489 0
411.749995843545 3.43389817878413 0
412.166061419686 3.6908069497333 0
409.329738318449 3.3031833596313 0
409.053312523909 3.58647675201458 0
412.048409121749 3.16208118109788 0
412.455385703175 3.37792317351218 0
409.006601269349 2.89755712674132 0
408.624261149839 3.2211567107753 0
411.701857992849 2.89583476588745 0
409.798040404052 3.0124757382355 0
412.462964333254 2.87939466467251 0
413.198424561562 3.07172490495519 0
408.517057468273 2.67917538443196 0
408.110727817861 3.12191587110655 0
408.123482048823 3.63370294895835 0
407.696776258177 3.51428043307915 0
407.66688130026 3.04024489594916 0
407.226436306712 3.21947607418123 0
412.924857640568 3.57668214688417 0
413.696979073139 2.65565081377597 0
414.172247352713 3.10283088470411 0
413.812383723662 3.50122296818756 0
414.694854165164 3.43166718220244 0
414.482337967992 2.73985539931001 0
415.037220688136 3.04718137938422 0
415.19315179169 3.70972673918637 0
415.51826597112 3.33618048252602 0
406.977629143916 2.61616492719254 0
406.630974218709 3.03907017342389 0
406.550346286906 3.50517992289265 0
406.189339783572 3.22273437738758 0
406.331662127273 2.68386856795114 0
405.976920511308 2.87905772053328 0
405.860608358953 3.47291786255935 0
405.570776833331 3.10371731911869 0
405.369490331601 2.6789976864369 0
404.950311669008 2.88131460119293 0
405.061705029305 3.37100901446915 0
404.520104215919 3.39420523386752 0
404.456317201746 2.93708068448473 0
403.98898153716 3.15210975378598 0
404.083733765795 3.51914496192908 0
403.586484919316 3.23678735832522 0
403.548622758552 2.76582952551224 0
403.044518277757 3.13869565551224 0
403.12810674037 3.59967921153945 0
402.675509704009 3.39342880633259 0
402.534349690325 2.85463396636247 0
402.33955506058 3.21595084909975 0
415.435014450791 2.69921113911684 0
415.904142730242 3.00018849136533 0
415.937600206727 3.61439977135598 0
416.342868991399 3.30010952526717 0
402.162360273323 2.46808687701452 0
401.791718911892 2.87411868164558 0
401.711691955079 3.46719265637613 0
401.083809269263 3.24874309070628 0
401.177396918609 2.67414148617997 0
400.547969481678 2.89183322534193 0
400.690030244048 3.52639438501626 0
400.331085890957 3.25042815148434 0
400.15987585744 2.65720470948588 0
399.812808054904 3.00498538072114 0
399.735658987021 3.51667585574969 0
399.373710193138 3.28647007194871 0
399.43416147571 2.78740346373743 0
399.151323355213 2.97590049012339 0
399.129951763953 3.57344899400538 0
398.740208535733 3.31407929896212 0
398.556272765936 2.8066836568061 0
398.109477968814 3.06843043465481 0
398.244160224993 3.48320515109763 0
397.664938881904 3.3257494171465 0
397.543199695875 2.83037677229321 0
397.013492707449 3.07759940420104 0
397.236361837695 3.5354410679802 0
396.673053522036 3.38977498535308 0
396.540791684743 2.76517395321204 0
396.30719766791 3.24490271177124 0
396.145708622877 2.67855337897393 0
395.730360699228 2.96100780533785 0
395.575480235428 3.50701747596788 0
395.145243114405 3.237624474219 0
395.226032584825 2.66752417387043 0
394.748403372312 2.87135218026333 0
394.786550040597 3.53586188504471 0
394.369875987652 3.24645331927415 0
394.248385735355 2.66220356320385 0
394.012934735817 2.97825308517657 0
393.982932213337 3.5494498680872 0
393.628563384399 3.21276155727523 0
393.304315667721 2.74623342363164 0
392.863402967101 3.14150065976396 0
393.190230722554 3.50859650246388 0
392.4484148344 3.44021385207407 0
392.595068205736 2.76796366116512 0
392.092356331842 3.01358110821733 0
392.153964868461 3.65821912875993 0
391.810482086406 3.47821216090083 0
391.673356451902 2.87356870694169 0
391.273913943469 3.10671373955439 0
391.141646386867 2.51528187927964 0
390.542608238928 2.95632686216415 0
390.505557089502 3.48922016407636 0
390.07935923096 3.23548458775343 0
390.145032187862 2.70525169588666 0
389.760419545627 2.91160612536084 0
389.748527437874 3.53382369421335 0
389.33883678222 3.24449672919136 0
389.323422819643 2.73043299650699 0
388.956784505444 2.8899038492477 0
388.956683315768 3.53226002530682 0
388.606727354219 3.21796265544267 0
388.556707148693 2.6035127325879 0
388.143372367 2.86289460932435 0
388.148266959561 3.45865858688256 0
387.538092548526 3.36163623631148 0
387.549530418111 2.8263611491803 0
386.925397228878 3.27388162286139 0
386.94322075127 2.67574396235678 0
386.456347889655 2.94185753616992 0
386.482951823907 3.54530199901391 0
386.100834251669 3.24346290730876 0
386.190954296006 2.63876689429119 0
385.674555835451 2.86023032144581 0
385.691479358045 3.61746749629503 0
385.225499658716 3.25554020722361 0
385.119469279085 2.6413281954148 0
384.781709051739 2.97107350544238 0
384.828464505419 3.55803291835692 0
384.467601992743 3.27786097728145 0
384.324647660526 2.69984713754988 0
384.028520150028 3.05706108942016 0
384.015336296769 3.5218813679741 0
383.370618909364 3.45128885874177 0
383.465294879125 2.88060038356112 0
382.923714641529 3.09838228012643 0
382.912906093287 3.68886215226373 0
382.626793714827 3.36203340780161 0
382.657543701651 2.73454405005705 0
382.175154612333 2.96335548173176 0
382.179749333167 3.61062360402713 0
381.559801533684 3.43413507810044 0
381.553008691403 2.88219194150113 0
380.948041338917 3.32135267117596 0
380.946178720445 2.75452971811912 0
380.463235535782 2.96523402302214 0
380.470073659749 3.55463707720439 0
380.09808990079 3.23463103997997 0
380.130838715182 2.56705806364233 0
379.659331640063 2.87060073699171 0
379.696828344822 3.52294089047753 0
379.286778517077 3.22480028047702 0
379.273366611759 2.72632259925422 0
378.977712801685 2.90122879501376 0
378.871649788177 3.52928762110822 0
378.444471492619 3.16660620344642 0
378.388391944532 2.6469537134222 0
377.856243806218 2.91884937131907 0
378.061841771695 3.57802437896936 0
377.502663227633 3.42464568724548 0
377.348070906209 2.78320274205102 0
377.059538197401 3.11880851020487 0
377.129456594375 3.66664576941849 0
376.780603557398 3.49081681629509 0
376.721824473331 2.8467215087013 0
376.239982434995 3.1249508783017 0
376.112946887673 2.57310854370326 0
375.546392515443 3.00977064728354 0
375.443440740092 3.49207750376588 0
375.031320333824 3.21497479901242 0
375.243125498383 2.60528880330676 0
374.736928271437 2.81873924220148 0
374.662946767224 3.50710092884227 0
374.249867531985 3.19671342602538 0
374.33247210469 2.52871258105253 0
373.843047624452 2.81542918781911 0
373.809056636063 3.53569197710347 0
373.361620350117 3.23968236728448 0
373.382223313433 2.57533614553614 0
372.889040292251 2.90528874719979 0
372.933492230871 3.61206664389501 0
372.480016398507 3.34825704004031 0
372.311660676221 2.78364895314748 0
372.017329405763 3.12356811211978 0
372.173219654697 3.68139875076336 0
371.746068018929 3.51035702552711 0
371.557604768039 2.88656514074185 0
371.256316455175 3.27772840554168 0
371.063854122542 2.54176780675867 0
370.747026204559 2.97527053468006 0
370.422464239398 3.39026905258513 0
369.919631357033 3.05727555229483 0
370.208843637636 2.54287476958404 0
369.49568418676 2.76787661419959 0
369.587505133184 3.42765928198874 0
369.101332274601 3.04795048956462 0
369.075220757667 2.55109920500728 0
368.618644905943 2.80142128694727 0
368.823384222793 3.42494718161549 0
368.339377642782 3.09826340812765 0
368.210312899619 2.61724157020173 0
367.831324604337 2.98669372622514 0
367.814125099205 3.44770842820806 0
367.358634698946 3.30636414110625 0
367.369582392996 2.80364016250159 0
366.892513904607 3.09948751712798 0
366.852705816474 3.57872805670335 0
366.418717301099 3.3579662242059 0
366.442002485752 2.89414587274724 0
365.986869479765 3.14617230466079 0
366.038587774732 2.72772698825791 0
365.53964230516 2.92720549482956 0
365.96670197268 3.61486775986383 0
416.313317644593 2.6792138481992 0
410.053621547603 17.8012944955206 0
410.579540759445 17.7219425929338 0
409.963790919157 17.2800436112931 0
410.371576474453 17.2357701073531 0
409.855854285608 16.8365376673766 0
410.25974406778 16.7044677237216 0
409.84072257697 16.4034702339355 0
409.479127342354 16.8199771516083 0
409.328829166895 16.292711378735 0
408.965147382616 16.7194951379874 0
410.789373628424 17.0130719428386 0
410.859065403351 16.438824159896 0
411.329066055586 16.6108812310189 0
408.822151696951 16.0195184319488 0
408.488785398258 16.3704818468146 0
411.440999954438 16.0866976968133 0
411.845014213884 16.4112160150267 0
408.422839937004 15.6354817620872 0
408.018568088144 16.0210024105755 0
411.810115038148 15.8217527840331 0
407.966538209664 15.2615595997599 0
407.564251714176 15.6187695993683 0
409.508770451303 15.7676652491801 0
411.442950821526 15.482475295615 0
412.166398776098 16.1568057660214 0
412.248903520501 15.5960858816299 0
407.592048657589 16.3665692678637 0
407.121863001059 15.9627403729353 0
407.023199460391 15.4566654788907 0
406.563468404869 15.8132486764684 0
406.624031864533 16.3248898019033 0
406.081329291326 16.1742794114442 0
406.158247648343 15.787311052169 0
405.753428704251 15.9074409495101 0
405.5905527513 15.5577884474496 0
405.111514746238 15.6783896384799 0
405.308692378273 16.1871243775735 0
404.767573450823 16.000284806262 0
404.782198663421 15.4976212272991 0
404.487846092284 15.6645196440035 0
404.486315951116 16.2892977949708 0
404.016231418655 15.9120103437694 0
403.840686671478 15.4241642001932 0
403.454957410538 15.8852010195781 0
403.407284964497 16.3021077277321 0
403.025344256864 16.186118415897 0
403.047701289374 15.8313209874417 0
402.66703344224 15.974404337473 0
402.553824939906 15.4852247697969 0
402.1489494781 15.7553077016789 0
402.070210299735 16.2534016812111 0
401.549402477793 16.2104347812793 0
401.530337375478 15.6411217220549 0
401.140784876384 15.8922208928239 0
401.116005541837 16.4549195473088 0
400.846709730054 16.1336999342534 0
400.676706861747 15.6070159737674 0
400.258226014482 15.8753137941241 0
400.424621903293 16.3217656419043 0
399.832095806941 16.0958541757161 0
399.670164942819 15.5943034001724 0
399.310953066933 16.0302599786346 0
399.201458212782 16.4214992675989 0
398.778779039653 16.2689930953501 0
398.795462719349 15.7521102621194 0
398.444025797522 16.037164003549 0
398.403359600769 15.540740145742 0
398.069343108249 15.7044835293865 0
398.129656747482 16.3200473898953 0
397.556886090391 16.1518056692844 0
397.539821704086 15.6381267880245 0
397.057523050682 15.9945885333352 0
397.071580050856 15.5116598367175 0
396.61889969591 15.8500559561506 0
396.468377924093 16.3237561647374 0
396.014325705774 15.9870617059213 0
396.186806221145 15.5342130867299 0
395.524742380745 15.8738817783204 0
395.743535997554 16.3070113327321 0
395.156604636862 16.12392261649 0
395.185754003528 15.5132079826785 0
394.844999999149 15.7723800853681 0
394.765855618652 16.2096856034051 0
394.349562213894 16.1103734793165 0
394.411926348058 15.689652520651 0
393.904877348858 15.9736767229503 0
394.019020826459 15.4183034464474 0
393.488564141401 15.8818842937138 0
393.464827665492 16.3567457877645 0
393.053639928168 16.0423874153902 0
392.967259464684 15.4814347991306 0
392.565639852454 15.7999031438375 0
392.432710525502 16.3136958165596 0
392.124642881696 15.9850951990915 0
391.963354100851 15.5611295072277 0
391.534600890104 15.8249076572532 0
391.769519325698 16.2797236189016 0
391.025231027917 16.0906043993393 0
390.976559100822 15.5441193455187 0
390.542546017796 15.8207099454635 0
390.709128684517 16.3970475434557 0
390.374645464669 16.2718257267376 0
390.102978684538 15.7087552144935 0
389.953062568112 16.0982626133164 0
389.827945126281 15.4767636940351 0
389.497104303189 15.8384697323259 0
389.421511016177 16.4324063567032 0
388.969791725925 16.1369610384805 0
388.787370017421 15.5827142892297 0
388.323343825799 15.8295208038291 0
388.465762745587 16.2832667684965 0
387.788320435972 16.07933656322 0
387.784651746533 15.5084079282482 0
387.317868014108 15.7877125865812 0
387.445767403561 16.3958779975897 0
387.001825746275 16.2844208634413 0
386.913988024556 15.6463317588751 0
386.618406648253 15.9498919279582 0
386.494210125068 15.4565538014002 0
386.010665675145 15.6912643202617 0
386.076195470892 16.1971521078971 0
385.505886695614 15.9438541623466 0
385.466404486298 15.5556753785709 0
385.027037986308 15.7205341466273 0
385.118945209946 16.338798726015 0
384.644193153113 16.090659235236 0
384.626561841418 15.5051015597592 0
384.157062911967 15.8036969274242 0
384.226593000153 16.4402835902319 0
383.75220751308 16.209418007714 0
383.584993259272 15.6908052617014 0
383.273607333498 16.0085593301932 0
383.363307860229 16.5364375020792 0
382.969207180018 16.3232022472429 0
382.807449064362 15.8051647195738 0
382.400618795313 16.2039981660074 0
366.740005122811 12.1791023193329 0
362.404829751809 21.5736904024657 0
357.874016848058 11.7897451941238 0
358.204499555893 11.4737947363687 0
357.843331369167 11.2602068405541 0
358.156691099472 11.0264998057988 0
357.832865015928 10.6006231522778 0
358.431303194132 10.4234427186282 0
357.867834171319 10.0409159016579 0
358.429072459855 9.88228463079095 0
358.887586435923 10.1717670405637 0
357.218014404619 10.4202375409015 0
357.407192692643 9.98073362848354 0
356.773178568445 10.2341888656382 0
358.919088713865 9.53736328067534 0
359.250877617162 9.85308859059666 0
356.985034311897 9.71506075533435 0
356.473045650214 9.9153938898398 0
356.311822306634 9.52977303795154 0
355.934533833732 9.73414253016515 0
355.773105347546 9.42258460207574 0
355.39500125461 9.64076066410378 0
355.266452845346 9.25358083137434 0
354.852209940293 9.48558106172746 0
354.938849603181 8.9519989780406 0
354.462448704036 9.05598440792297 0
359.231616902194 9.33599929138028 0
359.622728727042 9.4742122357739 0
359.655825227551 10.1723054209878 0
360.08035457104 9.79364467434855 0
358.71181021392 9.15740903279062 0
360.009754316038 9.21422617684705 0
360.440463253395 9.34411900446898 0
360.557031163093 10.0882692366697 0
361.000757706517 9.62227735926871 0
354.368155354611 9.64719137934275 0
354.052479628329 9.31336545156913 0
353.903758944239 8.90139330247784 0
353.480594062502 9.21312207966082 0
360.937456017136 9.07183423775308 0
361.504543161236 9.36484042406256 0
356.719734432009 9.25501768697545 0
361.360463473379 10.0330581011537 0
361.841319000135 9.79909555774289 0
361.956479697172 9.29070893414359 0
362.41797378981 9.39428105507684 0
362.3926689836 9.91627659529852 0
362.942414356463 9.4628704373695 0
362.859536003204 9.04641405602028 0
363.3342627392 9.20146178900375 0
363.391154225055 9.61791267459522 0
363.777747899509 9.50517715517565 0
363.827764748806 9.96932174066672 0
364.268575719923 9.77519893883338 0
364.18445808162 9.31417191806145 0
364.721877590976 9.54726697855121 0
364.812154472392 10.0574356128754 0
365.213758352122 9.78903514370932 0
365.286268437937 9.34101912544591 0
365.726746747678 9.62049249382366 0
365.514460790057 9.98649089473409 0
366.124837629238 9.83935634372906 0
366.106993353148 9.35343777947606 0
366.606038011663 9.53248841842181 0
366.555082194679 9.95974291355841 0
367.042442455387 9.63281084734663 0
367.102138887048 9.11204181520491 0
367.618777623592 9.33624005195576 0
367.504051574199 9.81134032756652 0
368.01154692151 9.62995047914018 0
367.907413991069 9.96835842300079 0
368.401966829741 9.78280335671253 0
368.433340024063 9.29679234194145 0
368.901862251841 9.47009029710482 0
368.874360568897 9.96779600201405 0
369.430159437963 9.66660527313803 0
369.338816999313 9.08763092510291 0
369.94320977322 9.34267673869877 0
369.879609560507 9.91284000727009 0
370.311340178793 9.77600926319886 0
370.335069050288 10.1821676690849 0
370.833423929953 9.93669258438027 0
370.629528303953 9.3724566568376 0
371.035477311852 9.59769919863401 0
371.237313630215 10.1623452267417 0
371.493030549888 9.78854937108823 0
371.768791082409 9.28441430294791 0
372.313524897244 9.64762973643542 0
372.033268023242 10.1223193942456 0
372.809399443327 9.90719237889318 0
372.641134146061 9.2799482887813 0
373.088934616393 9.52726707390459 0
373.292179955339 10.1299420224376 0
373.563887212685 9.74942649660597 0
373.344950945399 9.20027794884507 0
373.882048064899 9.322452094958 0
374.027179721616 9.98368163748425 0
374.364340648514 9.61828967171549 0
374.450415273345 10.241844686938 0
374.818139067405 9.89776074781833 0
374.700088661514 9.24681411226327 0
375.151976149427 9.50595943047437 0
375.307197460543 10.2806364999811 0
375.71151487278 9.7219047138905 0
375.731420177678 9.32262434641905 0
376.119071936708 9.55516369747517 0
376.098860218203 10.0813241132118 0
376.468083957446 9.77635005876438 0
376.552941725179 9.31518627562178 0
377.022158011534 9.54789696005674 0
377.156010331584 10.0916201443247 0
377.654985788697 9.55537428936427 0
377.550108581752 8.96959709666464 0
378.086927986086 9.30970701260012 0
378.130459861817 9.74990608672268 0
378.553986836581 9.69377106816271 0
378.542306320524 10.1686035899405 0
378.916330451161 9.95124244977693 0
378.81171597091 9.30160287752501 0
379.263732218159 9.52324838378032 0
379.522128958509 9.99981496110798 0
379.867648629872 9.81380452953847 0
379.774639347533 9.41673430800369 0
380.221102164156 9.58397726291667 0
380.474189572573 10.0929690913127 0
380.706844466589 9.67851173640791 0
380.779128844147 9.25781365846031 0
381.23127848103 9.42973977475301 0
381.126621828752 9.86491825380024 0
381.665845116072 9.55256262096557 0
381.699330044713 10.0580950643457 0
382.18678447611 9.7251333076645 0
382.144379225278 9.26077143896125 0
382.548081987957 9.44463176046139 0
382.625513090373 10.0823167261921 0
383.02703080033 9.68413965837756 0
383.057030393773 9.20800373194623 0
383.447058353407 9.40378402703766 0
383.520307698523 10.0540603973045 0
383.914963781594 9.63704138264223 0
383.958100229204 9.16608597399308 0
384.329124836566 9.36440329596034 0
384.393248502904 9.98245952177613 0
384.700970882824 9.60497986672098 0
384.895227946342 9.19790498612911 0
385.414503215911 9.39006702257318 0
385.168315174752 9.85374424536883 0
385.916089398516 9.696671872015 0
385.729077895971 9.05478030697684 0
386.11428232861 9.26738233014328 0
386.365379392494 9.92400859056185 0
386.652757841966 9.4505897740816 0
386.945566027244 9.99198231300644 0
387.406279162599 9.70971424033742 0
387.171413494018 9.34452903070532 0
387.70012667094 9.51755427223273 0
387.758353738949 10.0253727646004 0
388.104738272121 9.65352108130436 0
388.094434945178 9.20012620550438 0
388.485265069671 9.36157265331584 0
388.582866088492 9.99574343421656 0
388.958972156256 9.57718132996022 0
388.973271964596 9.09993537972505 0
389.368353972541 9.27162110737087 0
389.463652363468 9.91102378163101 0
389.764405586428 9.49598831958493 0
390.04183200872 9.02729911625494 0
390.363637824738 9.2993484642285 0
390.300773708175 9.69862296569747 0
390.861631752405 9.5563980597381 0
391.04245219456 9.98172370314975 0
391.483724148074 9.74446829052834 0
391.282001757487 9.3845828793343 0
391.858662209132 9.51854099541418 0
391.713752897114 10.1190338744227 0
392.141386499178 9.8271742033129 0
392.120449306265 9.17883565535167 0
392.573838085775 9.41235337318872 0
392.902115671534 9.88585141802893 0
393.276280774342 9.63575368386479 0
393.08085715658 9.2665776273993 0
393.500619219915 9.304274974029 0
393.636551344119 9.88099361410195 0
393.897178888959 9.5001598854785 0
394.088526509434 10.1391269658055 0
394.43439431798 9.68967225091371 0
394.453306354373 9.22964066108945 0
394.95048341949 9.57047290507592 0
395.022644938703 10.0053557242548 0
395.448602852697 9.81724170166773 0
395.407254588876 9.43431636887227 0
395.89772184556 9.50720070583864 0
395.913374651129 10.009252866145 0
396.418967627573 9.64701334284914 0
396.370185264931 9.20865397542898 0
396.878298052567 9.32936511131373 0
396.844453566008 10.0018290123879 0
397.298093488395 9.6754846044145 0
397.345216278704 9.03120748767275 0
397.725493832333 9.37520636326806 0
397.743298666651 9.97030974470119 0
398.08472922398 9.65252362580662 0
398.213219210187 10.2842787355736 0
398.652900565119 9.81450233618454 0
398.460919233482 9.39030217210522 0
399.060490423326 9.5675906412211 0
399.153151626762 10.1103459587678 0
399.575829784589 9.71306533798645 0
399.511591300773 9.18311802872682 0
400.109696019672 9.41653395118676 0
399.939535167716 10.0174047463311 0
400.348399941773 9.75679292682889 0
400.468260570731 9.16373476919798 0
400.903846146452 9.52960256316957 0
400.971542389211 10.0872782075624 0
401.454553938609 9.68841925439341 0
401.445681864375 9.29179200071428 0
401.984940016569 9.24644695070231 0
401.988387203679 9.78223471603402 0
402.466136252405 9.5511495741697 0
402.415503868072 10.125176434755 0
402.812348334255 9.83330086963171 0
402.813736262545 9.29010805745163 0
403.137882938885 9.57046611320972 0
403.239477489376 10.0873791816654 0
403.534347545983 9.78238220772875 0
403.590393216817 9.37416213788872 0
404.096630353557 9.47824697529423 0
404.100281523132 9.91539510657396 0
404.633165420238 9.5494506012756 0
404.585596053389 9.10665525942547 0
405.0168170731 9.40739678533661 0
405.027418368057 9.90065141284896 0
405.316864145829 9.56765866143111 0
405.48832498935 10.1645755838419 0
405.766973138619 9.77511554052807 0
405.923178640278 9.35122591562507 0
406.357346259581 9.48922096123142 0
406.356905379479 9.97953415775028 0
406.786219737195 9.66668427171932 0
406.883799262214 9.26184572675495 0
407.330889107946 9.37786408132727 0
407.315031267325 9.90219563731566 0
407.875854227786 9.58980661182134 0
407.933728355925 9.06939961719861 0
408.345956064047 9.39688114097775 0
408.259252409698 9.98331881399049 0
408.658381490059 9.69303429943053 0
408.577944670872 9.13932264911122 0
408.954301907977 9.36300092361864 0
408.981512077953 10.0034166654242 0
409.458285452041 9.76759010512955 0
409.599684437594 10.3336577039016 0
410.087760457419 9.94453078361622 0
409.622183165913 9.17157277603459 0
410.057890933976 10.4660384047526 0
410.590900666044 10.1331551630098 0
370.649887001298 5.58601399240721 0
365.570880907188 21.6401758767946 0
369.710416344716 8.98491608489173 0
368.878261894603 21.6366527605117 0
407.647733262169 3.94985144581235 0
350.745507632984 18.9693979219732 0
375.712122504184 5.66324099576897 0
411.37847797694 7.53723076970732 0
378.235511934073 13.6431079818552 0
378.702662681008 14.0284813468831 0
378.2803869636 14.0580181170015 0
378.775142258393 14.455362432209 0
378.315740494109 14.5924334663506 0
378.975161107958 14.7767190431904 0
378.625020414535 15.0477615218582 0
379.001607554046 15.3884290679472 0
379.434976996203 15.0034216800482 0
377.914892701726 14.9062995160351 0
378.162992898795 15.3659675106943 0
377.652194651315 15.4589367142316 0
379.401392728344 15.6920607790692 0
377.692362046292 15.8662751617601 0
377.281944404093 15.7283061580754 0
379.814059907887 15.3796997379558 0
379.783973250892 15.9841881330464 0
377.264751022771 16.2601816485949 0
377.785153213436 16.3923661373972 0
376.83225573614 16.0098980149276 0
376.760486216706 16.53768741941 0
379.392860398763 16.302416919476 0
379.832027728327 16.6568723105529 0
402.748817726103 3.81177971614052 0
380.739959046022 5.55149947943129 0
381.367462819794 13.9305785515777 0
386.849799208 5.49425530778397 0
390.718831774685 5.73347723127761 0
389.701795431614 12.2532206854677 0
395.840511283547 5.69764338453237 0
413.42011726226 12.1331367717196 0
413.779126014613 13.565795206377 0
364.451426056212 5.51379651444154 0
405.014339310701 9.09037125569069 0
375.15771397376 18.3048441100423 0
412.982618558094 11.8412049825643 0
413.402027766871 11.6903970229242 0
412.987931542981 11.4067945743815 0
413.270939268523 11.0049693297556 0
412.811246829396 10.8927719306947 0
413.385229925811 10.5930757229885 0
413.806386010443 10.8059472124822 0
413.89295903042 10.4032852428955 0
414.295909184579 10.5362742634462 0
414.30956601456 10.0920570319361 0
414.73794359712 10.211501850644 0
412.950807415626 10.3931098395235 0
414.716535938543 9.68990818758722 0
415.195056448442 9.88409399439364 0
414.149429562307 9.51468244081292 0
415.196626517482 9.36444107941104 0
415.670451479219 9.54992031922827 0
415.667810347898 10.0783530515417 0
416.217427999481 9.70813540993153 0
416.100253248994 9.12743115262196 0
416.754877810392 9.51787999574874 0
416.723247263382 10.084118608599 0
416.527999659694 9.02495551167277 0
417.127668589108 9.25395069606003 0
344.969169522728 2.8222771509111 0
344.489518511534 3.11558795055355 0
344.399920452376 3.58351838550622 0
343.967462053555 3.41467122882528 0
344.047823636731 2.80634992453754 0
343.427458801859 3.06938415251251 0
422.960214307189 18.3757670218978 0
422.598144504653 18.0890690836844 0
422.943017325337 17.7437220324056 0
422.423062857835 17.6260748134016 0
422.72540786391 17.0465290545843 0
422.204638599676 16.9053237968372 0
422.76414250903 16.5917951232503 0
423.338673461128 16.9035684783344 0
423.127707626467 16.4144260297353 0
423.808793920599 16.7393653992945 0
422.398778053491 16.3575731549681 0
421.863356352479 16.5958795220786 0
421.659714813446 16.1960731448465 0
423.698688230763 16.198077248277 0
424.302050427108 16.3665489841918 0
410.617497939976 9.62310729282128 0
376.62862251803 15.5068860146403 0
427.896836194733 11.2077368919428 0
359.169082741744 5.45254836588894 0
359.636042779427 5.05481140326884 0
359.001586961378 4.92506997274255 0
359.542278606188 4.47100947835374 0
359.088892170955 4.36722122341935 0
359.620617960605 4.07635786497296 0
359.152766844449 3.78321759503024 0
359.463322913628 3.39115840273198 0
359.911805430413 3.74461587954385 0
358.605673332037 4.27517283487121 0
358.590856787397 3.71984445413229 0
358.114510600844 3.72948866073657 0
358.030459533273 3.2337804218401 0
357.654604425748 3.79524227435352 0
360.070740199207 3.28391742739929 0
360.509850549371 3.50770523873031 0
357.6025631303 3.26119655071446 0
357.14850029744 3.33812558919227 0
357.078371367816 2.854996396971 0
356.695095752948 2.86053566248407 0
360.458531975008 2.87644782618705 0
361.055924492154 3.08358852935539 0
360.959544573177 3.64111136533205 0
361.482987375289 3.30163308392858 0
361.463983204158 2.8341291486899 0
361.879219099393 3.33356667950402 0
361.917933811633 3.77414093519481 0
362.29635963513 3.41629893637332 0
362.304114847772 2.93817773225146 0
362.726256094346 3.08710773951999 0
358.004339484497 2.7321206927674 0
359.964281229049 2.60528657548795 0
362.710160546024 3.55021936004062 0
363.101337232403 3.21445361023326 0
363.147372292964 2.78959445888256 0
371.226298060234 21.6211940810755 0
354.784386744393 20.2860714710186 0
412.437916909506 11.1615805953378 0
406.907489326923 7.18415848981513 0
352.648000040429 17.8726105499918 0
374.445597612214 21.596470291653 0
378.540291782293 21.5254937246663 0
381.839708898087 21.6193686156424 0
412.181173901393 16.5731712292197 0
351.131475886758 17.1002951199178 0
435.317483943546 10.0295206983388 0
435.441184164318 9.38040866403779 0
347.349329200364 16.1677291532599 0
426.048343437048 12.5789743951211 0
385.031424279182 21.4479261970354 0
348.315977641071 18.4652196872979 0
387.297700532788 21.6409738236782 0
422.143367022392 22.9852349340844 0
422.530552166214 22.3930910703619 0
422.527435469007 21.89913105546 0
423.047579147998 22.1742686111317 0
423.084531129714 22.8018803281899 0
423.617170881294 22.5523950575828 0
418.856938867873 2.75624765016872 0
345.7631871813 20.7795046034466 0
346.13561363898 20.4413863271738 0
390.479028729216 21.4116434019698 0
356.021773266248 10.2306131399976 0
430.80205349101 19.9453313905549 0
430.495328634509 20.3487540436484 0
430.99253928297 20.5926117402843 0
430.506912793088 20.9436679415084 0
431.10995012657 21.326834461874 0
430.274456052152 21.5891877749949 0
429.75239867043 21.1930733125709 0
430.918041379053 21.8483593897456 0
431.644340533168 21.616985634441 0
429.897016114306 21.9704801150931 0
429.379191609224 21.5596243591493 0
431.457473073694 22.1117227572913 0
432.150464163043 21.872445544627 0
429.20832749515 22.2097751613536 0
428.671188313666 21.8016012963828 0
431.970621335672 22.3574520462409 0
432.601261318037 22.0557021530378 0
428.877759784703 22.6051320351102 0
428.253996216821 22.2346407030817 0
428.172448944776 21.5497202138545 0
427.568077053584 21.8750676957226 0
427.782176186233 22.701604725372 0
427.308536594708 22.3179328969251 0
429.812051146165 22.4612567851464 0
432.530770582714 22.6009310979913 0
432.964225933526 22.3007792188656 0
432.830138859596 21.6786179970825 0
433.355784826758 21.8765588175864 0
433.245102185069 21.2615259645414 0
433.971024633266 21.6508701549105 0
433.818571038546 21.1294392434614 0
434.54624793645 21.3826773762373 0
434.726057001132 21.8979711007819 0
435.310455167224 21.7314961425756 0
435.084214820222 21.1901697137131 0
435.12673464399 22.3892004335433 0
435.8229730528 22.0227306652253 0
394.768705956591 21.6165166204325 0
397.974439035723 21.6234995678026 0
400.217441838597 21.6326045157632 0
434.192115713048 9.35542165852074 0
373.654759455991 8.93261181885178 0
435.024196653656 13.590563848593 0
434.980877388511 14.5503156608315 0
403.50681437638 21.6102820193189 0
430.792776487172 8.67762576644238 0
419.456432776287 18.471108102765 0
344.150676653864 16.6355277396831 0
406.714992261291 21.5824525344124 0
346.729517542742 17.6039095456411 0
347.785805960914 22.3616319671619 0
348.308403481782 22.5123083671318 0
416.233801204945 3.94744774462536 0
431.408087251176 17.8701723391225 0
433.460327120497 22.5816687472114 0
375.685477987876 7.04145292363108 0
417.396426112838 11.9784331559076 0
434.165553165645 17.8393773952645 0
354.463431402929 6.55172754009034 0
353.365111921994 8.79596651903921 0
352.979570321645 8.98496001545514 0
386.81802713713 7.19540672361661 0
423.432385243189 21.7942269066116 0
423.929891009734 21.9939186810603 0
424.162339156866 22.7232681490952 0
424.384862757567 22.3081787320548 0
424.220289007656 15.8012524452303 0
425.110443746105 7.9003497512764 0
345.845817979594 2.75786321314546 0
356.689546129915 2.50326459323915 0
356.288775632499 2.80486612152757 0
419.186036935498 15.7692343730925 0
393.623407422454 8.82676371860219 0
432.71294903789 13.6088538897137 0
345.684428180232 20.1792281622734 0
343.824114059736 22.6654375043518 0
343.443686961696 22.4952221875427 0
377.985548220689 8.88448537873775 0
435.86874144498 13.722605188963 0
435.858035367219 14.537466709353 0
435.752231226538 4.80926343191542 0
424.30996710848 21.635952161877 0
424.776064638469 21.8297088654394 0
424.912817638024 22.4587046090775 0
430.992749354785 11.3952562414662 0
409.009903678628 2.43501945623058 0
418.876753468191 22.7929610771127 0
418.427757391801 22.5973530728483 0
418.442044999424 22.1959747644492 0
417.966634358035 22.3904975911107 0
417.961216509785 21.9363847369786 0
417.413923086481 22.1430945694593 0
417.507930430705 22.6903978684379 0
417.32754300839 21.6893519263173 0
431.345197349919 22.6315641010705 0
395.824298727757 7.25466713637159 0
427.062492282869 21.6401189015537 0
343.406485923722 2.39621369723195 0
342.873559625682 2.62469950263941 0
347.868183418866 22.789574823927 0
431.624566687094 7.38474868131373 0
419.60635237559 10.2560654688433 0
419.155785783992 10.188435964472 0
418.926353313632 9.63314558775949 0
380.724006734952 7.16695307503347 0
390.887294448777 7.53539235691069 0
381.161163538827 7.36882598293084 0
424.865092281603 15.9324560614929 0
424.609728365452 15.4013667875026 0
414.983896738479 22.9736919017161 0
347.71919233923 20.5266071661423 0
344.533158792407 21.1195794900767 0
380.118251029536 15.6885151591327 0
343.432110849756 3.72922915366138 0
363.152763090129 8.79272557434437 0
397.824066502715 8.82998631918514 0
364.922270385746 7.13517214684786 0
351.40998684583 16.8715034656045 0
350.843636865146 16.7434014395513 0
352.907473304805 8.55940435300272 0
352.501012134367 8.73300087701791 0
352.435995339147 8.24443495933589 0
351.972848188036 8.50225373372393 0
359.622789868081 7.16439330747477 0
421.974462135376 9.79463952753351 0
352.474075627978 22.9690871285248 0
416.165368346557 8.60926959338334 0
418.833761312222 3.67238999530132 0
436.163464639261 3.73572530109053 0
436.08690609465 3.18145624097213 0
408.45197069635 15.1206857239551 0
345.427835491532 22.8246282132005 0
423.113369030917 9.21309110707422 0
427.342579838727 23.0542169133433 0
391.683519678462 2.45494049822363 0
416.180872909119 15.3965700096493 0
337.095935725939 2.88469760688419 0
349.958839835842 5.21826443372862 0
348.199654952976 22.9620142076391 0
435.73782654584 22.5480297737909 0
424.968261065147 2.49980266525423 0
425.39802352426 2.83632762657697 0
367.478202029879 8.80228938722315 0
401.859074155036 7.17116216601303 0
357.018796794068 7.22966225929944 0
374.298563649968 15.4296993740295 0
338.106375468618 22.4258346179707 0
338.17469025628 22.9536723605898 0
391.243495722878 1.94824525463484 0
387.234761300476 7.39313220004019 0
419.351506391655 22.9809503084058 0
387.592563315271 2.37723266149265 0
416.765277856561 2.97587698304068 0
416.72844558052 2.35098306590179 0
381.566851623518 2.34968825320124 0
357.224308574506 16.6153413907366 0
407.52235048852 2.47829813049185 0
417.016255794489 8.66658063775611 0
369.434345711181 8.69789006756142 0
413.912092812842 22.8899031051991 0
371.903761540611 18.2995621623931 0
400.248316232953 23.2338540086411 0
402.274647184377 7.49363138998605 0
397.914498728764 23.1388970595206 0
366.448091918231 2.41511882526442 0
424.901179852348 8.57309039958005 0
425.51856813959 8.33732698663058 0
365.603420907329 2.38037882647673 0
374.743415685755 18.0903443638873 0
375.166856152253 17.7942729087195 0
353.010006955366 23.1021859229064 0
346.021020019446 19.7244084762992 0
396.533467632906 2.38253022448233 0
433.561245771692 10.7485333990574 0
360.626858232199 23.0035047186709 0
365.964858134394 23.1281418656809 0
398.776862926689 15.3241003581025 0
404.397380109828 8.6643818212616 0
417.462092416469 15.6269802807343 0
350.981476345517 23.1601189992612 0
398.170835003094 13.6746074018327 0
360.07492337612 18.4153886245479 0
391.353922423972 7.56308544156802 0
416.857250856309 21.8442571836384 0
416.793804019302 21.3930598101775 0
345.948770901201 23.2387599800657 0
382.366784053835 15.5541891285825 0
402.139020386454 12.27643288803 0
401.522875808062 12.0498068689906 0
397.949896944144 12.3373892665856 0
397.393111819981 12.0422555898898 0
405.422095606638 12.2670801487417 0
404.770117498896 12.0689499600272 0
389.088223368355 11.8351878493542 0
414.69990705186 16.4519885531869 0
393.749368714301 12.1524201323391 0
393.185289063399 11.9089595235821 0
356.355056126809 2.26677478761538 0
355.891060721395 2.73358894956786 0
355.879521737453 3.17608214239733 0
355.455091451572 2.85718458451511 0
355.371508491515 2.29064382705785 0
354.990354738321 2.7577808725807 0
386.422966925133 12.253799424697 0
386.025333497313 11.899601716993 0
360.267933766848 2.16532183955198 0
409.105756671312 10.4461597942077 0
381.440053554191 12.2523833822623 0
381.014222114266 11.9488562777073 0
410.564518128765 10.6540910675699 0
370.773247649251 7.17874079774194 0
371.120541948482 7.4629258637588 0
402.614666226999 2.14378598391776 0
378.119176890848 10.1841817260882 0
378.65773844712 10.5250638740537 0
392.998342538799 8.74167315599122 0
394.673242057293 22.9038016542216 0
374.16395456759 10.5580673182285 0
374.463488168141 10.7073910285596 0
385.33202899427 22.9068443720982 0
390.714883565389 23.0694981110068 0
376.59892496684 2.40823084999681 0
373.333491027421 8.68785157573578 0
402.176488378666 13.6372617254393 0
371.549055392296 2.30064079043767 0
357.254603798584 23.0657409141971 0
369.939315565798 10.2883931946607 0
370.331065297824 10.6858955795825 0
362.451782812193 16.6772865326643 0
349.489072580446 7.98087770221831 0
349.99845787881 7.84828880678477 0
364.892340515055 5.10646655277147 0
381.791767479465 23.042019711168 0
366.245013176225 11.808061801723 0
414.065602462515 13.873476102583 0
413.710094780915 14.1977665068633 0
419.233142987688 2.32752989467489 0
378.653968736502 23.1263126459735 0
402.961162436948 15.4253337438318 0
358.634925700448 13.5842620066814 0
375.139069101479 5.49260436451092 0
370.186145248511 5.46006758380084 0
380.149218906732 5.40268321384485 0
362.124661667316 11.7670592897991 0
386.243394530544 5.35746841992188 0
382.783717119041 15.2172584297711 0
407.401964158376 7.34257920621747 0
390.157066979733 5.39781482151352 0
357.203805944781 15.0930597067229 0
382.602935518853 16.5990614578497 0
351.855977253558 8.03348905712662 0
385.890272442552 18.3528073846471 0
366.272913218616 23.2554892793602 0
411.065723222936 9.7891570321621 0
388.073263207622 18.3944430168462 0
386.995663189205 16.7506870024892 0
390.27945381432 16.6720102267544 0
376.350325532765 16.2732732834437 0
395.215481113505 5.5875626978918 0
391.26028868971 18.3645310917303 0
363.159285734656 18.2061354924818 0
394.327775820333 16.5418674351655 0
395.387284493716 18.2081278784123 0
397.559301537266 16.6918555349308 0
400.915221367518 18.4407472760404 0
396.108823800451 2.26838620570346 0
403.055966451101 16.6241756931422 0
423.688705490849 2.37534004037379 0
360.412821438218 21.4107592047049 0
403.26265721795 4.11716248765827 0
368.442712665121 21.3008480705504 0
365.087423395612 21.325862104127 0
370.728758538923 21.2564869421012 0
404.156841497766 18.3323028363223 0
357.177007426106 3.88620677456061 0
361.864480951822 21.2937021896046 0
373.893492037267 21.3987763682265 0
406.284227201902 16.7399926639639 0
359.68035127308 21.2160723731938 0
377.949588390041 21.2563535791282 0
407.354171449809 18.4456789637302 0
408.069731533499 4.06181447545355 0
356.973707081227 21.5313406770656 0
381.338089417156 21.4433332113324 0
408.645687759519 17.0378155752596 0
369.167551247593 23.1168944300007 0
384.587985043893 21.2475948841193 0
395.122941253101 23.2189352029691 0
380.288636869375 15.0384516906763 0
386.853345937421 21.4038124807125 0
405.310658505083 13.7775168163452 0
415.80755445415 15.1160063564041 0
389.975746096339 21.4346479797918 0
412.747037457535 15.8634207022551 0
396.508684176926 7.42075234200292 0
409.995662893102 23.0918845144416 0
412.217854234569 4.26828313073509 0
352.922228113654 14.5482142998974 0
352.423381323972 14.708732142178 0
394.143610619417 21.2493249661322 0
421.5891307832 21.5925093697309 0
397.482655581947 21.3978126266798 0
352.518391484928 21.2228510893694 0
369.57612470262 15.0625548024275 0
399.696322669015 21.2822870414643 0
376.072254788614 7.2580908377197 0
406.950785753086 23.1679600262805 0
411.201449740656 7.8882953558748 0
411.510317564236 8.0317099437126 0
362.707675576021 23.1057297650082 0
398.419395146708 23.2162401110662 0
402.835910477917 21.3969585957143 0
359.995548413751 7.38342581016701 0
436.294649549881 22.0599417618312 0
436.335636567029 21.5195258739497 0
403.327644251627 23.0194319625467 0
406.171241207013 21.3337096512527 0
381.867287980109 16.5122392215181 0
425.303649062857 2.10880015647831 0
425.736783851631 2.41462237783952 0
426.043649657965 2.95227573739692 0
426.492254601622 2.6851227587821 0
406.044657384121 15.2655839601198 0
414.745502526605 10.711197474504 0
353.996333266166 9.95647326544099 0
371.397540809283 23.1277974271906 0
371.869724617959 23.2803326201192 0
354.933580797025 3.20215512067386 0
354.53264705603 3.0464684713704 0
354.555319580015 2.51441903888582 0
354.111459072087 2.76401989546081 0
354.059918349583 3.29310428634537 0
353.650471495353 2.96446151212657 0
353.528088378177 2.46006622039994 0
353.117054914497 2.66727006340507 0
415.907476065733 4.13762704924399 0
419.269138736203 7.42989010105903 0
366.344629171654 15.1548292598983 0
386.507171802392 13.5280912609276 0
386.913295658907 13.8914164599799 0
409.559695792689 21.4146756796431 0
338.65458349667 22.9543365402392 0
418.386152764827 23.1435610139705 0
366.737222959079 16.7579407089694 0
374.763632639071 23.025692448997 0
375.03267913422 23.3620645871101 0
350.535455638296 20.9129121733041 0
362.811462666201 8.57585724287625 0
343.680664627044 23.1189392319912 0
343.092256918987 22.8000466911542 0
357.03780560433 2.2826684503724 0
387.488434980804 23.1967649046863 0
427.853672332007 23.2427782457209 0
424.807990911441 21.3041910740609 0
423.079252692383 20.0556470558399 0
344.105808280274 23.3578672387005 0
352.989001569091 2.09677279722468 0
352.606255885228 2.62478078447748 0
434.317601356203 18.40281977873 0
434.868629011909 18.1238102555809 0
362.12852943049 15.1809621853068 0
424.258657295743 16.8244200024887 0
407.054307147615 2.12279968907789 0
436.578745231053 13.738983889234 0
419.747753473921 15.9571268007105 0
419.737738327624 16.3991048711336 0
423.320777267685 15.6745326335795 0
419.625576057607 15.4349857099808 0
414.939081317475 21.9370402080253 0
365.079410576291 2.72837891113831 0
365.053429220359 3.23799441258643 0
365.125487618707 2.25961399637082 0
353.04904330189 9.46136871266578 0
409.557588180693 13.7232413282506 0
410.160526197156 13.9025477849219 0
436.044092454759 9.6529089229784 0
435.908456891828 8.83408946455064 0
435.401974531317 8.31001775239075 0
435.875608208881 7.90665022247643 0
436.365080025634 22.6673319360415 0
365.263604430596 7.42792844055833 0
390.521347221095 10.2712033807231 0
390.906839159984 10.5955773128044 0
419.135245300253 10.6566603059577 0
418.689247244142 10.5109731898109 0
353.119254008555 15.8339083319206 0
353.473440928857 16.0303763053324 0
418.845468318292 7.65607826159423 0
436.594971557235 14.4943729679321 0
342.868919068738 2.06359977655829 0
342.38029346195 2.2998922051144 0
342.547740002764 3.05688971555231 0
342.105274217035 2.74095616126022 0
366.842372363809 8.64317793243331 0
389.76748905586 13.8959278272006 0
390.323804101207 13.9604740521888 0
352.069086165333 8.98965431029099 0
351.528006351456 8.78477249201126 0
371.593488372478 3.94712575684463 0
372.027725353812 4.05848257865771 0
367.081330134012 16.9194969979408 0
407.927687628628 14.7545406713317 0
367.416090583628 10.2229582979776 0
367.903995904093 10.446325591922 0
376.639546481055 3.94657089934574 0
377.225305763869 4.08192048383601 0
375.342550863808 19.8759917307253 0
375.98144900816 20.0845056492927 0
372.211869447835 19.7629635827291 0
372.640059837156 20.0237151215073 0
379.460802134868 19.7396572024071 0
379.900251035345 19.8603583930157 0
369.926655156221 19.7975429339891 0
382.777766748401 19.704480424865 0
383.200133603398 19.9574083407245 0
381.543147030482 3.95365137446395 0
382.017207479906 4.06742834574667 0
366.595909741545 19.7523351098202 0
367.042480413809 19.8662714108178 0
385.940261729354 19.770207266118 0
369.837481932204 16.904440710618 0
388.112778060918 19.9451568971886 0
388.59322239687 19.9914142720343 0
387.539771888413 3.89646887001905 0
388.138306208415 4.00531228098516 0
363.083334287532 3.65676812456806 0
362.667202155662 3.96431304847419 0
391.438092634663 19.7210679600963 0
391.947044136139 20.0050246404166 0
421.655101985902 23.0815778999684 0
363.45896594053 19.666201512197 0
363.912291948954 19.9496041525344 0
391.666725313804 3.93110603736939 0
392.249683013016 4.08099096285114 0
341.984757757526 2.04126397523755 0
341.548323299661 2.40627919267491 0
363.374784851105 10.0465178032964 0
363.893423700124 10.3954692051116 0
395.513414497827 19.8242944720966 0
395.965082336259 19.9037049144565 0
387.87402192131 23.1192816733744 0
396.762444162458 3.83379105631252 0
397.392642891299 4.09255024309352 0
398.736992549502 19.8873031914224 0
401.034239752391 19.8742006812221 0
401.452940532881 19.9589442979334 0
399.064551012498 16.7802254264908 0
401.639239413011 5.70972783192742 0
401.129277206491 5.39172155463291 0
382.445756178121 23.5341933897898 0
357.757582449918 16.7889777240074 0
352.446209646209 2.07599074982638 0
351.957480082097 2.3223502700299 0
352.18806903144 2.84297218606849 0
351.634195281775 2.74847712627442 0
404.243359064926 19.8598200723045 0
404.770095768882 19.9444545084384 0
360.85847234264 23.3190717875393 0
418.832677974954 5.62448790620748 0
418.347579364329 5.45908831476205 0
406.75018979895 5.66336014306428 0
406.181797784727 5.35878129252538 0
407.525676754588 19.9871796202581 0
407.898601539343 20.1001869935736 0
391.014604482653 23.2036304141869 0
416.220617323322 1.97991864367002 0
417.06073913466 11.7920632169193 0
357.620140702964 23.3688251995673 0
369.040651831152 14.9462011235424 0
379.359549395469 16.8887722822667 0
359.523195845485 18.2293611201779 0
410.867206737097 19.8608162336447 0
411.29986889118 20.2681273059911 0
374.312806407487 13.5637377469715 0
374.727807325023 13.9297250813052 0
379.10131560949 23.4342880984425 0
380.959795430159 2.13429712169609 0
351.428738759848 23.4053593664085 0
385.566141965928 23.234970368615 0
413.993856131698 21.2993941079612 0
413.407106987656 21.0172920348726 0
423.182584926185 2.19630072379198 0
365.800283304841 14.9127678972252 0
347.970960956643 18.6545969327421 0
348.357829772974 19.0560259009145 0
371.098975998374 2.01144109466243 0
359.747150013879 1.96186927355794 0
435.084798732451 23.021961450273 0
394.05915410943 13.7618072489355 0
394.381554680182 14.061739961259 0
386.882833737769 7.53745826362562 0
420.12695552767 10.6935589044814 0
429.294604353781 20.9571957059685 0
402.095733871818 1.94867741814812 0
370.248656124104 17.0438600416606 0
422.21685914089 23.5037276271851 0
410.344101139308 23.4501712083859 0
418.765218540738 15.3613792714846 0
343.12232039464 23.4189496030852 0
342.668918881969 23.1843145777552 0
342.477408233186 22.365858572434 0
342.140883594078 22.8427888894016 0
343.870268370231 2.21241158886918 0
377.518105373345 8.6024398058669 0
337.535041967287 22.57608346461 0
337.290285780191 21.9327051486156 0
421.401768816733 8.5571377760505 0
342.052894424699 3.36659490388065 0
369.489833990145 23.429594998259 0
409.478438679221 12.1877203128881 0
376.196574327575 2.15321202476351 0
361.583748288627 14.9262982064486 0
342.941423154999 20.3019357360743 0
408.902360361616 12.0076072634902 0
414.656016240247 18.2438814839997 0
413.972432239507 18.0908132524892 0
353.360294606532 8.31494852306406 0
425.314287422379 15.7224012230306 0
425.135968679471 15.1537778344059 0
403.815128297449 23.2682615294862 0
425.447896418582 22.1996644595226 0
425.415882014299 22.7593594204676 0
425.045040902359 23.2756969365919 0
355.400155024123 8.57304992370581 0
425.346863469944 8.8549626358707 0
426.142913585432 8.60970683977199 0
379.887459734887 17.0510137322622 0
418.278637673602 3.48638059800439 0
363.140556829344 23.2692365074316 0
400.80506967261 23.5953519750378 0
387.173864578897 2.18168645856344 0
349.499974024308 7.02551971054972 0
349.063511835509 6.67456597559976 0
435.350904966584 7.71494978246592 0
435.967004034174 7.32323567434346 0
405.028671303094 8.58745894792994 0
418.800625742944 2.05748627577978 0
385.417336181769 18.1406368898377 0
416.499946798737 17.1045618100696 0
382.18802148409 16.8334513828866 0
382.549357997814 17.1213214475443 0
399.481741561094 16.9737688210477 0
349.170909261782 3.39448821621392 0
349.527071774219 3.196454113948 0
349.167957326852 2.94828943187259 0
349.469310974229 2.53004147742179 0
349.143825948003 2.2410219631064 0
371.535327721782 18.0561058470068 0
406.897936971324 7.7145069144402 0
426.311245080821 2.08431319043462 0
426.953740409673 2.54118915478398 0
427.007686058222 2.92003563818931 0
427.42940624823 2.47946259619507 0
427.46653693399 3.12491129176622 0
427.918650465469 2.84093345703025 0
428.088080427789 3.3905857578754 0
428.296489870201 2.9941306849366 0
428.544290836797 3.64776251568955 0
428.921394829213 3.20119828129664 0
428.962226007855 2.60436395657184 0
429.406922137071 2.9087720287125 0
429.464692894308 3.54442873995892 0
429.929029551548 3.11037178249082 0
429.732723139694 2.61454409333138 0
430.458488559431 2.82934064912304 0
429.929457574821 3.86220744315815 0
430.168542324391 2.3073825033634 0
430.828087618468 2.43036215855682 0
430.773220159806 3.14442595580972 0
431.180404073212 2.82303342275269 0
431.22749618194 2.11029377985898 0
431.684372030015 2.48937020303835 0
427.914213593674 2.46036367426775 0
431.297914389371 3.38989743140824 0
429.730998171265 1.96983734294862 0
429.47456508344 4.20914869961353 0
423.681435739024 4.46851541527586 0
415.380836772821 22.8101486473285 0
415.495632765188 23.2299339877013 0
358.659948094019 11.3877692224368 0
433.174023786344 20.7267320148139 0
409.645851849889 4.38448245294583 0
353.180290757983 19.7833786629841 0
421.977354326452 12.056248430588 0
421.405739092292 11.6181565400946 0
360.043435735569 4.62106184513788 0
377.497573830322 15.04589000463 0
350.408276653494 22.663476262009 0
350.428895985053 23.272373928272 0
411.30774112602 17.103183458924 0
425.325094735582 16.1953939115043 0
358.138120914689 4.27201695923525 0
431.007012544392 11.8305557512689 0
430.290471450333 12.5979402314173 0
354.476370112382 10.1963603023807 0
419.129830408464 20.8390664916526 0
338.422760370052 23.4421773119394 0
424.399469584655 21.2185841429135 0
356.978557632296 10.9398631502891 0
393.570814270501 8.38872794565172 0
373.722424844458 8.43648345920695 0
352.315937133633 14.2179815367321 0
351.880102563745 14.8032776068915 0
424.913734058969 1.94437992307028 0
349.39386105467 1.87471883902563 0
359.616412516685 7.69421177854562 0
345.433794014612 19.5046082110044 0
350.039205453552 8.38092942706312 0
350.295152793959 19.0381953942197 0
424.519789069221 8.91192627306297 0
348.676586046942 16.5929003174519 0
349.138212399569 16.3860373001337 0
348.442184779314 16.1031824948189 0
348.926704157416 15.7336627149734 0
348.527354231043 15.4236135872831 0
349.010615843164 15.0716887576134 0
348.500772934365 14.8254202717008 0
349.049609825377 14.5920263724044 0
348.561621641076 14.3607568237711 0
348.971088547408 14.1343086420443 0
348.230487924586 13.9011454312722 0
347.851465450918 14.2164063495677 0
347.791259476681 13.4142568001045 0
347.407321158189 13.9711779716144 0
347.166873104716 13.1100967831381 0
346.87988185293 13.6776839258582 0
346.692697138289 12.8293947628851 0
346.297015425276 13.3217200642272 0
346.209214473755 12.6453876828737 0
345.737823023056 13.2161443013726 0
345.654547357225 12.6009183344078 0
345.165076833007 12.9187116723836 0
345.061073371601 12.3302883077318 0
344.601384880952 12.5949044384405 0
344.602085913977 12.0943383808721 0
344.156231930953 12.0792917327965 0
344.221755492676 11.5562704554492 0
343.61649972779 12.0674908939282 0
343.692908122251 12.6235662909914 0
343.240449988324 12.4618294748038 0
343.145009063482 11.6163319130787 0
342.811567584454 12.1577904742038 0
342.588749245829 12.6368233273694 0
342.092151882086 12.4886808576152 0
342.238877359041 11.7506498785086 0
341.575742107034 12.4094914905213 0
341.530849383116 12.9663988866452 0
341.539700097035 11.8117858105952 0
340.924033221509 12.641651187456 0
340.785559002054 13.4329126095356 0
340.219316256521 13.0530854089115 0
340.337084822978 13.895781064782 0
339.71168664496 13.6355802818313 0
339.850634059166 14.2922449419718 0
339.779726603086 12.5237323770887 0
341.153523835063 13.901417220563 0
339.118716028633 14.0742289893622 0
339.31085243076 14.6038209704011 0
349.415918610425 14.1318517036878 0
338.587351368629 14.4076244272878 0
338.742335917439 14.9613724787647 0
339.510961719184 15.1808473831574 0
338.923827467035 15.5659099861267 0
339.760476090024 15.7308205518261 0
339.188951798611 16.1347420087501 0
344.689473178761 11.5734503996368 0
342.105131846996 11.0589525330731 0
341.530823080266 11.033522996072 0
342.011592517136 10.504730239791 0
341.331137291299 10.3477739326141 0
340.748525309347 10.6971045713366 0
340.532940533079 10.032435612063 0
340.004282549373 10.5249782533509 0
340.048185142058 9.69909229481359 0
339.498093342761 10.1152586221879 0
339.620339530696 9.36941871989895 0
338.775981086526 9.82462293398821 0
338.982349234777 9.03653018903294 0
349.541090662618 15.1901519136396 0
344.209506019398 11.0217351879115 0
345.287429487 13.4007607076606 0
338.623147035267 13.7354654058047 0
340.525334332031 9.24381737576796 0
339.558389142332 16.6294708035193 0
339.090566567424 17.0303926877158 0
340.034660083089 16.1940872700605 0
341.874675826333 10.0051533015871 0
338.902195681881 10.4776326103075 0
338.093472753905 9.56806171699584 0
338.20340245747 8.81216726567724 0
338.89965200597 8.34697485581474 0
338.294866934108 7.97587185140907 0
338.48317529126 16.7110487048173 0
338.470743721723 17.3228281505249 0
338.858643600614 17.5085150854986 0
338.596613020812 17.9545341875552 0
337.827879395056 13.9748435889723 0
338.1292143607 13.2802398659584 0
347.350441177682 12.5578890578493 0
345.747583433703 11.9320946931259 0
349.32757744537 13.6317292101757 0
349.756201691603 13.6598212039672 0
338.17512287977 15.3052925616231 0
348.319457526084 13.1974677818317 0
344.736822767481 10.8741945663274 0
344.087116439874 10.5257103551407 0
347.453542571232 14.5023288252324 0
346.368026517239 13.9842885763985 0
337.818155219653 16.9979177502449 0
349.708867553515 13.2073730195599 0
350.141913740209 13.4568678765441 0
350.280708371946 14.0004915126499 0
337.413840720874 13.6501055900978 0
337.318454100396 9.32500405576921 0
337.612234602589 10.0010660045553 0
346.346315677912 4.8094737465422 0
345.759855829467 4.82913524836446 0
346.396596084436 5.41841225282223 0
345.882836470758 5.52219854766458 0
345.284410716098 5.17674639544997 0
346.449233176782 5.98249175241347 0
353.88932318878 4.76614248877218 0
351.919327341784 14.2543820856852 0
375.732380617698 7.52509166028994 0
351.938598057346 4.4198733934148 0
395.805025442376 7.89568088499088 0
416.376172075937 4.38570543562008 0
416.911042997299 4.20998869329727 0
374.649136498048 15.8346236033648 0
374.668683634823 16.3339706598521 0
429.877632351637 4.54826400737087 0
340.153648391603 16.7027569788783 0
340.690092346444 16.6261093611486 0
345.20246319474 19.9385189867203 0
414.239024393578 16.0916235753078 0
353.957414424653 10.4466272477375 0
354.566562580951 10.7250637622461 0
351.761781881413 6.27015054794742 0
351.279823966152 6.58346917290817 0
354.921143829926 8.29191022677892 0
436.6701320552 7.53612936584261 0
436.707164750496 6.81789405833391 0
400.366843405816 23.7082713349658 0
436.632161166044 3.49784222762527 0
436.626205746168 2.72469971411267 0
436.22976124312 2.3605547310917 0
436.963976592629 4.00549530415987 0
341.15681497113 18.4623631444899 0
352.564093114838 23.4175730556751 0
425.852005535703 9.05645626543479 0
426.644860867865 8.83850804753948 0
426.41727627254 9.29190505358195 0
427.270240673614 8.90552853168439 0
429.630402176907 17.5053450846717 0
417.59471023212 9.0823761017706 0
417.558085732279 8.26484542319666 0
363.088526197287 8.34632653324775 0
414.103371460753 15.585480034547 0
431.529905576316 11.742011100845 0
435.903845563146 15.3369887725535 0
436.635339618491 15.2997165120128 0
436.62601092399 13.0752722459625 0
364.854295527074 7.73356828266199 0
387.389624722118 1.78053067323213 0
377.8394011623 8.38459269945559 0
343.326199122644 22.0311538311415 0
369.70527644252 8.41961862840567 0
350.794961652542 19.5249010653588 0
435.869097382497 16.0490905089752 0
436.667056110863 16.3399808961137 0
425.525057056215 7.555955386225 0
348.030303452125 23.3278220699673 0
380.538340939179 15.4690246380635 0
351.653117184272 1.98200759106864 0
381.438468456346 16.8032664872438 0
427.291691840207 23.6346814727699 0
431.938253897993 21.173287322014 0
348.372810253935 23.5936301289414 0
418.422131082831 2.38283403428599 0
351.636555560439 9.27851072968986 0
337.439419487494 13.0810484829097 0
337.850627580942 12.292952115627 0
337.019320003823 12.043132929397 0
416.802438063801 8.00083304843791 0
415.062219753011 23.487444511289 0
345.471995389763 23.202136644855 0
352.022862852156 15.3939623420606 0
351.460964564589 15.1133324905971 0
353.080054048704 16.3259301507714 0
353.486445296329 16.3696015288402 0
420.178904738555 15.5711535357465 0
367.214373509934 8.4015864158875 0
381.00043999174 7.82737774151328 0
381.431062470457 8.03774196991064 0
416.319078104004 14.8806888455432 0
398.055961072452 23.6663395118736 0
435.019049483778 18.6499223721593 0
435.570547036774 18.3678662898662 0
425.586023697268 23.2677678511282 0
339.004931730108 18.2696420808479 0
338.574629003881 18.6890587703426 0
338.175214171318 18.3117921184373 0
338.149234828035 19.1772450188762 0
338.955774001189 7.67189071345005 0
338.103218569249 7.21744642504207 0
339.582523788979 7.90930268111095 0
337.54651866042 7.82242323428944 0
337.519173001767 7.12213422652361 0
387.344872454673 7.7732134411531 0
401.7896539861 7.77325550758715 0
407.601832423187 1.9634563199122 0
365.544816175329 1.91981591261235 0
420.007551092244 14.9924878722487 0
353.477476947388 1.98559472976801 0
397.53644741434 15.2088069954286 0
397.114016316136 15.0917485144635 0
428.233383796127 4.00453489186867 0
346.050607680124 19.1871093562195 0
408.348448833289 14.7290803415838 0
357.332605257645 17.1161829433675 0
376.194466576459 16.8537447850877 0
376.641731064527 16.9209351415051 0
344.522538942271 10.3069531003948 0
343.98255717086 9.98276871834717 0
345.191325621243 10.4180210725786 0
374.79280636539 17.6217445102285 0
417.905671299636 8.62453469775776 0
415.892830995708 22.9795343899495 0
416.062208747989 23.3229108599929 0
431.946041398798 1.81494506452613 0
432.505695011145 2.31708704725662 0
422.736902752052 13.9316546612657 0
422.363821853468 14.3627654212775 0
369.587563753163 14.6432764516722 0
391.719696789118 1.72474206107469 0
391.126177245282 1.40401117960717 0
416.276849353924 21.4797362152839 0
349.869866889116 2.07617205573816 0
436.600876158195 9.34083488917206 0
436.763601250771 10.1091498662042 0
420.608008279115 15.1435671697213 0
354.956417337502 7.01059802739769 0
360.005352249907 17.902410775548 0
418.39087829414 1.78593091044458 0
416.402051854497 20.9573165851021 0
385.232798409447 23.5181013655552 0
382.365781218671 14.8595184104797 0
436.967482538599 21.5708322858771 0
436.917002124334 20.9053556791123 0
341.369026408817 1.74397080545008 0
340.780614709159 2.36006419781195 0
340.855502892811 2.99519307014231 0
340.234069729315 2.80562369269599 0
340.229565219116 1.83772371271954 0
339.83643046762 2.32361088333428 0
337.568943600202 18.6177556850256 0
337.472092952189 19.33875151594 0
391.408726057362 8.04325991767191 0
402.583083286337 1.75139558869246 0
367.005256208058 13.5928313576162 0
367.488628448709 13.8672370339932 0
402.481410318493 8.01380803809609 0
360.304545649523 1.59881897265649 0
357.284007823978 23.5924316777663 0
419.081576799187 1.68235134932438 0
416.666108244699 1.701326152356 0
369.406832793741 8.13499552920766 0
366.106496765155 23.6083277858004 0
371.470095439781 1.76839309602799 0
381.998072526783 23.6377830293741 0
393.221601390962 8.22137155226284 0
371.850208436771 17.772210571251 0
381.707587344036 1.88556873174166 0
340.702889007875 15.9501363183362 0
341.334605703747 16.1159966967174 0
435.485208714337 19.0530785141155 0
436.300243909937 18.9610453767573 0
412.644767227912 15.0973327573654 0
412.069432992967 14.7862439249137 0
423.519946974015 1.74660658744548 0
339.799278515956 2.95936998664687 0
396.514885122826 1.8009489703188 0
396.026593298549 1.60003127361826 0
427.075052125075 9.55559974306201 0
425.862713833364 15.2404614245212 0
424.235068666666 15.0368126798879 0
401.945792760609 11.8269275681778 0
401.45875931271 11.553239890318 0
405.273013529288 11.8026175731941 0
404.691301133371 11.5785212005955 0
397.884499261058 11.5953484017547 0
397.431843722582 11.2918601671949 0
362.847966287857 13.5021618152118 0
363.354890328642 13.8749527577546 0
393.633979285635 11.751062949675 0
393.359495442498 11.4821230810157 0
432.475284282889 2.93324658034713 0
433.128847993852 2.45079903434249 0
404.588321529245 8.22212439058371 0
386.460233502934 11.5793081752969 0
386.068223562386 11.330299426278 0
378.688737563278 23.6706334693086 0
419.467983610342 7.9096817475832 0
381.406948448664 11.6368941043709 0
380.975862536337 11.3865055283514 0
364.658478944511 2.58209290723479 0
364.610424809524 2.03783733817782 0
356.613371386588 7.43602039373364 0
356.952887284579 7.7465101931043 0
390.836615046563 23.5639434492041 0
425.542601302446 14.5689302739115 0
397.394426154401 8.5521969550007 0
397.805460170396 8.31430877847141 0
350.596957285647 6.45950521119609 0
378.170292916246 10.7233327916565 0
378.536570482357 11.1491550575068 0
416.819316823018 20.9253533491922 0
363.466544581856 3.52226545838392 0
373.956230671455 10.8704812804449 0
374.460215144453 11.0617219001901 0
360.598516737769 23.5814815417972 0
436.634517992229 1.96743507983139 0
437.050656118212 2.33339597636863 0
349.111703747819 1.73890369426629 0
348.859062287091 1.9234567374164 0
369.961201612293 10.9459010123402 0
370.325317491704 11.2351498721438 0
424.973394873363 14.3141610317351 0
409.931969668842 10.9233026188746 0
410.473645597921 11.2094322757848 0
374.447859444099 21.1374106157921 0
378.526387460951 20.9579271547892 0
371.252395038645 21.0390337975018 0
409.846918137852 23.7429507479528 0
381.697731196136 21.1028456860358 0
414.007802923379 14.4448069533226 0
346.466056573293 19.398640664052 0
384.788706169086 20.921759084241 0
368.706629033953 20.9749177318552 0
387.191557002256 21.0364844590208 0
390.653585237829 10.893062791261 0
390.995756556523 11.1484958620722 0
390.431413271309 21.0396903112995 0
342.05981937739 23.4266857140445 0
341.550501066826 23.2405006120116 0
371.561056994541 4.42126709669944 0
365.652004064698 21.0051140239232 0
417.842084962574 21.4067066228916 0
352.911299178507 23.5883750547705 0
394.627151098075 21.1674563809629 0
397.679937894863 20.9813781771996 0
360.06533083245 7.86501929154793 0
375.727202296481 5.22571805655766 0
351.689399095082 3.25977181539497 0
394.7112929437 23.521414412211 0
395.126462338961 23.8443628282504 0
400.071457596937 21.0965074877418 0
358.88007770593 14.0099377183358 0
376.399790797305 1.80834795011957 0
426.877045973742 2.00968864406102 0
426.363523156841 1.48526093551862 0
362.452735338706 20.9777703725029 0
380.51242270314 5.10890873934201 0
403.177662257506 21.1573526928405 0
406.430338413628 21.1414388183855 0
386.526282666084 5.13113101772603 0
398.540455219918 13.9532103720914 0
417.512144580405 11.5141712568203 0
349.57103757499 8.50084042915288 0
367.628965375502 10.8346919207298 0
368.020336608129 11.1048981671664 0
363.080495762522 4.17223181289152 0
390.819400397598 5.23213947587527 0
375.261431786964 5.04201950986167 0
372.031149285469 4.47028161360096 0
430.35862175673 1.81598309455714 0
380.146887664075 4.85916122764096 0
406.88107058299 23.6991747502536 0
409.6691272052 20.9418346454744 0
381.762505937018 17.1139954498425 0
395.870652794375 5.24859005782082 0
385.642552580465 17.7907404371452 0
386.167965288975 4.82170265132813 0
347.555477121054 23.0266476734992 0
390.355351794445 5.02904359773768 0
363.392128049982 10.5673110631541 0
363.855357629476 10.8975689991709 0
373.360331186162 8.13507577177246 0
422.198326422952 11.4942498336697 0
401.56956244695 5.09025362737676 0
353.518652306927 3.48289730335283 0
399.071034272329 17.195941733112 0
387.612500101691 18.2529459155258 0
388.130240552615 17.9506694530872 0
395.385619449096 5.08243785924596 0
362.657433180231 4.38507646323416 0
360.156456064914 20.896906822297 0
390.827971177374 18.2246232895007 0
391.281954071805 17.9378558604988 0
356.174566552512 14.683692792457 0
411.113516337737 8.31729161759108 0
411.554304173651 8.36410892777719 0
411.930289661871 8.30679785323126 0
410.536253590028 8.19994936028127 0
412.099867468337 8.68401328683643 0
412.464189346261 8.57239545050028 0
411.065177234625 10.7946320768026 0
413.782977311868 20.820553727726 0
345.968888191758 23.7111645264286 0
394.836074187549 18.1243829600856 0
395.202464588126 17.7785368476314 0
362.815561973059 8.0513716619457 0
401.031200396164 4.77130573594159 0
349.835780886363 23.0889266420508 0
406.814953063458 5.18408804834409 0
403.579660672911 16.962289192455 0
403.317203046735 17.3669909541551 0
353.922054002909 16.3711316646615 0
353.964246503298 16.7276646800307 0
369.196709958096 23.7980958381587 0
406.367601994524 4.99266127181972 0
406.733761630871 16.9999412651638 0
406.405201843274 17.2859417430238 0
359.584831343465 2.35866693808149 0
359.368736961962 1.76914439887694 0
403.633349760466 23.6864844014454 0
361.842545783766 20.7613485342276 0
365.090513477036 20.8521466082523 0
368.312533249456 20.7469302689084 0
359.652849134178 20.6393093897988 0
400.370261816919 18.0965515800822 0
400.716495661528 17.7174517808697 0
373.904610825618 20.9385485230086 0
380.832714015775 14.8323898075413 0
431.149721505888 12.4907514640246 0
430.487143727666 13.124113452166 0
380.295669150002 14.5508785429873 0
379.021468194869 16.6290229942209 0
379.113440618171 17.2017713645286 0
377.92281470927 20.7650009058349 0
349.780372745852 19.0056966449441 0
343.510653980361 10.2350216313054 0
343.42105520499 9.68930214839201 0
407.418317683825 7.8700803595292 0
366.63636943744 17.2274243538289 0
381.191398343832 20.7708764267655 0
382.857215900848 14.6128322064621 0
384.386057439954 20.7185687617827 0
341.213138124962 16.6056604976299 0
341.705159599411 16.4322963860665 0
341.610470191674 15.7209181410863 0
342.194216217518 15.9940061100846 0
342.040032088881 15.3456460513426 0
342.96002316714 15.6981374927952 0
342.612645185789 14.9425049913363 0
343.441482464751 15.2567703056113 0
343.278091372754 14.7460315515386 0
343.96296589495 14.8216311628176 0
343.832573818463 14.0775385276086 0
389.996820741564 20.8650408959564 0
339.433394663836 7.2745751497902 0
418.37865185147 13.9738126406753 0
417.894620854848 14.2719247044987 0
352.762569120535 13.9061339690791 0
362.709829456863 17.8874802667738 0
363.253878020089 17.6752469925636 0
424.826221197515 20.857535978192 0
425.285388683531 21.0828545038297 0
344.481550797064 14.3520892800465 0
393.969551271161 20.7862792873498 0
352.704087920155 20.168546490746 0
353.097636235376 20.2851683118159 0
352.272846008313 19.8065890221097 0
397.259395205456 20.7334151298556 0
426.939069395047 3.49118512544071 0
347.450047068555 23.5446983783859 0
416.869108151593 4.72339718584857 0
417.362345446873 4.49536988891519 0
370.782578740438 20.8238232799092 0
433.682326000704 18.8821215246857 0
349.682507440285 16.311719150559 0
402.791888822241 20.7814387718198 0
432.937588789632 1.71478934751178 0
433.434676465195 2.05393406934576 0
433.56935682848 2.66427007112732 0
348.691453290675 1.52919310821717 0
348.309608451679 1.69379592964255 0
418.842885244294 17.1045112114572 0
362.679318240569 23.4971063038335 0
354.346839012324 4.43360510615075 0
406.070242373852 20.8045808363624 0
402.392839081026 15.0939236550945 0
402.833483585474 14.8889309856898 0
386.721777751117 20.6833230639536 0
415.865834017818 4.57820448335779 0
335.802785580659 2.33664697817791 0
415.757218423483 14.6619065165293 0
376.053123400405 7.91581799924041 0
409.159839009179 20.6868599028809 0
338.759439448578 19.4162546096444 0
399.531441136315 20.780036236053 0
409.667022063645 14.2068957061552 0
410.032317199309 14.664473642714 0
365.173770476212 8.11465992576915 0
376.417343685885 17.2808861185608 0
427.784261204597 23.6386129076737 0
412.668008367624 8.96971944219655 0
412.931485783311 8.59698110996349 0
412.823249082936 8.09354058403044 0
413.24186508831 8.28042947961451 0
349.763528923773 23.7208896395265 0
370.891765660601 7.74170345329009 0
371.302292307873 8.07660696278751 0
398.417245205926 23.6679308599169 0
377.490437662002 8.10867881465297 0
366.480589546237 23.8002802730166 0
421.202435882707 16.3921049196955 0
421.388135653815 16.9870892404682 0
349.701401240834 19.6672267306414 0
387.450982950301 23.6005375526057 0
387.946873196115 23.6591365292126 0
366.876367325129 8.03989757707804 0
417.609376124614 9.505642635754 0
369.832373366214 17.3629874264047 0
386.412581480028 14.2723286974889 0
387.074094813599 14.3902618080337 0
340.178279993081 11.027921997627 0
426.937979493885 23.2908888033418 0
413.349410811545 20.5601115892631 0
412.535106880273 14.6103240191618 0
437.217365751137 13.6222618618398 0
437.196462772724 12.9435733973804 0
371.339475991879 23.5914992685396 0
371.80837143445 23.8945874853856 0
374.743821445049 23.6414822941047 0
375.191298186863 23.9260858347477 0
420.649175630037 14.6098595304506 0
342.606142100818 14.1147373458253 0
344.938774967785 19.268822043604 0
344.708318153853 19.7172575991811 0
407.183213796294 1.77506626737858 0
338.922089714406 23.6412503640654 0
419.433555675869 14.6532241566905 0
405.625948588428 15.0251444181379 0
406.082160600374 14.7460508159257 0
426.412332658863 8.16199203297274 0
386.235055668931 8.81880562300273 0
385.815897520048 8.64546051322863 0
429.439900591571 4.82618236490448 0
430.270193852681 4.93280376889243 0
379.36608339745 18.1538547275512 0
426.890474069297 22.0508584871041 0
426.632175094361 21.4897798519385 0
427.193040511748 21.1842324323786 0
426.684981505434 21.0323599336055 0
427.308985464099 20.7476781348221 0
417.298675810479 7.77308467480381 0
381.194807105085 1.53895309315277 0
367.189652769579 17.3908426852304 0
416.220274057161 1.48447570541456 0
379.115236879021 23.9401451007375 0
357.779055514372 23.9148097218231 0
389.887674769404 14.3243865365413 0
390.456040928088 14.4449171379327 0
391.16875869152 23.7768083679181 0
421.789014951273 23.5746955549448 0
422.262337627112 24.0073627285471 0
360.877387158741 23.8894372655597 0
416.982341995094 11.3449890296475 0
436.139958013121 1.52961292231582 0
339.479386893988 2.71638532418358 0
339.444301907937 1.93802290591542 0
338.928645888195 2.36242544830856 0
435.990670850097 6.63920889133923 0
436.796984582843 6.06406517415862 0
349.91912294998 1.54845612322148 0
407.892610523311 14.339162948893 0
351.170998642916 2.89902892162331 0
375.185445511638 17.176500907017 0
385.529086327883 23.8720099770008 0
352.323919016806 7.80871817607566 0
341.926076751747 22.2416791437957 0
423.551151643352 20.4623847832104 0
423.07841900301 20.8014796721674 0
402.224499515044 1.50429283748528 0
418.4169093541 3.88109182612442 0
418.925074606945 4.08269136863094 0
351.083402585822 9.04505391398894 0
353.53786443145 16.9082843715745 0
347.993858661907 19.48284435729 0
348.352425222578 19.7634492421324 0
425.141907537323 23.7711795615326 0
350.541078389059 8.19062450015828 0
390.405383421109 8.86916797700382 0
390.024634008906 8.51929137749246 0
426.877175523133 23.8962182120478 0
337.813648304866 11.5696529025162 0
337.21176985353 11.4163613274787 0
412.246789873468 9.25050010683789 0
357.802723591805 17.4957997196198 0
336.814351875669 9.8142119049443 0
435.663926388855 2.10836550072076 0
425.512301647154 9.47766799043837 0
431.07890998799 13.2566562136203 0
430.707320259744 13.7904217387874 0
359.490902155492 17.5301483890361 0
413.728032583285 14.723128879377 0
418.926644260188 8.13043993502617 0
370.235185668548 17.5091865894135 0
376.751624022173 17.6136936948202 0
374.695523752766 15.1332539399742 0
375.096680972795 15.4631982713705 0
374.295506467385 14.8196621643498 0
382.513541086591 23.9821004327137 0
345.374497365754 5.68572060728926 0
344.832650811268 5.27101724411552 0
344.753687091475 4.76059252551969 0
344.330998622002 5.36786592970881 0
394.022592957152 14.2936049401135 0
394.558919306427 14.4023410540454 0
341.491572508486 23.6719682768585 0
341.062254350147 23.513568521216 0
341.110532298771 23.1428632531736 0
340.66237778083 23.4837593781598 0
436.242008789577 19.6820055164707 0
436.929866224038 19.2814583144916 0
437.045345429227 18.6001145741688 0
350.218932327954 12.9140340944887 0
350.658395338124 13.043826910208 0
433.833135771251 20.5114682596092 0
369.144148863573 14.4841284648128 0
344.920700591898 9.89985509225493 0
340.048631276055 7.55535528566236 0
349.727112308585 12.7474406226041 0
359.228261892078 8.97295871464856 0
358.535820721759 8.77101564147604 0
358.11441039729 8.98448176631928 0
358.118312495348 8.47218489944779 0
358.573619364747 8.10406113192672 0
371.409024564516 17.4580454259575 0
393.417651063612 7.80519019081328 0
393.955605550709 8.09257608859518 0
338.706257160187 1.81801356836412 0
338.285348050468 1.95919633540986 0
437.798249451885 21.6278312995031 0
437.536316633938 3.53634383901637 0
437.569695991427 4.33049657061918 0
376.050539977219 1.61689333734361 0
433.832517811477 2.309392879486 0
433.766980428842 1.68819511389279 0
412.0055035214 14.3339115421145 0
371.094974240309 1.49304943190477 0
423.120984016435 1.46646978628594 0
341.043059159871 17.9756746548117 0
336.740904070674 22.2757297727227 0
336.729378912373 21.5533350049048 0
336.913546971491 22.8138342198137 0
349.480882006726 6.54220868175658 0
348.969689502458 6.22644945767729 0
369.549803337749 24.0575303709524 0
369.662572935956 7.88602720047827 0
435.437813141658 17.8172999840273 0
427.695918037399 9.31431076362278 0
427.800627393432 8.57974981221387 0
410.438447016994 23.9573382052575 0
429.891147401086 1.48641988635375 0
375.093960012964 14.8251396718827 0
341.833594397046 1.60890316331328 0
421.663048524008 11.0579174139256 0
426.347738021536 15.0149262668547 0
363.088062302773 23.6726271745234 0
417.168414639842 1.97852574848978 0
417.308132970743 1.52836569212925 0
370.786071634903 8.35677530730818 0
350.806968410522 6.89447027882428 0
342.884270341204 20.7752858362133 0
343.444233578239 20.4539756746753 0
342.410543536758 21.1378875416508 0
414.194154613656 16.6658123728794 0
413.623668409707 16.4976822944746 0
414.59631108789 17.0910599517801 0
407.377759053956 23.8444314992373 0
416.417450521691 20.5067197565488 0
415.971009755531 20.795688292541 0
354.387544510749 7.14443053192237 0
356.535170552873 8.14403550387788 0
411.064605145361 11.3062223422613 0
350.314191143184 23.863841684527 0
386.997299305499 1.4295488155866 0
387.470844074842 1.1399113935404 0
387.783055045693 1.44109409964756 0
417.573525700132 11.0110213807393 0
414.815387468325 20.1724876396392 0
413.709840595931 17.0094482608564 0
404.009643464985 24.0312538401794 0
352.706646630396 24.0602520314174 0
404.850705582568 7.91019830360317 0
405.259405083481 8.15120794151825 0
437.467737030759 6.9841474082514 0
434.757960446316 8.14624154427679 0
434.714902198715 7.44358425797611 0
434.13298517406 8.0127942808702 0
382.712295708114 20.1996117543298 0
383.263438854861 20.3826192446728 0
379.472254497696 20.1919717838657 0
380.021369147815 20.3665658603266 0
388.288162710378 20.4892447330922 0
388.781524854237 20.5091022598359 0
437.650258968227 20.7712689617271 0
391.562729804781 20.3626170773309 0
392.148278859182 20.7160883560558 0
352.43257549862 3.98537267682762 0
375.416746483974 20.4147007415278 0
376.040087453175 20.6137318796753 0
395.559051277309 20.345480778322 0
396.144972661143 20.4857475390235 0
410.754691382809 20.2986030723259 0
411.331720461793 20.7840373123511 0
364.246818923798 2.33043423079518 0
364.181355905404 1.5007541495188 0
400.837649491858 24.0663977681348 0
400.462376851536 24.1192891543302 0
399.94451783198 23.8894623714452 0
372.166621749578 20.2691349639651 0
372.708000748041 20.4620651986213 0
355.397913047196 7.83803485950015 0
401.077040025351 20.3676065467076 0
401.616107184974 20.4639108891905 0
404.267480841856 20.3983742269911 0
404.883462116115 20.5720628416511 0
407.496790060381 20.440087424134 0
408.042051593278 20.5966026583545 0
346.640260569325 19.0265193116658 0
346.244433457142 18.7146542277296 0
437.48179383764 15.8295697688044 0
429.354942499494 1.80232756472827 0
429.388519256037 1.39585161359943 0
428.9243484478 1.56728614133984 0
430.760182746693 4.57912978646487 0
366.614370375488 20.2035201977362 0
367.168453720398 20.3750288895575 0
431.399487351704 1.70699084396072 0
431.948896353288 1.19998834817042 0
437.510160521121 16.5842053525764 0
339.212286780993 23.138536315732 0
359.187293434309 14.3812100343427 0
437.601125126251 22.3187632425466 0
429.879330675553 20.1971879042408 0
418.618751355457 10.9661970954777 0
419.112268896688 11.1756301679533 0
416.470684505774 23.0874313103812 0
416.586490905538 23.5090710712401 0
416.19716623492 23.8155733407639 0
363.424923757344 20.1944832896027 0
363.96201415679 20.3937738597719 0
370.68414947181 5.18758369359641 0
370.247615835093 5.05559560769659 0
420.957657020571 11.3346076227007 0
381.091950696441 17.0741156793279 0
376.611028792441 4.44241453109116 0
377.071277705204 4.53963853021556 0
432.971030360361 12.3180765418542 0
433.273329509005 11.7079346633753 0
421.246375286907 14.7910336347427 0
422.241309274595 7.91150717873625 0
380.445534453538 4.58302975224913 0
380.923169165388 4.81311431460306 0
406.898309776688 8.2601350495607 0
413.006047260522 9.26830705696449 0
364.249639190641 4.92091888485487 0
364.677422127887 4.72837484709969 0
365.16817967192 4.69649120816336 0
363.778787099657 1.94300465170619 0
424.719813935312 23.6511892255663 0
385.225049762217 17.5445335266551 0
386.432559524839 4.47541266580572 0
386.924314588817 4.76897300094659 0
370.549691059065 4.7370780621548 0
409.305909467293 11.6321087078006 0
408.886765892199 11.3635487250959 0
417.500941371012 14.1295324164315 0
417.394732052002 14.5682607647365 0
416.443363582632 11.5213038201772 0
371.576372844586 4.90472022789241 0
391.592889059643 4.36713240907018 0
392.028961025127 4.5648593791315 0
336.881733947114 7.63396169187505 0
336.865221215863 6.97726658919025 0
425.400016376627 1.67127964746368 0
424.957980322588 1.52063250583653 0
381.34039904281 17.3890332692497 0
382.576808921193 18.2776202260265 0
396.656991398852 4.35407281270502 0
397.100819434 4.5819406641516 0
365.02545997492 4.21473710417572 0
365.452792204187 4.34010469128277 0
364.597189480959 4.24979444562806 0
437.100361698957 1.50030275122668 0
373.765517500533 7.84885572169046 0
374.143388589951 8.18713918521843 0
421.314394121211 23.5116673946888 0
397.406496770895 14.7400818000751 0
396.960739801415 14.4211623386529 0
422.666750982202 20.4041613520559 0
422.764307628026 1.84660661635491 0
350.115031595009 3.3842131054379 0
402.825353238595 4.34183644707475 0
403.323712583115 4.70088978239871 0
375.588483828482 4.74031765702364 0
345.518412012915 23.7267903272882 0
345.001773026873 23.6489291331584 0
338.488038042305 11.7146205261503 0
341.876430749513 16.9446403829103 0
390.650565478228 11.4391287889978 0
390.210229723617 11.1410978355755 0
425.42492589647 4.10909921763274 0
376.606662109392 4.89872432020552 0
428.270508098554 23.3308915152303 0
363.205440775783 4.69068610881211 0
415.32134665169 14.9393413774223 0
354.349715136325 16.3774105127803 0
354.464100432327 16.9692695218486 0
354.858757031792 16.5187999100165 0
354.900383900126 17.2313038774751 0
355.213429717414 16.882664017498 0
355.35691588007 17.5004527498013 0
355.625888876655 17.1428237856304 0
355.758188570152 17.7405621625902 0
367.63821561796 11.423225630769 0
367.254997382402 11.1207507514747 0
407.667096038604 4.42196361734324 0
408.095943889858 4.48178229913291 0
395.734197354576 4.7485603698433 0
401.663820992119 4.54071725578513 0
390.706993795982 4.73338229966294 0
348.584680901635 9.29735334352934 0
422.691555164972 23.4097771712998 0
417.019954996177 17.7238787574638 0
396.900117375377 4.96892362744586 0
402.84210590441 4.9577302058022 0
391.86205623924 4.95534720958767 0
363.44419825797 11.3161762425956 0
362.96957625082 10.9617574680155 0
416.263840032412 14.4022316958315 0
365.656894654953 20.4420302855524 0
366.797620141871 20.7717735978308 0
362.45839594099 20.4248375710836 0
363.59001333963 20.7820824525569 0
368.716038118527 20.5148143819633 0
369.254583562162 20.6587644133761 0
355.026081058074 4.63356989160687 0
406.704096933821 4.71443793022671 0
371.238593042689 20.5216333603042 0
372.324484666012 20.8613202204592 0
415.722289012846 1.74256470298007 0
407.69205892303 4.84719427106644 0
359.064431626231 2.15032295116531 0
359.022940106603 1.6437379200048 0
374.305453047369 20.5682029559499 0
411.685608162152 14.696876084974 0
375.418262916724 20.9529730365307 0
359.62241693403 14.1367694483179 0
352.281916642523 23.6373035762066 0
421.905516874875 17.9671540958732 0
358.204283236603 17.1645388677101 0
353.974566643382 23.0707426409485 0
354.419781409963 23.2976826978793 0
354.89281095233 22.9922245777867 0
354.884549671098 23.5045509273788 0
354.353863758916 23.8548245652187 0
355.361836954904 23.1712588318999 0
355.359438217127 23.7089673835145 0
355.860763089529 23.3422993242574 0
355.843714165 23.9081572814834 0
419.513289234985 1.89530254102079 0
420.606996662763 20.3984624319217 0
351.612868988783 15.4972545886834 0
351.003714148167 15.2645362771727 0
381.94642064686 15.2593758082866 0
381.891348954611 14.6247121433541 0
357.421558621143 7.64152641403384 0
356.216242073115 20.4562811094567 0
360.818715206106 2.03563004490097 0
360.752818543824 1.51508063973458 0
361.255835447174 1.91721305822476 0
360.305396508217 1.25557274582132 0
429.667721641682 13.0268948330614 0
409.545821043239 17.7725358023905 0
365.60614685616 4.99558801767723 0
365.957765866001 4.5712066726507 0
409.635920195678 23.3940206397356 0
363.599269059831 8.65762680307455 0
363.56454350982 8.13675848871041 0
358.169591271937 23.5089055246595 0
360.570286261998 7.70148225949547 0
378.529317697988 20.422476074321 0
425.756253299338 13.8526591812937 0
425.036487047545 13.757500326491 0
361.25402163975 23.6758172526853 0
367.508269656049 17.1678999232967 0
409.910975264968 5.1192667208126 0
367.902175670859 8.69495523331757 0
367.677237334556 8.03527043091921 0
380.667056426442 14.4507287438758 0
364.389568408672 10.69787860516 0
364.345561475579 11.1955320534046 0
364.843810491577 11.0398641172048 0
360.216375021287 23.2449598415144 0
359.94952882582 23.7746096837187 0
359.513845752894 23.4583174830236 0
379.661602615281 20.7796612019109 0
407.487242287689 14.6942250049637 0
407.508425244547 14.2390283421989 0
406.35905242787 23.6452261171691 0
363.583247368599 23.4132397792797 0
406.380364375953 7.52168143529027 0
371.804764272799 2.01150370406929 0
371.907046258168 1.5053475252132 0
372.300741576432 1.74990687260134 0
368.313682527988 10.7838922389357 0
368.474673059356 11.353322157413 0
366.677756283291 23.4282678411155 0
366.767512701609 24.11080753581 0
367.179445895357 23.6422278721137 0
405.690977182635 5.09335244991515 0
405.949013128507 4.73234768457651 0
405.246643493458 4.88912999975764 0
365.595970390214 23.4196085661048 0
365.626892929976 24.042383831995 0
365.112000658012 23.6585073326411 0
408.586003696536 2.12768806321585 0
409.088479412828 1.94311643180186 0
408.469814814205 1.49565991363882 0
408.91730813283 1.41069949583225 0
409.471920889331 1.66492851636582 0
377.054248554255 17.1559982136977 0
370.668381902364 10.9701658564201 0
370.77174479082 11.4845405988271 0
371.072977297302 11.1813578355948 0
406.647219420676 1.97851083655789 0
369.931691094169 23.7715134587598 0
376.918247433787 1.89807412035403 0
376.881021947348 1.49291118394595 0
377.36787596738 1.62113021137845 0
377.172927717774 1.29839793530651 0
377.752036415725 1.40925418882374 0
403.128270034351 23.5698445375468 0
368.782519477828 23.5285265656283 0
378.411594664081 8.81903094580874 0
378.356696522333 8.31300826535102 0
378.846758406071 8.33062771522953 0
412.98788827264 20.9735835668528 0
353.58374981009 20.0209697022875 0
353.647177316742 20.60058811108 0
376.436185201708 20.3024389528768 0
376.588511005418 20.9258015353754 0
376.812901793445 20.5594885300461 0
372.359437640784 23.3209210708002 0
374.952946400576 10.8570376677525 0
374.924379373614 11.4178943937278 0
375.256139651695 11.1166249587358 0
378.745868283982 16.9885110569599 0
378.584344725231 17.4102153659501 0
370.589808995737 1.97787256821209 0
370.105839599862 14.9759072926666 0
381.84615744466 11.8706014409659 0
381.794215922488 11.3237248330527 0
382.154171247493 11.556987007409 0
382.124520988766 2.09664950326403 0
381.994328702194 1.42124239023612 0
382.418790188512 1.8018611900348 0
375.641232700884 23.5636585839818 0
358.205562887463 13.8225570038929 0
358.384652907317 14.3099420565584 0
357.810444524847 14.1487444215145 0
369.743647874407 5.41311724039169 0
369.699338166686 4.88133553895309 0
369.191352892383 5.12964818233314 0
378.919500420064 10.8520119003619 0
378.86606298099 11.4582879476909 0
379.344307596333 11.157196680323 0
374.38091855766 23.3941452391215 0
374.454122690229 23.8861152067288 0
373.932486438182 23.549326470783 0
375.726887816874 2.02541508041435 0
401.526744227058 7.46405952146191 0
401.484106272154 7.95063432164779 0
401.026644837226 7.74376960229718 0
400.760214586469 5.10837597219686 0
400.608137605403 4.5943164591831 0
400.406548051493 4.87541670893632 0
400.593122148359 20.1887019926182 0
401.657959365545 1.8170756044866 0
387.504032501916 14.1434690834178 0
366.140167074932 17.0130719049578 0
386.904996741163 11.8500102348593 0
386.875398100958 11.2468237119239 0
387.328254154902 11.510223717727 0
379.640908874339 23.5498678495725 0
378.404571282857 23.4197835343365 0
380.498610262806 1.75890325087142 0
397.518688202346 23.4063120545342 0
397.686519315884 23.7840809491401 0
397.157841219985 23.5243629744438 0
403.924665631398 8.45643591733596 0
404.060598487733 8.00156434439887 0
403.551916609796 8.213942599828 0
390.804655084108 14.2021320812064 0
382.905601095557 23.5777094166184 0
369.372203203125 17.0206366619439 0
381.430684432351 23.4248002613485 0
403.006500934953 2.02348683410195 0
403.000320937805 1.56178943369544 0
403.415239239481 1.78967237392053 0
371.538640418159 7.67640099239567 0
371.842215950231 8.22351844378901 0
372.089270022192 7.80333645050264 0
391.963199123084 2.07742981182115 0
392.072527562823 1.53110028546046 0
392.300152736097 1.84378974771781 0
385.972758936625 23.5016968032942 0
405.993399420719 17.0639192150408 0
405.893032386365 17.512048491753 0
405.280267808084 17.3138118661223 0
394.426223291392 23.2059122826621 0
394.453240766548 23.7953979254118 0
394.009401788049 23.4104426471626 0
394.722840107626 5.2525757486642 0
394.865260975009 4.81098801559981 0
394.346826035098 4.99045587307005 0
384.928278772411 23.1510665499726 0
395.101575438973 20.2432250421737 0
395.752282078607 1.87514298764486 0
396.823555466031 2.15917589495858 0
396.897406761237 1.57308689988534 0
397.279131011866 1.74814158143009 0
397.376983990399 1.16024543063949 0
397.858198916006 1.56156710692041 0
386.723010474046 1.94853799776112 0
379.149670016985 14.1455544780361 0
388.447452512193 23.4075201958666 0
403.362790970947 14.948770143154 0
391.418567381522 10.783644029442 0
391.321464914002 11.4042819487257 0
391.728779880964 11.155091796342 0
374.626156983392 5.21168660438061 0
374.741718797778 4.77443381610878 0
374.241563863435 4.95384978808063 0
390.673333171646 1.86880831868831 0
390.678361444775 1.36290970664329 0
390.228475169269 1.78711439181405 0
392.388970663698 20.2887899845201 0
392.639359156896 20.9793673829308 0
392.871515953835 20.5670600947003 0
394.911361349495 14.137965696012 0
390.385153713553 23.2994634097983 0
365.683724643329 7.82252545910059 0
402.827247008012 17.0970828414529 0
402.666221381141 17.4935776207992 0
402.198909415803 17.3646368683944 0
394.23013239327 11.9196271204453 0
394.031298967938 11.5055186727419 0
394.689427793973 11.7153824223173 0
391.47294010083 23.3785250672786 0
385.911711165392 5.18083666695808 0
385.813658753389 4.56558253923595 0
385.42667318422 4.86935745285251 0
398.819507335274 23.270459468609 0
395.692088388692 23.2915978390367 0
389.666894908352 5.12687842388924 0
389.93339480803 4.76645908892383 0
389.219956240364 4.9155199808293 0
411.513850042899 5.45697343070879 0
398.41369795196 15.1689494870209 0
407.54034489177 23.3044587011887 0
390.919782834229 20.1650870284274 0
381.685585856345 7.53912206929771 0
381.926456303334 8.1497270452299 0
382.397600619392 7.86767356433915 0
387.735947174753 7.61509054431581 0
387.842226454356 8.04330880658543 0
388.312046686387 7.91838011136642 0
401.254527325578 23.6004311777445 0
404.35401038968 23.6031255008738 0
404.481471929786 24.158831210775 0
404.909796896918 23.7241002474507 0
391.804491686562 7.65859315739994 0
391.804985976968 8.13862607740218 0
401.150708180322 18.0215287815306 0
401.221986231609 17.6192829325665 0
386.107121011494 13.9263642819915 0
386.018782899943 14.5329573842994 0
385.737663107004 14.2496627298528 0
395.376952558225 7.51766513845695 0
395.347132208053 8.07938810901965 0
395.064152481482 7.78300987989324 0
395.035178898233 8.30109200814282 0
387.691403835692 20.0608388221391 0
389.361652607109 14.0900267896591 0
384.902173552153 23.8030248645641 0
384.456849361873 23.4093757851851 0
399.142374916594 20.9151908949185 0
379.778196683852 5.14759540670447 0
379.745038071767 4.62501260409649 0
379.448458159836 4.90335544015322 0
395.826672970056 18.1479970569342 0
395.714809672872 17.5783272608338 0
396.171635172143 17.682889447853 0
396.648475588706 14.8847545434025 0
393.536236038613 13.9994638592073 0
385.210812800017 21.064727128199 0
390.935715988016 21.4280211442399 0
387.765255917308 21.2299012190188 0
398.54509903866 17.0009414206761 0
398.366247562807 11.9078798929519 0
398.371205137645 11.1589418133023 0
398.810880637765 11.5348864514699 0
382.22919472457 20.0873955521486 0
391.710565632262 18.0645650637937 0
391.726083246315 17.6299026498614 0
392.160590866893 17.7626380141877 0
398.138460394468 8.56300601406316 0
398.05480987347 8.05704246914206 0
398.420976025274 8.28833848907859 0
398.534249582016 7.85708025268323 0
399.067561024631 8.09454725128883 0
392.78532315248 11.793161832766 0
382.270606280498 21.2080343567229 0
383.204041498041 14.8737773792249 0
383.144712050562 14.3222336109356 0
383.56143009709 14.4569310735654 0
390.417762003646 7.57358715017607 0
388.58164359885 18.1629701681642 0
388.495993400462 17.6434556174625 0
389.014789258707 17.8733960583797 0
392.61593720932 4.36494762219615 0
392.575199651301 4.7543491902988 0
393.089680498538 4.65141273136412 0
395.09299523008 21.2125867382605 0
396.986228163167 11.6381242309459 0
397.063768935842 10.9900097433282 0
396.623453200801 11.2898216051199 0
410.813049331012 23.6963532599081 0
385.68915816103 11.6236647625093 0
385.484184719501 11.2003802999022 0
384.950325775312 11.5435756875478 0
386.085446126887 17.9878239187101 0
386.129470374272 17.5199265123772 0
386.513164728348 7.42782819388587 0
397.859161917879 4.46437057261607 0
397.5792345883 4.84434776817382 0
398.254194010052 4.69083254976246 0
380.655041403842 11.7069294247993 0
377.572275096247 4.34948074233432 0
377.557597962075 4.69917269744238 0
377.995540566002 4.61924156524201 0
400.963737354657 11.8542756807936 0
400.986509076659 11.1646229007997 0
400.503627976503 11.596674780107 0
400.596137127924 21.2398389531019 0
402.577701810387 12.0433803194337 0
402.488083149531 11.5386947418557 0
403.103280869167 11.6646207092027 0
384.81649703375 17.9763884658198 0
386.724787147695 17.7016927035627 0
404.195400509917 11.8636890675787 0
404.239327336562 11.226431147563 0
372.464289880625 4.4617314136125 0
372.556020672457 4.88348341996638 0
373.006075391731 4.76506026318967 0
407.892413232969 7.41494984071745 0
407.993898590645 7.96888619015301 0
408.451471456491 7.8048794978226 0
380.47028514796 7.60835661672651 0
380.410480044705 8.16721575202171 0
380.077499476004 7.83905611294225 0
377.58414274247 10.595992015059 0
377.606138880383 11.1196767434765 0
377.048028189783 10.9762141972158 0
377.820165193243 14.0291614971554 0
362.535785191319 8.36354635444175 0
372.443753652446 17.8751286171373 0
372.346058009416 17.3748130525993 0
372.74669228192 17.5407422292123 0
405.794330709263 11.9244871297087 0
405.562072647951 11.4121825897634 0
406.017254116172 11.5993620364994 0
403.660313967989 4.40557407086427 0
403.741260117467 5.06647529377623 0
404.100175421806 4.68833232864803 0
375.253235822035 7.34377262552626 0
375.335234084075 7.90897926244674 0
360.762264418508 21.0124901864458 0
360.76648853281 20.5512381339852 0
373.53451405067 10.6789064381703 0
373.484492475003 11.1336930902997 0
372.891252693139 10.9125728942666 0
374.214376342836 17.8183260346475 0
374.126083339282 17.2341759056289 0
370.273589467816 21.0840317239347 0
408.472871550323 11.6770591181338 0
408.528843657061 11.0983611732145 0
408.100058979252 11.342237796095 0
363.685999928283 17.7956990101482 0
409.689244094501 11.8722770170674 0
411.791774285571 20.4330331442669 0
360.542220817417 18.1303201820291 0
360.245232113501 17.4764057928432 0
360.790275557707 17.7397508184207 0
368.609911105715 14.7233631065977 0
382.910134958456 24.0557382187281 0
415.364128121339 4.41494134732285 0
410.519822937225 14.3085485095227 0
410.514973490297 14.8295327742082 0
417.328368896912 3.84004982305886 0
351.682530517154 19.0324522008305 0
362.26628902492 4.30718882108704 0
362.178925201928 4.70287683482626 0
361.767579025618 4.51868661866102 0
418.536207468363 7.23746404141961 0
352.108831967917 15.9198490447882 0
358.584160547704 1.95322862609651 0
413.779300910625 11.9475549210723 0
359.225239693649 21.1342113844215 0
359.137568321605 20.576590266909 0
358.637701494281 20.8262062993352 0
411.004066118159 18.0983967411974 0
358.586409109914 5.24343252212534 0
401.083034160016 8.33028831424688 0
400.499798083635 8.00418875569836 0
348.427714961484 6.45070193633617 0
348.489293350793 5.87199027674633 0
348.073235948717 6.08560540770346 0
351.787978578086 17.0487531292435 0
403.737324348481 20.2261193534091 0
346.796553853179 9.88099121222684 0
346.981263505239 10.5318037130732 0
347.516432768114 10.8163567580033 0
346.916445553587 11.1860256156401 0
346.410021050576 11.0637518217745 0
347.517395082092 11.3226222024291 0
352.19235090347 9.41407072946056 0
368.759226539979 24.003784064322 0
357.575216276338 8.68884517986396 0
384.774805318852 20.4817797089273 0
403.870921272673 21.4088008331013 0
357.515043038445 11.508604424391 0
414.469562203401 14.1977248436508 0
381.579065517393 23.8348159545008 0
381.105510087341 23.5749339366324 0
399.482131008707 17.5336775545071 0
399.852838158681 17.2307711018248 0
401.248496833203 24.0727156539578 0
401.658691122865 23.6487175756441 0
353.511441016967 10.3824941126922 0
348.791493962465 22.7061113827795 0
353.874644033906 6.92688926412981 0
338.259838895825 23.9578788760049 0
337.911301182218 23.6101088215562 0
427.02536402737 11.6182960655085 0
389.498930004756 14.5489940709934 0
388.953203965879 14.3275167655019 0
378.379582872077 24.017097492065 0
378.071029034251 23.694178448658 0
353.530444630995 10.8571264887847 0
352.317948278124 20.331231336209 0
351.828004711465 20.0577991738276 0
364.764153195845 8.41205212288866 0
336.808609374832 13.3253959580725 0
336.954766000414 13.8945497708329 0
413.334157784464 7.83571390867257 0
413.866499249023 8.06015891727736 0
380.574037688049 11.1464480174026 0
349.272767504281 18.3171333620394 0
364.607331095319 1.26164019829141 0
392.87232269894 11.3334757782969 0
346.457904077963 22.7982866463826 0
350.413610484109 17.0379517357115 0
339.373413327545 24.0086760961507 0
407.000662664166 20.2363576653354 0
340.600261138123 18.3621017766094 0
435.393575613145 1.48360226250722 0
431.475624853432 11.1563656828565 0
407.07418165092 21.3908867395793 0
422.088397009809 15.8353190366698 0
423.338132848736 17.9913253138069 0
418.275904785898 17.9378708295415 0
397.630551319456 20.4489278500969 0
398.214467105904 20.6502017260678 0
351.181686627625 9.56002499664523 0
409.126004088405 13.9464202907143 0
346.907369385066 5.36961952870944 0
346.96458564871 5.91292996327966 0
346.482849349991 6.50930213199242 0
346.999308478364 6.45859129161253 0
375.876375253666 16.4643965410011 0
419.979778899867 7.59400077530194 0
364.71385210663 21.0760562083525 0
364.342905490016 20.1142905428183 0
427.763576036255 20.8909368590175 0
427.862506508155 20.4341810259848 0
348.030822840492 15.2462663542689 0
401.806568982988 8.87614637784242 0
415.434292917011 4.95916385199736 0
414.854588584587 4.65198665737126 0
370.117580148737 24.3246376992641 0
368.040157906804 21.0347045393547 0
353.248276351094 20.7817311297912 0
419.682162113175 1.40857974279037 0
419.263822672463 1.30441366765076 0
367.573136909335 20.0595893467498 0
390.177000506458 23.9370554195051 0
389.645675942902 23.631644788826 0
375.417366535481 15.1018479099522 0
375.498972320446 14.5374543148255 0
363.677338560113 17.4487437965536 0
364.124570242585 17.8206067690575 0
407.711127799987 23.9641421098886 0
408.033418154307 23.6626961028994 0
428.244615230214 23.846833274965 0
428.752304230503 23.6566669937374 0
428.820739960882 24.112072957436 0
429.266482675022 23.803595637149 0
431.304467719566 20.2246793699555 0
373.487250828567 21.165169079995 0
373.994545676551 24.1088732971744 0
373.410413565502 23.9848013992736 0
410.284247908823 20.1337003930156 0
427.487772778549 9.99607397077703 0
411.834952276678 20.9218535179212 0
336.590024187775 4.73812451686819 0
373.095129501966 20.1490167715364 0
381.062976139151 16.468986143704 0
403.395223230688 14.513652722842 0
403.812560150304 14.5757080571937 0
410.197662973337 21.1875748597944 0
370.573700683143 1.48164502853596 0
370.090264556505 1.46039711862503 0
429.04685844126 4.55160207749714 0
377.550276618241 21.0345607198164 0
350.060319722539 8.92958361518689 0
366.517161321629 8.33809352525762 0
408.847435647938 15.0556771267914 0
413.095084728861 16.9471816066861 0
413.368858544846 17.395513808968 0
380.919820037704 21.0904120111864 0
380.410100029994 20.0416493181256 0
342.506185952373 3.77727291578887 0
341.827661042452 3.91809962013191 0
342.303387412213 4.23957731562233 0
341.221617533272 3.82779002591664 0
384.145335747003 21.0265790951846 0
383.653210516913 20.0859483298779 0
375.750041331512 17.9942342775701 0
340.618068252706 23.940137398595 0
389.553024781583 21.1191591898558 0
417.961807817179 11.6965909428051 0
412.925516345458 20.477610263552 0
389.098433561033 20.1208184205228 0
344.233693859187 4.71820949720319 0
343.711597024056 4.95683700599448 0
350.515884070456 16.345941559283 0
393.674506647334 21.0749441558038 0
355.568116848352 18.078734799455 0
417.346361495803 4.99007284046701 0
367.609450206822 17.7766887777009 0
367.87598848219 17.4150984308905 0
397.065011117952 21.040854208383 0
357.465092517531 17.8330394034421 0
337.407534460022 17.9333241567397 0
396.488685715137 20.0743286704189 0
337.691290133113 16.3045963536208 0
336.988042156819 16.5566299357357 0
337.035451204412 15.8586226756366 0
428.339210086831 20.5855935002621 0
428.4968329911 20.0830288551273 0
336.757666846957 8.31891301947764 0
354.785912286604 4.17528564576308 0
355.238092339946 4.29590430377733 0
421.369303318142 24.004430340801 0
420.986291222356 23.8421227570919 0
396.394867075127 7.96864650410544 0
397.010240060158 7.72901163857506 0
359.083067732222 17.8469613723817 0
402.476304162493 21.1073320724202 0
410.677535926723 8.73428429023798 0
410.18593356823 8.41038042647089 0
410.074816255412 7.88630763382567 0
409.868133712419 8.2250101253924 0
401.949700626035 20.1030554635934 0
402.853850643288 7.6616885118345 0
392.317893731113 1.24101286433768 0
392.724056315808 1.61157609672188 0
382.361717301388 8.42874571346368 0
382.833606460585 7.99873591568796 0
403.165979457171 24.1200745832963 0
405.860363023037 21.1711509531017 0
406.387236385858 24.1578905518304 0
405.256036146447 20.2389482878442 0
409.412020386274 23.9986015268022 0
411.0852974765 24.0289822303275 0
411.351673559616 23.791823261437 0
352.819257582179 4.30790585091815 0
437.364813107925 7.67486304262855 0
342.569346694899 10.7950411967288 0
357.356152447334 24.0300357919057 0
395.741391325652 1.30452281549641 0
395.322216359649 1.5297306794126 0
350.461907503446 1.95416325552387 0
378.853761934392 7.79667424273955 0
409.056504909077 21.1543056665028 0
377.328213274204 17.7357397800037 0
408.26783617543 20.2112413448543 0
387.598269235923 14.5920701211833 0
422.730052367185 21.0765211847549 0
422.334835388727 20.78880756713 0
395.824529129279 23.971071963612 0
366.089282646921 17.5501346016264 0
365.514880392498 17.3865474753808 0
414.384816058774 20.0575270752463 0
360.678932588428 8.17131339894022 0
361.146663512203 7.99199691389432 0
414.364557505007 21.2059704380225 0
393.602365593843 20.4783109794853 0
338.077797531513 6.60550163499333 0
377.439896553083 20.5043670078723 0
380.048138794072 8.42907613434237 0
393.648099983232 14.4901935981026 0
393.088827677842 14.2693268243678 0
434.030169039274 6.9099534459463 0
398.878238938115 23.7998460151556 0
337.219530399103 21.2590944517057 0
336.88169986489 20.6526316069539 0
341.327769718679 4.43879774207797 0
372.395666863392 23.8897730701438 0
386.550022576014 1.37086424023731 0
386.212086744443 1.71462984474743 0
417.952885721774 14.6951105506824 0
411.566831703571 14.3757549683816 0
362.472583576135 7.73193331157561 0
345.63090993468 10.2409537842795 0
370.051614340398 14.3512633399751 0
370.728677830306 14.6814426381712 0
353.086533615089 10.5107194298003 0
350.354344391854 1.39775254782023 0
341.629824699256 14.9815667488933 0
350.27399157235 12.4078118781763 0
419.717037782882 8.48695389944812 0
427.836392427926 24.080492469462 0
437.636887034326 1.99540153440015 0
341.936925673881 23.9194421431993 0
425.335562836221 20.5175690854121 0
430.714234931612 6.09118428116597 0
361.375868579061 24.1568290812967 0
339.110754415076 1.52424739432924 0
344.329975602801 13.8626640578162 0
420.708882069115 16.5127731913415 0
420.709499345925 17.1391742002494 0
437.449282884171 9.30256897380552 0
437.635741669342 10.1162251918895 0
437.041668566068 10.8649946641609 0
437.810369633649 11.2944310393725 0
351.486444914518 7.07574109298822 0
336.848801081058 18.663389793891 0
336.320720643408 22.6238800227064 0
433.557845038771 7.41745165248117 0
433.46363254442 8.10749904373339 0
432.836581300768 7.95615538833297 0
432.788721303956 8.54423998874214 0
432.09425625569 8.43991007572218 0
432.463634824526 8.98300166519907 0
433.006993393387 9.38838020477456 0
432.391678432617 9.88047395586316 0
363.625783216783 1.36013162862493 0
363.195332313554 1.7580349163355 0
416.508699961404 10.9798098847093 0
416.022270368424 11.2087178825894 0
375.61877040914 24.1394647560629 0
375.976756170283 23.9687187403653 0
425.642608380302 23.8048914783405 0
405.275118367724 7.66478044340165 0
336.404424308498 11.8042575514679 0
367.016164162826 14.1191952383291 0
367.509291525637 14.419626046594 0
367.858073697613 14.146234414442 0
366.313792506342 14.0579438274669 0
363.494673113699 23.8840709665431 0
338.298141312352 1.49465273347023 0
337.691761050227 1.5742027194656 0
339.234142573656 3.10016503405681 0
375.61988077197 1.40409042896028 0
375.091663574288 1.67012450911316 0
435.249601228253 16.0987284278067 0
336.653356272451 17.9863897556554 0
425.976519240481 22.6052423113818 0
425.893638884039 22.1358552804148 0
413.294780704216 13.8713936473961 0
361.287668735147 1.35643854442724 0
361.666071762609 1.72828632439104 0
344.144359797352 15.5435386126222 0
437.596192147529 18.931844238042 0
423.476239666592 1.26908738640991 0
390.655632792509 14.7680389353226 0
391.037762486709 14.5291046936506 0
358.648019830582 1.38330827077552 0
358.157257071148 1.79447961214786 0
422.495990064282 1.36427462234124 0
422.257312609524 1.72910090161147 0
361.708317134495 1.03162860568946 0
362.10155721291 1.47421996106298 0
362.20690106829 1.91649119904234 0
336.491302045003 11.1451963858861 0
372.970647615826 8.41662928794108 0
341.303105955344 1.34831164491625 0
416.879499624305 7.48909340311061 0
416.40424493311 7.73649689901374 0
360.842667595601 17.1540551899355 0
361.363703889797 17.3587590417435 0
412.720016601504 17.2801190070179 0
395.315170613997 24.3300690989053 0
358.191285395348 23.9942489404848 0
346.885361634576 11.76451424023 0
415.79116482994 1.36427101138119 0
415.321393664677 1.57463950682978 0
412.982067927583 17.6357364540863 0
412.314360855368 17.4553232770068 0
406.783382578273 1.55209597541004 0
406.194730255337 1.90811091631619 0
386.185585021437 23.9999813881152 0
363.228136938307 1.31728846487343 0
362.872961209436 14.185715414377 0
363.412475917965 14.5186983155283 0
363.700543976034 14.1895249243401 0
362.09675986459 14.0368252839898 0
422.739816232231 14.6843616593799 0
423.275859855407 14.4234331975674 0
369.322592980282 17.6055406506798 0
396.287600309332 10.954386009892 0
395.887328220372 11.1952461419688 0
400.510272600635 10.8613759508783 0
400.084483794502 11.2108834803831 0
413.10511683994 15.5333556030285 0
391.769982816476 11.5974312347064 0
343.337362427501 19.8912210633428 0
437.02190447694 4.7179942237947 0
437.523341542341 5.07586037677424 0
384.992326802868 10.8960493203505 0
384.649347652877 11.2413608539363 0
368.687680943848 14.1495380144938 0
403.370661832059 1.28553194644052 0
403.750755194146 1.49648768817789 0
382.038839597936 13.9988467995136 0
407.762316621749 10.9821709228445 0
407.338934031958 11.2183747911456 0
379.567953496041 11.6406922588787 0
367.866598980089 14.71379062343 0
424.024689118229 1.59046717206989 0
375.401752191122 11.6827458425866 0
375.797692753539 11.2777437245824 0
372.276865046397 1.24728927202138 0
372.637973133138 1.45721614742282 0
379.611071801091 24.0375345287828 0
379.132389356021 24.3575664609179 0
410.067263171646 15.0609947749621 0
406.097656378659 11.1306082674538 0
404.679223609161 10.873639450182 0
402.908213991954 11.0449571529253 0
340.102838797992 8.09565525872543 0
340.675117139047 7.94334536269607 0
401.43544058257 10.7099266699269 0
410.587332201027 11.6932899079312 0
398.929306013295 10.934027847091 0
397.789160086818 10.5061171369755 0
394.639380355934 11.2091020429738 0
393.691794575675 10.5112749326103 0
407.485575975216 1.46369833236464 0
387.302729036506 10.922324777352 0
387.741645807164 11.2059894857797 0
386.174288556058 10.3347563732817 0
382.190307687101 11.0284547041773 0
382.513646875111 11.2926588598302 0
426.615370051424 10.0408553642781 0
371.257030086728 11.7147924516845 0
371.637980569463 11.3136942285318 0
381.393633793168 10.4567033509726 0
415.394911438941 1.25925553114607 0
414.927252063466 1.47871752586537 0
359.474944327946 1.37990381840224 0
378.487946103798 11.7538693907454 0
396.066930094193 0.953444929129326 0
377.213363947527 11.5459481645989 0
423.576810784291 20.9858337273666 0
381.362615709006 8.49327094626616 0
374.504556340348 11.7508109585686 0
417.007549006446 23.352199625318 0
417.147977202428 23.8822004051655 0
417.535536283207 23.5763290669574 0
373.081890866647 11.546551797698 0
378.015990333404 24.2157379879844 0
377.628510659211 23.9973272948107 0
424.053378716034 20.6919905366764 0
424.531652909286 14.0223210541548 0
370.371025111018 11.7968823950864 0
346.972403373665 23.4300406676832 0
346.952166102836 23.93178886399 0
380.63677373799 1.36107718998571 0
380.08163880357 1.5503465063503 0
388.300010935477 8.45331579768762 0
388.83149263684 8.06867008493278 0
349.884415248289 24.2640341751267 0
349.284929631836 23.9046535997427 0
416.95127238503 20.4177513754329 0
417.441529640341 20.5562557988255 0
433.518305109008 20.0252775507607 0
432.802195339817 20.2315666739458 0
363.744276231664 14.6917789561755 0
364.032573135259 14.5038851878658 0
349.440118154748 9.06133939448316 0
421.179673028239 14.2099265896684 0
424.636392441476 24.060459745793 0
424.228409333201 23.9799464468361 0
424.111587260208 24.4548764414324 0
423.820935199432 24.0677668293639 0
423.714591597014 23.6860693234495 0
377.138619170477 8.37979528987689 0
364.90134400977 11.4763652159086 0
365.450909056163 11.1983832211868 0
364.132431971189 2.77036822902737 0
388.534658373717 23.9431135282065 0
388.18932792885 24.40877141579 0
437.613095551668 2.68110963078295 0
342.944255511301 9.96286038542736 0
342.85686319236 9.41587242463529 0
375.798777904875 14.8771688175654 0
375.910594217394 14.2602221556764 0
376.214081102841 14.623194778261 0
336.56378782147 23.4115489479091 0
374.230084542348 7.54515051294459 0
398.662980153911 14.8044520989319 0
399.101163289041 15.0971735925638 0
399.232935377734 14.5987293795876 0
399.671892566062 14.7230839576993 0
401.704452080904 1.34380035958441 0
401.195129454005 1.63939628146906 0
402.242200509624 0.932592574416094 0
391.999459565328 21.2013876131494 0
393.914995824307 20.09303082785 0
429.294867506023 23.2940164446454 0
429.72324726324 23.4501846153162 0
434.609020702186 6.73677188989765 0
369.279797043656 7.70651288841393 0
391.570247496377 24.0163508816776 0
392.107920451441 23.7636187977405 0
394.770012167362 14.7682670352002 0
395.196890352271 14.49677486373 0
388.728648950594 17.2249557511707 0
389.252658135246 17.4751608577081 0
336.286976743527 13.6412796289679 0
356.89400889586 17.5391114031845 0
418.388845202062 20.0909464543148 0
348.613123308274 3.07930951193181 0
392.191083008042 17.319865847565 0
392.633682778145 17.4573435154775 0
376.505075690533 7.61885514483496 0
395.978787721204 17.1380597199229 0
396.440254828896 17.3582821213736 0
359.705213715129 20.1648692590112 0
417.503718354254 24.0837434561272 0
417.860324787489 23.9022038459172 0
343.307785720953 9.19610979977287 0
342.744656656669 8.9234561106389 0
342.280831349269 9.15383750405686 0
342.164585204885 8.65900661176949 0
341.685663168571 8.88079203867929 0
341.592949583984 8.39332815346546 0
422.725904151106 11.752334721366 0
422.718508151269 11.0164869410804 0
398.635062647864 17.4848940973583 0
398.06492664455 17.3572877803517 0
379.32771528022 4.39280232253492 0
377.997434751424 5.02475193122017 0
359.5613740896 14.6967083538329 0
359.988791003157 14.402012593093 0
374.293679186836 4.41820254634962 0
418.052504281351 20.4038204764432 0
343.081227917907 16.3876649267458 0
373.21773397892 5.14923465088575 0
385.402907094684 4.37417145023125 0
384.816431633277 4.74789007489216 0
402.153767586834 17.7984133593116 0
346.994462859738 20.3400084110827 0
389.383823173525 4.49231583959831 0
388.839454290905 4.65783826540174 0
381.699772113948 17.7130326982742 0
356.881624755561 23.8807061197447 0
369.237719722665 4.44976273618565 0
368.813834279781 4.83651569539591 0
348.910988059429 5.70588784013326 0
384.745578772225 17.2791024981603 0
384.30966268428 17.6066169515314 0
393.122181234513 5.09081237097256 0
387.537252623534 17.6051688933858 0
405.603779653336 17.8975041493102 0
405.05023171928 17.7741973110832 0
420.198548476226 16.9334631340506 0
420.211858027155 17.4066569561549 0
419.753589926847 17.352356229147 0
420.844907458126 17.7159845640824 0
349.265464972588 19.5141671546894 0
349.25754450602 20.0498490287921 0
394.42199207101 4.44359179327174 0
438.00505196409 3.93432533491485 0
390.784265868372 17.7218392819541 0
390.274409810148 17.7168747416487 0
398.111420065574 5.11068411636294 0
398.559308078314 4.90531036525194 0
381.183876418544 23.9731944010764 0
434.846306260648 1.80555671328788 0
437.036654212765 11.6628347916279 0
361.762542602802 5.01662426304523 0
361.181400759154 4.79540796357588 0
394.91075841178 17.4302325148911 0
394.377301215446 17.6414183582533 0
414.893736007658 1.86727400131735 0
414.507203254089 1.82205637053715 0
348.453570495181 2.23692450984523 0
347.906017452851 1.9855157013911 0
347.767263085181 1.44805995497941 0
347.319955884788 1.756121771738 0
347.266666016343 1.26548853892268 0
346.851418716859 1.60289963067932 0
346.82441642657 2.11606231299379 0
346.411529942631 1.9635530738816 0
400.205474250502 4.38564739680213 0
399.934949246641 4.73654237436633 0
354.342784964027 15.9152674372103 0
356.100653614895 7.23024929283619 0
400.602903630509 17.2739116029623 0
404.252483813929 5.24660083064414 0
399.731275590338 14.2641581801404 0
400.222990885645 14.3374199506554 0
403.100650328906 17.7345549854493 0
363.994554595127 17.2796666497799 0
364.480567346907 17.3075044244928 0
358.626211494994 23.6736209955156 0
358.606189096995 24.091249539762 0
385.761714388029 24.2643066565909 0
405.393960175841 4.44598382361516 0
355.336954978096 22.6082196836422 0
409.752673655547 7.64198090165815 0
406.370104704596 17.8642362902463 0
351.569439651503 23.0383727712579 0
408.267703848369 4.94936637016383 0
408.717374437781 4.71814161646122 0
366.011778398775 5.29332390198973 0
366.401799994993 4.97516088196392 0
366.419796453995 4.24527225471219 0
366.796061696714 4.65462591690382 0
366.70780230577 5.34623520078936 0
367.113810758232 5.06752157690752 0
367.121225475847 4.28396735998667 0
367.591463707267 4.70156888875763 0
367.746356895433 5.31228548357923 0
409.211669962067 23.6159328853053 0
364.050460482565 23.4553603235005 0
364.049722949291 24.0917131927038 0
361.774788719311 23.7404060765788 0
361.747619483537 24.1674678747668 0
368.854156217635 17.5108172454041 0
409.40220140871 7.92079501582482 0
409.251759957624 8.44344461813577 0
359.04890699141 2.68382310074699 0
368.296491004888 23.7560130658123 0
368.405112665998 24.1169747982983 0
365.220611449476 10.882841076011 0
365.835148902557 10.9231557296067 0
368.798876486735 7.85655281780638 0
407.047522147341 14.5654440078516 0
405.864960625361 23.7101279511436 0
377.635103494151 17.4697453678167 0
372.778130948424 1.95094576279212 0
373.157156047694 1.838107268774 0
370.433133015281 23.7034312066129 0
370.583747503127 24.176731530232 0
371.626894090269 10.8918594177398 0
377.710242388203 1.87213025912432 0
378.214517956184 1.73812519557977 0
402.616985046239 23.7915908188108 0
402.738573898671 24.2492447646727 0
380.170147308916 14.2123837035515 0
375.789446021116 10.8014751602638 0
380.712434835384 23.7748677775408 0
380.62022248608 24.4600169758812 0
382.62424579978 11.6897653893594 0
383.140207426954 11.451310939151 0
382.940350165115 11.0850486365571 0
373.487549076632 23.4233888519528 0
400.074428964789 5.12750090569775 0
400.599027901542 7.50423989640202 0
400.28103840886 7.65115239928543 0
400.142737755313 8.25914747325046 0
383.371736495298 23.7044114336053 0
383.593138529817 11.3413929405197 0
383.737511118694 11.8229714310113 0
388.019269733222 14.3485642760464 0
387.770243293187 11.7577496722952 0
388.100224911048 11.4672044537249 0
388.1576230732 10.9244735889304 0
388.56198308349 11.2605153379008 0
411.315973137571 21.2513116101392 0
396.22004031362 23.6632461508751 0
377.45403809656 23.4711054559745 0
376.986017676587 23.5004980836789 0
389.03179729014 23.6612743253215 0
386.750091802835 23.7863473320749 0
386.666769398728 24.3450741226486 0
380.604745171861 23.1781594147256 0
403.909161044924 2.07757995686739 0
404.360952076356 1.93627109859102 0
392.848502555931 2.20520155962578 0
393.248962838829 1.68895455628438 0
393.27831993709 1.22471397933486 0
393.730403710371 1.58166038929615 0
393.786111236192 2.17485278361369 0
394.283333196569 1.73885595551212 0
378.61683215242 16.3382204421812 0
397.915256702278 2.06801087412274 0
398.375568009368 1.81733890849243 0
404.785421213826 17.1537961158206 0
404.526681964341 17.501448643828 0
384.841749847691 5.24443460173826 0
384.409879421111 5.02304270927905 0
384.419253349684 4.4132327021221 0
383.974012766527 4.64843492569512 0
400.15115465158 14.8893311197022 0
400.666929362352 14.6309361673006 0
388.888139048953 5.20881028925129 0
388.466064601069 4.90603921974108 0
382.77278140619 7.53497345091567 0
383.286402401564 7.88741899998064 0
383.280757165432 8.43411436328467 0
383.734218802778 7.98687828939129 0
383.672182284445 7.54052802525926 0
384.182671301634 7.86660297807071 0
384.182985558574 8.40638740638533 0
384.627350344751 7.9919591413681 0
384.575886017693 7.53205223675758 0
385.02197000012 7.97096532279831 0
369.449689412568 10.6072308368127 0
369.374080466927 11.1765101335441 0
383.701391571184 5.09272647014112 0
383.228852269559 4.83576386318126 0
383.427782440953 4.47404439657938 0
382.787142812086 4.57584250331426 0
388.727297394428 7.55096743523701 0
389.319950921392 7.82069331951915 0
382.9363778506 5.20769001695115 0
382.470931298398 4.91020100908727 0
396.728217960234 17.7824078426058 0
397.141576831763 17.6395196358132 0
392.631669263201 17.9400869798345 0
393.102061020165 17.62158525933 0
393.115552258603 17.1985868603215 0
393.482291782693 17.2924563069965 0
393.60289505365 17.7076570006165 0
389.453027699639 18.0244095253056 0
368.78047206147 5.32998307829405 0
396.084591258187 11.603347830224 0
395.600823511535 11.4526393074263 0
395.519488789076 10.9690635030653 0
384.494149252622 11.867649134237 0
398.823453812542 8.48305003291565 0
386.385823830731 21.0169488481034 0
398.575459788009 4.39715664309961 0
399.94665059604 11.8754988284454 0
376.73269470516 11.2787471767301 0
372.575557831504 11.2732005563503 0
399.633399939491 11.5288663234466 0
399.678345551962 10.9178370869561 0
351.239356208001 3.42664990748958 0
376.718116087097 10.7562388099527 0
403.796440690234 11.5713255869997 0
403.783411616722 10.944116042906 0
372.46959243971 10.6906963819305 0
407.541105558528 11.6503315868948 0
364.551979848387 17.8097818098132 0
354.337318300607 21.4263991022342 0
361.374215436809 17.8985812878648 0
361.85873716418 17.5446136992471 0
373.655348713057 17.4300291982939 0
373.700723105926 16.9990000489521 0
358.681646763836 20.3137418662265 0
358.073226483235 20.6483686340528 0
387.395292018422 8.29651167629145 0
434.881738449954 19.5328281921235 0
349.905709958442 22.4262313101544 0
407.025053062043 11.4809495026847 0
406.962591804752 10.9694336981257 0
361.446201950717 21.041030122311 0
361.327832293339 20.4216467286855 0
357.730132464067 9.09217102579154 0
411.541786932211 10.8360695281594 0
411.509752808285 10.335272463672 0
411.571615206899 11.3330581978334 0
347.966009528581 11.0581051839318 0
347.995916096996 11.6760394537394 0
361.334071670428 4.34354140218668 0
396.556373780874 14.1053361209921 0
358.264675100029 21.1993319421224 0
357.709850028326 21.034130496357 0
357.584422846732 20.3187247366682 0
357.253419247719 20.8036620574017 0
411.093411614721 9.30842365476347 0
355.1471148093 10.4353424114284 0
355.171114490242 11.0961977194285 0
436.335265104294 20.9698561784451 0
416.005659571621 5.12413208929955 0
360.714074316647 4.55582329207181 0
360.915069901037 5.18973576275348 0
364.124286542033 21.1231140570126 0
365.066657521096 20.2285350811547 0
412.863382080263 7.62766708468457 0
413.797716507373 7.48561486325176 0
414.339854670583 7.98675545516727 0
414.327273091159 8.47316787026418 0
414.758620942339 8.1373607193722 0
413.401341456971 20.1348556628892 0
367.349716630649 21.1012684972065 0
404.532632801076 4.94718426615514 0
404.478483266446 4.37154870695249 0
368.274230475898 20.1740294065028 0
349.843468750116 20.2541344933156 0
370.320475912581 20.5933565451254 0
355.308434031186 3.87638539337967 0
355.74268781114 4.05942313266474 0
399.469324879653 4.91028637339113 0
399.392989580796 4.47478136041614 0
365.656201556881 17.9805374655745 0
372.849100476713 21.2136850413885 0
386.45310643785 7.93596418822865 0
386.057013182109 7.6565930106547 0
353.952330859031 7.54428190160034 0
353.599380424824 7.29035302434556 0
353.292080090975 13.1682112642184 0
400.664334097964 14.1855833146427 0
401.115586212628 14.2202913050724 0
401.047810084956 14.6968761862336 0
401.610732214219 14.4386186666338 0
393.666984184814 4.93575140275218 0
393.598763085965 4.51812752806786 0
373.811188307249 20.2387864126606 0
414.764690412938 7.60696264136614 0
415.21543522828 7.79592051333821 0
426.368900241319 15.5171159286416 0
377.004488468908 21.0966293259477 0
401.257504762677 1.16098539072428 0
400.737443229435 1.47785054344717 0
400.726091388775 1.97823430448065 0
400.317620239281 1.86317638020903 0
380.220496634096 21.1284682287735 0
372.838257793049 17.1539376670986 0
378.490845312207 4.89503898208717 0
378.486139831332 4.49866040821076 0
347.959570609847 5.64187236627279 0
361.024692153144 24.215556383462 0
343.404971065825 20.9210214586843 0
384.339482040573 20.1515395504302 0
384.448111388201 24.0666082038408 0
347.996941722764 16.3873324433263 0
373.97076801441 4.70115599879973 0
373.941994772518 5.23482062291664 0
359.290356591432 7.43690419649679 0
386.301268382134 20.4575875979992 0
386.784664653103 20.2529038429494 0
414.511522176768 1.40246618962008 0
414.011572409283 1.58672823243561 0
414.041286066955 2.16773251916866 0
413.563326469801 1.78812318554164 0
426.116690233976 23.5780671973407 0
344.757117397288 4.24858808834511 0
415.208496547901 8.31739870377141 0
405.948161665207 24.2282931999436 0
393.097014266614 21.222195058477 0
351.898964070531 20.5643569329105 0
351.395070540876 20.3324448828268 0
422.75636122928 23.9307639734058 0
422.295582954927 24.4661198994727 0
397.155971879385 20.1450986439585 0
399.107466897635 20.4667571120862 0
399.61390351943 20.2853433807301 0
354.65575394686 11.2771704244169 0
355.16719004349 11.6207293804911 0
355.622799169514 11.4953817186664 0
355.678004474915 11.9862283776906 0
356.116234358488 11.656235241382 0
350.000887650654 1.16621103755949 0
366.561646548031 18.2625847524905 0
426.106647437961 24.0366525625814 0
344.959146807812 20.7521588708402 0
344.41496163314 20.5933986937835 0
415.031945681733 5.17975157129298 0
414.414338088856 4.97848486619983 0
414.428329411348 4.47252994424811 0
413.977152687028 4.90643720847683 0
414.077025028728 5.34187349688334 0
413.580453115353 5.08688595806865 0
413.372154823867 4.64582426689219 0
412.933094975658 4.91991746516547 0
413.153563855712 5.33421222204324 0
412.520003276187 5.1926417241936 0
393.996397762771 24.0069260145888 0
393.44505889986 23.8582304284733 0
393.453204591283 23.3769448495089 0
393.08771845788 23.75375567724 0
346.431178481915 1.49511389402204 0
345.958195639439 1.63131498514897 0
416.338793293292 22.555637665605 0
371.142771331986 17.7529686127361 0
373.357203544837 7.51207788143647 0
438.00081296183 7.51578419976481 0
371.03212774794 17.2856033247322 0
358.24489083318 17.8143605194948 0
362.789231088966 23.9830719110362 0
351.017604784356 14.7140893496519 0
350.616283085529 14.9045732524999 0
413.509369747471 1.40087686463181 0
413.094727762813 1.41945177387187 0
413.178353606197 1.95487731294647 0
412.680168868429 1.8725596452454 0
412.679918570965 1.41899265630056 0
412.222651304512 1.55786756657817 0
412.008852294331 2.10385767675901 0
411.580365180685 1.73839647316646 0
411.724059283152 1.3546246811756 0
411.1810445648 1.52298528270918 0
411.241442931092 1.9919135323634 0
410.763073303783 1.87359478869972 0
410.911568570034 2.34362952162851 0
410.462608961634 2.3422890302137 0
410.372282547605 1.91302928968087 0
385.045366380253 8.40943982994703 0
430.80920457126 3.84440026891702 0
431.632110327906 3.84491403139893 0
432.102614136364 3.58420689775255 0
432.160563413543 4.12489770699075 0
393.040166199303 7.58835466554252 0
416.949543085646 5.15185558279668 0
431.186710552271 14.1016569312032 0
430.789610454928 14.5275957590573 0
430.192562328919 14.2951875217999 0
430.252714009598 15.0011790401458 0
430.849139227566 15.2462679048762 0
430.314281495494 15.7385758670726 0
430.926054634034 15.9350696642644 0
430.175839850804 16.3720876004754 0
430.835897072447 16.4923707742844 0
431.295279960589 15.5465098266613 0
429.531133109579 15.1717556593885 0
421.025030000809 10.9062294874623 0
429.011375317016 20.3225110343751 0
342.346878774262 21.8658562484595 0
341.904898293399 21.7744497160567 0
437.933513618101 12.1381515993265 0
347.445001072164 18.5943116519097 0
435.803663305827 12.1904150102403 0
431.731181715842 12.8981149708501 0
416.346586558759 1.01104049076678 0
337.977478578456 24.3469551723824 0
337.438726931107 23.9633595291105 0
408.341647864444 8.37472100954896 0
362.813642076033 17.4537627538698 0
354.35305835283 3.88736355106083 0
413.194313609344 16.018227329075 0
390.452445553856 8.09037936434929 0
389.923814741582 7.63643923770579 0
359.707276571409 8.23154359264404 0
424.81646952174 12.4621093588059 0
420.166579916146 1.52117075183979 0
420.678579298955 1.64285803356658 0
420.592682958091 2.17204461099861 0
421.187244845517 1.80772678746678 0
414.516896167836 14.6990773007398 0
435.222830987232 16.7260401905644 0
389.22387826166 8.33415019339452 0
359.061708527035 17.2000244130833 0
380.193252789412 1.13990004248581 0
379.654784162269 1.4729121023516 0
379.661141907652 1.97280303672309 0
379.204065540495 1.9702680437586 0
388.111215337257 14.8259552620296 0
426.824914148557 1.47833678247217 0
427.306409544071 1.40703342156359 0
426.383122779856 1.12426060328181 0
430.396698399094 1.34155732823281 0
383.455642483555 13.9487121641107 0
384.059143095947 14.1835959667495 0
384.092743392531 14.7252682232554 0
384.676181875908 14.4602723141142 0
409.086077518375 24.1833662286134 0
340.421799873084 18.9817206340101 0
412.132396643736 20.6549678147009 0
412.259883383249 21.2341544801854 0
403.83714337671 14.1454963784446 0
404.240382728987 14.1394788234199 0
404.276741063183 14.6160118092319 0
404.836692938053 14.5923206179233 0
346.474925451976 6.97080371773631 0
437.439189655998 19.4352547590439 0
344.511915891302 19.017581659735 0
429.712995718913 23.9277920623712 0
430.196427147827 23.7989856249832 0
430.264513668646 23.2118168350672 0
430.712876787538 23.3708221346088 0
430.796599225883 23.9159029441438 0
431.150900240867 23.6053062848427 0
417.823419763942 4.75305667348186 0
375.648120230207 15.9796180292267 0
336.200363674888 7.96703814327309 0
382.407389320023 1.24761644043205 0
382.784769194019 1.42234481381609 0
382.757942487754 2.14175134196271 0
383.222472022473 1.88467012846522 0
391.364418755611 8.47853639986161 0
359.507861407424 23.9151412068509 0
429.082278264765 5.1898040811327 0
428.656226529391 4.93845437251067 0
343.758511473974 4.36092015798247 0
343.193950095668 4.63920915615751 0
384.510016776965 14.0057627119271 0
415.319472025308 14.3906868340561 0
402.928269109402 8.21274570983723 0
364.546915914951 7.35993535295035 0
432.8899907499 19.5576489391015 0
397.265501319955 13.9901403283067 0
397.31899441251 24.015206262566 0
352.103399099455 3.37145907788732 0
368.926196769083 17.9908581500352 0
383.353302824852 1.35919263804795 0
383.918832604404 1.38520147018463 0
383.756379208881 1.88350248571322 0
384.267053574298 1.61824735241127 0
384.41211587487 1.0768230637027 0
384.583102823151 1.45602076145289 0
384.719174868385 1.80708079234852 0
385.121395362027 1.64443096048072 0
384.982330021382 1.27492060524851 0
345.110936070591 18.7711680208994 0
353.116449014843 24.1968741564214 0
353.490280585213 23.8980851658321 0
404.334975933272 1.42172213788517 0
404.782740318254 1.39119420963213 0
404.884734647733 1.86917058476455 0
405.314500406567 1.59926123205371 0
410.406511568755 15.2868036857453 0
431.830426407993 9.27060251914947 0
398.294896048585 1.39425906907344 0
398.824541222137 1.57896120319519 0
398.898392150763 2.07025700914175 0
399.352016562429 1.84846102681821 0
346.065916910657 24.1039734396065 0
427.965367848977 9.75655622469929 0
428.236497293057 10.2854725919522 0
420.525970330768 11.1833406050416 0
403.617439827046 7.62159009286593 0
400.307481861069 1.41533843723711 0
397.726011118129 7.77112586200618 0
373.182467909949 1.38605090233964 0
373.637574029773 1.33947092574315 0
373.660069164005 0.912515878223979 0
374.026642084512 1.26592035684735 0
374.109969811621 1.67535114092865 0
398.179360628244 14.1570427459977 0
385.686751532906 14.8243863388556 0
402.48972783253 14.4484537779284 0
375.22067921804 24.4708153058907 0
416.087262606533 10.7808569083624 0
415.620484795141 11.0119711616812 0
415.732365310396 11.5485937047928 0
415.183226645997 11.3740483458587 0
411.297623085057 1.12710641492925 0
361.246873700317 8.46106994764656 0
358.163232337847 1.3154450495426 0
357.70151306112 1.45406359404476 0
395.442273485424 8.49208647148949 0
369.742847388902 18.2506189750106 0
427.248491830732 0.950983655699469 0
427.761861900959 1.32258218393119 0
401.492093844146 13.9735415554205 0
426.308174013462 21.2697425085042 0
426.353619707464 20.6601801435505 0
343.759484173746 13.6542950276574 0
392.595549445239 8.38707936643983 0
337.948343604058 11.0752729512538 0
335.874410436062 11.4745775601986 0
339.68049875712 3.42919765262372 0
433.891993856966 6.30781849881856 0
350.244259357888 6.75787667166925 0
350.358035833575 6.12161122491243 0
379.170324713547 1.47206097563475 0
433.902519954291 2.95195274250732 0
433.522941926107 3.41465418016661 0
417.899181716623 24.2880018801066 0
418.348821250844 24.0421263640243 0
378.255035029165 7.66743781104372 0
386.846940306465 15.0477023663915 0
394.049281111685 7.50330891560428 0
372.265345421097 8.43127260293844 0
339.859820480995 18.8460768335584 0
340.380891822507 17.8211010053055 0
426.858264948304 15.0546508874769 0
339.886840453525 7.06107006294008 0
344.367423780974 5.91814468861238 0
391.231583231747 14.9170815181937 0
391.645897998957 14.6569437230373 0
391.427001966783 14.2542553720389 0
392.066110224958 14.3799782957012 0
420.613564227551 16.0453778761348 0
394.33200017818 1.28890691126185 0
404.66311499388 14.0731887619056 0
381.109414140939 1.11161403421432 0
340.781323315977 4.18124041719663 0
438.548879799514 11.5502850338237 0
374.947255007331 1.2010252795654 0
344.92780396554 14.1454263081051 0
345.036069805684 14.6800101948328 0
345.489699633405 14.4367600605058 0
345.61639125368 14.9659594761119 0
346.055459609752 14.6948012825874 0
398.768910268487 1.05512169343991 0
424.885677341136 20.4050953721965 0
397.634229701209 24.395367052559 0
346.989532197514 7.07342024536581 0
409.315213528165 1.28649795264554 0
392.229052113933 14.8302294146358 0
378.12902445414 1.30810340983048 0
391.096442520053 1.00047814722601 0
390.719868525673 0.940687520170492 0
349.100742772436 1.42227367773541 0
348.5509397004 1.05116332659883 0
421.07976785688 15.2931595605285 0
421.764947861256 15.1254853782252 0
371.9890408222 24.4624735789051 0
407.962297793163 13.9328806162018 0
355.291294061385 24.2134793211644 0
355.786078099061 24.5071381216336 0
380.432231357169 8.66506817145218 0
436.048180229744 6.01261158198916 0
339.250592961345 6.77424462318934 0
432.16676401083 11.3214277389942 0
341.440747156618 22.202306253682 0
432.443615039429 12.0450359068282 0
340.619714071611 22.9465166436038 0
389.079550333362 14.8115837924917 0
365.849142663676 8.29929523154352 0
405.552362479348 14.648024571432 0
406.115491543022 14.2500165681553 0
380.711597056393 17.2152161652163 0
380.846521174317 17.6557520325548 0
420.857970763099 24.2484380749556 0
420.478974672993 24.1058661393965 0
420.586727453945 23.5469087456338 0
420.021268853486 23.8648039117731 0
420.003815149109 24.4156273755943 0
419.403129566158 23.9650024846466 0
370.402558691288 7.50406405166589 0
427.342834358445 20.1998211325396 0
343.344793093937 5.21171373309075 0
343.007234844561 5.06943011927535 0
400.081019218498 24.3674827315682 0
377.018208625046 24.0152339003335 0
430.284312200793 17.0033500799223 0
391.867299056157 1.11024477025741 0
438.282976894702 2.08234891377134 0
368.018067220737 17.9787945688764 0
367.430428336133 24.1904196021693 0
367.038707038264 24.5107144173515 0
336.273893333967 21.1046398583512 0
336.133942167331 20.4095968159367 0
347.411100579486 24.0232841156424 0
346.851891402887 24.3967402235386 0
392.435741340541 0.887153487684088 0
341.120573579104 8.5726261044723 0
347.982462008241 19.9710912044172 0
348.47061671925 20.1669266274873 0
347.474110963398 19.6648591946892 0
365.231740559812 24.1112769675524 0
365.641275833089 24.4063527922967 0
366.501838983765 7.72001373336874 0
343.991272787407 20.0163686694395 0
437.789767073727 13.4624591332862 0
437.937942996812 14.0918438005203 0
356.86583826785 8.53662179598324 0
390.061455746349 15.1937316398565 0
370.016764722812 8.73083541233503 0
362.857569684133 7.3903674397661 0
338.290639258689 2.37561247721968 0
396.299410854796 24.178333410491 0
376.753971509042 18.1105422025398 0
428.796411193047 10.0251592219559 0
371.48507406634 17.068308653333 0
407.086641249504 14.0955726121653 0
415.663620037377 7.95608829775008 0
415.668948416363 7.45317598744014 0
432.118270412112 20.0698970492115 0
420.703750776036 14.0784464505593 0
345.65072932896 24.4468169556469 0
336.381891697593 2.60468201404178 0
336.103253470017 1.82157229595333 0
335.544023162237 1.91462028597078 0
335.806907040179 1.37802441482134 0
336.490028215091 1.44298844555111 0
335.496133424371 1.25773343805068 0
335.779539699377 1.0958323136665 0
335.560256305178 1.04586082749857 0
335.301445768228 1.63165020066243 0
335.230228158264 1.20265211154265 0
335.303491112538 0.993072421554238 0
335.320042447308 0.777623317769043 0
337.052106642616 2.31144616399694 0
335.291811343082 2.13883597953867 0
436.657294365717 17.2869385314669 0
421.298154839653 1.31481403910675 0
345.995495498071 6.61389685429875 0
430.710972403291 5.32121306126168 0
358.268588712303 7.7914966473597 0
358.577774357258 7.46530866418751 0
352.195036537309 24.1106060972482 0
351.770746702014 23.9946479430108 0
347.520400967437 6.97575553905858 0
405.179851853303 1.2490639905698 0
412.469756992535 14.1684061361237 0
402.572423728853 8.42611932511148 0
345.908489980849 1.04963032019863 0
345.390202749781 1.60167605078639 0
345.462452304301 2.11612371577433 0
344.872316787526 1.72146231149821 0
345.312093930063 0.946096309076021 0
437.435685383413 17.4476025654704 0
385.107665498809 14.2468026569768 0
384.95583713135 14.9087749462176 0
428.781296944405 1.01995253477705 0
429.331713379395 0.853780355276333 0
387.889714531828 0.980236970820906 0
388.229814022772 1.38723346791952 0
388.26523900624 1.818377937673 0
388.699293816832 1.48558170926007 0
388.833186174676 2.02396488373177 0
389.28496732631 1.94296219134828 0
389.341536203458 1.33419881581764 0
389.72183192808 24.4104922509375 0
390.243422929102 24.4804858151726 0
375.985262437503 0.997110343167195 0
410.100989256074 15.6059992291104 0
383.325686971222 24.1412467835313 0
381.25958540166 14.5768179121331 0
382.007043214306 0.90791304269835 0
389.343302071247 24.5821814411185 0
417.422570378764 7.24596265734467 0
337.435143783141 20.5641678831446 0
395.352670651698 14.9369835617742 0
340.087793882016 23.9040557238295 0
340.178784913997 24.2763389464911 0
382.735628684236 14.1300324384597 0
387.36747415629 0.799900262545452 0
423.740009267551 24.6103800605192 0
421.482545673337 10.5068214695074 0
395.309059271679 0.973582556085081 0
386.020508448438 1.21222496692457 0
398.88742004174 7.47194106439028 0
361.58481840887 8.33970764228527 0
361.680298149147 7.89130087676567 0
350.622470196727 15.6263237691249 0
425.512438061338 1.25556488849647 0
336.244202235712 8.66782613870331 0
350.263765517903 24.3180103919637 0
350.758709556463 24.0366509468648 0
423.452927955208 14.967456594103 0
429.590902890507 16.4908586779321 0
427.699463040989 0.793830422801198 0
393.23301685069 14.7591500414328 0
417.083167676976 24.3843711727555 0
410.939046039191 14.9048602427867 0
351.643699174291 16.0024737344577 0
352.151425458016 16.3868503064476 0
405.775345450612 7.77985766855897 0
405.745878432071 8.3291243829317 0
342.859301690553 5.53886032901263 0
418.624954978773 4.53459719803032 0
419.118319722974 4.78330409790691 0
419.502690580691 4.30167224278047 0
419.579254646731 5.05351073085145 0
419.954128153965 4.6670882660076 0
420.001384162402 5.33459712022537 0
420.315326205122 4.970729074612 0
420.355720181501 4.24224483995569 0
420.854126254254 4.60938474298472 0
438.236986316215 16.4612724215575 0
368.676548280678 7.32993143965614 0
374.906384512454 7.76131975105541 0
374.948894577518 8.24626911388533 0
375.358626844904 8.54058066312026 0
410.484252587486 15.807561452098 0
438.055042544322 6.65252539682054 0
419.068699661321 8.69183967942499 0
380.333578323168 17.6126819994667 0
406.244829492395 1.36009197190474 0
350.956898919155 1.79480782144958 0
350.894288892638 1.21858003434564 0
351.438768780066 1.45060575865906 0
352.041771679237 1.55822027077321 0
352.580221822201 1.51583550727713 0
352.09751433135 1.06319731553933 0
417.697522900501 1.77961154190657 0
417.593617873913 1.12140215269619 0
417.607922295399 2.35449800330277 0
417.044180896017 0.942332071988211 0
417.553304126073 0.693657006268337 0
361.875629707767 17.0345234442665 0
401.652171552378 24.0966405888049 0
351.688349329586 7.56712937013305 0
352.308302317004 7.22658067254652 0
352.85458947487 7.51284648442666 0
355.754593181747 8.18552935987872 0
350.365199285696 7.16474035687626 0
431.215669618402 24.4088710185059 0
431.653548772376 23.969822900652 0
431.748386376985 23.3712877276851 0
432.201262826191 23.4935823323721 0
431.787535401052 24.6552117761435 0
416.505389865487 7.32999602525638 0
366.843518886713 7.40503410262655 0
349.8892562094 24.6349609713682 0
394.401764772491 15.0468222290974 0
344.100640789784 13.2710253760291 0
353.604174360284 24.4465538045701 0
377.717867217624 18.0674730294623 0
398.471935870742 24.110193742778 0
404.890836590865 24.2331437783478 0
380.386161608943 16.7619191214279 0
350.559595084992 2.55043961154104 0
392.266287322666 24.259929103881 0
336.407850792099 16.1919362015597 0
336.339218100576 15.5660413093308 0
336.873682592249 15.2841529927168 0
416.819156093441 14.9641037349853 0
434.813141761081 1.22438319561109 0
435.508474986674 0.967671372760085 0
420.751778232797 5.20242041283707 0
421.527241919712 4.75350578976572 0
421.374676186405 4.24426632112066 0
421.968076201345 4.41502942915289 0
374.215005255067 16.712550099544 0
379.289966991195 7.87361143319565 0
379.393552675821 7.46044863939006 0
379.36353762031 8.39787012476072 0
337.180138122914 10.2282773917422 0
336.380826088686 10.2346859345128 0
372.413253622032 16.9577556680277 0
408.180536460098 24.1971207748688 0
364.064321971091 8.45356932586194 0
354.513251077119 17.6112693756607 0
431.433980875579 1.23129495621089 0
431.779510555191 0.823553658801429 0
375.539527658273 13.9517784432208 0
378.967222224398 18.0446006202022 0
379.444955286503 17.7513260802054 0
424.588140301951 13.3303667961872 0
402.860080489851 8.72410452885043 0
417.960042381557 3.74459639970562 0
417.969265880513 3.22531125731115 0
376.281189844028 13.9922961465506 0
376.679968669679 14.3487002451372 0
370.110224969147 1.0170820476165 0
369.639471878676 1.39602986401775 0
369.64337056167 1.8734343987449 0
369.229821629854 1.75943012116756 0
369.236703484775 1.32204474187637 0
368.837301244084 1.46978613011815 0
368.728900749335 1.953222566918 0
368.314537564826 1.78331972340604 0
368.330890960633 1.24072148780616 0
367.836559940567 1.47190687128916 0
367.809741017577 2.03599442110993 0
367.394817557138 1.92440431614422 0
367.314971887133 1.45990653047582 0
366.858582004 1.45495108732788 0
366.840095140918 1.07345315776515 0
366.354781481673 1.4051870417299 0
411.430212424734 24.4203065661719 0
411.762980726756 23.9011829601052 0
411.683643828804 23.3936024217617 0
412.100981555872 23.5414317471075 0
412.26887989306 24.3067780530267 0
412.511454795894 23.7668886913 0
412.609715852254 23.282953840406 0
413.035654663801 23.3920355386513 0
413.063744146795 23.9494646774369 0
413.691524429789 23.7813314953789 0
413.727839885322 24.3495748419164 0
414.196326765848 23.8452319398455 0
418.036857503547 0.931728468097714 0
410.243749283835 8.85313114221918 0
432.409617389556 0.892893599911062 0
399.234898324492 14.0606040365053 0
395.647926241237 14.6198387220162 0
395.85776730192 14.2218077405581 0
355.97276911944 18.2997996110106 0
341.495879880207 17.746969314799 0
364.964811577033 17.5739710412853 0
364.996639945051 17.0046112066535 0
374.358510417449 14.2169106969757 0
373.853280100421 13.9411514411263 0
342.695943477309 8.28610547648888 0
369.627374646 7.27630543556661 0
360.069567114976 24.2846045862115 0
421.981829413265 5.10801779588506 0
422.428574029973 4.6922726301692 0
422.36897390833 4.15059216838967 0
422.966785231372 4.40403073121632 0
381.562200222833 14.9357947592927 0
381.609460262883 15.5915211205954 0
367.071787272154 17.9615080681177 0
396.849310966905 1.16969180886493 0
397.398736587667 0.806842388579464 0
430.779747994751 22.9096323422804 0
417.806673611405 23.258804268341 0
356.693480554284 18.1216282614214 0
350.617271812176 9.26824017456498 0
345.901059972524 10.7921294720576 0
431.694139010502 10.091601600827 0
432.452303932916 10.6960375475876 0
422.196128523343 1.10062838049865 0
438.593751765214 13.7927673112432 0
369.668086771372 24.4634790911572 0
337.694266215979 1.05886167109532 0
337.182399729988 1.243159594195 0
337.168209499996 0.850799100903728 0
338.138173516707 0.980660410135127 0
340.918573903968 4.62538298819252 0
404.905425645897 7.29835269518862 0
346.583953343853 18.3653858213464 0
346.001099812964 18.205157799151 0
406.307314136143 8.13014358837308 0
406.457122819943 8.70181146356959 0
382.858625752156 24.4819636426625 0
372.449109419611 24.4207265409323 0
392.242139519502 7.78368757621704 0
351.011835135409 8.58204355226254 0
411.516694271827 9.4324847506922 0
403.959608638532 7.31814447458963 0
399.274549677751 7.72556329868586 0
370.531938749075 14.0450038971233 0
371.033348147277 14.3124947463451 0
371.18207285765 14.9049580324009 0
371.493371668521 14.6032653532222 0
371.43160513254 13.993704485312 0
371.873888610544 14.2886928171759 0
371.918012556401 14.9561212182766 0
372.248959237187 14.6045962651291 0
372.28792833892 13.9875701405735 0
372.740281663558 14.385852436243 0
372.936299421197 14.8694964620513 0
373.319627810365 14.4134699806126 0
370.042756409728 13.7859141630917 0
437.661817363947 1.1431785944397 0
437.167252605338 0.932139327485436 0
410.99535071583 24.5887279175938 0
391.168635459487 24.4033190770547 0
341.654964668898 1.04937545338865 0
342.249841059876 1.47536405826865 0
417.81163549917 7.54791731083739 0
394.442501412452 7.78623942461627 0
394.485814600771 8.34030564292263 0
376.046011671058 24.480119105056 0
422.825775613017 5.13739577665214 0
339.147528170332 3.79902847639393 0
341.708956872785 24.4316393956185 0
369.131452243329 13.8432392752108 0
422.402786185284 14.9911610912037 0
415.291795661477 20.4195905258622 0
415.842783624864 20.2808970649844 0
415.431815671305 21.0444350111315 0
431.674985203796 4.56791894912742 0
349.763725862387 12.2173095731737 0
349.177477368664 12.651511867611 0
349.155271596704 12.077844393472 0
348.697865881592 12.3252152451687 0
348.672731924379 11.7193988870053 0
371.826697711093 8.68802076269711 0
345.483011059928 9.58131917405723 0
344.965862908347 9.24869285893077 0
391.765538046148 8.60477662078284 0
380.538940403204 15.9366070740686 0
435.002258863471 2.32848009558845 0
438.531719952838 21.9542354907438 0
438.884009965386 23.2188649934532 0
438.244243836561 23.7847485588445 0
438.322861848815 22.6469635010817 0
437.733863734568 23.1871203778888 0
437.526436769254 23.9666477284418 0
437.196862231384 23.5408873302156 0
437.101084965347 24.3043224190547 0
436.673470668737 23.8259726640931 0
367.035163768271 14.667795619194 0
336.077299550201 14.2733870043884 0
359.4524344481 16.9149755879295 0
415.814287564356 21.3315932220583 0
415.951177906048 21.9753083015377 0
360.236989236129 16.9419461655073 0
438.118377987828 24.4390804520693 0
438.181566763412 15.6178426955125 0
335.576079203447 0.477181814564612 0
417.337306891724 15.0374993556146 0
417.930502975247 15.2291859435491 0
384.863730046369 24.4202181455345 0
421.906408186211 13.9899153451547 0
335.049224039994 0.610723042973098 0
371.116300096493 0.943498350464676 0
434.005197010863 19.6642110085315 0
351.17714676575 2.34025270026226 0
400.469705531365 24.5119003552888 0
405.868844618564 7.32619021605957 0
338.751381484702 1.04145588195172 0
412.550832436935 17.8885097776443 0
411.847749701142 17.592307399942 0
339.458600608875 17.7527846289927 0
335.568186252287 21.1172287216462 0
406.90352594876 8.7856638964883 0
413.277728454459 17.9874576199032 0
425.695883121822 13.2399378410722 0
426.360208808409 13.6260961790263 0
346.373513195013 10.5267812163315 0
402.868890483399 0.977933298952792 0
418.560058703386 8.52726149039138 0
394.431088432356 24.4618530758965 0
395.139920588614 8.81877654183537 0
336.526321148358 0.341354157185948 0
336.426485903787 0.883601658320115 0
422.436847452916 0.732275629532632 0
421.814793790901 0.902299221017736 0
402.692079685291 13.8813993248534 0
350.693428170671 3.21082351332745 0
417.347370412821 19.9748031634169 0
396.740702760704 10.6644413203308 0
418.749502985506 9.23643874398573 0
418.382955204982 9.53999933246124 0
402.427035898766 10.7513763352909 0
391.365886500492 11.9439135116007 0
364.335989929338 14.8760419795826 0
364.762095226322 14.5964566114307 0
364.445699800696 14.2391320597041 0
365.154372079003 14.3785724777559 0
365.115949241031 14.9429045996935 0
405.582860180476 10.8011745238458 0
432.610661452945 3.91033323459249 0
339.20729699173 0.875963071742244 0
339.620140804206 1.1845862275221 0
340.251834492892 0.750836340660628 0
388.532643911623 10.6406731190422 0
389.022707464033 10.9507103478386 0
436.602124326122 1.29930991268838 0
416.807622235451 14.3612002159222 0
416.520931773977 13.8376225150339 0
408.295631596717 10.671581479688 0
385.35318824284 10.509979240142 0
376.796222803721 13.8051638429362 0
384.505302311353 10.6434823980217 0
362.763377482623 14.7769304302902 0
409.236552282615 11.0424119122302 0
383.532424198263 10.8166906819704 0
414.430551642611 17.8154234830841 0
415.059756133521 18.0481916335871 0
376.952115359673 0.958215077154752 0
377.254490121361 0.785932990917551 0
394.416481615202 7.23998428649794 0
346.347771412761 2.42284010017522 0
423.416576620419 24.3460095932594 0
407.72746228636 24.3169599763663 0
345.865300152259 11.4114257117325 0
437.268316079814 22.7911967523814 0
376.803137805654 11.8833459164595 0
371.767271544288 0.94959070216022 0
362.676827088593 1.58456678394025 0
362.613986330274 2.13536599679336 0
377.692915093591 11.8163493892891 0
428.408232920678 1.58427789623229 0
428.457232827116 2.06823056964394 0
403.372898160676 13.98235096778 0
438.978337813878 3.93547639758867 0
343.534869957376 19.3534580944086 0
381.747961035789 24.3338360640285 0
375.893116699717 11.9416891583384 0
404.013453461452 24.5252467458315 0
373.585044482083 11.8178931300354 0
372.668217231604 11.8894752164163 0
335.611120148536 0.795100619741431 0
357.627111128501 0.916395672921176 0
357.214119971248 1.35576309796307 0
412.010673267821 18.1454034681458 0
356.788458529755 24.3179373925886 0
357.233384124201 24.4975420569381 0
436.003776828305 0.991591849732769 0
438.413295344324 1.00235343424871 0
371.752396784851 11.9585809495275 0
435.207036448093 6.49880100425201 0
335.483184325165 22.6735595947632 0
438.941844681026 21.4852914026029 0
350.926953342076 16.0212540532553 0
350.125900012308 15.8798259572988 0
339.756706154432 1.66517118987509 0
352.614273956599 1.02944197577478 0
352.999336329609 1.16480503921692 0
353.350106986317 0.944060992923326 0
335.152802153479 0.350088142551947 0
419.872209980627 23.2595737567817 0
381.610346544898 20.4724239951289 0
381.11710480577 20.1473275692245 0
379.020065873373 20.0713639329209 0
382.879389491297 20.7904540674783 0
383.449835721368 21.1248314242403 0
374.89605929602 20.2190331657327 0
379.062930361196 21.1561397032617 0
374.893985362783 21.2766534586371 0
396.364995546035 10.3300222707799 0
388.341664857518 20.9822192654422 0
388.872086795616 21.114055119262 0
398.302591166103 10.7118325313264 0
375.018742333269 8.88115048827014 0
394.143066855368 10.8170027156253 0
422.158688389168 21.2515326679243 0
390.24018427936 20.4005366258931 0
389.765918524558 20.1032266775816 0
434.66345169741 22.655520684228 0
434.621736883639 23.3965069997653 0
435.153458772855 23.5341508499 0
434.643752664364 23.9405555688965 0
434.102222583653 23.7027749225306 0
435.197295969791 24.0308148173954 0
434.049860579996 24.1664411503701 0
433.58866947788 23.9622388882075 0
435.708915419728 23.6669260535614 0
435.570453194225 24.4435947078158 0
433.791106074523 23.181160763585 0
433.295846418427 23.4850593450881 0
433.125803865972 24.149772851109 0
391.878913807734 12.0804490613006 0
432.162138241261 4.93297573188384 0
371.701375566191 20.1452563187124 0
371.742195388265 21.2281508108215 0
388.166070983348 10.3251512223511 0
386.803509026716 10.55496715614 0
415.065584524073 11.8464484960496 0
414.644022933827 11.6261392439465 0
369.304729505067 20.1301342261718 0
395.575088169039 20.8737016523528 0
396.08877173725 21.0691948526492 0
383.072833523929 10.4156458951097 0
372.661387260451 13.6886875076631 0
398.250524675214 20.1572802139831 0
381.778631406222 10.7374996307686 0
365.494670252799 3.90405758496749 0
416.302954678542 20.1323527894939 0
424.564829075902 1.92283343837949 0
424.498832253597 1.4903491141902 0
424.187511960456 2.1204576687493 0
414.998133965262 17.5393115715686 0
415.463859997805 17.8290261927141 0
415.493435152056 17.1310113864258 0
401.102955063786 20.8995478681689 0
401.705988360682 21.1008924176377 0
420.265192045719 17.9696406519351 0
403.078258687785 20.415845321106 0
402.631614793186 20.1006544517728 0
407.956885013945 8.54647900801185 0
414.796471694835 20.6877083524587 0
337.441287087022 3.32097049026538 0
423.877960961839 1.0547593960001 0
404.272768567246 20.9574921997675 0
404.795136897987 21.1382059596581 0
388.944509137375 24.4180021785923 0
406.323790633425 20.4233658980004 0
405.86875965322 20.1346252836795 0
438.803264800202 14.5021231475452 0
433.621739321221 9.82233388721742 0
409.731681674907 20.4363074314748 0
409.235424586063 20.2037450976593 0
366.158954111943 20.0830124471022 0
366.200136505594 21.1611002193825 0
407.810556835845 10.303677387626 0
411.865543285992 24.5451775263091 0
412.315543488765 24.7521964826877 0
407.47912460514 20.9654622004284 0
407.977757251196 21.1493738778139 0
362.972640083167 17.0089414120709 0
335.270179236086 0.539235506016295 0
418.130910165543 10.739390393915 0
418.222006092596 10.2192017198639 0
339.175452833065 22.5042813038429 0
339.739021647914 22.7273434827374 0
339.713239983622 6.53681044415087 0
350.970077783789 7.39271319198561 0
430.924821022652 1.39340363124632 0
438.922963556823 19.7520682709102 0
438.040437821628 20.1478086405347 0
438.96428431721 5.54128932500908 0
378.534398145435 24.4891029610881 0
346.349938184338 11.576470706005 0
352.971327738193 3.7811208685519 0
432.616229223357 12.8135974541702 0
427.639907535123 10.5420571472623 0
423.262292738401 23.8047794648169 0
421.826386334267 1.4339286493768 0
421.686170864523 1.98816833507455 0
371.096322642872 4.35364061405977 0
359.989098158726 14.9918871599797 0
360.403289228279 14.6797426163292 0
360.385699835038 14.1007249951362 0
360.801790282972 14.3860630242689 0
360.831115565098 14.9615659774797 0
419.770366751723 9.07479581384583 0
420.219886876187 8.8410741964486 0
420.578909801694 8.55085493263814 0
420.211000051998 8.18588713672094 0
420.504832640763 7.81763903455058 0
371.10586928205 5.27239049989619 0
365.354205468541 11.8302680991156 0
341.187030247004 0.800585615557386 0
340.8617440736 1.17118500891652 0
364.426227127406 11.8855448218757 0
340.316915459927 21.879320326918 0
374.386413209357 24.4803111505502 0
373.77739461419 24.6223861101731 0
375.960991607671 13.6829025179152 0
434.070530249846 3.67699584985899 0
415.944793969707 17.5678112269878 0
416.049397592196 18.076402812167 0
363.007532189952 21.1635382880096 0
362.956848955719 20.065093342352 0
418.058509054226 9.24952486433352 0
338.749460688806 24.2137468389897 0
339.392690402235 24.4826633426373 0
376.132882601684 4.36093184970768 0
359.136800305635 15.0006064587646 0
356.451542601798 8.87328916820393 0
335.586615798884 24.3447511497378 0
336.100149114041 23.9557578896442 0
415.472880492636 21.7945042009174 0
406.035168380051 8.87567833282018 0
405.527263310184 8.77511842306232 0
353.411938792046 1.37464677462927 0
353.882723696112 1.11051173496241 0
354.398733457605 0.889502570124052 0
354.347591196686 1.26229085970848 0
354.815422573283 1.32960850208042 0
354.845898978806 1.83473773081016 0
355.248681773597 1.36088324248817 0
355.302257393963 0.924157445534617 0
355.729083506963 1.22187696250858 0
355.771291812222 1.7770954086109 0
356.19621854052 1.76766841140443 0
356.213621062223 1.32177060712434 0
376.187204744693 5.34156995886318 0
368.808433324596 4.08862653116096 0
373.854407691065 4.1571699579305 0
417.836250929936 5.24325162339473 0
420.658075952623 11.6609226491135 0
420.122570067821 11.5581200040208 0
357.703335352346 14.650630145115 0
357.210085288856 14.512742516325 0
357.268453585473 13.9311394264986 0
411.986381669756 10.7872474044293 0
411.923028176666 10.3357714819825 0
420.118409222639 12.0889517150248 0
419.586452191499 11.8928069159169 0
372.741859640953 5.3654610555404 0
374.693476593996 4.12064225531484 0
369.647876940289 4.10929826059478 0
405.983341377717 10.4256132964307 0
412.866445286905 18.2727008709369 0
374.709605609919 14.5222336270079 0
377.646037059297 5.4193367397505 0
378.54071848092 5.32808604579236 0
405.098852385888 10.5195673732432 0
365.253088676761 18.1719686542515 0
335.461236003684 14.0694075323216 0
439.027130947558 18.1748717216356 0
438.362857590775 18.733559232168 0
439.042601880214 7.70670261493738 0
379.713214382625 4.09849861995842 0
428.76907927074 19.6025590417513 0
428.282739666971 19.30489044417 0
402.854517807774 10.4102975874272 0
381.060103318191 4.35558098374556 0
380.510075961295 4.18062862062118 0
381.505395553476 4.3920275818436 0
381.607285970157 4.88233859198675 0
402.034617956486 10.4318661284671 0
383.006192667276 4.26260219566722 0
398.803144572924 10.5177072331628 0
358.277163429788 14.8742883269133 0
335.581931997811 6.32510412709901 0
336.2266111922 6.18817877708724 0
336.097571025955 6.89566613114649 0
394.576021349896 10.4272850540306 0
393.274229809653 10.8836241725969 0
392.837653094097 10.5692287501111 0
385.030707670857 13.7685924754026 0
434.738542177587 8.79511591513005 0
373.869985196643 14.4695261492418 0
373.466706434581 14.8483852604148 0
390.101800002468 11.6954142702279 0
390.619977489449 12.0490545458005 0
389.523505101458 11.4762237047802 0
345.370281715139 11.0812362449791 0
346.278420533841 12.1277461649622 0
389.099022958306 10.3781183304507 0
389.746589595894 10.5733884217626 0
356.682566959944 14.315706574736 0
385.593517075965 4.06340039500414 0
391.092634000277 12.2991786199107 0
386.388020949419 10.9858188516579 0
429.569735434063 19.4064733341667 0
414.118257612758 17.4107226639148 0
363.57538501354 16.9348075926293 0
363.655885452732 4.56675972418367 0
367.898995049305 4.06062886710047 0
430.788407960007 1.90129297898424 0
410.469814463032 2.77490074464862 0
410.969285270575 2.84779964895281 0
410.041408088731 2.49088260322223 0
387.06163958278 4.30523057107362 0
386.625350939665 4.13078660295402 0
387.506001102507 4.34847602354863 0
387.597680039351 4.84027810095034 0
335.615790547237 18.9373075761751 0
336.239233194963 19.1994522026561 0
426.812842139871 14.5395140130227 0
354.648535186518 7.7350974224544 0
354.092776569291 8.07764681039508 0
425.929159639506 1.38438742258209 0
426.077769261701 0.95826110909335 0
381.368738100033 11.0557691135064 0
380.889707848472 10.7306250470485 0
380.33739379154 10.5646644674746 0
363.732021313467 5.12318566605374 0
388.964691965377 4.11319461240031 0
383.998756622948 10.366524366754 0
384.857309311707 10.2506092815075 0
360.174654284001 19.7211174683878 0
378.167583053666 12.0957139975462 0
339.544901081714 17.1680552778858 0
389.804005552887 4.14185393296396 0
418.490187492118 20.5402438101657 0
391.167491928284 4.28179352247207 0
377.279905281653 12.1560933166349 0
376.377030149361 12.2072482700276 0
439.086326213916 16.3072374675703 0
438.89530864696 9.10125162803273 0
438.28066579576 8.84196423011738 0
435.177131196295 15.3893864556067 0
434.495152515236 15.5788551273105 0
341.404091804662 21.1936526219655 0
430.249096205889 5.72083046571701 0
375.470001861531 12.2732407530939 0
391.326430290722 5.34821452999827 0
438.185857569072 5.22598950337 0
396.864668176555 8.0921473629656 0
396.388602096261 8.43119064167802 0
374.075051424843 12.0899067588104 0
371.847535231558 13.6901502320702 0
362.229010616897 14.6611675340231 0
361.625589557594 14.4633678448988 0
361.50315739001 13.7569798138843 0
366.449208184259 14.6261277384985 0
365.86512055612 14.462049879443 0
365.753509165325 13.830387182445 0
373.156425519212 12.154910428691 0
392.687607563253 5.44294824640599 0
380.416277160566 18.0865671863075 0
372.240302470012 12.2158806669754 0
393.432512788227 5.47379835752939 0
335.514373796596 17.2020430438692 0
384.272746956958 17.0175776455911 0
383.842566039093 17.3331105455879 0
383.865376498494 17.9173060585584 0
383.411188593491 17.6442518037308 0
383.390833447232 17.0814954101802 0
363.140498284439 5.26470107817305 0
430.066800144292 13.5654695759985 0
429.199507833485 13.3917415960089 0
432.193196749509 15.4852124001034 0
335.429312737935 7.937520884184 0
396.216194091439 4.27396342739068 0
371.327427429043 12.2843504651202 0
350.162644365651 15.1932512825181 0
349.987878399328 14.5979346755522 0
385.161626632989 16.9451389509946 0
340.498022323423 7.33472528328068 0
341.130882658257 7.48752349646912 0
394.825343946172 4.14385915387285 0
369.948034144356 12.1095264512669 0
369.467982225068 11.8517574768971 0
396.364835666375 5.33791430891457 0
387.542912318912 16.8062987275309 0
388.325447493408 16.9266582666754 0
375.163461245889 16.4196286839239 0
386.417431839053 17.1091949224837 0
385.966814679721 16.8890795004438 0
341.158622050586 24.0150842380695 0
370.962846169419 13.7295919101146 0
430.855383071573 17.3801201204182 0
431.314932491834 16.9467270124694 0
430.465052359595 17.7456616182231 0
435.813162869809 16.8475368908747 0
389.319494147409 16.9078371015585 0
389.817283904487 17.0700806223594 0
351.999106565462 6.73195928676833 0
352.472663898688 6.3793687310485 0
390.817032933925 16.8353613506092 0
355.644254508106 16.5975975963933 0
356.24374937486 16.8183886653141 0
391.677756973218 17.0882842853683 0
374.011965887068 0.854823472102265 0
362.261421243079 5.3682240121665 0
397.718410437201 5.46117702113827 0
335.518087275404 15.5679254302399 0
396.986915305098 17.1092581951647 0
367.208818694264 11.7584024448147 0
367.708056446512 12.0274646629332 0
366.709848893815 11.3796311828448 0
366.474655469659 10.8458772230435 0
342.535428131556 23.5999354787821 0
342.579303942414 24.2451725385883 0
342.989920060297 23.8127464938186 0
343.231261986129 24.489044152579 0
343.426681485883 24.0500939266086 0
342.674193487206 24.751435498192 0
398.563480228538 5.44730882365082 0
348.877927276922 8.83893387315976 0
349.189923510463 11.4801029623676 0
344.108319233397 18.3384648660926 0
393.36146968414 16.8291975647144 0
393.894363819209 16.9519371161194 0
418.566158872483 11.4868402555599 0
399.094248182142 24.3659896324727 0
431.196030112616 5.70904045297372 0
338.572180330721 12.7320631363587 0
394.882423731042 16.6822510647856 0
338.472909875822 11.0793068883229 0
339.120567678053 11.4719785592732 0
402.241429920988 4.19283732977369 0
374.515868273859 8.58824440827932 0
335.470654102946 9.45130078180695 0
395.611591661234 16.8597656905791 0
335.051077554108 1.09721344613499 0
429.841704644954 0.952513343998071 0
410.366302580643 3.1526603815761 0
369.575903079579 13.5296471323838 0
402.152262453076 5.21514314323753 0
347.054570732828 19.1567184407311 0
355.124710753902 7.43260752565535 0
427.187355008048 13.2180068227486 0
370.392863765148 20.1742861697786 0
346.518442570616 24.2708246283875 0
400.649290254625 4.17658517247106 0
335.528404113196 4.83393742597994 0
376.004197249697 15.2827399801694 0
398.013077397606 17.7950893531283 0
398.570208485323 18.0480097081955 0
397.699026372728 18.1392563676419 0
432.179189433078 16.8748703544691 0
429.098715464575 8.62845235221185 0
428.506882278882 8.79359895040668 0
428.774974834502 8.12290787836182 0
429.205988388466 7.81035536546486 0
367.047976841674 15.2261299070384 0
367.53553851713 14.9857233073169 0
429.051755281035 10.563045421624 0
343.564284214992 23.5827148677076 0
344.007011519751 23.7434951607024 0
344.04189966048 24.3362337633448 0
344.444815872541 23.942602622379 0
344.625073506613 24.6478350244312 0
344.934409240481 24.2179251569994 0
344.533573311879 23.537461601838 0
344.983177310615 23.1125322209847 0
427.422938953493 24.1485983422602 0
427.495822786562 24.546210519671 0
427.014027776735 24.2977736985435 0
366.69782535265 21.2673729584376 0
346.56159453473 24.8753600004745 0
343.284518600479 1.96717573712875 0
343.707826240581 1.73941948331386 0
343.323287115765 1.43323472483571 0
343.696725387213 1.01572872484245 0
344.134683794618 1.31072608463828 0
366.189602462629 20.6107472214231 0
343.675973091435 15.8368192902314 0
429.494631701358 14.5012247106552 0
372.224334373327 21.4136965976053 0
342.532044242815 16.7318985661562 0
339.089573182388 12.1102492761202 0
339.762437674187 11.805845396191 0
371.736266500519 20.686983051021 0
371.192622384186 19.9870881237811 0
365.657487182502 19.8984757629152 0
368.68414294078 13.5696710381567 0
427.751659992693 5.6862165512826 0
427.230671221998 5.36780994580886 0
427.296263432571 4.72085266180887 0
426.490384880483 4.49247688464442 0
427.791661259921 5.12300011311256 0
342.337755896764 1.8497110575195 0
342.733284426413 1.55939818137466 0
342.749183701896 1.0234166880404 0
432.205795481061 14.0266923457059 0
374.405307076619 20.0217333773205 0
344.593920762695 14.8836630952046 0
430.372238146232 22.2255849372959 0
434.147399328728 8.5777392733967 0
434.028069597185 11.3504726962276 0
433.017376504637 11.1186193273317 0
349.501031442242 14.6329439860919 0
401.123926922351 17.1424591045928 0
374.892677479597 20.7553261635541 0
363.505669882986 21.2922797905696 0
362.988780712094 20.6063512303237 0
342.365953638421 5.44410978193333 0
342.038173020362 4.88426450560083 0
422.278706442716 20.0200073891782 0
421.692773466907 20.3681978467991 0
435.657835606428 23.0712257866155 0
342.861009034366 21.2743207733291 0
375.380917183355 21.4946740391316 0
375.950172736369 21.1711559623649 0
403.740706854394 5.54559289410808 0
363.032867072471 11.6923479930192 0
363.516989233539 11.9857749328164 0
362.548114815707 11.3537585641923 0
362.032665456475 11.3112655785984 0
361.660475143358 11.6656352661594 0
361.567855115432 11.2958334411079 0
360.996713782469 11.4634674988232 0
361.898271494709 10.9010216050194 0
361.166774937083 10.975112000425 0
360.500242351293 11.2025049502677 0
360.702457621083 11.7704646018178 0
360.291312985397 11.7012801741294 0
360.148014436602 11.0599405870628 0
359.787985808103 11.3796408628806 0
359.797660860778 11.9611478542876 0
359.51379962479 10.9081710881049 0
359.238667652039 11.626632153288 0
362.399355318719 10.8663615866769 0
409.864760575625 1.53120004999836 0
409.72553951662 1.02784989599689 0
347.551583963263 1.00803698316105 0
347.249553944404 0.784658405918053 0
339.416264239956 8.49400934084406 0
339.995954751384 8.73951509993824 0
341.850161677854 20.6650747200691 0
421.825213047773 8.24224479092972 0
421.819210212034 7.61818540502832 0
421.465560587951 7.94305078368761 0
421.412143073702 7.32502106938526 0
422.154268043788 7.32070643467581 0
362.450266479427 19.8810237568756 0
361.930944183687 20.2008672888968 0
361.419099756366 19.9630041158839 0
429.371492060943 2.23544821712481 0
345.146026137697 17.5293036086223 0
345.261800903421 18.179661524122 0
404.64024232836 5.54331398359548 0
424.216413560492 11.3427525766841 0
424.186233768216 10.6354934610623 0
424.645548436155 10.2752781893051 0
424.145243289469 9.96632417504513 0
423.782372407442 10.3312410676989 0
423.637042478682 9.64787306983218 0
423.203700114189 10.120444327184 0
423.698431916777 8.94035004472351 0
424.583475011896 9.5835521431871 0
423.357728059711 10.6613591479499 0
422.571349590248 10.3300345050933 0
422.613228232694 9.72213073515508 0
422.098339206707 10.7930674748853 0
428.847461623573 6.2165154355196 0
429.35947459365 5.91138142372599 0
427.251169540002 16.3362574645323 0
426.758535905983 16.1245607943266 0
426.784902691762 16.8084322531244 0
426.136472969824 16.5602355736719 0
426.235650759399 17.1992696883414 0
425.683296224317 16.7438125324976 0
425.7459904015 17.2706270954978 0
425.177543807902 17.2333567440276 0
425.256526011202 17.7297770749353 0
424.679925826806 17.3836565034796 0
424.762845935336 17.9417329401466 0
424.09714199373 17.7664372734969 0
425.715085122335 17.9223982312581 0
427.315698637542 17.0742868178414 0
345.626658544131 17.1665151420405 0
438.110619707023 19.4068210731125 0
386.149614838378 14.9980548746099 0
356.190740257704 17.9454403629346 0
404.704688440153 18.0966848892475 0
404.293804454733 17.8901604574788 0
435.528385069098 19.8511241457497 0
428.636535437287 18.8532166326855 0
428.15450272353 18.4810678153666 0
421.747344832502 13.469079700346 0
340.687970580818 17.1446353979591 0
343.908266521201 6.55430217368756 0
435.36084447471 7.20005787284847 0
434.219655159289 14.9454012186083 0
356.321042014431 24.1046621598744 0
340.310633833235 15.43929908628 0
340.789217984106 15.0680762549682 0
340.202145873185 14.8102758205677 0
381.645310201066 14.2839644548277 0
344.562817540741 2.53917418299197 0
344.364994876423 1.95440435642101 0
344.729778572417 1.15586848867313 0
379.595101287578 21.3529864078298 0
379.056036249487 20.6060584120233 0
378.524872936395 19.894634566994 0
378.007337647176 20.2346345203938 0
377.473012435169 20.0582365304246 0
356.417540914655 23.4968441999964 0
356.099720027936 11.1038360241589 0
395.064011543411 10.7214208993959 0
357.605853121119 2.03135066469338 0
340.437366224179 12.1442346177444 0
399.319870070969 10.6673133173812 0
376.853307542036 14.8479434407412 0
425.814954644238 1.81495764995387 0
360.58435642912 20.0022865786606 0
407.218736460938 4.34743496435448 0
425.051854610738 24.1485027177063 0
408.678161586235 24.4593902234736 0
397.786125649247 10.8671438216745 0
421.15504083404 11.9897808929121 0
395.91227816962 10.6499340593862 0
358.249433551664 7.13797116610858 0
409.612614420185 24.4089554994103 0
425.043983419391 1.02005248296751 0
426.034747688795 19.78130353353 0
426.603243225973 20.0669836414037 0
421.879034353408 17.388273509811 0
381.700100564448 19.9236047854355 0
430.273994414858 6.54666200119097 0
403.315722645521 10.6791525965491 0
405.842680212879 4.09307588344918 0
336.112492636284 5.42904186178443 0
336.964170339675 5.64743091708111 0
345.030838651607 7.02138430123752 0
344.862094984289 6.45526867840921 0
407.364414506703 10.6423064965838 0
387.739332032284 10.6211109889622 0
407.283470065675 5.2734505516765 0
426.992674014849 19.2184660698637 0
427.461197651065 19.3384035511723 0
426.747215241249 12.9239206180182 0
382.241197138435 20.6422713829071 0
348.125627477307 3.24475931734433 0
382.820338803559 21.3778909698218 0
360.119533324891 10.6096317548219 0
359.198842009771 10.5196133089311 0
360.728933955328 10.7912506140278 0
361.023367302934 10.3864125120014 0
433.183325815966 13.1341824528765 0
427.006641670978 22.6907151843756 0
426.166894429554 4.70201795588222 0
426.195922964777 4.11171272195625 0
425.881081994794 4.48353702418765 0
425.888552676782 3.71701670955559 0
382.611640908043 10.7378776745045 0
423.118322611692 21.2710095056248 0
422.870406319044 1.02442688087447 0
347.195286606735 2.77025547099066 0
355.608672060861 4.4969040793454 0
356.15632869804 4.16680572607346 0
356.195479786974 3.70946092662024 0
356.627429536012 3.95367606343617 0
356.699973983748 4.56721550230487 0
348.634903682163 18.6446168233431 0
346.526332374126 22.3564411481755 0
346.977168560387 22.5021038820221 0
346.139092633808 7.51863244641762 0
342.728571207163 11.2871999028215 0
343.159189143919 10.9888465005123 0
357.15586982028 20.1070692012518 0
356.857903091392 20.4433922945468 0
406.490881189053 10.7035384065616 0
340.729947666381 14.2885405478079 0
341.177414358818 14.644205477212 0
341.603871757215 14.1960383815381 0
421.790280780622 24.0235927677566 0
384.775322998455 19.8977702685757 0
385.361456076682 20.1069772625457 0
413.024721670791 4.26391314817787 0
374.985133242101 12.0169391872523 0
422.559745321541 7.57558988051776 0
343.033286962194 19.1345677390037 0
346.450894916929 23.3193539063652 0
422.561830848319 2.35170043982288 0
362.731120474161 15.3023053925795 0
363.265551863607 14.9058465052809 0
415.498218363417 15.282978427786 0
414.933750413704 15.0862719677242 0
423.58236122389 5.16913202140603 0
423.723304828518 3.96186174226833 0
347.161643535226 8.12473023991379 0
420.220512337677 22.5823419440441 0
419.716856992314 22.7105597880895 0
419.391713374943 23.3694744311709 0
418.922016757605 23.8377673486929 0
419.131428957094 24.4242568607627 0
418.960470953336 23.3892980714302 0
350.172173180974 3.92410958357197 0
432.984678304545 18.607189110572 0
419.008669555235 20.3308929378299 0
418.602315499443 21.0779462115816 0
419.251849098563 21.2848011582823 0
342.020455156925 14.5552003245146 0
421.293768111153 22.8035263253424 0
432.400664324076 1.51536122433321 0
432.745315705329 1.21950833817311 0
433.452387726414 1.40953108853562 0
433.804237586752 1.08022645535237 0
433.248209913402 0.950428188919289 0
434.040114132912 0.701580604094083 0
408.718142216615 5.35211844313341 0
409.180100753265 4.99740396962739 0
353.979336456541 24.0746003888916 0
348.139551369804 1.32052398460485 0
413.439150648171 23.1768846991026 0
338.324358715405 19.8483456217405 0
338.873754284266 20.1431895069296 0
339.195008802691 19.7072442540069 0
339.312513841578 20.3771085110759 0
338.151245067908 20.4344711878674 0
339.06541624814 19.0002510616858 0
348.853932774282 22.1554916376443 0
360.750547119923 13.7805296030515 0
425.148371305519 10.6828194874501 0
425.645371663927 10.1977882952597 0
424.581195163578 22.9763106682216 0
423.422476453004 11.4281928214526 0
422.61475080721 7.0955100855868 0
347.978432357526 23.89286755255 0
348.424353400096 24.1340018897795 0
347.952434805299 24.4672003842989 0
348.463317639357 24.5451404397456 0
348.953471730056 24.4259219684731 0
362.351108106006 2.50851783571206 0
361.903769282429 2.25670785218902 0
348.765855212601 23.924563897579 0
349.232228014828 23.3966316462398 0
343.869577264463 9.48823094059562 0
343.820633930122 8.84707892897281 0
346.936837229722 1.02330828009838 0
370.845593979384 12.039867470392 0
416.514608766515 8.35246426944645 0
417.084376510963 17.288759046178 0
415.602237541232 14.0623868020865 0
415.130455535941 13.9026224216909 0
353.746746666833 21.1027625304093 0
348.098069328266 9.02547822613698 0
432.714279958198 21.0390088364399 0
427.379081294107 1.94116010801981 0
351.074851632731 4.44047660138547 0
387.823046608061 20.6287599357572 0
417.462805276273 13.4370878024303 0
423.187980681702 23.2836576950368 0
387.257892918315 20.4516487149793 0
347.532176348988 11.9674832585496 0
348.04272859625 12.2932086771803 0
347.946896037991 12.7809095647958 0
413.553855404723 18.3142590083734 0
349.512481435288 1.46196935309994 0
363.170089177315 2.29050990179373 0
416.648078900642 23.9459294239305 0
416.101318518003 24.4084312592268 0
415.614895005408 24.2025049368785 0
346.854074486698 4.80514446695314 0
359.082096230083 23.8184168356935 0
359.08854005317 23.3234974224029 0
418.007811982124 15.9239558904157 0
388.272209721572 21.4463878825014 0
351.245018022879 19.2813011300975 0
416.961457651962 18.1861264386203 0
373.187024873942 13.9715344534185 0
335.601823005026 13.4544337828541 0
418.501398846666 7.9394591383587 0
350.696669792374 13.6380511651916 0
351.220481921493 13.5170264413121 0
351.11710606621 12.9074624930293 0
351.705446034966 13.2031982409906 0
351.425761885785 14.0852795619989 0
350.696432079282 12.5759690287957 0
350.831945298105 12.2012382816391 0
409.424028099824 7.43588467643458 0
416.139815528129 11.7859099979226 0
354.118929661806 19.4725995833592 0
414.478520433216 19.5761777584652 0
413.95970619805 19.906491639932 0
348.992334166114 9.5376326715839 0
349.528133773569 9.69170043865029 0
340.252601413956 1.21905139464949 0
340.872015814761 1.74697437700493 0
419.746255169085 0.94966809413988 0
419.270002807344 0.796786596832245 0
418.881297564042 1.11490734353806 0
415.565260102652 12.0812663151329 0
364.124675648806 4.3846795718703 0
363.949050050481 3.80540076696944 0
364.485639089785 3.61854906819978 0
364.009821799826 3.22071038533152 0
363.581971088021 3.01061142079472 0
417.08729632164 10.7860727412833 0
417.649559343687 10.5118385983402 0
416.756615073688 11.9843269586146 0
350.808565300886 10.3657219024191 0
418.666693225329 1.45462099956912 0
364.960124661194 13.9577409536714 0
416.866462116895 1.32115673768017 0
346.86834318695 0.465288058301967 0
421.642268342533 19.8777706852351 0
421.153188448274 20.3678459513964 0
421.186847540587 20.9255416601684 0
428.408778051736 2.52297234800282 0
377.351377885149 13.9937503459567 0
419.673322300331 17.8556135664753 0
419.225690572201 17.6766574277326 0
429.242738941986 12.587939723143 0
416.900074680198 22.3542387491674 0
380.947592227954 18.4430841128043 0
352.90199140184 4.89674828430503 0
353.316526074985 4.5829649995877 0
366.959838760435 2.04381732079001 0
364.532906682948 16.8432165826352 0
425.230613907541 3.49659908004364 0
338.669001171818 6.91839560841371 0
338.765165681785 6.26190309315992 0
338.227240821663 6.05939765688515 0
337.523675080268 6.46905514810655 0
410.181600070051 7.43806401741648 0
414.538633400559 23.167902569241 0
414.612304700903 23.68858513946 0
415.179746400765 24.0472873808266 0
414.651008938814 24.2077481893885 0
353.88081399136 2.29033945045023 0
351.229043261257 10.6769906827376 0
351.755935052152 10.3570563305715 0
352.127619682408 10.4121487716186 0
390.379696662258 19.925183026944 0
365.546502121567 10.6157846035304 0
421.314058905054 17.6347932760131 0
421.401964102202 18.1550641877515 0
408.610362954925 10.2756873987882 0
355.796829270944 16.0599653595949 0
355.194773829654 16.2199588228592 0
353.213922120857 11.5067986843526 0
382.04229929469 4.53739825286838 0
382.131456095063 18.0110443142884 0
382.544793002582 17.6894791753303 0
350.257885069452 19.7583133479176 0
375.156985522249 13.6576627048527 0
401.714303602615 17.2887729673378 0
362.257334761403 23.8729629481844 0
362.257330790645 23.3922951333021 0
415.922632317817 16.7489520811715 0
364.638347838772 23.872740749773 0
364.826077703266 24.4005313154138 0
364.337940062483 24.6005312479787 0
364.530178844372 23.334826432879 0
414.536300980479 15.50681223309 0
414.074876470269 15.1492319714752 0
407.856939163401 5.33005949976375 0
422.132063305272 18.4467966167035 0
352.94617861351 8.0627212987035 0
356.779552352996 16.4966813524669 0
350.899012793494 23.661367347835 0
351.328017581274 23.8403359143821 0
351.255745467837 24.3696430399312 0
376.480728463978 21.3724525145407 0
354.083831724505 20.025525022523 0
356.203439582486 5.32824238344266 0
390.793639993068 20.8030741053276 0
391.457887967564 20.9786001047288 0
355.179545376437 13.6948126615573 0
355.678296771896 13.8983728112753 0
355.238672384088 14.2520581534988 0
356.132062288891 13.557341130248 0
356.164548845725 14.121284142429 0
397.552243439961 17.2074216895933 0
418.314608332051 2.96774291245133 0
421.604065165298 2.51710436388818 0
348.741014646768 13.6199835637161 0
356.142263792282 17.3972909551845 0
425.213876047437 4.71077351256971 0
414.947615780181 4.10940538383023 0
415.696602886737 23.7020167988918 0
431.597030082426 8.71364768155169 0
431.581319610475 8.05705592703313 0
355.04907490472 5.23449915238937 0
356.674792075176 2.04337763486644 0
365.650349256501 5.62270498058126 0
353.770482146258 11.8651821383649 0
409.38032721228 2.62957156899122 0
355.710818994872 8.95965912833129 0
356.657867702328 5.71720548201317 0
357.234459300644 5.50202795038674 0
356.75171914657 5.07439838307689 0
357.215991938531 4.96540584466664 0
357.660056928003 5.3474343332979 0
362.38603798048 10.4178720866566 0
362.861212196636 10.4479188431419 0
383.386763810937 4.00120213720775 0
352.080148634534 10.8803310245156 0
374.530354242403 1.4514498979839 0
374.639674120815 1.89827972180339 0
358.485762139112 3.0768965975854 0
353.862073007391 4.16558245249012 0
356.882717825903 23.3374913563685 0
354.700719490972 12.4712236906266 0
356.618320340694 11.3328108254528 0
356.551205629222 11.7725616246866 0
353.865637292893 23.494588505782 0
354.414099744894 24.275870559687 0
354.831515973995 23.9983154584408 0
344.419742952709 9.80239081993697 0
354.03944858059 17.299263242391 0
353.686531554227 17.6446950720879 0
353.246354850759 17.3961622088995 0
353.187341324463 17.9656213530513 0
352.685204807926 17.2444529556632 0
352.983685608479 16.7628395358156 0
354.099877842143 18.0547856033615 0
355.035629707717 17.9528634443094 0
355.053050885001 18.4442859783368 0
419.298736945224 5.94122115248606 0
388.075261576489 4.51936990213525 0
367.874209137892 23.9261031638004 0
367.770131927951 23.4137395326393 0
341.206871205995 9.72059497593078 0
411.854074391457 15.1996863750172 0
364.075999714745 8.92843226504636 0
351.552027154358 4.64385366010206 0
351.459484906208 4.1781991505555 0
361.370779980532 2.39005889435022 0
359.884210954823 1.52739782711234 0
360.020006984609 1.12412300034272 0
360.226228644974 0.734816309805581 0
360.611312606016 1.01663755766085 0
384.011965513465 4.07117290637449 0
384.496875503736 3.83615898425834 0
418.354721397878 14.3907484148954 0
418.699480300801 14.1935865668223 0
418.728683639804 14.7266769676355 0
359.091570150119 1.25879869200566 0
368.855694698631 24.3334273567097 0
406.568404743783 14.8958305905375 0
428.345215437718 22.9222701691933 0
422.616690669373 22.8806140499987 0
397.327536711674 10.3615561100961 0
380.953074794442 3.87217006345269 0
378.00663380363 17.7254070470607 0
408.647331025189 23.9866251899642 0
408.5642974824 23.43072062271 0
390.31666951809 12.4128547899379 0
360.940805765412 2.51862473713314 0
353.567488997573 22.8699148683481 0
381.036222275211 14.2309407323279 0
351.584107845157 22.5907221553736 0
349.45296807131 6.02291018224278 0
368.425615918789 4.4276050812846 0
425.170565839523 7.15774898600505 0
425.608131535599 6.82942638987846 0
425.889208308704 7.17867367717312 0
424.903199011508 6.68852437128058 0
425.98128609343 6.49721494089402 0
425.972757840867 7.8694853691452 0
421.085712590789 7.02364098538064 0
413.129966330136 14.8344095078891 0
348.403672296482 5.43156756956383 0
378.129593818554 17.1985768288419 0
407.235477634776 4.78903764886607 0
406.662882588434 4.18493991969966 0
357.896125004747 18.1139807551926 0
352.700283371509 24.6256494920979 0
361.88446563924 18.079386521184 0
429.911870838242 20.7833391511314 0
352.743975431432 20.6206393092751 0
350.871301795605 20.0869254774103 0
368.387525850208 17.4862255149092 0
368.291594260942 17.0090522976901 0
352.758220942162 12.6297754314138 0
352.273503079579 13.2203907949852 0
351.788905411866 12.5643148393125 0
412.056427716044 13.9361391685599 0
426.049738975855 23.1222152226971 0
385.650782873878 10.0987456396347 0
386.968197647435 3.83379333129566 0
355.671310893826 10.7082340967647 0
418.517054926891 6.65995244279401 0
415.838875786597 2.35840136461113 0
405.725426235333 1.42829061657488 0
405.55942219606 1.02448870468149 0
404.897476709247 0.978453886345018 0
405.656175484425 1.96513608715079 0
348.323189906305 10.6501855481334 0
360.18546989224 5.87502574682248 0
360.195576721093 5.26977582028059 0
410.370383324786 19.5649877878256 0
357.359182098513 8.17157878029623 0
381.304146696964 18.0472988264163 0
358.859540644951 12.330973590786 0
372.917573407387 24.4280159959056 0
359.434049465728 13.6910101207351 0
359.984941685035 4.20384259508874 0
360.458512606057 24.0124149961585 0
365.262911046668 10.3219738655857 0
353.936043155988 13.6806965858029 0
347.739966084039 10.4485060424078 0
406.59405591585 14.4097386522461 0
411.964242673147 2.60493382571262 0
353.496430588076 5.15479680611486 0
378.685222471522 1.57953843012827 0
378.578919714535 1.05509878628129 0
378.750426521388 2.06780808265118 0
413.817787931175 9.93216770479409 0
413.649427169761 9.22457781921551 0
359.683809576894 9.05589524071494 0
359.855486211988 8.74130303243467 0
352.021038037054 22.733533202634 0
371.102219136399 24.047841017852 0
371.151218363514 24.5229319497441 0
370.733037943304 24.6334552574083 0
413.877867288459 4.38702780119418 0
358.147872991169 16.5158740885133 0
355.753120571202 22.0740154008046 0
355.883746765122 22.6818220499716 0
355.301970772627 22.0443885086398 0
353.648633775433 19.4265010060579 0
354.837229192644 15.5773071377264 0
354.358381627913 15.4122767770223 0
374.20710812028 2.11933102093184 0
370.840587489909 23.4679598492726 0
357.801805307606 15.2120025968624 0
412.393228629891 5.79398206018327 0
411.804547524747 5.70795260174441 0
410.673280081316 24.3737471511532 0
361.032566590059 7.51945038830412 0
360.302621337805 8.84647845009815 0
373.619786432462 1.87809044494673 0
357.823596720579 24.3556541090936 0
365.966102333385 10.3144082212547 0
420.802938899883 1.06442561979744 0
407.993439827539 1.49502903090995 0
407.902944472175 0.976663951972574 0
362.263126343634 22.9497237651508 0
365.114862551312 1.62545879929471 0
365.605963203204 1.27116685725429 0
365.928943300991 1.78295858960564 0
365.990156128071 1.00422797262611 0
364.971841274989 1.03725998051027 0
364.404369429768 0.890605792399757 0
364.009322806764 0.980794228275141 0
358.811754213035 14.6625276060693 0
399.868756900071 1.67547817648279 0
399.689910100017 1.11425460696266 0
399.871184533345 2.17861791926425 0
363.131593630802 12.3421449553922 0
364.00963044989 12.2503862950678 0
364.907232136014 12.158842250128 0
365.790508743464 12.126495055867 0
365.8013940013 11.5036950632993 0
415.668795086654 9.00584240380446 0
376.50820945873 23.9886743225023 0
376.480506962831 24.4513620838659 0
375.605864181231 24.4836942464298 0
376.494825472278 23.4848282131412 0
363.190898449526 7.73747593450761 0
363.515967977254 7.41246919099577 0
409.56424826771 18.4039159578911 0
408.920304967914 18.1747020391127 0
409.03475725037 17.6372536375852 0
408.416690574289 17.8532033261673 0
408.544895813541 17.4413716951937 0
407.952119419367 17.6465744301669 0
408.090142596214 17.2862234412001 0
407.502175062324 17.5026242904659 0
407.556541716922 17.0778339681721 0
407.823560660212 18.0278122485418 0
407.271165460373 17.9128264266282 0
409.50718551217 17.260779699829 0
408.577320780862 18.4928580711532 0
405.386811854259 23.7654693951556 0
405.325374858972 23.2328804679543 0
363.717358025964 13.5879949435053 0
412.713503566489 9.66237586568256 0
410.521363014245 7.02135440797667 0
409.706706357258 7.1093087274548 0
408.908329988752 7.29861167216003 0
416.486352597238 18.0896674272336 0
385.189587063813 3.84523810368889 0
358.236253230502 23.0449331182946 0
409.496216287183 10.7328883845818 0
408.852855093682 10.8085468029778 0
360.923774038715 16.6557441752671 0
408.041968349327 2.04126265244486 0
407.037604193774 15.0263436337484 0
356.212453002307 19.8891007728094 0
405.201923109624 14.2881134498497 0
405.21361870546 14.808591280971 0
411.01728003173 11.7556373933708 0
410.642963540202 12.1324932901759 0
411.60745905772 11.9175034405463 0
412.147493096228 11.6691581337277 0
412.51236160346 11.9562762640118 0
379.786803920393 18.3244520667715 0
385.565647653691 1.43017182025523 0
385.675054678182 1.83100771394145 0
409.87880032066 5.64209770540616 0
404.353283999493 16.9086863714114 0
412.365836886685 19.8932299681392 0
360.985426088744 18.30875600942 0
356.093554531906 21.0959049049455 0
414.81676279406 12.2671039004166 0
409.733868991166 8.66654365995157 0
407.117904639813 19.770487701429 0
361.897689807678 16.546958269792 0
410.768282876518 1.43860711849199 0
410.310229799533 1.43391116986913 0
419.595520354401 2.58360512163493 0
365.917940062581 4.02896246561904 0
384.994176691432 7.45472188266597 0
349.301207847231 22.8896182731035 0
410.04225352132 24.1103344831661 0
357.682076143946 4.86465838265854 0
354.094444018855 11.0080806726756 0
397.034781207772 16.520565119032 0
396.499846786172 16.8514319632213 0
407.465798883231 15.1017423267658 0
386.2297567735 3.88402997824467 0
405.401601059014 5.46956709462189 0
409.536636538968 22.9208832660138 0
367.380380799806 12.4114841835274 0
368.201620437675 12.2552451443584 0
368.578977674221 11.9327431148721 0
368.099778186463 11.6854877644512 0
368.970657720727 11.5912615368158 0
372.909034727938 23.9033680543 0
361.267927619079 23.1305427576534 0
363.530325192424 4.0828154865071 0
356.100662597568 4.68391107509879 0
360.271889684969 13.4370946417212 0
364.596713853277 9.0903188786714 0
363.309492161923 24.391235700792 0
367.181100354208 7.72512787353691 0
367.77349026589 7.43420416678255 0
367.840812918101 13.5831485110131 0
407.909815849239 18.5493870123952 0
389.813506304073 1.61313770208005 0
389.698301953607 1.99636281612473 0
408.071334728934 2.58521422192164 0
364.415391982928 22.7799368776549 0
406.415004028891 7.0056752343757 0
378.27564173748 2.22023775925928 0
377.594905202492 17.0074648731745 0
356.676115602135 14.8885114863473 0
414.000119134184 1.02405929601245 0
404.631374498412 18.456927752227 0
405.106147320609 18.2053067450926 0
366.09596732654 24.0682791824266 0
354.497773274033 19.823981388885 0
366.037711569828 2.2994488617128 0
399.251807208081 1.42173506838771 0
407.28214677327 24.2918703808228 0
406.764996613983 24.6620029372855 0
380.087916044055 24.2032800583321 0
365.512421296665 3.42068188128659 0
370.695180217765 16.8061387166414 0
423.856878004395 20.049574629091 0
369.191642987827 24.2449864271069 0
369.281019753415 24.5674131340898 0
372.040179170507 7.30733293281618 0
372.564757386173 7.4605741677871 0
364.331769856664 10.2489439491764 0
410.083922011253 11.6100525311027 0
367.436310822242 16.6387176149207 0
357.706027908274 5.81955846564858 0
358.114442654227 5.4156472966596 0
385.241895332082 2.01583451069872 0
365.753915292412 8.94095811144874 0
364.190327402679 18.3640601626854 0
370.038989358634 4.44891633821805 0
370.513438896042 4.18370944002454 0
371.082532792098 4.80788793683376 0
371.558813513192 5.34549028079695 0
370.575279727166 0.98093184812973 0
371.476598492314 0.763914721364186 0
399.377244700582 23.5889928915459 0
370.066448235237 8.10561728864938 0
402.103060582987 23.8610964988696 0
402.11325810148 23.2685311722559 0
369.896544455774 11.5250302000812 0
405.515995521258 16.8941432916656 0
411.771658805183 7.23678079185419 0
347.656496284303 7.82416022563678 0
368.301132052678 7.98027810936965 0
368.021130873342 9.19550692974173 0
394.793646050879 1.41094168633078 0
394.806414792 0.973513750743736 0
395.658240447186 0.790878121715805 0
396.044768175324 0.572603989421754 0
394.752163862279 1.84143045853666 0
400.11542355884 7.25568319542478 0
370.572397073925 15.1312409002744 0
408.795399449142 0.94923101391414 0
390.161086955524 1.24785621235629 0
364.315263101811 19.7226075042521 0
380.106779569388 3.82976939414414 0
379.290756368905 3.82283795630254 0
409.03844133793 23.1723705114946 0
366.4368711592 24.4135701189076 0
370.908059359849 22.9399703263497 0
413.12032450862 0.94032270968352 0
353.813639458077 15.864923138617 0
349.608976118624 0.988617150036276 0
367.662942054898 22.9079117143903 0
370.323248971818 9.06284152439658 0
370.634262037828 8.7843979511244 0
371.08033662951 9.08314595326197 0
371.29176775217 8.60739008859017 0
383.868676178741 23.8665435256605 0
383.78512041009 24.3887018532896 0
383.874400510387 23.337719476243 0
366.038776717233 5.92346183514767 0
403.749086356756 19.7332578598956 0
399.544345842852 5.34663690220392 0
388.219225294631 11.99898343462 0
363.580692283338 22.9152520334411 0
363.70042612845 9.06369993531497 0
359.12554040546 22.8066002775354 0
366.744665805039 3.97361275572629 0
379.605275124291 10.6374924268691 0
406.996314261018 1.11456255303522 0
364.521384849054 13.6148877673909 0
401.983265678643 14.1858945282614 0
402.101769218014 14.6587114190493 0
371.465667271421 1.2338231080868 0
403.604699353378 8.75262567975739 0
406.214095128221 4.41913079573152 0
368.293287990042 10.1690580916117 0
371.088328144859 5.67960583267988 0
359.648787494013 22.9204404482974 0
377.142464189981 16.6556194808237 0
371.492567936592 24.1697757985448 0
399.527990128876 24.0463748332436 0
367.540733678518 19.5323654686568 0
374.297528141643 9.01723076552503 0
371.132796297347 10.7773697004329 0
376.685818331336 19.9150496646391 0
371.589636357006 10.485395082481 0
408.340066706736 14.2148710275899 0
358.626783964667 19.8071915666929 0
412.202402240413 1.13070561807311 0
406.282081492966 18.4562031213084 0
406.280396508684 22.9518959552435 0
371.529132965651 15.3012005800509 0
373.66543389232 7.16636286420677 0
375.07872997316 4.43450455051861 0
375.54879748253 4.1976649322583 0
376.139597675956 4.83338371924256 0
376.787973227563 5.4868937239081 0
406.561632814439 2.38281410838557 0
372.501084296889 15.0790846167157 0
404.417604888204 24.537208810995 0
403.575562051436 24.5162310156435 0
403.558918891568 24.1154940898158 0
392.807730827295 24.0774037815205 0
392.794479281739 24.5858920269367 0
392.569799733835 23.5528576209942 0
408.964495841984 4.18316796658748 0
366.812172918271 23.0198345754807 0
389.341422354589 24.0133582383193 0
389.316841358548 23.4618822241113 0
365.345527394868 5.93738369488655 0
404.619707426291 10.2331655829097 0
404.198802581681 10.5911326926478 0
368.966812933846 8.99910908489837 0
399.821221666321 23.3738975413451 0
410.836255422182 20.8661504688165 0
373.384394590676 16.4665318169907 0
370.754223136683 10.4410223566882 0
369.904360966023 23.1706290059085 0
387.263826958139 24.0029036275397 0
391.846209029869 13.9648339593438 0
396.676270750861 23.8619542738632 0
396.838963155141 24.4508206036655 0
396.590534950391 23.2209294777407 0
387.132551043657 23.3749480738701 0
387.725480444709 24.1938109860558 0
371.927223942532 2.55554531916705 0
376.20539340959 5.85185033987994 0
375.370291587984 10.7618357008803 0
378.197595257894 15.9664330115349 0
373.351182958617 24.4490427938561 0
375.868885067966 10.4334916243984 0
362.917800194919 19.5266884947624 0
381.976295273408 12.4077917548092 0
376.480022816575 1.27597573485883 0
410.104049016214 4.62771735137418 0
379.356225304209 14.5310169518733 0
374.692173590659 24.1914756414051 0
379.282654449444 13.5952875348989 0
387.918503302603 13.9039493141021 0
402.60665852031 23.2148959107455 0
402.575661295617 1.25167869000286 0
402.590047564019 0.773226595137491 0
389.110685967243 7.36188470098751 0
377.564678539135 0.992470308936287 0
386.474525762359 16.6370862474325 0
385.581954287528 16.6031613483101 0
384.69616781398 16.6874098474403 0
383.811349083842 16.7694006041531 0
382.972967711977 16.8334130248176 0
366.329446540202 5.57545244292725 0
365.000154036343 23.1312767397051 0
378.667061360465 12.3688501866523 0
379.007044438304 11.9059716831647 0
379.59096803557 12.1744539936854 0
382.13629765013 17.4096098443981 0
364.866272896169 10.623479870857 0
376.082283792949 9.2015973396334 0
402.245136261475 16.8164888629201 0
401.584473012783 16.7779185878876 0
373.009798547292 19.6737113875988 0
400.623217172161 19.7532745550451 0
400.118743824343 19.9882606280882 0
376.390399557613 17.8934763691418 0
388.536919252044 14.5776187301184 0
378.430153019261 9.24768085642127 0
386.637196306483 14.6762856340704 0
367.323280830813 5.52880421018908 0
401.340513662099 7.03829920017156 0
403.060819741522 18.3971095841916 0
383.610592466776 15.13051197298 0
403.135273053123 5.78922363403389 0
403.315921526963 5.34275401844096 0
402.654807688028 5.43416459247661 0
402.212476275772 4.72546904035493 0
401.686842867329 4.01471839003997 0
377.9964472329 4.20931191419323 0
381.020114952969 13.6078114879785 0
374.764628952423 10.5379443219602 0
372.294051999307 22.765484599233 0
400.625413744317 7.14642137372425 0
399.612387059544 7.00213569272749 0
377.742587019796 2.39142378008433 0
382.454008162009 13.7003691186238 0
382.270795792315 14.3543424113494 0
376.507943883384 8.86648398179843 0
376.053580230418 8.54840926099283 0
388.43772355153 14.0994982652836 0
365.025599469948 3.74894208442234 0
364.585582144004 3.03378637427649 0
368.351913968907 23.1801694431459 0
366.129346625202 19.5734487592166 0
388.406096976073 2.20937775266029 0
393.431468850564 19.7732685075423 0
405.760183384177 23.2166668181734 0
401.171841757391 4.39842143272597 0
377.055326247268 2.54588647795084 0
387.843879041117 12.3538593641191 0
380.045690580361 4.36448100319114 0
375.814077923001 17.2009550611215 0
382.275858922509 12.0860495367748 0
380.143061036902 13.7065407354598 0
372.997251012347 4.29821825850534 0
381.194197515063 5.89678473130178 0
381.631116403331 5.59110736310658 0
380.125572944949 16.2416843368357 0
379.279248426394 8.93793449045388 0
402.240248604657 18.3472270987447 0
401.631802208536 18.1733731843412 0
405.805392412008 2.46962384771234 0
381.737319889128 9.12750287146973 0
378.800968624169 24.190688779343 0
378.947461183491 24.7108900943999 0
386.977830306039 12.5160084321372 0
382.630551458385 12.3329457615777 0
401.532423355283 10.1237470272603 0
400.847207874499 10.511398298884 0
400.417564574051 10.2061994365052 0
379.164919840752 10.3653793334015 0
379.923813420236 10.2457126523684 0
396.978299753672 23.1305764370613 0
402.014602662636 8.11461663060885 0
381.560136924402 1.29873582089323 0
372.722093269193 0.929182795690283 0
377.781361634594 7.88929966570065 0
377.539044041696 7.5445313235218 0
377.799913838307 7.22372738832402 0
375.443612127075 23.0733774767046 0
382.205949264642 7.35676125334369 0
401.638832405424 2.26788622074085 0
413.643593380059 2.16095173262641 0
429.669336653827 12.1834056718369 0
382.127482237286 24.0675993880832 0
382.02260891825 24.5900703750843 0
382.383183206251 24.4578977586219 0
399.97970320034 18.4399278095294 0
399.51739613034 18.1362547775298 0
383.447206255137 13.4673448607567 0
400.788030099046 5.68927881062176 0
394.279538442426 2.23374445861575 0
386.004856693775 4.24007604019997 0
381.997769702305 6.03431001472752 0
382.072352922297 5.25892115549261 0
400.815585352091 24.460324394024 0
396.378430429924 1.34136204167235 0
370.6251021521 2.34629957650538 0
391.983637154985 10.5069173071785 0
382.039523415102 2.46618257843419 0
371.672962811102 19.608009775114 0
382.669453734944 9.04273036336828 0
383.152359149207 7.36392902606392 0
414.450180538372 2.1957127965197 0
393.813908614024 2.61596539629942 0
384.399380975419 13.5422450422978 0
386.642623661662 8.9387521873749 0
386.729305514166 8.49799866836414 0
392.996357985417 23.4008389560557 0
412.590576473927 2.32556354192462 0
394.899296651544 12.0768556694703 0
386.941315467818 22.9850840576278 0
397.36036386452 22.8723861384855 0
356.373405390329 22.883422074162 0
356.785136965342 22.7554267457729 0
383.582533187449 9.01321199179466 0
387.218956371254 5.84395961040242 0
387.640435040697 5.51107746603711 0
380.356168483211 19.5791642559188 0
404.227603815166 13.7253445104122 0
384.021582781779 7.40060293354234 0
392.656924362054 14.5519153147088 0
386.935913779619 0.899960670718934 0
384.400033486652 15.1559854633085 0
374.188544776164 22.9536479778186 0
379.648016225668 23.0786512168925 0
380.119606063288 23.1415028602482 0
384.478172651108 8.98911748823066 0
405.920208693983 5.84247751290974 0
392.493188475605 14.0942767065987 0
390.198399248433 4.44509784260866 0
390.642838348836 4.18777013663313 0
391.332826855983 4.77314638089433 0
391.913476659216 5.44542325359636 0
388.507741695012 11.6796892649363 0
372.92614975486 18.155267510447 0
385.159019267931 24.1145116211163 0
385.330880991209 24.5890751790993 0
374.900028359149 19.6840809908416 0
393.388807763181 22.8645603926839 0
367.708092658886 0.942969019249145 0
368.097916233848 0.787782317494008 0
375.708251103997 2.53225392254239 0
397.846724363233 1.07084011025223 0
389.371149972587 3.83572507821416 0
394.445693932557 12.423182914698 0
388.155364150842 7.4033094502862 0
391.286463893786 10.3220756560195 0
383.587209549547 19.6590770331325 0
392.857191903619 1.05661099771578 0
399.644394326556 22.8042459603527 0
378.84667924764 8.85320493793168 0
394.444530832569 5.52937683724381 0
395.899969788143 24.5551097189202 0
395.491371468196 24.6863261955158 0
388.039841665882 5.83449986965851 0
388.053868535894 5.1945820385884 0
395.009599403782 19.7319456768345 0
394.657221874668 20.0310616181526 0
382.864251169928 23.0597247742195 0
383.640771254157 12.389429888274 0
395.210703997422 4.45724018229656 0
395.679330124566 4.19385757195285 0
396.376220301011 4.77569006671064 0
396.937655792233 5.43825923454223 0
398.013827806434 24.1659212442077 0
391.520343825413 1.35282786477091 0
392.26449020855 7.31037585130315 0
374.750711836099 2.2983557065228 0
376.461042715877 22.9761001519375 0
390.793080866326 13.6132078362389 0
388.711230468575 0.96606902925324 0
389.115659790542 0.810258983493939 0
392.464674831807 10.1955577786106 0
393.268844641496 10.2158669786445 0
385.352800883732 8.89287351983589 0
388.062383053797 16.5351776760567 0
388.793579166176 16.7220566375307 0
395.256779333151 12.3545372143368 0
399.833278591471 4.1083042299527 0
394.727977789686 13.8016800593911 0
378.296233494592 22.8442044196279 0
395.277657749221 2.04145957844058 0
390.681577928186 9.08592513152093 0
390.802115960595 8.61915476151673 0
400.599657573082 8.50727192935392 0
392.495807115876 21.4460127098454 0
392.057295509122 2.59659115152767 0
369.131813394436 21.1461254203654 0
387.640132927482 9.1101279004992 0
390.798466390674 24.0340368080722 0
378.98985775198 19.5585010789143 0
385.92927346442 22.9983987657437 0
394.724512411003 24.09695092183 0
388.594611713897 8.98361469287619 0
358.992727616134 8.46093488626351 0
401.044379372634 13.7315923894797 0
397.994370835302 14.7704169624499 0
400.680257223467 2.45943965756034 0
377.52794488888 24.6079733568867 0
377.782403958625 24.989561340867 0
389.250513738725 23.0413918195577 0
384.085858290086 12.1678181823969 0
403.824889962007 0.947425306671683 0
382.857467821737 0.961896765959866 0
351.157950396718 18.7711254404375 0
392.645713116343 19.8250960880671 0
391.339236525109 5.89719216720259 0
389.803442314491 23.1666796748115 0
395.402714509642 13.9580709452335 0
395.693295759317 13.6549205967703 0
391.539558933857 13.5354351486938 0
380.538461815285 2.37799196592491 0
381.384915755788 22.8445075871034 0
384.274697807367 22.912331236935 0
383.848218510045 22.8306415257657 0
389.009599593007 18.3090729648608 0
399.826116650746 2.54375206061932 0
389.512975444025 8.87303936660377 0
373.339159411212 22.9042157544092 0
388.981258584598 19.6380588253655 0
394.206232960594 22.7379520888817 0
388.308476419154 22.9719242466742 0
370.009373486977 15.3944372247878 0
386.542061232298 18.1330198992522 0
402.910540903394 2.56564637490413 0
400.15941802012 13.7943061503763 0
387.412913765695 13.7409466328671 0
382.242882137741 19.582140130804 0
396.596479981598 13.3289501585632 0
391.977519507348 23.2499361839875 0
397.006524300712 2.51508043937519 0
409.019198164183 15.52489601343 0
409.271874600979 15.100371071425 0
386.519442785476 2.34875485732596 0
390.929647793395 19.631551547388 0
395.087652419324 7.14474560743913 0
393.574279768778 7.38763311236533 0
390.654938432205 2.40024996072689 0
388.675576076199 12.2918218542116 0
387.694801469087 19.6668678502702 0
397.937644174642 15.2384191833575 0
394.069776141424 9.12372521581231 0
394.577046256963 8.87189573941284 0
406.568843694423 15.370099697471 0
398.417160308711 12.6430619863066 0
394.052715336055 5.75362925556022 0
393.040911058288 5.72777058912119 0
396.364192926607 5.83043310372051 0
393.8283317921 0.928100677182966 0
393.113396534914 18.1004500493353 0
395.585551000915 2.43905246862772 0
399.274844700392 15.5936048995037 0
390.116813339521 2.28065775596353 0
383.805800762794 2.38214650746351 0
392.897738084265 2.56865837556382 0
402.572600844387 12.4751388950391 0
385.595149154704 2.30109226790516 0
392.709599115334 16.9929864970462 0
395.653826894294 22.7603356472 0
399.254387931661 12.3182637111464 0
397.714770497009 7.15032583140343 0
405.805920043412 12.447071204009 0
401.283720811057 23.0567370192319 0
406.184645310546 13.75892713841 0
368.200429773093 19.5316385756986 0
403.422140064984 12.0821890758671 0
398.788804717133 22.8098280468122 0
410.540492623476 13.6619108879511 0
409.91499061037 12.3609689347721 0
406.641105400743 12.3600786395101 0
403.409334527213 15.419447766111 0
397.619050154599 13.3818235363778 0
380.530893268909 22.7227769151127 0
411.136436213442 13.5926827359677 0
407.608781163723 12.3627934982136 0
414.039695681848 12.3983543669466 0
414.35563928058 13.5378760340231 0
394.369594110691 18.3682105984282 0
395.920550556084 8.42402371129991 0
396.002727948135 8.81338996794918 0
388.932035366389 2.43259288228026 0
383.063279296993 2.48875740319443 0
389.876292948673 5.85900450196399 0
415.181201526045 0.481338826330569 0
416.149652487817 0.472916530956127 0
405.750953470011 24.8922368545126 0
401.046732150865 0.484084648038329 0
358.862183287097 24.9303410528093 0
391.347978946463 24.8835837480102 0
376.098678877039 0.385522741823272 0
407.763988308003 0.489385803589934 0
390.964022213565 0.572021914334992 0
351.456380661884 24.9263335303973 0
362.975065193899 0.480220456760906 0
379.975788797453 0.468057529873376 0
368.187937641986 25.0144183583756 0
375.144345822878 24.888139439459 0
423.613033102173 0.455714519741474 0
359.785380140756 24.8193132609024 0
360.798220324043 25.0185059198429 0
419.938732471139 24.8613578821091 0
383.986949066977 0.342870913300356 0
425.329959205559 25.029177833888 0
393.059397099772 25.0138397147187 0
401.376545874305 25.0465506875557 0
382.114353038012 0.454496689467878 0
403.679558893269 0.517607881542111 0
415.855715617125 25.0673125060052 0
365.806517195714 0.506809844878951 0
381.077447601549 0.509584867943787 0
388.52357860159 24.9322388309629 0
386.356649556061 0.506581154190336 0
409.833856373495 25.0242953118603 0
424.25687485387 24.9467060913957 0
413.650374877811 24.8270065903074 0
357.773407604494 24.8336329131133 0
369.483963256184 0.362432786672897 0
418.036892984471 24.8656633098377 0
422.222635798876 24.9622008713612 0
354.447615666294 24.8825288000448 0
355.530968423817 24.9244529471965 0
406.816210741121 0.579988923631892 0
355.470610128392 0.470415726298329 0
412.185922869718 0.512971985167564 0
397.805368383423 24.8137792074828 0
375.100458602384 0.515537380421285 0
422.620894985382 24.948074705899 0
426.387724588582 0.514887601070517 0
349.748245492193 0.351426431236049 0
372.466845107911 0.442053653379752 0
426.292915206135 24.9562785427143 0
351.974883700901 0.482218648212562 0
380.33331725343 24.9153264662766 0
383.002250524682 0.547142867545396 0
385.243794019081 0.360262533481931 0
359.826370288322 0.529628470463058 0
421.145323063401 24.9181775065331 0
402.579775127298 24.9141851173121 0
362.052582252538 25.0384682964559 0
413.227262583266 0.466786853149798 0
414.707138502094 24.7950565862844 0
379.349817741601 24.8947440120726 0
361.478594387624 0.603943124888554 0
348.355904386964 0.385125481278005 0
350.708453112105 0.462789413331479 0
356.733344680253 0.471848297387416 0
402.221593916373 0.444490933099709 0
393.555535451814 0.435598603090722 0
414.127613463001 0.575003251285825 0
362.968378021247 24.9476380224451 0
358.823557645752 0.38575076793038 0
361.874431128401 0.402250970764756 0
394.081032230965 24.9655505151253 0
387.965501918437 24.9125963298599 0
366.884591219619 0.449081289231742 0
419.02945991212 24.8752307719889 0
353.52582191689 24.8770165432621 0
416.91515228532 24.8469320507361 0
386.713582854464 24.8534109825688 0
372.101941303726 24.9326670873735 0
411.087482840149 0.462994651320458 0
364.020957759502 0.501056218039579 0
378.824375888864 2.51158081914392 0
392.394773837254 23.1035486150669 0
394.170338848463 8.67039240182204 0
386.790645942033 19.7667362254353 0
396.470285231088 22.758504583182 0
395.450609623653 6.99826080027683 0
385.684080968007 5.62440889547031 0
404.458674851619 23.0829504131693 0
393.897248824361 16.4646505925461 0
394.44600487822 17.0457745156199 0
385.424749989756 19.6056763459286 0
377.459965527947 22.9405726259816 0
396.461105603577 19.5495260719747 0
390.990707850241 11.7033089095008 0
392.172694954107 18.2435951344248 0
372.736505622617 2.41636144198998 0
398.004776724214 2.5723584876712 0
398.64724114827 16.6122320844713 0
392.611841766296 8.95768515110753 0
397.335199824332 7.44340641660174 0
400.39483650208 5.39930151065366 0
391.902580452209 21.7220094172165 0
396.826207325452 8.87961571352313 0
379.632862149433 13.9645281690578 0
396.965787840208 7.10651565978151 0
395.938673349844 18.5930543790607 0
387.255896141824 5.21878786751735 0
396.834931304951 12.3056693929161 0
394.652178236667 15.3631260354171 0
407.49483276431 22.7199736301372 0
393.078391951716 4.21350929416724 0
381.240123148046 5.26682362858485 0
393.705881572108 11.1754413226168 0
402.550389213416 16.401462692623 0
396.652953463136 15.4084273002314 0
393.919232481369 21.655503824894 0
394.708809330594 5.8734185686211 0
385.300077202302 20.612025900619 0
357.822481530983 19.8846315132638 0
392.088524590503 19.6019381468127 0
393.822360576157 22.9063044741437 0
389.865167489266 16.5649765140385 0
390.364640123487 17.1998753230491 0
396.15525720526 23.2728181309545 0
393.419570383204 13.4841481896254 0
390.967659894607 21.9330900160968 0
390.297540829834 22.8677668085984 0
389.237623322512 13.6910735235656 0
391.501156276036 22.8729026826964 0
387.731860728483 21.7643676392229 0
386.098406024437 2.24093068128994 0
369.757307021045 5.75004522656356 0
387.372524998196 12.1155148184908 0
385.458794187257 21.6786070676731 0
396.101156224412 3.76168260799033 0
401.689427954517 13.4711652721396 0
391.810423777052 7.15183536782542 0
391.717989667506 18.5361515876205 0
392.807613827921 12.1365971158104 0
378.929472276054 5.70190825443499 0
378.127355013436 5.73222778166936 0
390.395546351238 15.3427272915719 0
397.122418723191 21.6847202014522 0
388.553400129395 18.5891912092854 0
402.252235231292 3.66890222033997 0
391.118679271015 13.9094306881252 0
386.087127158959 13.2611724393134 0
398.853851966828 12.233107839693 0
388.626409281644 3.79154099311526 0
392.320452202806 5.15419672062497 0
395.122457525499 21.6521165302915 0
389.614316923286 21.6837105949926 0
402.893775875437 22.7856549382535 0
369.342155442426 19.5825136396153 0
401.535480590934 18.6375954164933 0
398.136725561211 9.10787477036006 0
392.75387745718 3.7989367456631 0
390.352249113424 18.2333698800883 0
391.05029468365 3.75963989426962 0
396.284387896658 18.1408923229146 0
390.316596727913 7.08702797275338 0
400.068202487226 15.3951717974514 0
382.292491149514 21.7592890823566 0
402.02107401228 22.8054583210324 0
380.643740471994 14.0078211088171 0
401.005721086186 7.28299572083462 0
399.610475468263 15.1544806646334 0
379.769063235785 5.78298569555023 0
398.079359862127 16.8551502751071 0
384.658654204735 22.7116959800602 0
376.187687977092 19.7420138275979 0
401.112582505318 12.2482948234398 0
386.383179975502 18.5851105156164 0
394.822719747538 2.32655257614541 0
389.905096717294 7.11546203396406 0
386.174261937174 21.5249534357382 0
402.294604836772 5.80863313068613 0
398.515457173838 8.82693823609447 0
387.977014331687 17.2406546720037 0
387.009118255355 17.2290847789149 0
397.881127805912 3.75255250369829 0
408.104243158733 16.7924744509784 0
392.753944675522 7.04608379173837 0
387.217560223151 15.2567480371999 0
380.139826349419 23.6765434394133 0
379.03876066549 21.6846636848649 0
392.355635912341 2.33326230218981 0
383.006794373493 18.5289161838552 0
379.638748810361 2.39878485895413 0
382.433215370731 2.37809660675571 0
387.627789918829 7.19034076507953 0
396.802628389946 18.3454342071819 0
399.307302706611 21.4653371757784 0
398.198184904712 21.2332138083038 0
405.803882978453 16.4999959245533 0
388.829673901042 23.3027656842688 0
388.950498940814 5.92670620920828 0
399.685644973916 16.598862209045 0
385.589812740467 12.2148086200887 0
385.615292783854 17.2118092268745 0
399.489651130106 8.28881251751082 0
399.901010467653 9.0680051908316 0
397.344695600649 5.17847336893629 0
384.379838589921 21.6196755747583 0
382.655240894751 3.98010603183245 0
386.500647533165 23.2521685335662 0
399.182129701977 23.0495934724588 0
396.522299255883 11.9666973149772 0
374.792094757568 5.87625189549539 0
390.179649865715 3.82990356711732 0
399.001836744079 2.5581413415631 0
410.696464792176 22.922591552565 0
387.835693781721 1.95944545830176 0
341.41400285652 6.78858469633113 0
392.937652561181 13.7908361614182 0
388.024454972025 2.37689986537773 0
386.38896804839 6.95008092010106 0
402.543359391932 7.0067836758055 0
398.397663569182 21.790750263427 0
407.064856083808 3.79678527745427 0
405.002868409887 13.5472005353402 0
383.200239451897 15.464937997449 0
377.838117033198 13.6199979340014 0
399.985972215419 5.69763506610614 0
400.546923668922 12.1027338764451 0
401.860646472929 19.6439981749007 0
397.436583306892 2.31132066181888 0
375.189171510366 2.15612233750445 0
400.597383708991 21.7423885108587 0
381.007170568934 21.70069397073 0
392.638233981745 18.4222361761093 0
389.348170199747 5.51170446691872 0
405.249960555434 22.7113027387789 0
383.365761066835 23.1928019017102 0
384.664038180295 5.76190719137546 0
349.658054790128 16.9133831211248 0
381.70108112027 7.02989196651255 0
396.121125242037 12.3623502993389 0
384.886082895422 18.3858285056124 0
404.332733757849 12.2513519988508 0
377.289669776208 2.20949146568609 0
374.844293595078 21.7347901448745 0
392.280634214155 13.676104717869 0
381.96768060242 15.8832203675034 0
385.978926549505 7.09738674118476 0
398.203464799545 4.10275748379124 0
380.680960862293 12.2256900624601 0
401.192738164006 2.14674968007705 0
377.692202525445 3.86364382396624 0
376.925188574376 23.0312812311071 0
388.559643116704 7.168766240777 0
402.45755944311 8.96816239622578 0
420.632877686782 21.1514153846095 0
375.648591386283 18.5169850826232 0
377.060364557132 8.94102017942299 0
388.478347467678 5.52885013293037 0
398.929540132073 9.18066347488117 0
402.619401793594 21.7251978987986 0
381.086780385621 23.0945706169068 0
401.957868194486 11.1248462310058 0
404.462901405183 7.54995966125845 0
378.095082974493 11.4641169794587 0
388.848692180026 13.8722132827002 0
378.659966572878 15.6913497553667 0
373.753847610737 13.519142384134 0
377.685398176027 21.5448543326199 0
409.131705532158 5.66231540629005 0
359.005634196231 3.17906850620459 0
401.713479784501 23.2588334439876 0
380.903949615639 8.31701130191924 0
399.473350093939 2.3915220503548 0
393.642474030223 18.2458715422747 0
372.92467227363 23.2575476849093 0
393.565921386006 3.85494344967156 0
401.101380182143 15.1943328269224 0
385.754313215364 13.647546592826 0
385.675302219495 21.2711131509828 0
379.897408479506 14.7367616459179 0
388.321086587057 13.6570797793628 0
378.48833120821 7.0925079280162 0
369.467511357287 21.8443036156768 0
400.135603055431 12.2847695475212 0
385.252196531376 5.33804883230677 0
369.260858372228 16.4508070409778 0
380.954862390542 10.2411318735354 0
393.300489534804 2.16855979019367 0
380.410921320689 6.9960436252323 0
371.748665280089 21.7486661100953 0
395.665774731329 12.0181222354877 0
367.925567838253 5.75889688573037 0
368.369750664379 5.5018403629496 0
394.06632179663 18.0162710844877 0
354.346101803567 8.5933072407742 0
384.267335392751 18.2072774841966 0
389.479587988909 18.4816821010385 0
406.187205218204 2.3329775524004 0
385.865663310851 20.3013913056361 0
404.029502360105 9.06116906986312 0
398.763190665158 21.3519532370612 0
403.464768944585 2.31879516763782 0
403.785312347031 14.9890899705211 0
377.958877791724 23.2540462248726 0
377.168820894813 5.03787886581625 0
393.87015504296 17.3765106080917 0
398.530888237656 3.78894555562176 0
379.243162949611 2.41701488184505 0
403.590305388917 3.7320452302836 0
389.498933795201 7.19498718183691 0
372.275564136634 2.15031777097574 0
403.004813070917 12.0742188373547 0
385.264372080524 11.8974767115352 0
404.049911664841 2.60105544611113 0
383.085822619111 11.964695907251 0
400.593373686057 15.0116122172631 0
387.083348263888 18.3191297457195 0
372.982341249115 8.96792093244852 0
366.270225064489 16.5326974799872 0
403.9382267659 21.8471437087563 0
376.61949959374 7.05237302315318 0
407.306821057768 5.72828609439519 0
374.011207744747 11.4600951157322 0
389.306338858294 2.40421625150252 0
372.537907865566 3.99390747317583 0
389.843593433245 18.0602198542769 0
379.007581068556 16.0032955526435 0
377.622415440695 10.1282667229313 0
405.061661868656 19.641936779166 0
373.644948010408 21.8271131508576 0
408.451354878622 22.9139894877224 0
357.520010096402 7.09521270445439 0
376.055451334215 23.4522680639035 0
376.003180583462 3.78289218812066 0
379.369678218189 5.42856078547283 0
384.756374529191 2.27068006850886 0
382.635576919762 7.12289185349094 0
383.902686208823 18.5653106915016 0
372.471955048799 18.5753964573358 0
380.159540691805 2.03870354450851 0
356.101747561692 24.9533381707169 0
399.29431680566 8.73170752917162 0
371.031409489241 15.3102546687696 0
378.507505577197 18.3811541581583 0
374.301149730562 6.99132796697448 0
366.981092965178 10.054804665374 0
395.237783225406 11.7090878862151 0
369.610075767102 2.3422237206661 0
404.269232508209 15.1685228304887 0
398.457236086357 2.31633758862529 0
377.806651612582 14.467678570233 0
405.743628093338 21.5993209407415 0
389.689644067852 8.0416721917547 0
359.713001024278 19.6991546672391 0
383.850255522943 5.75484253928642 0
366.206788706357 21.7179664772837 0
389.819731864729 17.5844883479602 0
401.6829277199 17.7173794405507 0
383.348502679665 2.27242645121477 0
373.852363969513 23.098125028578 0
368.853706409267 22.7785697297009 0
410.7419907805 7.69011734897049 0
401.887685760857 15.1731230078456 0
404.8997835386 23.2315898073411 0
405.14698827873 11.1625027680908 0
385.800004401339 20.798702229201 0
384.778088935617 12.3118057973682 0
383.953325275912 15.3918829590648 0
395.237513354199 11.2973188107439 0
370.214853789479 21.6605565991505 0
366.427274489853 13.5738979587441 0
383.547311601609 7.15426068122572 0
398.108771602226 7.48240788145314 0
375.277128405987 6.90980099931579 0
423.780096542875 17.1826053051494 0
370.180322894882 18.4509283501494 0
381.589038071374 16.1959152165155 0
408.461172055719 12.2221937507784 0
355.358966305809 4.87820888950176 0
400.251528654297 2.27860606041679 0
372.074457405238 4.94171985607718 0
409.064978873888 13.3985060818025 0
371.530272712125 7.23185383776579 0
407.8638713345 6.97015252440663 0
403.799386719236 12.0393149386224 0
360.421038332245 3.93520663746256 0
384.243782254941 11.5422421663375 0
384.150311487543 5.38710515021413 0
401.457960413427 14.8726936484232 0
373.752504179532 10.3414107315016 0
370.990773030414 3.78270710899519 0
371.925978155649 17.2458612749345 0
374.597456712615 17.1416146423224 0
363.936302126155 11.5985892912294 0
387.09472262032 17.870634162849 0
354.956977246022 9.92702469938215 0
399.522766075355 12.135471625753 0
380.047392500907 7.20655280679572 0
373.796167686978 2.303827584982 0
363.03515623423 21.727812320318 0
374.310971040509 18.3876832741261 0
404.904162011342 16.6622856992564 0
370.378739796611 23.235418042445 0
360.816786531163 21.7821957519304 0
363.8027655459 5.69779342548627 0
366.529777639971 9.02667286352035 0
384.40087740197 7.04528887012708 0
368.113045287143 21.5974948583577 0
365.459469523135 22.9143654957152 0
398.712208175106 20.8166755662421 0
369.592806597409 14.1073118657373 0
424.453617906806 6.9120472460921 0
411.47642538166 4.89766138303151 0
384.262013882029 1.96964552250791 0
384.139361528552 11.0900172539588 0
370.42970646321 6.88978786748921 0
383.142944958669 5.83746754557461 0
406.218430119137 12.2134139025342 0
407.124328751973 21.8176350509532 0
385.000126833998 15.3366846044921 0
404.043889886996 4.08421353401964 0
408.287739250889 19.7708112348573 0
399.208779502126 11.8424136171761 0
362.185729603866 13.418143583562 0
404.735524948784 2.44178253362327 0
383.438999429786 18.232440173981 0
385.397341156141 6.79439410204318 0
371.240889460426 18.3461961546202 0
389.68382311648 2.41375551495045 0
363.698970130823 18.3103228464911 0
377.087627017294 10.5465319308161 0
389.576223283724 7.53441140332827 0
411.561203867842 6.05189635055468 0
408.620210965367 3.7785959805239 0
383.404211500437 5.4757632441056 0
378.456027190556 3.85619184963417 0
374.10691746593 5.89874236761581 0
368.781156924712 15.3766965171347 0
369.357568394325 10.0935533060764 0
382.571788582009 5.66269732036278 0
391.221499704104 17.4014438741526 0
378.320898726005 16.7342506258511 0
394.233051279011 19.6282248882204 0
408.93275957451 21.629883210766 0
374.359549749327 5.54209796653383 0
405.275207994034 15.1753607605994 0
372.011184167022 15.4472946148025 0
364.850558425594 21.6130786234604 0
368.752357949105 10.4787534537133 0
379.760503929706 14.3603000302247 0
357.512608737312 21.7267839504624 0
372.525819785572 7.05488343852923 0
367.210086410853 23.0258305903904 0
373.626062742664 17.957110006802 0
430.307622025391 24.3678498236658 0
385.463514671296 8.02668174789105 0
403.424169181277 11.7791862325803 0
366.894527510256 5.75677158630866 0
408.030015638786 23.0675465052152 0
365.531124429 15.2448992878695 0
413.147719693936 9.96109684806017 0
369.04507585145 8.42261246936235 0
403.936641049406 16.518369787617 0
374.78992641929 7.25610943290887 0
409.125948052037 8.93437865288517 0
365.261111640766 5.35724455496864 0
368.675726956792 2.39418561496323 0
365.629879044779 7.03228518920307 0
408.364775804494 5.64641882251197 0
399.25736090004 11.2233397194012 0
404.383630357899 3.77476147964478 0
370.12055337992 1.94448524119595 0
382.989425353824 17.9580366812301 0
411.061648178271 18.5423741142496 0
404.392569205133 2.3144872982411 0
362.511222901488 8.84587649194655 0
393.991164591381 4.16031069422386 0
404.064023656082 17.2453039035608 0
356.434770440904 21.3911395103376 0
404.783243738709 15.1395614626355 0
405.21449491366 2.26037996588197 0
360.458717810825 7.30797640816779 0
398.125800060331 5.75454535110489 0
360.109255694494 22.6767234817103 0
372.994184839345 15.326803971037 0
376.731151981037 10.2028643115785 0
368.750372796409 16.8995242519139 0
358.006816618533 13.4579484682836 0
361.861691139828 5.76912816566904 0
373.094960984692 10.5157107833707 0
382.973408802503 17.3838813837384 0
361.613203566445 21.6412116112012 0
411.775113554519 7.84219557789274 0
360.518594702435 18.5634706227795 0
364.099143936208 13.9076778274218 0
363.989250724508 22.9747669067498 0
411.010835743609 14.4873044369429 0
369.636360380955 21.3656396433529 0
369.831374825526 20.355345582294 0
368.915658549587 5.73500628210949 0
369.329267798925 5.53938003086366 0
411.057680165927 10.2673970596794 0
354.880256024037 22.4780918340903 0
429.165677184349 24.3399286784536 0
428.871898574842 24.5881507748866 0
391.342122129853 16.5811373359945 0
360.276012366046 20.3062934136467 0
363.660987644579 2.50769677697755 0
360.995907281797 5.83493093421258 0
358.734164948108 5.69357453285085 0
422.716340546746 19.6985346487897 0
408.051268240066 12.0626895051044 0
361.780226827975 23.2662861838026 0
362.287663402078 3.86819485413121 0
378.886965591899 4.14199419871371 0
352.583867997078 15.8518874541663 0
403.386389613977 11.3013881086744 0
413.146987050078 13.3590540544891 0
408.248226848197 18.224052773437 0
359.350585061931 21.5795517675533 0
410.097650240077 21.7783683570971 0
352.202613210691 19.2826204628173 0
411.602657249048 19.8653764464141 0
373.261563251926 18.4110826626528 0
408.356875095101 7.42136203431488 0
394.396585878965 3.84578012205095 0
399.028339094131 5.82222859379278 0
367.818813533798 2.50828183448204 0
373.207515802721 2.24017765118623 0
428.769572593146 21.3116537051611 0
372.614263871094 10.3141805537655 0
392.171794331658 16.7507348266344 0
409.081672931729 17.2085330250256 0
362.630796192933 4.86942222140944 0
415.391028117637 2.00356272115541 0
370.68689796982 18.1628347524991 0
376.372494928805 10.4673300101372 0
394.446568762172 20.5522946513579 0
359.796698265755 17.2200427931484 0
364.339594514511 6.99744369643532 0
353.444099858218 23.2638745091471 0
367.049875411222 10.5868353950977 0
408.905846092363 7.79467249590181 0
408.497714519004 4.2865406750517 0
353.92636562108 14.2835646873356 0
414.724851086082 9.16502566967619 0
368.472925888892 8.66767072498507 0
359.988997932838 13.8367898682067 0
376.314754077325 10.9447002552706 0
411.185677883847 23.3980436224198 0
358.656173524004 23.1769720173698 0
348.73040091625 0.544810695711198 0
416.771177948845 3.67545008979448 0
395.219704234615 3.83663903697601 0
368.758036142095 10.997287811424 0
385.530144659137 7.41239286811562 0
392.864690767239 16.5375809036324 0
361.38554091751 5.46469429857357 0
420.054461830075 18.5439375569849 0
376.31593249206 11.5997435263291 0
354.776449494474 16.0065332764528 0
366.913499751297 2.60167363183831 0
415.615080223341 3.97073891492239 0
369.755261148618 20.8705038280888 0
369.159659295327 2.14805411876902 0
408.745857925649 8.23833075476287 0
359.619719380635 2.90268839154731 0
410.89328567048 17.470525511536 0
403.811809711958 17.6454332594218 0
368.266894584754 16.5747104002499 0
337.716030887635 23.1356692110887 0
407.13768949871 16.6928192067838 0
421.813643113859 7.04114832791943 0
420.573944569367 19.7831623987091 0
358.249296617484 9.38756415062087 0
354.838566209619 20.908719431202 0
364.74674276947 15.3460921182635 0
406.776440869838 18.2658745466114 0
395.070629940498 20.7181502831018 0
372.073186174996 10.5811055860207 0
404.151298449649 5.61900333708733 0
406.0178873384 18.1441691903257 0
413.06003608409 21.4882365924553 0
361.48127334767 7.33664585627759 0
357.511625467501 12.0344917475072 0
349.93787633776 2.79808792771644 0
410.854317877737 13.9143504766635 0
426.293717255719 3.39812660087982 0
348.747103678901 3.70849403942805 0
357.519144773026 11.0508335866626 0
355.685033843335 14.5644614582326 0
407.087874248693 17.2850802966781 0
358.847656342431 21.3405641974398 0
415.053072413798 16.7798512800906 0
359.043724309487 18.5219306193554 0
395.270776196715 17.1323643528556 0
407.082242297089 12.1266417252888 0
398.98945394297 4.02688714523917 0
372.115699281095 10.9694975734338 0
405.095471841038 5.79281492238352 0
361.880033959283 4.16957169210355 0
359.379327844115 6.86852987934505 0
408.784684753757 0.440357277205092 0
366.466385935045 1.96194446153342 0
362.354541375422 17.2242813233001 0
399.092381996284 18.4695901573225 0
411.466056463481 9.8797542394093 0
346.79497240904 15.8153330978284 0
346.728907316737 15.3399859658737 0
347.225324047951 15.6625646864576 0
347.139884494036 15.1670399432738 0
346.605442219878 14.9180387147741 0
346.211988878114 15.1337818643591 0
361.173869717992 21.3644233157517 0
412.661064660596 16.2992278368451 0
368.281036718946 15.0247572944922 0
395.3669156236 16.4890103321607 0
413.644118286006 11.2533451797547 0
411.812426924893 4.58467431929242 0
352.519581392729 15.2814083222979 0
366.486689985784 10.368194269742 0
373.114955055706 17.7455134340083 0
353.003897030416 21.4216562511301 0
358.465448256165 21.6312983677691 0
372.16767204932 11.6139953127368 0
357.351167720901 9.33050714750702 0
409.138145153274 4.52290735019032 0
358.550892059241 4.76919535997593 0
404.918164072321 3.97737187801402 0
417.179717432735 2.6529646482078 0
411.729822914435 16.7431158534732 0
399.132433678729 17.8140034578723 0
415.227407631582 18.4495639369564 0
399.488919823485 3.81572484270545 0
355.355526167918 6.79114977806916 0
360.571106667953 5.54168437754408 0
406.574837834215 11.7431598563181 0
402.688674461133 17.9829051631808 0
395.557017323172 21.3818768215121 0
375.091648349512 3.82026464104183 0
412.319398924692 8.04619369006052 0
399.908150386439 17.8149691762222 0
403.558473904378 18.1253095951428 0
358.551664235237 2.48002580673574 0
337.49734562443 2.56479768617645 0
418.601238026668 13.6658510546575 0
411.693841260206 22.9497183215516 0
364.745348158599 18.3969656504778 0
374.254233910688 3.82842959393457 0
368.249620493344 2.2028508756954 0
400.227439488448 3.73101172319176 0
417.334505511178 21.1044355448138 0
373.24343848655 17.3201551753104 0
359.104435291689 24.3489989789164 0
356.470017118268 10.6152532957133 0
405.503441097063 3.74546399829466 0
414.4728706643 21.6110967118825 0
415.77628402109 19.8321487420385 0
373.397966980012 3.89781223137955 0
351.070703957076 21.1115564845435 0
361.479274777682 3.82804652669891 0
417.941565413127 7.99599251457037 0
428.722122103521 7.51584899313262 0
400.247453702164 16.8608722125815 0
418.999886249789 18.084157197698 0
411.972618634282 20.1434560864786 0
396.035080794783 21.5992331750009 0
341.193438596128 15.4119967911391 0
357.130525283955 8.95574572388809 0
400.806781345681 16.7047388241255 0
406.651918675244 11.2858213227668 0
367.907195303621 16.9312126368582 0
411.826712922663 5.16170930916113 0
418.843095767012 19.7328518758247 0
409.697451699876 4.83029272847089 0
414.242017744428 11.0123783638555 0
414.97477554751 2.33122395698782 0
416.448645090342 4.89171239532365 0
427.404011155521 6.92868903798297 0
427.467304639788 7.49105663639091 0
416.547030614575 17.6768902414918 0
352.221760506378 5.94132723265908 0
427.000587733356 4.08125249772252 0
406.235073477199 3.80599645008006 0
361.4218912923 18.4343595985237 0
352.079335104627 17.7137768555421 0
423.186431850909 3.73862298436159 0
353.426088238991 14.3699113492007 0
357.74558553783 9.56213334315379 0
379.882534232694 17.9204915691269 0
367.417451753721 2.37925900660024 0
351.757143705421 19.546820920809 0
365.655139706142 24.9496218696818 0
350.358200259819 22.1323691722245 0
348.668489756375 7.00271363007459 0
357.645958272403 13.6087269542585 0
353.640158653256 9.77709860907914 0
377.745027780623 0.503872109485138 0
351.434846464728 8.34541699384862 0
373.582753441857 5.61682412306891 0
417.19902559601 3.26412249565956 0
426.997584348362 8.31937032265444 0
357.063107813471 13.4160019314692 0
343.275292340309 14.1659523334487 0
342.819912284214 13.6210778096803 0
380.929974571792 24.9293049761368 0
437.51230616983 6.3313789119968 0
361.147152454416 20.7678422828819 0
355.928909476345 6.86546426462068 0
373.031683963257 5.88016833143598 0
358.077230157423 2.2617078978617 0
352.57471517378 9.20837800730958 0
353.929923780507 6.40750045574881 0
351.990772429503 23.178416766017 0
352.631920857163 3.11886118152561 0
397.107324645729 18.1161592622492 0
419.684134314239 10.81091796636 0
422.145101891936 2.17513540093809 0
434.209590592841 22.3034071510393 0
406.832092338157 24.2024807823197 0
397.218351496647 19.6592698435673 0
366.08525323725 10.7088010072248 0
419.370770430281 3.8337846381311 0
424.138169168851 2.66909039325725 0
424.771843397823 16.4806454487195 0
360.868051034165 4.12536067570958 0
348.781562271108 18.1716036812209 0
350.710127534597 17.4953405975928 0
412.150374078673 23.1043353059702 0
412.620492007095 22.7941099257621 0
341.981633475512 7.10415190681395 0
401.097483822006 3.87979512982881 0
425.776804053265 15.8201791304141 0
351.818227197041 23.5832490996025 0
415.196985292101 10.3868341057054 0
409.543394971458 5.36457577511869 0
410.134271130884 9.40983208412843 0
348.096598132151 20.8540595044813 0
346.725960978977 9.360444105603 0
357.507165751756 2.63640824322985 0
362.439442831722 18.2541454304665 0
349.296154484298 13.1766594655936 0
397.407770246809 5.74572753404148 0
362.19489598124 24.3900150795584 0
420.019544383326 2.19952265903067 0
412.359941986811 7.44076373061216 0
350.631276552681 5.78431332125647 0
428.134489344461 7.78965833363097 0
423.437762953304 18.7671779989342 0
357.895882163298 21.449345969223 0
398.331123757233 19.7535202866356 0
427.744350953809 25.0391565509469 0
424.255228398093 23.4944719730423 0
414.075468057364 2.51277168914615 0
349.105478422093 8.38402034986778 0
420.613295282766 2.68787267248183 0
420.560276469448 10.3256464895896 0
362.653590851789 5.67549763845964 0
406.765033494522 17.5773302789566 0
361.28343421579 15.2606469918753 0
423.236189245193 11.929533613711 0
349.103119028092 20.7945980264676 0
413.653684190909 15.6271273088278 0
392.397455840113 5.76012764547865 0
410.93497484609 3.33976543400277 0
355.576941131468 10.0118668274694 0
418.589201524049 18.4842120796656 0
432.357840812991 24.0238621081543 0
414.37882794179 3.93649357424919 0
348.383987215551 8.5847890560208 0
419.749481245838 7.06664981902236 0
420.11662981421 14.4108837642525 0
419.596792868667 14.1890824342678 0
356.686924132324 13.6691102802102 0
349.784870389925 18.3829930074552 0
398.70601364574 20.3334421498162 0
435.755404708005 2.68959782152979 0
349.843399583094 21.8418274574061 0
428.87223066064 2.08178287273968 0
413.463897736569 22.6223015331256 0
348.843423413247 2.56711944146612 0
426.956579130701 17.5440351859673 0
416.814377938468 15.4921088876285 0
423.289112204969 13.4760292448878 0
360.452979867605 15.2973121882045 0
430.823472682527 9.3432412381152 0
345.18018689655 4.55058596310387 0
358.130162823348 4.81278132006367 0
347.339301065199 22.1278401261222 0
418.352216028308 17.3031728125003 0
349.306059231692 4.94234619080905 0
430.816534480127 8.01200705465743 0
430.842497470825 0.779562086900463 0
423.903589725393 21.476732521735 0
377.364286773424 5.83872246169464 0
357.137251595201 1.81781617434752 0
347.798920824139 15.9229288769735 0
413.100325424825 2.45451181216631 0
372.151543886308 5.53000850704237 0
414.428729599227 12.0107232160737 0
399.646048377534 19.8080129651419 0
359.57632952874 15.3110561178541 0
417.323586337094 9.75417074803052 0
415.636843663932 18.2285863384179 0
357.34397444476 21.330382333329 0
427.942991927947 1.86772709020041 0
368.196866303201 4.9735377055925 0
412.935088147714 7.10715338226849 0
413.012649701858 22.9137284068231 0
366.13205470208 11.1890593406757 0
420.985053387654 23.1204421405508 0
354.224503846988 20.7146839934675 0
343.761860467361 11.3650237521455 0
345.046925775889 22.6318668040565 0
400.096095248787 20.5115794767268 0
353.087804088383 9.96938337366893 0
352.664496968858 9.62185312902473 0
358.711448291458 15.3595600441882 0
348.075549996134 14.570847631818 0
353.484446780977 6.70467284903161 0
413.658999429457 16.0600906108351 0
424.099807422698 9.26770955532798 0
345.942804469366 6.09168941461477 0
370.672849392946 19.8696686724992 0
426.370015638067 7.37513458232055 0
413.415842672226 3.91727331972231 0
422.628863580337 12.2731817655037 0
370.045796473754 3.77230724011536 0
360.330169818347 4.32018806247434 0
438.410444403933 21.0779189226099 0
416.815899307679 19.8505727161882 0
362.296702289185 17.6743030833857 0
400.593005441118 20.7124533132737 0
432.964464653243 23.0383266236768 0
411.5793972266 2.33575422668694 0
422.855360649265 15.9857978445578 0
343.86669072792 0.520783429309875 0
342.878799173577 0.552631741435315 0
414.110452280156 23.3561664176907 0
369.208885292454 3.75700771399351 0
356.51082711707 20.1624864167582 0
356.772552277656 21.1272129621954 0
411.357610456587 2.60644504937598 0
427.692028628709 21.3893529193263 0
419.312910743369 16.8060091745268 0
401.08307280606 21.4340108241255 0
346.8109091939 4.22798821245514 0
428.967441014353 16.6656602458931 0
362.760479758989 1.07325259368713 0
417.62027209745 19.5737626365776 0
368.371428837075 3.65466125624383 0
361.37365062231 8.92249510262625 0
341.208248700227 19.1131923206239 0
346.450709635839 20.0687761531337 0
434.20471303276 1.34571889295746 0
413.388614327195 7.32514619103483 0
424.63869340436 14.6966541256631 0
350.3926393591 5.47970336608704 0
401.585621147653 21.6666145134068 0
431.209632836091 19.5607163764246 0
361.946858105378 19.6719360190371 0
360.45816184452 4.92158719614512 0
429.399293316128 24.8627077111049 0
352.776469821573 13.2247192146651 0
355.537281684883 7.14758965685251 0
412.589180418263 3.95277763770705 0
356.794765723514 19.8711373695371 0
341.327731519401 24.9836094750565 0
340.226309602688 24.8752988341994 0
353.901025839538 21.5780123809672 0
398.488362110783 7.17625198137862 0
419.96975558228 3.95521446301583 0
342.349351599523 0.437239718957751 0
425.371979484949 21.6954620519749 0
412.202786931823 4.87058980904932 0
344.018377267502 24.9088973146331 0
405.574044754073 18.3459732066904 0
427.557613172943 11.6639719138646 0
348.207257659583 2.72440180364849 0
416.090241416217 18.3851050636406 0
387.862944916201 0.53019661215342 0
424.554717540636 2.30746910740014 0
347.47761973775 5.80823154310304 0
438.28412033944 17.3187601404752 0
345.598093472348 19.0043818519438 0
349.35505915267 22.3073903795863 0
358.682446559464 10.8703462800318 0
423.768076972452 11.0062275724305 0
430.917005787482 10.7569403003753 0
357.672639285519 4.33691293514657 0
369.055255410777 12.1722920722727 0
361.069286551833 13.4682821253687 0
351.317814976409 19.8114917914169 0
402.850610573902 19.6760362226159 0
434.286715503882 22.9426764690102 0
421.071144866526 2.43474715098935 0
342.001160344013 13.0197760523979 0
343.818853576689 5.49527869166728 0
418.295642502448 21.524179461778 0
346.518972443505 20.7029350574768 0
419.058344193315 12.2471786811323 0
347.976913343626 6.80291125437062 0
413.83929398959 7.01200323958819 0
348.214682973188 16.88204939402 0
345.404111880124 21.1025986703575 0
347.512216090338 18.0164804920789 0
343.075318579288 12.9495061381161 0
337.14781367969 5.07060693280062 0
420.438905864306 5.60445273792047 0
398.948671283132 0.4949427655461 0
431.248147401002 14.8399850845481 0
358.254987973323 20.1621091165071 0
403.274519371643 20.0434099586335 0
356.495318338362 20.7713331396988 0
337.297322021305 14.4112174263701 0
426.390576245556 11.3211902715077 0
426.757118460555 10.7912841341905 0
345.812861119503 13.7300102292237 0
353.354254220172 13.779276739244 0
346.914948294227 14.2621549407277 0
420.315353613099 23.0682191552309 0
423.165958412455 17.3943206816108 0
418.112026402788 20.9577790303181 0
426.246946408527 14.4582050767445 0
342.730727003383 19.5506573407423 0
429.33755368475 22.8340033400046 0
417.877976324249 12.2432304832456 0
347.363632686052 22.522717978581 0
343.948907615467 21.6082427783222 0
365.318669679675 13.5991638058474 0
430.633778310049 24.8553895025682 0
429.027184933472 3.91323000474504 0
338.390166464402 24.6520540653882 0
425.417541545881 12.25597769725 0
340.881488757326 11.3196105271369 0
403.631270265817 20.8381964622158 0
356.642465365849 1.63500127720417 0
348.763844092392 13.0093663733944 0
350.001585011325 17.3091595345824 0
431.850988865664 17.3204735285003 0
352.390240244416 20.8159636411389 0
342.913052959883 22.2257845004364 0
404.844653720875 4.6488942597182 0
404.960228831543 5.20199300888936 0
342.560567826453 17.4211729542839 0
407.155684882296 13.6261588755206 0
347.761505426207 2.53270465410522 0
346.119221332142 17.4525895962284 0
404.301756536106 21.4893392351101 0
338.322651481614 15.9588905664558 0
352.261554261893 13.7235328994747 0
359.197765904351 20.0078989377169 0
340.24715278313 3.36503422483929 0
414.259132417171 7.40915356815694 0
431.711861647622 12.1771075379184 0
404.763471915864 21.6371221277845 0
420.377942847064 3.72817123335366 0
379.535943399237 7.06219677353775 0
344.682569933135 16.2416020208396 0
349.157215176763 18.9390929356281 0
435.44135782468 10.798390303602 0
335.06663861173 1.30815714853001 0
357.193665483135 4.43237546979044 0
356.386226466769 18.6893895832761 0
350.404621569767 11.9770083662863 0
431.392344804862 16.2061576796189 0
365.623680483334 16.7791892860383 0
433.090609051206 2.98151651987071 0
396.038606596301 16.6733837024102 0
342.144311914717 18.0467945135465 0
337.483901075185 8.55936954822166 0
345.83391465665 15.5259982274964 0
357.068004025506 11.4759763209558 0
361.899215797839 8.70171967950992 0
347.27686703883 4.23704368896701 0
388.20787138453 15.318470321609 0
430.379187336049 3.49470947180374 0
400.210820804294 17.5076493529047 0
341.522637973156 22.7402301898182 0
348.746461581312 19.4830516705178 0
409.986702840479 1.97303778219319 0
367.298024806181 3.81206888537741 0
336.640878972804 12.694981462256 0
421.352156392291 5.38992592364634 0
406.0624505793 19.6648388646947 0
429.556201050567 15.850994507225 0
397.545786880278 17.6531179965275 0
436.768881787662 19.7680377741956 0
411.296797432145 17.6368651132089 0
342.915373520814 3.49591976538299 0
414.816419351754 7.06686573821698 0
366.357792644781 3.74884758933254 0
432.569842017268 4.53615478878177 0
435.229639505452 12.6896826161467 0
406.534944548109 20.0275151264875 0
412.785303840213 24.4575524098519 0
353.365004524657 21.2670022079273 0
347.400750955885 5.28100936176011 0
352.453149108212 24.9879209548312 0
384.005222093085 24.8786017757789 0
360.915586867658 20.2281652909632 0
412.597582594471 4.57869754480592 0
398.969402904865 5.07858756234103 0
380.146022728556 11.5187623796533 0
357.015714737958 11.917554810319 0
361.910105209628 12.2466161741109 0
413.327621361277 5.79225525941705 0
348.830014949505 20.0033035997877 0
383.812574077619 0.885434208141585 0
347.28124388657 2.31006808783015 0
413.668513239896 8.66406160991474 0
382.19298620656 10.41001326488 0
398.883314631553 4.67002663444554 0
406.401050849145 24.5675528286007 0
431.926365094677 3.10631607899988 0
381.760533331711 18.3636233093607 0
338.035420821218 14.6679121017795 0
422.342006331311 5.48270676571967 0
423.242805886794 5.51212012228895 0
432.431341964559 18.9734748517705 0
424.199166372097 6.42664814596998 0
411.463503504691 18.1126941905043 0
424.992523006068 9.20473672169329 0
343.627622195831 17.04498146227 0
424.189418237623 14.3534493795723 0
411.406208031052 3.14410445028055 0
362.078000812451 7.30438580720905 0
356.746179263435 16.9389940934077 0
387.395075851003 10.3100858110734 0
336.853753889021 19.9238357440258 0
437.36051272491 15.1079726958665 0
406.863542997459 20.837476660842 0
418.783090571963 21.6373238369608 0
424.105101790816 8.60519321783011 0
339.163921532576 13.1445852405654 0
433.261918796283 24.8540897355286 0
392.313607464802 10.9706127568368 0
389.745002797332 0.934750763599643 0
392.284990354986 11.5044012727417 0
392.376983111538 11.8607492793638 0
420.848230744639 4.0227134831422 0
341.40052076658 3.13615540171434 0
411.110855363199 8.8128788822743 0
415.253798249788 7.27445786217919 0
429.092773127269 17.3196065307556 0
407.478152378695 21.4771765437047 0
336.660980818334 24.9514529775843 0
336.410257522154 24.5140003871093 0
337.714229718378 24.7907107169679 0
393.955789152203 5.30607130731801 0
428.259114292772 21.0881506544111 0
394.07873326518 4.72661409989781 0
338.312889296939 10.1511965223955 0
352.874404559239 21.0162874568768 0
351.987323521074 21.0558764203025 0
407.916801673954 21.6509509356732 0
414.243898976389 5.75163078590181 0
436.810280432446 0.340437363160111 0
436.83787645372 24.8904981769523 0
435.694251180377 0.513854136726507 0
345.216427116992 11.7286275423945 0
423.831219895723 18.2402677902856 0
363.969007412256 21.5038506942875 0
352.559764063124 10.6258113194777 0
431.445095367811 20.8899516522316 0
338.062529528548 17.6636996024248 0
339.510304300723 10.8112564770904 0
434.308187524525 24.9912545638294 0
435.234381970925 24.9488911152064 0
413.718502344821 5.55240276187222 0
364.51630098268 21.3475195552145 0
345.285717546978 3.95013377526766 0
428.810680283553 23.0934453087065 0
375.902200172419 21.7173254192172 0
388.588710257929 4.3480358837182 0
437.276034417233 14.3375278985538 0
420.819871503899 18.31719603778 0
415.72457427648 6.95838392677043 0
350.138722885245 16.6505938864237 0
342.915902618217 4.02759150258724 0
434.757518106017 17.5341499157902 0
364.373992165317 20.7745869087684 0
399.858531464893 0.574787279538895 0
425.2216451261 18.3396299166288 0
434.069356995547 17.1711414036527 0
400.85741498919 8.95259972119573 0
414.627318298025 5.46299201833868 0
356.512944424292 12.2375806165362 0
346.311392469423 2.95779121211877 0
432.418648360056 21.4335462952809 0
409.579413335031 2.18809433335141 0
428.624785990606 4.27555435592109 0
360.873773373156 19.7339849844098 0
364.642890463528 19.8783374496044 0
349.532711947208 15.7206072328474 0
435.976059340599 10.2489871705305 0
407.422917858824 8.40259659922788 0
400.056301012676 10.5888974028307 0
415.186208928198 5.68008419538141 0
437.462145112786 24.9750248644961 0
365.164491220713 19.6884965689368 0
436.159060187804 18.197019419813 0
384.889902081146 4.20986377908614 0
422.564816749928 15.6040171023041 0
382.426208623644 4.28754327349687 0
428.827016363798 15.293195489287 0
362.58972264779 6.99666349307497 0
408.100811833518 13.5624167278569 0
409.296254229582 19.7059256989321 0
421.209941206598 3.89713212361331 0
367.157229304372 21.4705402280699 0
412.137840858212 5.47140603567153 0
336.738748418307 1.11723281766915 0
418.062864770906 11.2443138990033 0
345.401833368466 20.5076392538552 0
391.941995909094 0.582547278624607 0
338.762728089561 2.93621302749826 0
346.976412743518 22.9359229139945 0
378.024464592033 19.7234041457643 0
356.08357318245 12.0917187953508 0
367.76882221618 21.32384063389 0
438.355813682305 10.6223400309324 0
340.993296852691 11.9003517828992 0
409.788744583532 19.9277052860852 0
437.391106327694 0.481572742483067 0
387.077593590279 24.427088041309 0
415.589405203075 5.40088602735977 0
437.844103816885 5.82630607829535 0
367.627118493382 20.7411628648827 0
389.247802479857 15.3094214127109 0
416.539711963291 5.37312688409294 0
424.382646724033 18.4876723414552 0
379.804570358401 8.87893309579236 0
340.860516703028 19.7945895537954 0
344.395284535065 22.9749326346031 0
430.841009629549 22.397300468171 0
412.752060905916 5.58819280341851 0
357.723939730569 0.487517781516662 0
424.662715799641 6.2461450102338 0
436.53747762052 8.34747324670045 0
411.65049516892 8.91714804883881 0
432.170280833103 7.17259220296692 0
379.073519024197 5.13945002793148 0
367.978103511508 19.8474418322852 0
399.938985940166 24.8696453470464 0
378.982451078757 4.74801332710245 0
409.893903666838 0.520920144064468 0
379.702193329916 0.896336025321363 0
368.692758180897 19.9057119321705 0
385.670776896864 24.9258674479661 0
338.465602142511 5.46265717618268 0
410.10158421826 12.0389400925174 0
356.689079610645 3.35157388725708 0
342.369787858253 9.70223370101167 0
410.251869755007 20.6557339194851 0
420.580063925793 0.534066816403334 0
355.682081430513 12.4292330786915 0
409.646080174139 11.2994068735802 0
378.77374025793 0.532613422235907 0
336.334672096914 21.9222908279069 0
370.812153463594 20.3962737932876 0
421.776024404672 3.99759616676496 0
356.262347244869 3.27493285643888 0
347.546110281473 16.6601321987306 0
414.988119655808 1.0461246329724 0
434.352409974432 20.8912329447449 0
417.039292303477 5.59939416774982 0
405.424976680339 24.4150593098295 0
372.651577621799 21.598077542616 0
363.244965645373 7.08358507892017 0
357.351744380707 18.3702164869964 0
412.550246864616 11.4971704147269 0
335.837582201313 24.9970011627149 0
370.420827390774 12.3538438506211 0
345.894632647517 2.23815655220866 0
421.662916483745 21.0472695166791 0
401.361799556988 8.81363505830069 0
373.251528317877 21.4633044129774 0
355.799307002323 3.57853766313833 0
412.035741599656 11.2485768375469 0
428.520798526651 24.3643977270516 0
423.750957102319 23.1558617228658 0
410.72384929422 21.4344231315425 0
373.632431640988 4.95380260514808 0
373.137380536479 20.8488887641469 0
343.613037894109 10.7813737484459 0
390.270157234586 24.9542011517383 0
373.516209266754 4.54856713017239 0
341.415424484658 13.4357867795804 0
397.812411136641 0.543334351008042 0
428.908182630158 14.641725356523 0
337.999012803679 21.7967847563438 0
351.485955570064 20.820103664757 0
355.279499712924 12.1430289233669 0
344.831818006142 3.77538205934541 0
373.476913814945 19.8112409654493 0
412.389044921614 10.729577230296 0
396.861434524071 24.9573292534283 0
336.003396097848 13.0266588720475 0
335.407600808383 20.3674985415734 0
345.195546880492 15.1760789347627 0
408.596447642154 13.6876244464015 0
373.964050435471 19.8311625406621 0
345.045894257456 2.30119542696544 0
435.369421062985 5.71047806792758 0
411.228628427647 21.695004587963 0
377.006350201984 21.5040556042859 0
417.959411137011 5.64511151040603 0
429.384284958189 13.8926613319053 0
374.921708977634 16.8748444980616 0
362.750001662174 2.67294610170628 0
389.723000555197 15.0190025040607 0
374.556745627084 12.3523234706458 0
336.182599705414 19.7844522202304 0
348.332706588269 11.3783453590084 0
380.322635791081 9.08845325520262 0
354.870035004898 3.67468850101696 0
368.709858053731 0.947581098616437 0
348.693838476708 23.2728325243199 0
364.647742432535 20.4827242721937 0
431.257840830418 23.1407062498012 0
361.382165181621 11.9735033299185 0
421.141407410211 21.4510205890395 0
335.483213031447 11.061274820028 0
425.348519885077 6.3685403207759 0
380.064165718687 21.5181460711208 0
436.605086440937 5.29143929474323 0
350.422542274728 20.381853173098 0
432.269714403194 23.045649557186 0
380.659450525029 21.4205710218504 0
411.755967363369 21.4382363668045 0
365.023318223297 8.82590730590394 0
393.329586589699 24.3101834440555 0
422.192343749932 3.71680651682688 0
366.592672304942 17.7451030198996 0
380.488706519359 20.7565145801561 0
422.075383961129 21.7727408064526 0
337.229696445788 23.3492496168984 0
336.806064657452 23.9920610494853 0
340.838107134996 22.1576393031044 0
389.626248385102 11.0376096107968 0
411.926264662824 9.778398946554 0
380.790815114571 19.7599327234575 0
361.180322591014 14.0867734606603 0
383.301811540634 21.5322348604422 0
381.242776873675 19.7693470544934 0
345.518951771025 24.9386956254852 0
383.925265128897 21.3901047522812 0
430.344938482021 4.21050034652591 0
361.877944376012 2.85338476521874 0
383.716506598935 20.7463858001948 0
354.764222452706 11.9011784582455 0
436.324182896096 4.19464720867538 0
350.966152663365 20.6141007133662 0
344.987407518088 20.2988016311223 0
403.710853845488 10.3272076286769 0
340.654763710911 8.57228479799459 0
384.024892592555 19.8071525930551 0
385.861965849009 10.7474317114451 0
337.583544222157 15.6176584866638 0
436.578583648749 12.4645043352577 0
389.924059845526 10.1415551793178 0
384.337072403985 19.5617061404658 0
389.059971647655 11.3745800678962 0
395.47945437854 10.3593925495898 0
410.816178473388 0.881531195539051 0
339.305381777589 24.8890210479071 0
386.377577112107 20.0923693839826 0
388.777085982609 21.6572105892323 0
340.505166282292 24.4060706427471 0
414.751404400102 8.65288888261826 0
377.112285339192 19.6097193901611 0
428.855762470978 20.7996979227042 0
387.262021210789 19.9280303190361 0
422.620449043526 21.474150805854 0
367.961172841992 20.4395065778712 0
435.816819338424 21.4961043894388 0
389.319443837818 21.3921878845489 0
424.796899512673 0.518291281991603 0
425.632048162423 3.25608072059006 0
425.800284010867 6.04413837673632 0
389.262534299594 20.8068687863678 0
361.822132666059 10.3651506370501 0
350.569997841284 8.73746261727771 0
344.324074585125 4.10048728167235 0
408.859625555882 14.5268836780934 0
413.681891485604 17.7115286433341 0
389.374516306166 19.8251157519704 0
391.411725025247 21.5255163506046 0
340.721368369463 3.46936634799812 0
392.968307244343 21.6738805767086 0
389.893847938475 19.6662289705949 0
363.827230168634 15.1035909612913 0
393.533012588353 21.4494400352259 0
416.133972712469 5.62388751746605 0
428.691444624586 13.6294712545857 0
380.845903925721 8.79820415162778 0
354.222078861226 11.4705756334102 0
337.106309388354 17.29320618359 0
389.520708413965 20.4747248339586 0
393.0061713502 19.4994376772261 0
402.259575565769 24.5137597111378 0
336.705129619044 8.98567801539954 0
393.313557195867 20.8368014560639 0
396.676324238394 21.309220903315 0
393.14739834372 20.1709749677865 0
425.097901750715 9.88824864878442 0
362.894402823507 9.99002867154696 0
390.243102491993 10.6900781901147 0
377.056044117742 20.2536793209367 0
361.147958004475 14.677275948798 0
358.246587629175 18.4291251184662 0
396.667803558011 20.7666512103037 0
373.491066011934 20.5313458597683 0
424.962021466697 19.8905543997121 0
377.36660141727 21.2934567819529 0
406.887873221016 10.3230017798236 0
428.742593368073 13.0457514724169 0
384.034883386936 20.4281618772699 0
396.833928735721 19.8617302656887 0
377.21263381 20.8021174092725 0
380.814678356064 20.4288790039482 0
375.451339322111 17.5497684072947 0
397.767837511192 19.9429468413061 0
432.668773059351 3.4877905214191 0
436.014092525263 12.8912830022131 0
396.900763239989 20.4404094854206 0
367.025958300957 18.4567144364818 0
366.154984732083 8.64028332135045 0
348.219351742535 15.651473729358 0
399.168682381407 20.0803008678136 0
346.42737708071 23.8728670990295 0
402.229176230243 21.4710091232351 0
353.424881612175 4.00618003639428 0
348.429989152429 12.6019316257348 0
402.116752286435 20.7869579373062 0
433.590937447819 15.2651093224734 0
403.21642909264 9.03090586120456 0
425.515502431192 19.9840507675181 0
373.563875812673 0.506021840865568 0
353.057573319199 3.26770165667011 0
355.372503409992 3.3934831270804 0
437.078380533389 3.12707570191147 0
413.481615009298 19.586733888404 0
402.254619865575 19.8275000931084 0
402.368691772212 20.4502008404127 0
353.075315535408 1.56116871148455 0
422.772721619934 3.95684933049154 0
340.130813311384 19.6493711113185 0
336.85086686843 19.270120970999 0
409.389536465756 14.6822297505004 0
353.645505787524 11.2913343837119 0
380.027603908634 10.9766739450101 0
352.029258757969 3.86384623518625 0
365.106782718025 16.5514734802357 0
429.775684731295 22.9927650568098 0
405.28275499051 21.3684401032802 0
343.865291828609 3.89563268084661 0
350.10413259915 9.47072616768225 0
405.429880550943 20.9203120088893 0
405.64573691446 20.5219641017285 0
405.436348744712 19.8849345708602 0
417.814103543767 20.7412074113758 0
358.584287250875 0.775339405735868 0
414.110789831452 11.5555346042536 0
337.447532282046 14.9782284483423 0
358.656922669362 18.1453456592143 0
436.097835592637 11.1540988515552 0
426.574592508169 24.5344522972259 0
426.489920476804 24.0379146648465 0
353.117837256957 11.0356840957618 0
417.444440303924 5.40421844870281 0
419.713159372345 13.7281440278473 0
360.826959556552 12.1950921244656 0
380.235538079534 12.0342470831684 0
391.38175809214 15.3540992233508 0
432.843856161118 7.31722131420962 0
381.812093870709 8.66917562622053 0
418.356593170477 15.6346901044471 0
421.279496350683 24.4165528268937 0
438.603084549811 24.8778565606699 0
367.52948077297 18.1988838051183 0
430.532604685927 0.412806570635223 0
351.005723745362 3.96063217541457 0
366.087653420475 7.38885396034396 0
354.449453910848 3.47103836279508 0
413.827752487728 20.2961929779898 0
376.187559989809 18.230796659651 0
431.228424505554 4.20064866427976 0
418.691613749764 17.5830442852171 0
397.368650721819 10.767977824796 0
408.453117591479 21.3782996089127 0
412.428891732369 10.190120701239 0
358.761942351687 11.829138664612 0
433.570583915801 8.96960373567346 0
350.598133150733 3.79859927999294 0
368.012457781634 24.4030135954414 0
336.431176656855 17.077728178735 0
408.777349402952 25.0101523763423 0
427.396158745996 24.9272727025075 0
334.891005570274 2.00407258058976 0
335.009377417656 2.05686257012083 0
334.982060311004 2.20267564439233 0
334.97242770405 1.92569359082881 0
334.891843705455 2.17519299709171 0
335.072217035934 2.42335723812196 0
335.358492091366 2.43503913246275 0
417.715921480191 20.1937685724106 0
408.567816223702 20.901783272077 0
414.285152831908 20.6378844903127 0
408.679329420407 20.4411046747566 0
353.955106171251 3.7120162392374 0
346.788961571509 2.61245269186273 0
425.49988687069 24.3772112955846 0
432.304425968951 20.7495738370141 0
426.388956450776 6.23908126722163 0
433.827722509321 15.848085815706 0
408.757264883805 19.9746403422899 0
365.502480112399 14.1363575929759 0
400.781251151207 0.906574379873245 0
351.860638871245 13.771244715601 0
346.163056706232 9.89304314170394 0
414.698885216795 11.190673558847 0
361.40992336044 10.6651474408299 0
335.991362755845 4.35633424465519 0
423.794798246505 15.3635093803712 0
394.675101314459 0.526536168148896 0
438.07143640262 14.8277060807377 0
366.52809343955 6.92262226824229 0
403.206748736157 24.5143778038126 0
429.449037276557 20.5739681644704 0
418.461049334969 12.0826407942452 0
334.909096544904 1.9224508167048 0
335.030229879496 1.84374614464602 0
335.162505880194 1.95518662062808 0
350.001506458063 20.6889594851637 0
376.577723375892 18.5465601249962 0
436.564166934443 24.4166585040346 0
426.568518376557 23.5644823294856 0
344.72297831088 15.5326407570908 0
431.201197141928 7.68215676690677 0
432.118908155214 7.80805425572152 0
392.386262927984 15.2968914779258 0
426.702792793665 3.11905080570967 0
433.383854716961 6.77634746536452 0
418.417404682186 15.0126925419188 0
409.958892413653 16.0032006707831 0
346.806174493922 12.3220057726622 0
350.298346152712 24.8127488736787 0
403.134396918219 7.23214035429951 0
336.348463534336 9.41840156266673 0
398.932859636059 24.8893190067969 0
382.828342968819 8.5351851009594 0
420.216359868003 16.482075889173 0
434.604486624614 16.2632469975385 0
365.423355786057 14.6644427688073 0
347.64240666185 15.5027392376797 0
352.671130313457 10.0716167128523 0
368.493907478238 18.0915498092614 0
358.63154673086 16.8016053190297 0
369.683917505694 0.961287045905691 0
367.320707749565 7.22908189542833 0
432.098799439885 25.0273849248111 0
367.896317038275 15.319771179963 0
366.659400039736 24.8099038597533 0
431.997629266355 0.495208716843853 0
415.197102901835 10.8782007765679 0
423.337718937971 4.13884849509825 0
367.282253948562 24.8868648884913 0
412.206675121667 21.6501233262953 0
426.334465989957 6.770681555789 0
399.61855828386 10.3439528800072 0
428.237825180773 1.04640543309648 0
434.495592954429 24.3897745760645 0
341.997919521624 13.6487858980812 0
377.163294091959 18.2723543932414 0
434.258681133445 1.91913400248821 0
360.367369263992 12.192130813848 0
367.781709234106 0.513451907684972 0
349.456186221828 24.4272845035277 0
437.544854726513 8.47320060431056 0
349.465531088241 20.5122758803576 0
342.170572281139 24.5442978344554 0
412.65579591826 21.412240084484 0
343.045014124085 10.4998472302432 0
345.719605501241 8.88040199044784 0
410.396741269919 16.2359316257377 0
403.648779927168 6.92202044719009 0
340.389833340454 3.88856419163915 0
334.885143584309 1.56712829422489 0
334.99469575483 1.47731192797494 0
334.902235292253 1.74394482058348 0
431.20462600962 4.94812634968092 0
345.432629890568 6.250441846811 0
427.339750777633 0.519956017185059 0
426.581187285065 23.0285004153737 0
435.616185374423 24.902663645393 0
335.099473382367 0.786936670406367 0
345.13034695682 8.69596612673951 0
359.088966242029 11.202917040549 0
412.517888816429 20.9334044849492 0
426.058846559939 9.75044422519835 0
393.448789637896 15.3139373112025 0
438.023381892229 3.17533786540989 0
368.215482064381 7.40587686574233 0
420.955768480732 8.2112876844852 0
412.426039042489 20.42196659298 0
359.132992387265 16.6186368656129 0
423.264197586953 4.80609116185519 0
394.922004277723 24.4703944486815 0
383.737290838009 8.51556589746131 0
433.122616948402 10.274141834848 0
351.400349494156 14.6523852370918 0
351.637480234649 0.843915605462599 0
411.72693064975 17.1493517123878 0
438.307748797071 9.51335614700898 0
368.266826154538 13.862282739099 0
415.64424602999 10.5695577275588 0
418.789048095489 0.435333896226844 0
412.113761385855 16.9813083484715 0
347.660559507071 14.951856367965 0
335.927698178412 10.6579525046926 0
352.28598592446 9.91688391358774 0
412.552805377857 16.7860657503096 0
404.324018285322 7.08449246580315 0
433.513211176748 24.4280996592382 0
426.537739685749 3.77473780689962 0
368.266544760483 14.4374082340485 0
354.263928131433 1.89117724983308 0
414.887181200356 21.3588058632456 0
340.306915081119 11.5904933431599 0
428.797882411375 0.467632698741532 0
336.178259824935 1.14927793811397 0
433.392824936555 6.29957125449337 0
413.149333565757 16.4368977123957 0
350.503100479276 0.901984871736596 0
393.828202246332 14.897747615682 0
412.915872799436 19.9970554902837 0
433.088677111949 3.65021914318703 0
335.003974172846 2.67776849739422 0
430.306969602924 22.6954844881234 0
396.544249295774 0.782969512958885 0
363.576859326323 0.933605819761252 0
373.96241011227 15.1156371916307 0
336.112298695443 18.5289591502887 0
369.101216098863 7.24311400219889 0
419.148020490469 15.0462268258933 0
359.759829149936 16.64305554808 0
351.821643656817 9.78306260773646 0
336.851811457313 24.4231865528373 0
344.400522791149 9.17377923748971 0
416.142588881536 10.2869116426317 0
347.065315312962 25.0284319194971 0
344.202626519031 16.117694306363 0
419.270866869555 17.2332590875594 0
352.533189255335 3.56190825707155 0
429.303700888748 19.867438280419 0
359.971491581909 12.4119976348677 0
369.775740232252 17.7879223807705 0
336.109673331217 12.2420739712136 0
426.925894842912 7.09167458501429 0
345.797543050136 0.48820142292849 0
334.882187808574 1.14593573937635 0
334.929805910884 1.3725502946702 0
335.125193789635 1.45166245482183 0
412.215703618091 13.5971337439284 0
379.599959260487 17.2993773889844 0
384.630570294544 8.50771675201153 0
405.783440329531 0.443407199574733 0
337.629143297522 5.84671772659776 0
342.469458454018 10.2433941441509 0
390.567837180986 0.372536625343462 0
437.287991934957 5.53061625786008 0
405.359096582471 7.14630966165789 0
420.765111935664 13.6041890795386 0
343.327573105102 4.18752912040732 0
341.465889758462 4.91088820126937 0
361.411066227548 24.4706480828687 0
436.393018992305 11.8880027728702 0
348.934553576071 20.4180526614257 0
426.531974556462 22.4647955132013 0
344.993108631648 0.430176504012298 0
365.706329287355 18.4632267973099 0
438.956788040828 11.037047463504 0
419.073756283795 11.7017120082189 0
405.455766470575 9.18545107198441 0
350.894332436698 14.2420699468952 0
344.809835731169 13.6181230163173 0
351.345528660313 10.1090801608718 0
406.536236669193 0.946151154932788 0
351.627675190945 3.73770604030204 0
392.708552816942 25.0123451593133 0
417.177701465505 0.480481496314048 0
363.745304943624 24.4751678308103 0
423.741934165704 13.9814845087012 0
372.286487012923 8.99655163243316 0
423.020053448499 21.6176861126314 0
335.000885684129 1.71795696391751 0
416.614167844307 10.5343149512681 0
427.687774800856 3.82364049882799 0
365.344733925277 0.819180984224109 0
412.705286345848 13.6843904657533 0
350.696842173548 9.79339020943796 0
415.132901408799 24.5031130059839 0
406.4656114718 9.1358096680334 0
431.587025035901 24.98056101114 0
386.476512613153 1.02754920232794 0
426.393575860994 21.9164032454553 0
416.621327703831 6.85784104516772 0
374.386659850278 0.997322518369308 0
375.124004675628 14.2356406513706 0
385.411818010932 0.979889717351695 0
395.629681539575 15.3292731465443 0
344.150392262564 8.16706921615852 0
375.340507705605 0.906937314252891 0
345.447048401273 2.5979551099925 0
361.405384830267 16.8628288467441 0
426.199946176728 10.5077450441995 0
334.936223936951 0.918789997028158 0
335.096838749061 0.951680635149199 0
419.746914705505 16.8695500439955 0
353.729236184542 1.56396654383492 0
336.011196785698 15.0172184317297 0
372.61169834715 8.70194362883848 0
408.295148188261 8.88197038786071 0
343.238949654531 0.851168723555782 0
359.347791235553 12.1343651415269 0
336.661224767831 14.6155149309984 0
385.909839572056 8.17560779207849 0
415.772392262364 0.93166429024895 0
334.937708284316 0.793456837525963 0
391.828038272487 24.5362021395553 0
347.040615947477 14.6968428240007 0
412.978369957129 14.3877061698475 0
425.934517655322 21.5961839274816 0
337.065237792047 0.4152656441252 0
355.515523107441 18.571002978909 0
358.258326962977 24.4480270320022 0
396.040795787644 14.9354363016591 0
376.55032238071 24.9567032399774 0
416.413721957451 13.4528093084695 0
335.477320631513 3.97026649164166 0
423.507973436176 21.3799409813455 0
388.824355171094 0.536558466189011 0
351.742889403428 24.4120758665549 0
371.525239462444 16.6204541385837 0
418.999947749269 14.427772292075 0
343.261636373493 8.56190361205399 0
417.18048563191 10.2818780460626 0
439.019780267728 12.1073458905976 0
338.118442852463 25.0158168823838 0
372.579600785823 8.12515315876197 0
348.352562142838 12.0029554249623 0
433.621130966906 3.98447845318699 0
408.64396322062 8.73159916804302 0
421.290592287294 13.6879083315452 0
438.144491831888 1.51023912752797 0
354.476091075512 0.363537979450795 0
354.954164130807 2.29993476424114 0
438.878319347937 2.1814433860008 0
418.304712814814 1.23613423591762 0
352.621811793637 16.4103620667426 0
338.861018145972 3.3902986808807 0
382.902958816146 24.9726516031107 0
407.400502429283 8.91744967188879 0
419.618963624905 11.3714375397062 0
364.474990091959 0.337555471988929 0
418.205890237049 24.4283504703245 0
417.738103156584 10.0740850458471 0
386.298948897921 24.4135129455161 0
433.195160676105 0.319842515313871 0
375.145945276841 15.9141303656143 0
343.622724930135 16.4729519975763 0
354.706609438086 24.4361934403067 0
379.51078972765 24.4834384447486 0
342.790284741437 4.41130317000993 0
352.440501931328 0.352336530646706 0
420.986561117543 8.87601428717542 0
348.579319606918 20.6205542761499 0
386.909854641034 8.0131316813378 0
420.186622358867 16.0074442788711 0
417.671217969245 6.81474849935691 0
348.077739027028 24.9636128697867 0
425.92114330907 20.9753190778394 0
375.592952443783 15.4687578548801 0
423.597175471707 17.5722853392305 0
383.083207521007 13.7302665315966 0
396.116101992335 13.75209183415 0
398.159244067288 24.6385881542722 0
380.805085732868 0.94694589719966 0
349.862969667293 14.0880097134884 0
343.030388242243 7.59319319130802 0
433.880273034278 5.76825351247034 0
376.169436422541 15.7517483110921 0
426.870092469826 7.68248986471823 0
433.015612952599 19.030590382066 0
341.764112557392 9.44109376736723 0
372.959601645963 7.15449573800247 0
417.999030820505 2.66759094735189 0
335.96293644461 23.040670371421 0
376.431509507565 15.0551315272516 0
363.387482698506 17.2718814639709 0
430.733876830629 24.3889624366352 0
432.857341255173 23.7558718854592 0
417.857576967779 0.548777538006748 0
434.356692790139 2.52065158942849 0
427.837891789057 4.34619240688354 0
372.507984977152 16.4537757743404 0
416.397474944044 21.9946635159929 0
435.682851752236 20.9216575993589 0
375.432318950355 9.1463564494069 0
377.060669812282 15.2669821715781 0
387.11898814898 8.80931259118225 0
396.858368673585 13.7509235884785 0
355.898042560813 0.74006576350193 0
336.874537392666 6.31603398292474 0
404.76439625964 0.366367428634407 0
360.693093711823 24.4076389616192 0
437.941832928477 4.67258913701086 0
377.288401800086 14.5223299113963 0
413.512672252333 10.222748625494 0
416.954441562426 22.8633454912437 0
383.94281495871 13.747065385325 0
376.342542779352 0.728348996910294 0
420.564663364859 15.5964161119713 0
423.977863206434 21.0871232039691 0
388.525402002964 24.5838977639825 0
350.443923801919 14.4349231860431 0
437.599714736892 24.4503332221451 0
411.902429533709 0.949759006283045 0
407.460123102812 0.972584667949703 0
427.059639064767 10.3456485788506 0
420.604471468395 7.24099083670355 0
417.434480502477 23.2087179654287 0
373.287183159696 6.89222765734149 0
348.92355698197 24.9420550081416 0
418.069138664618 22.8408702068522 0
336.024380200592 17.5709391622557 0
418.530142644106 23.5913876974414 0
342.096012328254 8.01339229640778 0
418.036289680663 7.11121674184714 0
364.734038694225 24.9633662451957 0
342.266936019553 1.01276992665033 0
421.005142483064 15.833926215085 0
375.740865763641 8.84337946098273 0
410.68618796311 9.18608990478141 0
363.22200081273 16.6177548098693 0
387.866026170243 8.57747882533089 0
411.930998141196 24.9385793764095 0
346.495657008882 14.4477328565855 0
348.098596274743 20.3205869114511 0
335.471881545874 11.9723441445569 0
416.694167567129 0.795321395888558 0
372.937003817083 16.7756242102046 0
435.253687467028 0.446552493641996 0
359.622030542242 0.957002572502553 0
401.1991033684 24.4839357861797 0
351.119978256877 7.9742754082158 0
434.429942820401 19.0770676850062 0
398.352632065215 14.5040642266728 0
419.047171985135 13.9624262975062 0
336.289190045673 7.51252049687868 0
344.209464075417 0.782701172245156 0
352.893215782202 6.05020120151961 0
424.454206624758 20.8202822303305 0
385.424800837734 13.3865276957806 0
432.843692531211 24.4235702671866 0
415.789566865456 22.4861687361241 0
375.716460871311 8.22662406108894 0
424.214003547211 17.2928599331362 0
425.883509191991 0.343517001155411 0
343.134127025137 16.9643980787934 0
341.256728509122 0.415612941259173 0
434.970474771919 20.5287338474359 0
424.588879614731 24.465743384265 0
363.974694807618 16.6475976666115 0
421.645355717268 14.4245120679716 0
401.779812730109 0.914016874824464 0
421.528395561679 15.6234460510028 0
398.781670741514 14.3561605154858 0
347.562245882708 20.1117706981699 0
352.79581500616 6.76011765193857 0
341.140318566323 9.10657335463514 0
353.538960229328 0.523288923370192 0
388.69146646794 8.55954189563351 0
339.634418112366 11.2942261695165 0
366.097458832917 18.0907402284318 0
376.500844572425 8.2788007683625 0
370.591353017997 0.488795234240107 0
431.806065751506 20.4795762594295 0
413.407642297398 9.58690402103712 0
404.478962922876 24.9832760834569 0
434.457488104666 6.1187203734139 0
350.47220601896 7.65154104681259 0
424.251951221541 12.852931520996 0
432.611310459779 23.3510177971048 0
424.690649247033 16.9238432175234 0
434.433971074359 20.0246141315691 0
413.261018065087 8.94008614059728 0
353.330594151834 7.66497398457612 0
398.852465546758 13.5835370658156 0
417.575282703478 24.4457138860237 0
420.3606978934 24.4736147272575 0
374.281168198786 16.3391738042461 0
424.351760139784 20.3496705977892 0
438.452118843718 12.4091328377092 0
427.59698759448 8.048702978456 0
377.119935307794 7.77053438375007 0
413.542501730695 15.1237293366033 0
407.688350838529 24.8271321740239 0
339.159252504561 20.9286088872196 0
385.420544200022 15.1766012560685 0
361.097365082974 0.86586009376923 0
385.050295923646 25.0160905595037 0
356.801598398382 1.16601807270617 0
436.164282321356 24.1650920974025 0
436.138576906074 20.3600609959457 0
403.359979676786 0.889768076470849 0
422.797932592216 24.5233327592997 0
358.647458162909 17.5030714654845 0
367.972211715751 18.4236211568252 0
431.557373203786 0.409009634088671 0
399.682487286645 13.7029432200557 0
346.391943767207 1.02056445610861 0
428.220259498119 4.66237174813896 0
414.167915550136 24.3081096840697 0
414.230030365354 8.93677668558485 0
420.903255715234 7.66693378748661 0
353.723228497242 8.52610756111374 0
385.465294083387 13.9737330758188 0
410.897954791365 24.9342466544911 0
395.651971966942 0.430347990488329 0
390.057514058561 8.10692061554772 0
427.245732432232 11.0529685556686 0
429.567954353416 0.375826773673678 0
347.873521401303 5.13923326458498 0
377.123706788985 7.19083551613311 0
425.2471261898 16.6425527687911 0
340.384202728994 0.401994695382505 0
357.187366530213 25.0014593189148 0
391.444405520076 0.963331019367676 0
385.802915406894 15.372700322259 0
438.422194180459 2.6580537896329 0
347.332288355107 4.75040602957998 0
353.184031847483 7.06019537835605 0
438.610094244631 0.550842711313458 0
420.18970157406 13.8912528267288 0
345.93862844884 14.1921358527797 0
343.947966341833 21.0495390722184 0
373.406848712072 24.9471079853474 0
349.974083665089 5.8733070727987 0
422.698043299125 0.365566918520998 0
437.170280024095 12.287160801734 0
372.284785294533 0.826562721601824 0
397.379884201173 0.322617478032552 0
425.140933816932 13.0863833878874 0
355.742534860857 7.49510245404063 0
434.671880193603 16.9199254660719 0
385.379799916801 14.5508994502299 0
382.462911179582 0.919066624773925 0
423.410870134043 0.810857291155186 0
346.910933844468 19.6664426764868 0
342.602821783603 17.9424902188969 0
368.93693062997 18.4361939424443 0
377.451551590447 6.91301011074535 0
334.8929382146 2.43854502980218 0
400.610687746967 13.6582391888627 0
337.305165689361 24.5286815872077 0
359.637479768001 24.3422162465842 0
335.948697088867 16.7336972523796 0
366.489563201691 0.830336766169704 0
420.152144694945 11.1192238432381 0
425.701680920834 16.2719938790909 0
387.209906671854 14.7739848224281 0
390.948541157785 8.15040658784269 0
360.475389772547 0.369765650453154 0
381.913263868771 24.9312594213836 0
356.172440069934 7.72723985607379 0
430.06069263103 17.9047245772055 0
341.72161553999 7.6353408876854 0
431.839538165429 22.8505826425598 0
415.204607340258 8.83722900014704 0
402.673809194694 0.451270978021153 0
353.619097849347 7.90853703940287 0
381.484031814857 0.920179828049864 0
431.206028916723 8.36434705135288 0
381.293314971385 8.96067325364228 0
393.371715581549 0.926312205784401 0
349.953413963023 6.45634836700612 0
358.578169354684 6.83339033419864 0
335.89188496779 22.2925997800807 0
416.64090512015 24.3546678239206 0
349.399127237173 5.48038091277865 0
403.235417720808 8.47241879858928 0
362.749504155809 24.5727714890895 0
392.43062487807 0.44886036693733 0
378.954457078735 7.30243928578548 0
348.321770705866 4.95778084425633 0
348.841017343437 5.20213391371666 0
387.681525280299 15.0541902284343 0
389.330979922053 24.8938790567292 0
421.629547983453 0.341219873841033 0
391.174256926793 8.896961029952 0
419.534973835999 0.365003713249087 0
413.269637871526 24.5588263123514 0
356.118672793187 9.18426978779472 0
339.245706324414 0.436607993992336 0
358.957161927149 7.08659962295672 0
382.249177738199 8.84582498269791 0
369.324450461638 18.1002174757698 0
339.012426408609 10.9598758420391 0
356.260575990968 24.5815152131024 0
349.878856253165 6.94228189182597 0
347.549523564776 19.1169219479537 0
384.266355130207 24.5484358160897 0
426.274522186247 15.9971933696575 0
423.702119921726 25.0039214057163 0
403.234639970843 7.93033400264679 0
378.718088798931 25.0567548738152 0
387.464755408438 24.6488297671719 0
427.45376136775 15.0632255756757 0
388.651435060516 15.0728017495857 0
391.659447798012 9.0888476177371 0
438.51151864555 3.52345328716127 0
436.777376661157 20.3275580693604 0
341.044854340512 24.6366153399729 0
415.371624334977 22.3581458178765 0
372.961211955583 7.81112017684313 0
381.195783788316 24.4740811527948 0
358.948349468486 7.75903034346035 0
344.403618127571 25.0291992764369 0
370.219011244812 17.9807230713294 0
428.509862001652 10.8395180733367 0
402.940697232016 14.3003891663588 0
417.963871423113 9.6867019209653 0
345.382787430201 13.9248154709305 0
415.669772024137 8.47178568715828 0
334.904951137851 0.58294827184265 0
383.210085102513 8.85721969859362 0
420.552471827411 10.778828115927 0
362.18396726566 0.856922016693077 0
383.332071763182 0.871265000896166 0
337.289890527724 1.94238198064963 0
413.588102268859 0.975449338158296 0
437.766125099958 12.8479118871731 0
387.39623447174 0.404941915706337 0
365.978856782679 24.6124111361955 0
339.765093384055 24.1190911916973 0
429.803303529605 24.4931866360056 0
427.355214865731 14.3916271346941 0
431.618814686829 19.8513854582202 0
338.070254617937 0.512340526134907 0
426.853333356947 15.6136374141721 0
343.940550812497 20.5262346433734 0
390.103668981755 14.6604672364647 0
412.587314970709 0.946220828658512 0
346.97415351025 18.6537875286933 0
370.678176985385 17.6573842542699 0
436.274074735973 23.3106279087005 0
395.844955685839 25.0034647229236 0
354.062153313417 24.4546639230218 0
345.662347391893 17.7510765100092 0
403.012729385304 13.5171407461425 0
420.231868148537 0.934552149924478 0
431.184863015429 9.00644521107649 0
384.11160077281 8.82671552412179 0
393.699331445819 6.95276861542453 0
371.559084132464 0.445524080654194 0
372.515514684681 24.8733437318722 0
359.526931755116 8.56861078538662 0
343.381443044276 21.4471701212632 0
344.531002369008 20.1628992625833 0
416.131096039169 8.03850029134065 0
342.762574358654 21.7496933888015 0
428.284935157661 5.4253281208129 0
356.122850129411 8.5261853795705 0
369.244408415063 24.9678271535187 0
418.004646527706 1.49304551536609 0
371.09508278216 24.9756946474246 0
419.580094265293 24.5658397413951 0
410.108439929169 24.6017365257762 0
431.675182545875 13.672740382696 0
438.358539588611 8.15468477381227 0
414.99381589644 14.6629539416311 0
378.035725969541 24.6009619627915 0
403.791695431549 13.6270943675763 0
428.316534119401 8.31866599857961 0
336.605007748629 2.10100605259433 0
336.893705154828 1.69358509162311 0
370.260713019243 24.8864781549404 0
360.168812265552 8.3587630119134 0
390.311696126866 14.9571203987806 0
385.012098293741 8.81105127807011 0
431.762508189869 15.852930234844 0
416.045267483089 7.55400535615807 0
335.984619490888 0.895690444583973 0
341.263041236144 17.1884926734913 0
438.468832088837 6.17156188840845 0
342.366796054041 21.5029109718786 0
349.940729468592 7.3560133918029 0
335.866518581902 9.05271533092499 0
414.976221002982 14.2484177843424 0
394.626223962586 6.86982472445359 0
355.313745725092 1.80357820913863 0
343.628398222627 24.7145834140455 0
338.457680536073 10.578034186053 0
431.767863828586 16.5459035933712 0
344.032871332986 18.8390045096145 0
421.039679264264 10.4462368599894 0
344.608034672379 18.529721209747 0
426.760913816832 0.953618197751787 0
346.186921540917 24.5029813725018 0
345.732547743945 18.5459531569885 0
430.318075176022 0.836265720190464 0
347.645047448302 7.39123000590088 0
435.019701032384 4.92463117517757 0
390.699186956449 24.6070395332253 0
414.472015720412 0.938471406638989 0
360.790985324498 8.64489188233776 0
426.808925181223 13.4642613098016 0
397.369146176406 8.07443960325618 0
435.278719223657 17.3061519905324 0
425.780124932487 20.4554980427546 0
431.73753959425 15.1580831795425 0
390.81864347616 15.1504522491861 0
392.262308705401 8.72266258176373 0
353.179446673325 24.5873737176637 0
431.71572835585 14.4329153843192 0
418.021204177496 2.07080137414371 0
428.805490108769 5.68397079623654 0
370.667820837423 17.1963446582044 0
359.334469081339 8.02246626315263 0
349.077815745484 0.922711498999289 0
339.443486306844 6.00108950702626 0
436.565982753945 0.855365246096609 0
335.13830713587 1.6027874482088 0
391.80608941732 15.1016154087225 0
335.903275170785 9.83783601724942 0
429.667106339843 17.01459918829 0
363.576523573533 6.81053632681534 0
344.689674645536 13.0845226345065 0
347.253306452299 0.394896241713392 0
428.054875145572 9.01586531710671 0
424.453163992887 0.932219869772016 0
347.218997465538 7.63113643158354 0
342.016466265341 17.533102690127 0
385.41693478214 8.49823109223481 0
374.803535743341 24.6365436625065 0
405.615998819694 14.1134342684016 0
386.337285028475 8.34882303024275 0
377.2530345597 0.4029342330444 0
393.838375094825 24.5923251373045 0
409.054414057655 24.5793426580689 0
414.108268601558 14.7712661661446 0
417.588239411207 2.95019983675542 0
336.022691578182 24.6779236861678 0
417.698897742506 4.08562493048273 0
344.13562869611 19.4310820548022 0
342.285430010623 24.9407818871633 0
343.072908045253 24.9558399605365 0
437.332404995806 20.0394292575638 0
418.762467522862 24.221668719017 0
392.813812285698 15.0318832233815 0
371.070491882917 16.9078794449929 0
341.039440755933 22.7055340698785 0
406.623579586786 25.0490791627765 0
416.123393650433 7.13821659263833 0
408.362604204622 0.967430183907963 0
421.45096721327 10.0901426477503 0
430.078980889239 17.5226148508315 0
392.743264999753 7.92403395042888 0
339.643504630644 23.5570354025663 0
339.408778145608 4.21435806677626 0
431.301660538784 9.70403722954203 0
371.970736400265 16.783709191984 0
388.226827500948 8.86282426292018 0
406.053266752148 24.6540167912279 0
340.105946004314 17.3094028463897 0
406.648738782181 13.9355248614625 0
379.126356087026 0.90703721948212 0
363.910022934904 7.08361081311159 0
394.915184665171 9.16224265072196 0
394.195213819359 14.6678763736082 0
348.083129149085 0.809882737969527 0
373.199610160255 0.855491953474701 0
346.969130798978 18.1251445358213 0
421.779091921708 24.572869817914 0
426.037271081764 24.5278684179728 0
350.736731133168 24.5642683645683 0
400.35849371413 24.9185060691876 0
432.159474716022 19.4893891007644 0
374.215970170043 24.9199121444025 0
341.940100946373 21.2399006985289 0
417.038585026019 7.04976833197202 0
423.862026702349 14.6893773499093 0
417.608605889384 3.52372098987763 0
389.096535802719 8.71356137364601 0
389.501374259078 0.489377169301329 0
407.583696261764 13.7949937734087 0
397.721351666752 13.7801291003009 0
364.028452902891 7.64257295481829 0
395.593873353775 8.96548100898262 0
341.400438434364 21.678686187777 0
436.033923778527 17.5223028646894 0
410.911619388345 15.9219321777489 0
373.317606867435 16.8951670607273 0
375.526138840241 16.8114809350514 0
346.537459513607 7.42802542569079 0
438.521837501675 24.4950699876825 0
418.3106859548 5.00008565695281 0
397.240716778698 24.4742457994052 0
404.376322569545 0.804778295618907 0
415.525120749159 24.6899930961835 0
412.688808494922 24.9382566768266 0
335.847450160789 15.9455243816334 0
429.428977852057 9.82058034274763 0
432.17141588656 13.2495389863677 0
366.201397714742 8.0373682014815 0
399.264786734604 0.973612989785455 0
438.515467390237 7.10619753893914 0
410.253366620394 0.887074241919229 0
398.302323523441 0.96218605797386 0
337.85766731918 21.018250244621 0
413.444604779051 14.5226900950673 0
395.034045112545 24.931549965572 0
429.716791549933 5.33695207446635 0
345.512927220463 6.78513919070165 0
371.552285896928 24.510082123217 0
341.287943963235 7.99603457019353 0
344.139844901942 12.6234491608658 0
422.191479470195 15.3299038603624 0
340.183353277954 6.26259250652288 0
354.803440521737 0.76847678720308 0
426.838794963312 20.4990165933699 0
358.080182160265 0.816427413404438 0
402.867626259457 24.6515264661309 0
340.267937466966 22.4014663058026 0
351.123849125155 0.749066967811638 0
377.605914294423 18.4986405216092 0
336.82347432365 0.685331416377833 0
390.363349327966 0.75239030202796 0
428.53088327063 9.40750582500353 0
431.243893851379 10.380913476129 0
418.141508908446 4.3146083381067 0
376.108342877442 17.5795084519043 0
346.05697738001 7.096552537288 0
389.614061725553 8.43772999788581 0
397.228361704271 13.5094806826794 0
424.184714261757 13.6416315733635 0
400.227018112627 0.920175374299388 0
427.145570213029 24.6767726896608 0
429.567202166484 10.3675968222344 0
410.93227903794 15.4009607499999 0
364.427033570404 8.71461731964546 0
335.380135147216 24.836862416939 0
350.065394655903 0.714909787001974 0
434.432865400468 0.886604229478534 0
409.698691006909 14.8340065931985 0
411.423563750748 14.9130976332535 0
390.42749606529 8.54855385346087 0
375.540097440535 24.9334714796629 0
365.455274419069 8.5404269329896 0
337.940549329962 10.4759951483769 0
388.302369998651 0.966317421674043 0
346.342233532542 17.9935739715707 0
409.250595530291 0.774755963903381 0
394.995546107995 15.1482641659412 0
430.707315921972 18.2549904101603 0
394.733425909806 7.48822805451185 0
357.154484618174 0.806034793636097 0
379.93377313335 24.6739710932487 0
373.806789421005 16.6103505406203 0
364.430160620863 8.06229862414246 0
335.831425483173 8.31412341552183 0
428.901004205688 24.9859317794194 0
340.39869976168 4.39442101274915 0
416.097793256661 13.9562047290249 0
378.113780359785 0.800276908848442 0
415.462669330986 13.5512522049724 0
355.123992976021 24.6687481327797 0
427.870159091081 0.451562676864395 0
411.306913324923 14.5864315623254 0
363.157062040147 0.903355132356977 0
367.74179610223 6.95630900985485 0
339.92255779844 18.260064968081 0
398.820582849594 6.89595769542659 0
367.226957981755 0.922538840262868 0
429.883689612587 6.13277289118338 0
335.105278145511 2.21256553290227 0
435.962449227349 5.39402789798096 0
394.741064926777 8.05452535223572 0
340.816435340722 17.6086140902397 0
403.501295203124 24.9505206134534 0
426.996180989561 19.710215291345 0
394.308822908846 0.769698618692636 0
434.507371304334 3.19982479240091 0
343.597476893463 13.0507903219639 0
378.104666305594 18.2675408716584 0
374.584726965953 16.7347530457107 0
435.047253318728 24.5888008370557 0
339.864917593681 4.02867512955772 0
347.400838531337 24.591063927073 0
342.479504076941 4.86297363160377 0
356.393168856701 0.847043844921638 0
340.125859629706 23.2834159667341 0
376.983093109711 24.5730680111395 0
409.73831962561 15.256228111198 0
368.618795328351 6.82492499974061 0
334.988819716501 1.60187006067879 0
369.196906578106 0.790871392251357 0
339.842669925596 24.4735714112755 0
422.932375661095 15.2059687342182 0
392.19556531967 8.20841955917089 0
355.83294815135 2.27916415117143 0
411.175089715143 14.1520032326892 0
368.493428566029 0.486571172314761 0
394.811142529146 8.5860187746638 0
399.571593373453 24.5846680574047 0
368.444573975318 24.5859176859072 0
362.174471546544 8.15713458941072 0
396.261793011594 14.4603732344053 0
418.490917378064 0.855264841387907 0
399.202535427785 7.11944978478336 0
339.014691100521 24.6447691542384 0
378.522589688674 17.8900400074908 0
397.734186410088 14.2693107469909 0
415.355433699808 0.891885707206334 0
400.037063522049 13.3391016527387 0
344.351082646388 6.40478759692849 0
436.913788940092 22.2442533106318 0
411.56034673342 13.8394039651325 0
344.862789167651 5.82333881003312 0
341.804433441913 4.51965301781754 0
369.505887964887 6.76792787622995 0
339.59805124253 19.9857023001537 0
337.394271305263 10.7987167932313 0
421.330480147583 0.742474296801221 0
343.855990496258 6.03617658682856 0
425.587630696642 12.7276125487729 0
399.626089541844 7.38477428963459 0
427.945079856775 24.5811784548828 0
379.030247054528 17.5935210887749 0
338.629467096973 4.08332362182902 0
367.592753136812 24.6004769988184 0
352.200871322051 24.5756810030653 0
401.38095705622 0.749183244983339 0
400.969423636998 13.3088345766739 0
338.632399106215 20.5864875258059 0
431.390958215038 0.739959292309086 0
420.725310657531 24.6458843597942 0
426.193677027282 13.0995261579934 0
421.971129901413 10.3251924944678 0
370.094054010429 7.11630124298244 0
359.144173802651 0.768621095188054 0
380.381203388658 0.715630886218865 0
380.791771357362 16.8563367161717 0
433.995931835515 24.5867910836616 0
392.663086584097 7.42074179743317 0
432.828688292948 0.60064387887884 0
352.305500463313 16.8316902922831 0
342.706647830451 6.08175900247092 0
418.098619232544 23.4754954527712 0
342.258592248234 5.93920130129527 0
425.046627427258 24.62860947628 0
343.301880628114 13.5427128246004 0
418.243526750229 7.68525218966017 0
379.979813951485 17.5409193256593 0
431.999671382894 11.8024211832926 0
436.860813157661 23.0876882999441 0
414.528346270917 15.1190124203818 0
374.793794117913 0.797932587900067 0
349.92426772836 24.9870315553579 0
357.886972945546 8.03391742446558 0
432.110043499122 12.4855953588503 0
363.893310644747 24.8957917832841 0
393.157520022117 7.22043578455964 0
427.91064898198 19.8277743751709 0
335.120818529838 1.73652757278347 0
335.270425217432 1.80435248054059 0
401.370310450226 13.6399885381844 0
365.330907401078 24.6218448849212 0
399.856743996208 8.61486110401672 0
341.039528646214 5.14282057967307 0
347.60191492107 6.38534387407741 0
340.520918038363 4.77911550878921 0
396.365077859767 24.6092464355144 0
436.782604691546 17.9813481513823 0
398.583030925722 24.5696744362346 0
431.750894431394 10.5955085885572 0
418.799514726514 5.22336618473023 0
339.393239634215 18.5922167918054 0
418.235282685007 8.26525254331989 0
418.599860456471 24.5777812970172 0
334.987490207357 1.20285498655131 0
357.887137043993 7.52422431338258 0
336.807662970818 10.609111184478 0
422.034354803869 14.7188511278908 0
370.532669516371 7.96356169817075 0
381.141262424478 15.9077135006166 0
336.85768558935 2.59887807056121 0
401.829618687207 13.8258058705361 0
394.076816536108 7.11050010068051 0
438.384736213791 18.0600765333025 0
426.189355812545 20.2507397969455 0
400.253610071354 8.84850429126358 0
339.865312891329 20.428655760349 0
339.555973670722 19.2819785617748 0
392.413238479835 24.6872773885482 0
380.256804798618 17.2018293452038 0
369.945040066157 7.66497053417876 0
361.099271215927 24.65115164301 0
418.314516508256 8.90358797660651 0
397.044135311357 0.641953821996035 0
340.348750579696 6.79672592438212 0
384.205307538494 0.683503611837743 0
419.255954770986 5.47170372921168 0
411.488017887999 0.711056514393673 0
337.585114228904 20.0275882788954 0
335.78426393595 7.62800934902945 0
432.375090381174 24.6618836268693 0
434.301668587315 0.34788227352173 0
374.594577600673 7.50727725640337 0
384.901778488368 0.778717451567331 0
418.705449931043 9.96060680336377 0
381.097794024479 15.3109179725107 0
351.255101729558 15.7090245157416 0
438.464236594578 4.34465708465049 0
335.53044767839 1.60007934167838 0
437.751452692639 18.3181759420396 0
358.685197898327 24.5017535755179 0
432.657478842109 11.5639603089795 0
401.587346928717 8.30772514780603 0
402.337731979974 14.0464624448443 0
343.32979252882 5.58525211020813 0
404.797155734943 24.6638675839222 0
415.291709337398 21.4593732037247 0
335.890728848627 21.5938899983475 0
435.088851076151 0.765268233496899 0
338.080167521644 2.94334116181278 0
335.335961707009 1.42926094979076 0
399.797776166889 7.89948379144056 0
379.793253212101 7.6019338361401 0
433.491182998234 19.5149788033511 0
340.961827066141 7.04870870944649 0
427.889075435453 18.9979350485535 0
425.567880032226 0.730771277025072 0
351.293830800263 16.4628845492618 0
383.334839785088 24.6451856870707 0
395.995610612285 9.17558230635172 0
420.534525128483 8.03064601036191 0
342.539735443378 13.2262386353125 0
364.727212086711 0.669316749254432 0
439.085561994102 13.5725543921567 0
345.185470817234 24.582835031626 0
404.154156185568 13.3047698113347 0
401.647820822187 24.6080214184224 0
438.382668451739 13.0489381350991 0
374.556934026355 7.94393264014568 0
361.736813975535 24.6532346657099 0
419.697206392671 5.69242140346863 0
426.620281878647 14.0657648098609 0
393.176718255883 24.7277501410119 0
406.05693323045 0.769561332475918 0
351.785059808095 16.4940253667063 0
379.746100171072 8.05727077128948 0
341.507823546851 7.24351203334717 0
370.32514950834 8.48735629761253 0
414.747212866155 13.7267283131547 0
396.401766584516 8.84349412022723 0
404.580257803368 13.6769465876897 0
436.35422575015 4.68840136619598 0
337.811623997063 2.12304692066989 0
380.547662048659 16.3845192257123 0
355.277133139934 18.892133681509 0
385.891110635018 0.801560506462479 0
417.066538233798 13.7921269264155 0
402.105868786043 8.58613632370356 0
373.981387591706 8.73776093366389 0
385.946388701902 24.6270689942092 0
404.699902801988 6.93089221498664 0
396.396284177085 0.389982085670665 0
340.622009674092 0.698057002733936 0
352.277915069383 0.725513834183534 0
352.969766914628 18.384743990754 0
339.14008029133 6.36988306253072 0
405.032229707714 13.972646842434 0
396.869018088705 8.48954918245141 0
419.322102281743 9.19612110648139 0
374.059727515806 0.400757067019991 0

Quadrilaterals
14605
4682 4758 3391 4681 1
1587 4943 4675 4684 1
3611 4845 1548 4743 1
4636 4799 3148 5022 1
5057 3433 3434 4928 1
4106 4798 3449 3450 1
1488 4804 4182 4005 1
5066 3533 5100 1504 1
88 4896 3426 4865 1
4831 4096 4842 3065 1
3354 3150 4720 4701 1
3894 5118 2815 5103 1
3441 4917 1479 4902 1
4915 4914 4912 5019 1
3371 5119 3611 5067 1
3589 5081 3592 5055 1
4603 4864 3091 3090 1
3952 4808 2763 4343 1
1555 4876 4024 4642 1
4832 3647 3648 1551 1
3499 4885 1464 4916 1
3439 4884 1540 5021 1
3337 2718 5032 4950 1
3337 4950 4738 4949 1
1456 4814 3381 4555 1
3436 4852 37 4960 1
1429 4752 3966 3506 1
3150 4735 3637 4720 1
4837 4071 4843 2804 1
4191 4768 3038 4924 1
1436 4774 3404 3507 1
3806 4941 2962 4870 1
3488 4674 3487 4675 1
4939 3386 4731 1502 1
4935 3246 4728 3939 1
1443 4764 3420 4417 1
1545 4909 3383 4676 1
1195 5003 3443 4811 1
3804 4657 3052 3805 1
4682 5081 3589 3587 1
3360 5092 4625 4649 1
4751 3563 4936 2986 1
3489 4820 3152 4721 1
4835 3500 4772 1466 1
3611 5119 1465 4845 1
3514 5085 1304 4979 1
4123 5116 3091 4864 1
3455 4600 2564 4583 1
3574 4853 2821 3576 1
3397 3485 2296 3399 1
4835 3528 3527 3500 1
1519 3575 3403 3574 1
1556 4783 3400 3517 1
5052 3447 4945 3378 1
3445 4900 203 4883 1
4801 5094 1508 1033 1
5029 5080 1582 207 1
4191 4982 3379 4768 1
4670 4905 1586 1253 1
3492 2828 3310 4614 1
4810 3459 5040 3093 1
3129 4888 3886 4952 1
1427 4897 3770 4687 1
3800 5120 3802 4953 1
4644 5066 1504 1248 1
4838 3610 4271 1536 1
3419 3446 4906 5055 1
4583 2564 4597 3581 1
3446 4918 197 4906 1
4828 3382 4789 180 1
5040 2866 5039 3390 1
4797 4992 4107 1081 1
3385 3445 4883 4821 1
1417 4760 3425 4346 1
4899 3508 4898 1560 1
3459 4810 1711 4786 1
4775 4133 4800 3047 1
1445 4925 4723 3871 1
4985 3929 5111 3255 1
4088 4981 3420 4764 1
1562 4966 3966 4752 1
4794 2669 4787 4040 1
1514 4973 4969 4970 1
4717 3305 4513 1491 1
4992 4448 4911 4107 1
161 4929 3785 4863 1
3509 3137 4898 3508 1
3786 5075 3973 1463 1
3826 4708 3256 3827 1
3837 4792 3680 3678 1
1513 5110 4968 1267 1
3491 4862 3417 3418 1
1560 4898 3529 4108 1
3939 4728 2421 3940 1
3358 3359 3360 4648 1
4688 2219 4678 3151 1
2600 4820 3321 3320 1
4761 3478 4822 2040 1
4787 2667 2670 3528 1
4983 5110 1513 4984 1
4839 3342 4518 1501 1
3680 5071 3681 3679 1
4781 4986 4311 2747 1
5007 3411 3410 5022 1
5002 1582 5080 4730 1
5031 4578 4851 4621 1
4875 3429 1226 4669 1
2716 4873 4048 5000 1
1419 5088 4024 4876 1
4958 4434 4762 3970 1
3952 5009 3951 3950 1
3037 5075 4777 2340 1
4578 3452 4596 3051 1
4956 3531 4765 145 1
1233 1505 4613 1232 1
4734 1480 4944 3307 1
4745 3282 4817 3925 1
3469 4951 1498 4991 1
3871 4723 3335 3990 1
2329 4993 4862 3503 1
4143 4145 4737 3316 1
3801 4953 4657 3804 1
2747 4311 2353 2265 1
5079 3428 4850 1414 1
4084 4791 3332 3396 1
5107 3154 5063 3566 1
4874 5117 3383 2832 1
2983 4448 4992 3564 1
5031 2221 5097 3451 1
4856 3912 4874 2788 1
4947 3468 4719 2783 1
2592 5061 3056 2820 1
4930 5056 4004 3288 1
3528 4835 4164 4040 1
3002 4957 4069 4961 1
4106 5017 1412 47 1
2866 5040 3459 3094 1
3432 4950 3363 3124 1
1543 4987 3404 4774 1
3362 5048 3361 2769 1
3896 5115 4976 3895 1
3929 4985 4773 3928 1
3142 5006 4182 2818 1
1456 4828 181 182 1
3751 4930 3288 3750 1
4443 4936 3561 3128 1
4603 5045 3915 3919 1
1583 4803 3473 1224 1
4685 4997 1506 1306 1
4711 3482 4849 2673 1
4892 3518 4878 1409 1
4893 1534 5087 3444 1
1478 4906 198 199 1
4721 3152 3151 4678 1
1620 3603 4786 1618 1
5075 3037 4958 3973 1
3894 4770 1441 3890 1
1220 4756 1404 1219 1
3396 3332 3331 3605 1
3068 4942 2820 3056 1
3589 5055 1478 3588 1
3408 4908 3292 2825 1
3370 5051 3648 3667 1
4886 5042 3632 3631 1
4934 3384 4747 1489 1
4434 4958 3037 2338 1
2783 4719 2785 2784 1
3545 5057 1510 15 1
1555 5090 4060 57 1
3093 5040 3390 2544 1
1476 5049 4836 4895 1
3428 5079 3319 2831 1
4890 3538 4766 1153 1
3795 5035 3794 3793 1
2863 5039 2866 2865 1
1303 5085 1475 1302 1
1285 1286 4895 4584 1
3149 4593 3519 2796 1
3312 4773 4985 4325 1
3973 4958 3970 3972 1
3110 4804 3112 3111 1
4714 4924 3146 3386 1
3358 4914 3357 4679 1
3127 4884 3439 3074 1
1430 4998 4815 1102 1
3569 5060 3148 4799 1
3586 4758 3587 3585 1
2873 5115 4389 2845 1
1584 4901 3511 3510 1
4593 3149 5066 4644 1
3529 4898 3137 2838 1
4700 3384 4934 174 1
1504 5100 4713 1247 1
3576 4942 4793 1403 1
3501 4994 3344 3139 1
3125 4757 4840 2116 1
4754 5111 3929 1531 1
1462 5028 3647 4832 1
4769 4962 2968 2964 1
4023 5088 3933 2759 1
4871 3915 5045 4422 1
3407 3499 1552 3500 1
4959 5082 3141 2702 1
3503 4862 4612 3504 1
3255 5111 3256 2678 1
4716 3336 4732 1615 1
3996 4921 1547 1163 1
4785 3509 4833 2537 1
4861 5054 3457 4268 1
3417 4993 3416 3415 1
4107 4911 1421 1080 1
3837 5004 1454 165 1
4627 4749 2048 2020 1
2055 4846 3494 2054 1
4849 3482 3481 3480 1
3533 5066 3149 2850 1
1403 4793 3548 17 1
3825 4781 2747 4303 1
4191 4924 1457 4190 1
3895 4976 3892 1529 1
3591 4901 3435 2792 1
1550 5015 4881 3822 1
3780 5010 3779 171 1
4019 23 24 1495 1
4257 4849 3480 3097 1
3398 3397 3399 4940 1
3822 4881 3821 1474 1
2864 5081 4682 4681 1
1479 4917 1098 1099 1
3830 4565 3155 4178 1
4580 5114 1415 41 1
3402 5043 3401 3281 1
4325 4985 3255 3253 1
3134 5096 4635 2601 1
4962 5104 4356 2968 1
3824 3826 3827 1472 1
4009 5041 1451 120 1
1620 1619 1622 1623 1
4117 4887 4705 1425 1
3320 4730 1596 2600 1
3869 4988 1524 3868 1
2703 4959 2702 2596 1
2871 4665 4856 2621 1
3444 5087 3770 3769 1
2738 5078 2740 2739 1
3503 2778 2327 2329 1
1568 5038 4095 1077 1
4749 3354 4701 2048 1
4622 1395 1295 1296 1
4812 5035 2956 2953 1
3825 5014 3826 3824 1
4846 3067 4695 3494 1
3600 3601 2042 3577 1
3581 4597 4604 3582 1
3156 4609 4749 4627 1
2221 5031 4621 2111 1
4948 3461 5002 3320 1
1417 5024 4105 1106 1
1234 4806 1505 1233 1
3544 3453 4756 1221 1
2976 5073 3918 3916 1
3322 5011 3858 5076 1
2810 5027 4543 2330 1
1495 5091 4882 4019 1
1534 4893 3998 72 1
3496 2744 2233 2604 1
4267 5067 3301 4260 1
2667 4787 2669 2665 1
3326 4966 3327 2639 1
4037 4794 4040 4038 1
3568 4799 1401 1036 1
3423 3297 3295 3516 1
1429 5016 3910 82 1
3603 1620 1623 1626 1
2562 4739 4699 2560 1
3289 4903 3290 2713 1
4911 3318 4727 1421 1
3145 3144 3470 3471 1
3928 4773 1438 107 1
3286 2688 3285 4809 1
4771 3082 3081 3877 1
3474 3341 3045 3398 1
3337 4598 3162 2718 1
1507 4883 204 205 1
3556 3300 4743 1548 1
3126 4744 3063 3062 1
4033 1173 4859 4827 1
1415 4910 4101 40 1
4703 3998 4893 3138 1
4866 5058 3471 3470 1
3080 3610 3371 2724 1
1444 5086 3481 3482 1
3395 4889 3308 3348 1
4620 5101 1397 1245 1
3098 4767 3446 3419 1
2862 2865 3092 3650 1
3958 5013 2763 4808 1
4694 4886 3631 4517 1
4761 4732 3336 3099 1
3476 4613 3414 2813 1
2311 2312 2302 2254 1
4526 4831 3074 3439 1
1181 1445 3871 1180 1
2843 4778 2784 2785 1
4137 5056 1567 69 1
5012 4974 1583 3429 1
4654 5093 1585 1229 1
1252 1586 4671 1251 1
4732 4761 2040 1617 1
3471 5058 1503 3472 1
3877 5044 4854 3876 1
2842 3330 3869 2841 1
3345 4987 3347 2712 1
4687 5087 1534 73 1
2791 4981 3427 2787 1
3363 5032 3490 2867 1
4801 5033 3448 3366 1
3325 4980 3323 3324 1
3415 5001 3418 3417 1
4005 5006 3782 1189 1
4875 5093 3395 5012 1
1524 4988 4791 1051 1
2116 4840 3477 2117 1
3860 5050 3859 1211 1
4582 4974 3348 2737 1
3852 5104 3853 1564 1
4578 5031 3451 3452 1
1140 3925 1546 1139 1
1411 4919 4015 1064 1
3040 4947 2608 2609 1
3167 4699 4739 3492 1
2997 4961 2995 2996 1
4060 4907 1487 56 1
3600 3599 3650 3092 1
3425 5011 3322 3084 1
2774 4954 2420 2422 1
4585 3284 4846 2055 1
1559 4994 4805 94 1
1289 4650 1579 1288 1
3032 5018 3460 3029 1
3726 4894 3283 2892 1
4867 2218 4726 3296 1
3418 4806 4619 3491 1
3013 4990 3440 3011 1
3977 4935 3938 3978 1
3617 4998 3619 3618 1
4130 4990 3400 4783 1
1510 4928 3541 14 1
3878 4725 1533 122 1
3813 4933 3815 1045 1
3451 5097 3310 3311 1
3592 5081 2864 2861 1
3461 4948 1507 205 1
4349 5076 2965 2500 1
3354 4749 4609 2614 1
4656 3079 4640 4161 1
3796 1453 3794 3797 1
4655 3914 4871 2980 1
2556 5014 4303 2263 1
4144 4964 3126 5070 1
4719 5094 3366 2785 1
4672 3342 4839 148 1
1554 4982 4190 1201 1
4927 5113 3388 3291 1
3814 5098 4933 3813 1
4779 3338 4691 154 1
4408 5106 3727 2970 1
4067 5108 1411 1065 1
3349 5008 3988 4045 1
199 200 3588 1478 1
3923 5064 4879 4076 1
1491 4963 4829 1061 1
3091 5116 4736 2751 1
3333 4975 3335 3334 1
3911 1147 1484 3912 1
1442 1152 4766 3536 1
2771 5060 2797 2589 1
3138 4893 3444 2790 1
3564 4992 4797 1532 1
3112 5089 4690 5077 1
3820 4986 3818 3817 1
3920 5043 1452 1138 1
3586 1402 4729 3140 1
3976 3977 1440 3975 1
4122 4864 1416 1092 1
2780 3284 4658 2328 1
3457 5054 1544 3456 1
3466 5046 3408 3465 1
3298 4965 3454 2977 1
1597 4702 2600 1596 1
1029 1030 3488 4943 1
1030 1031 1580 3488 1
1400 4949 4738 4650 1
4877 5030 3982 3984 1
4813 3810 3809 3133 1
4931 5072 2618 4172 1
4913 5019 1512 1273 1
3839 4904 1493 4211 1
4033 4827 4034 1494 1
3302 4944 3304 3303 1
3924 5064 3923 3922 1
4773 3312 3520 1438 1
3874 5048 1500 4079 1
2782 4721 2545 2762 1
4817 3280 3401 1546 1
3777 3775 4567 2928 1
193 194 1535 3810 1
3711 3304 3712 3713 1
3713 5103 4373 2533 1
3864 3865 4826 3116 1
4135 4995 1407 1040 1
4473 4842 2984 4465 1
3393 5091 3590 4576 1
3940 4954 3282 4745 1
3464 4999 1404 3666 1
3835 5005 4834 1405 1
3634 4709 1446 1213 1
2557 4708 2556 2264 1
3328 5062 4266 2623 1
4706 3519 4593 1517 1
2560 4699 3567 2025 1
3822 115 116 1550 1
4077 4782 1423 97 1
1449 5105 4700 175 1
3987 4877 3984 3986 1
4748 4908 4622 1575 1
2348 5013 2350 2349 1
2537 4833 3692 2290 1
2788 4874 2832 2789 1
3559 4887 4117 5084 1
3044 4674 3515 3041 1
3892 4776 3893 3891 1
4581 4822 3555 2213 1
1589 1591 1588 1516 1
2840 5074 4475 2531 1
2431 2534 2536 2952 1
3365 5090 4642 3771 1
3646 5028 3645 2768 1
3870 4878 4607 2841 1
2750 4989 4302 4300 1
4602 5059 1396 1241 1
2835 4777 3786 3785 1
3848 5082 3849 1422 1
4096 4831 1418 4095 1
3554 4701 3153 3604 1
2312 2801 4753 2302 1
3541 4901 1584 13 1
2812 2811 2853 2882 1
142 3896 3895 141 1
2743 4796 3154 3099 1
4080 5030 1406 53 1
3842 4937 4782 4077 1
1521 4792 167 168 1
4704 4903 3289 3644 1
4186 5053 4615 4226 1
3876 4854 3878 123 1
2575 5009 4343 2270 1
1561 1087 3917 3918 1
3421 3484 2273 3447 1
3539 5095 4271 4244 1
3961 5042 1459 187 1
3161 5024 4346 3085 1
2562 2561 2563 2565 1
3329 5105 4617 4495 1
3373 4857 3374 3072 1
4744 4964 3316 3315 1
3159 5016 3506 2915 1
1479 5112 3616 4902 1
4907 3364 4712 1487 1
2805 4843 2808 2807 1
1711 4587 1616 1618 1
4634 3156 4627 2022 1
4079 1500 44 45 1
2493 4572 3605 4564 1
2310 5102 4172 2309 1
3120 3117 4826 3243 1
3910 5016 4819 1539 1
5029 207 208 5092 1
2215 2303 2551 2552 1
3160 4819 3159 2776 1
3601 3600 3092 3602 1
4624 1578 1293 1294 1
3478 5107 2844 4822 1
3343 4925 4178 2697 1
1520 4858 3634 1214 1
3505 4667 3462 3071 1
3547 4651 3309 2503 1
3035 5026 4268 2950 1
2034 2031 2066 2067 1
4071 5041 3389 4843 1
3139 4104 3558 3501 1
1536 5095 4890 1154 1
4621 4851 2305 2113 1
4573 4767 3098 2858 1
4422 5045 3090 2752 1
3829 5065 4740 1526 1
3756 5017 3450 4059 1
3840 3842 4077 98 1
4307 4800 3252 3251 1
4076 4879 1566 62 1
81 3910 1539 80 1
3307 4944 3302 2827 1
2033 2036 4651 3547 1
1216 1217 1477 3622 1
3921 4855 3922 1481 1
1500 5048 4844 43 1
2394 5034 4234 4091 1
3766 4910 3767 3765 1
2307 2251 2252 2308 1
2560 2077 2561 2562 1
3107 5098 3101 3103 1
3550 2505 3309 3612 1
3949 1542 3950 3951 1
3287 5073 4412 2629 1
1453 3792 3793 3794 1
3116 4826 3117 3115 1
1551 5051 3992 1205 1
29 1560 4108 28 1
3594 3551 3158 3613 1
1132 1133 1473 3788 1
2702 3141 3129 2595 1
4699 3167 4639 3567 1
3602 3092 2865 3094 1
3353 4963 3352 2829 1
1625 1627 1626 1623 1
21 1414 3575 20 1
3915 4871 3914 3913 1
4076 63 1481 3923 1
4378 4902 3339 2852 1
3467 1032 1508 3468 1
2123 2099 2098 2126 1
1401 4799 4636 3448 1
3492 4614 2108 3167 1
3948 4771 1470 125 1
3897 136 137 3898 1
4724 4668 2220 2299 1
3502 1612 1609 1607 1
2538 4785 2537 2291 1
99 100 1498 3840 1
4697 4810 3093 2542 1
4302 4989 3789 5026 1
4663 4549 4626 3059 1
2935 3135 2934 2933 1
3048 4775 3047 2637 1
2665 2669 4186 2664 1
2383 2384 2382 2381 1
3845 5027 3846 3844 1
4608 4853 3049 2510 1
1612 1613 1611 1609 1
2824 3196 3288 4004 1
4144 5070 1572 4142 1
2117 2118 2115 2116 1
2543 4638 2762 2545 1
3074 3065 2625 3127 1
4288 4994 1559 4174 1
3291 3388 2745 2624 1
3990 4975 1485 1179 1
4878 3518 4847 4607 1
1596 1594 1595 1597 1
3411 4778 2843 3410 1
3317 4742 3315 3106 1
4722 3520 3521 1571 1
4123 1569 4124 4125 1
4673 5071 1521 3872 1
1395 4624 1294 1295 1
1615 4732 1617 1616 1
3053 4919 3430 3006 1
4778 3350 4724 2784 1
3524 3525 3598 2722 1
3332 4988 3330 3331 1
2340 4777 2593 2341 1
3577 2042 4643 3552 1
3039 4812 2953 2536 1
2933 2934 2671 2916 1
3152 4702 1602 3151 1
4785 2538 2709 3137 1
1449 4866 3470 4617 1
3364 4907 3365 2760 1
3387 5004 3678 3677 1
1571 4996 4132 104 1
2218 4867 2216 2121 1
4115 4887 4683 2605 1
3430 5108 4591 4484 1
1518 4654 1230 1231 1
2784 4724 2299 2783 1
4583 3131 3130 3455 1
1405 1071 3833 3835 1
4099 1496 1068 1069 1
1405 4834 4605 1070 1
1505 5001 3414 4613 1
3100 3108 2705 2706 1
4125 5106 2451 4736 1
2837 2836 3075 3720 1
4535 4841 2810 2325 1
1498 4951 3841 3840 1
2540 4697 2542 2541 1
2170 2251 2253 2357 1
4680 4569 4742 3317 1
3983 3985 3984 3982 1
2719 4607 2727 2487 1
1105 4105 1570 1104 1
1608 1605 1607 1609 1
2744 4790 2125 2233 1
4460 4454 2985 2986 1
3313 4897 3883 2803 1
1489 4747 3781 3780 1
4014 5020 4855 3921 1
4680 2076 4663 4569 1
3067 4846 3284 2780 1
3938 4935 3939 3937 1
4741 4709 3095 2619 1
4748 1575 4623 3516 1
3306 5023 4417 4413 1
2670 2667 2668 2671 1
4807 3467 3468 4947 1
2980 4871 4422 4438 1
1610 1608 1609 1611 1
1629 4643 2042 1627 1
4071 4837 4070 1451 1
4325 4324 2616 3312 1
3782 4818 1448 1188 1
3522 4585 2055 2037 1
2541 4678 2219 2540 1
3324 3583 4576 3590 1
5094 4719 3468 1508 1
3813 1046 1526 3814 1
3937 4745 1483 3936 1
2251 2307 4158 2253 1
3543 5049 4666 1579 1
4658 4978 2722 2295 1
3155 4904 3134 2696 1
1215 1216 3622 1520 1
4601 3311 2834 3666 1
4638 5069 3140 2762 1
1612 3502 2114 1621 1
4614 5097 2221 2109 1
3921 64 65 4014 1
2982 4751 2986 2985 1
4609 3156 2506 2508 1
2066 4639 3167 2108 1
4806 1234 1235 4619 1
2869 2764 2765 2870 1
3767 5114 3768 2770 1
3968 157 1538 3969 1
2233 2125 2230 2585 1
4347 4941 2902 3250 1
3069 4729 3445 3385 1
1599 1602 4702 1597 1
2067 2066 2108 2109 1
3567 4639 2029 2026 1
1621 4716 1613 1612 1
2713 2303 2304 3165 1
1523 4645 3960 189 1
3967 5113 1431 79 1
3630 3027 3631 3632 1
4824 4999 3464 3463 1
3645 4704 3644 2768 1
3828 4754 1531 109 1
55 1487 3947 54 1
4618 1397 3615 4659 1
4676 5117 1484 1148 1
3599 3600 3577 2877 1
2736 3572 2306 2735 1
3568 1037 1549 3569 1
2751 4736 2450 2452 1
1522 4929 162 163 1
3368 2761 3046 3382 1
2823 4872 3511 3591 1
4940 4932 4606 3398 1
1161 4577 1468 1160 1
4089 1554 1202 1203 1
3778 5096 3839 3776 1
3578 4677 3375 3377 1
2715 2714 2716 2717 1
2521 4432 2983 2982 1
3405 3406 2799 3076 1
3442 3242 3243 3443 1
4600 2613 2563 2564 1
4858 3095 4709 3634 1
2792 2585 2586 2793 1
3072 3375 4677 2781 1
3064 5020 3475 2822 1
2757 3393 4576 4557 1
2124 2123 2273 3484 1
1501 4956 146 147 1
3743 4329 2749 2502 1
2328 4658 2295 2327 1
3618 2641 2626 2851 1
3880 4927 3291 3879 1
1194 4811 1450 1193 1
3552 3607 2497 3551 1
3955 4808 3953 1471 1
1409 4878 3870 3868 1
4370 2967 2968 4356 1
2772 5022 3148 2771 1
3154 5107 3478 3099 1
4017 3327 4018 3077 1
3898 1441 4770 3712 1
3140 4729 3069 2762 1
3494 4695 2126 2098 1
4174 1559 95 96 1
3105 4737 3103 3104 1
1477 5025 3623 3622 1
3534 4698 5101 4620 1
4244 2632 4243 3539 1
3372 5015 4315 2700 1
3620 4630 3625 2641 1
4600 3455 4802 2868 1
4693 4949 1400 1291 1
1606 2302 3526 1607 1
2056 4920 2038 2054 1
1407 4869 3579 1039 1
2730 4657 2729 2535 1
139 140 3890 1441 1
3156 4634 2504 2506 1
3281 3748 4291 3402 1
2628 2610 3096 3333 1
2867 3490 4599 1600 1
2742 4629 2118 2120 1
2786 5037 3132 3130 1
4427 4686 3127 2625 1
1403 18 3573 3576 1
3943 5064 2773 3942 1
4739 2562 2565 2828 1
2338 3037 2340 2339 1
1574 4891 4611 1238 1
3534 5100 3533 3422 1
2213 1624 1622 4581 1
1582 5002 3461 206 1
3571 4869 4592 3061 1
4468 5005 2993 2991 1
2604 2233 2585 3434 1
102 1434 3565 101 1
1600 4599 1601 1599 1
4495 4617 3144 3018 1
3122 2733 4510 4511 1
138 1441 3898 137 1
2964 2963 2500 2965 1
4569 4663 3059 3060 1
1420 4788 27 28 1
4587 4697 4631 1614 1
3978 3938 3936 1143 1
2449 2450 2451 2972 1
3114 3113 3115 4041 1
3078 4850 3428 5083 1
2608 4947 2783 2299 1
4495 4487 2746 3329 1
3940 4745 3937 3939 1
4742 3063 4744 3315 1
3771 4642 3199 3198 1
2752 3701 4438 4422 1
2024 4634 2022 2023 1
1628 1629 1627 1625 1
3596 4541 3022 3595 1
2441 2442 2443 3262 1
3798 5120 3800 3799 1
2210 4547 3584 3608 1
2772 2771 2590 3566 1
3388 5113 4064 4063 1
2877 3552 3551 2854 1
3553 3580 3131 3581 1
3113 5077 3116 3115 1
4157 2308 2723 3222 1
4438 4433 2978 2980 1
4628 4746 3055 2802 1
3971 3969 4762 2721 1
3948 126 1542 3949 1
2735 4582 2737 2736 1
1598 1599 1597 1595 1
2898 2897 2896 3731 1
2998 2997 2996 3675 1
2027 2504 4634 2024 1
3340 4868 3370 2766 1
4019 4882 3319 4637 1
4328 4952 2960 2436 1
3862 4741 2551 2303 1
3153 4720 2323 2321 1
4579 4626 4549 1628 1
3245 3246 2580 2234 1
4616 4830 3402 4291 1
4096 5038 3369 4842 1
3613 2331 2572 3594 1
4367 5044 3081 2708 1
1423 4782 3549 4174 1
2217 2216 2296 3485 1
2544 2543 2542 3093 1
3972 159 1463 3973 1
4260 2237 4139 4267 1
2937 4246 4260 3301 1
2851 2626 2627 2852 1
2381 2382 2380 2379 1
3336 4716 4629 2742 1
3141 5082 3847 4888 1
1497 4888 3847 1117 1
22 4637 1414 21 1
3919 3915 3913 1090 1
3595 3583 2875 2874 1
4690 5089 3964 3863 1
2708 2707 2680 2966 1
3431 3903 2817 3057 1
3771 3749 2760 3365 1
4081 3160 2776 2653 1
3850 3851 1422 3849 1
1443 5023 4672 149 1
2121 2119 2117 3477 1
2119 4668 2120 2118 1
2313 4575 3638 3640 1
4668 4724 3350 2120 1
1528 1131 3788 3790 1
3985 2549 3986 3984 1
3942 3931 3932 3943 1
2868 5025 3463 2816 1
3241 4261 3119 3120 1
4226 4131 2664 4186 1
4746 3477 4840 3055 1
2589 2797 4589 2517 1
3599 2855 2857 3650 1
3614 2215 2552 3580 1
2349 2350 2351 2894 1
2515 2514 2213 3555 1
2979 2848 4436 4440 1
2753 3349 4045 2550 1
2626 2445 2446 2627 1
4471 4483 4428 2466 1
3058 4652 3057 2726 1
4557 4576 3583 2320 1
4295 3252 4800 4133 1
3573 19 1519 3574 1
3928 108 1531 3929 1
3667 3655 2766 3370 1
2872 2847 3530 3531 1
4630 3089 4379 2443 1
4894 5036 3542 3283 1
2775 2774 2422 4276 1
1426 4718 3751 3475 1
4323 2954 4329 3743 1
4413 2512 2583 3306 1
3059 4626 2516 2519 1
2742 2743 3099 3336 1
4180 3340 2598 2567 1
1577 4955 4647 1300 1
4584 1516 1284 1285 1
3119 4258 3118 3117 1
4211 1493 1185 1186 1
1042 1043 4142 1572 1
2593 4777 2835 2811 1
2877 2854 2855 3599 1
2445 2442 2444 2446 1
2807 2808 2809 3733 1
2115 4629 1621 2114 1
3789 4989 3790 3788 1
3030 4568 3597 3641 1
2614 4609 2508 2510 1
3624 4858 1520 3622 1
3986 2549 4045 3988 1
4564 4561 3034 2493 1
2802 2801 2643 2825 1
4211 3774 3776 3839 1
4549 4663 2076 1630 1
2806 2805 2807 2955 1
2921 4616 4291 4287 1
2739 2740 2741 2854 1
2025 3567 2026 2024 1
4257 4251 3238 2673 1
3165 3277 3633 3644 1
2111 4621 2113 2112 1
3523 3525 3524 3522 1
2445 2626 2641 3625 1
4483 4471 2988 2989 1
3854 1112 1564 3853 1
2856 4573 2858 2857 1
3253 2678 2677 3254 1
3517 4529 4847 3518 1
2534 2431 2430 2535 1
3702 4409 4405 2893 1
3118 4250 4041 3115 1
2392 2394 4091 3231 1
4409 2090 4369 4402 1
1635 1637 1636 1633 1
3641 2324 2326 3030 1
3367 4995 4135 5070 1
1433 4689 3889 3888 1
3000 2999 2998 3676 1
3750 2822 3475 3751 1
2561 4597 2564 2563 1
2790 3444 3769 4066 1
2741 3626 2856 2855 1
4568 2211 4544 3597 1
3504 4891 4667 3505 1
3879 3291 2624 4001 1
3473 4595 1509 1223 1
2896 2703 2596 4337 1
3296 4726 3294 3295 1
2341 2593 2594 4472 1
4457 3694 2787 3427 1
4059 2756 3755 3756 1
3075 4725 3721 3720 1
3271 3387 3677 4490 1
2016 2015 2017 2018 1
3985 3983 2259 2246 1
2250 4082 4114 2365 1
3163 3614 3580 3553 1
2492 2705 4572 2493 1
4780 2576 2707 3082 1
4047 1469 133 134 1
4567 4818 3142 2777 1
2077 4604 4597 2561 1
2748 4795 2750 2501 1
2099 4790 2056 2098 1
4696 4879 3943 3932 1
3272 2688 4511 4510 1
3486 4848 3487 3044 1
2618 5072 4711 2579 1
2698 3372 2700 2699 1
2605 4683 4104 2367 1
2679 4360 2680 2576 1
2647 3169 2648 2538 1
1454 4816 3783 164 1
2541 2542 2543 2545 1
3991 3347 4570 3058 1
4574 3034 4561 3628 1
3885 1497 1118 1119 1
3888 3885 1119 1120 1
3652 4566 3642 2008 1
2251 2170 2169 2252 1
2613 4600 2868 2816 1
2514 4579 1624 2213 1
4041 4175 4235 3114 1
4300 2244 2501 2750 1
4651 2039 3612 3309 1
3635 2225 4528 4529 1
2410 4229 2928 2777 1
3613 3158 4568 3030 1
2933 2916 4242 4248 1
2511 2591 2509 2507 1
4566 3022 4541 3642 1
2214 2304 2303 2215 1
3881 3880 3879 2908 1
3823 112 1530 3819 1
1472 111 3823 3824 1
1164 1165 1464 3996 1
2601 2602 2696 3134 1
2252 2169 4247 2674 1
2565 2613 2794 2828 1
4553 4500 2761 3368 1
2346 2345 2526 2527 1
2016 4554 2014 2015 1
2672 2673 3238 4216 1
2646 3131 3580 2552 1
1631 1630 1632 1633 1
3011 3440 4494 2607 1
1538 158 3972 3970 1
2514 2516 4626 4579 1
2347 2348 2349 3728 1
4276 3214 3748 2775 1
3714 2715 2717 2971 1
3196 3752 3750 3288 1
2416 4263 2422 2420 1
2509 4608 2510 2508 1
1523 190 3844 3846 1
3560 3287 3128 3561 1
3572 2736 2814 3416 1
2859 3650 2857 2858 1
2752 2751 2452 3701 1
1633 1632 1634 1635 1
4337 3193 3731 2896 1
2609 2608 2283 3485 1
3346 3692 4833 3507 1
4589 2797 3571 3061 1
2112 3598 2110 2111 1
4276 2422 4263 3244 1
2684 3298 2977 2546 1
3539 4243 3537 3538 1
3102 2706 4563 3608 1
2324 3641 4550 2208 1
2996 2995 2992 4482 1
1565 4760 1108 1109 1
2590 2771 2589 2518 1
2901 3739 3250 2902 1
2781 4677 3067 2780 1
3219 3220 2723 2675 1
4528 2224 2487 2727 1
4131 4226 4203 1922 1
1079 1421 4120 1078 1
3731 2183 4338 2898 1
1623 1622 1624 1625 1
3675 2083 3676 2998 1
3720 3258 4366 2837 1
2508 2506 2507 2509 1
2882 3688 3004 2812 1
2130 2096 2214 2215 1
3195 4323 3743 4301 1
3241 3242 4275 4262 1
4575 3629 3630 3638 1
3629 4575 2241 4562 1
4274 3279 3606 2943 1
4255 4248 2232 4173 1
2903 2382 2384 4029 1
3628 4561 2876 4533 1
4590 4680 3317 3609 1
2358 4633 2637 2530 1
2127 2014 4554 3604 1
4052 4153 2819 3111 1
3104 3102 3608 3584 1
3136 4885 3135 2935 1
4396 2239 3716 3303 1
3277 4552 4558 3633 1
2594 2593 2811 2812 1
2676 4318 2677 2557 1
3169 3643 4571 4551 1
4545 4563 2494 2490 1
2351 2350 2587 2588 1
3724 2899 2898 4338 1
1610 4631 2540 2219 1
4571 2058 4541 3596 1
1639 4544 1637 1638 1
2610 4251 3097 3096 1
2130 3614 4540 2011 1
4594 3089 4630 3620 1
2442 2441 2082 2444 1
4534 3046 2633 2634 1
3872 1521 168 169 1
3615 5101 4698 3378 1
2858 3098 2860 2859 1
2884 3689 4465 2984 1
4231 4242 2916 3993 1
4424 2274 2546 2977 1
3023 4562 3278 2694 1
2566 2228 4050 2927 1
4002 3905 2731 2279 1
4001 2314 2908 3879 1
4242 2929 4152 4248 1
2206 4550 4536 1648 1
3956 3955 1471 129 1
3278 4548 4538 3660 1
4482 3177 3675 2996 1
3728 2349 2894 3715 1
3733 2809 2895 3723 1
3803 3801 3804 1573 1
2689 4558 4552 3656 1
3936 1483 1142 1143 1
2839 2710 2874 2875 1
2632 4074 4245 4243 1
4542 3682 4552 3277 1
2942 2941 2943 2944 1
2576 4780 2575 2271 1
2517 4589 2519 2516 1
4560 3031 4556 2482 1
2240 4575 2313 2257 1
2529 3707 4407 2527 1
3168 4546 1640 2210 1
4235 2088 4224 4052 1
2076 4680 4590 1632 1
4183 2400 2628 3334 1
3739 1812 4321 3250 1
3027 3630 3629 3025 1
4360 2679 4357 3259 1
2324 2257 2325 2326 1
3441 2891 3283 3542 1
4838 1156 1465 3610 1
2339 2340 2341 3693 1
2234 2085 4241 3245 1
4562 3023 3025 3629 1
2316 2318 4566 3652 1
2967 4358 2963 2964 1
3676 3685 3174 3000 1
3168 2210 3608 4563 1
2574 2698 2699 3192 1
1541 4640 3957 3956 1
4546 3168 4545 2212 1
4447 4439 3179 3689 1
4374 4380 2446 2444 1
4360 4361 2966 2680 1
4502 4574 2078 1652 1
2739 3594 2572 2738 1
2019 2016 2018 2020 1
3642 4541 2058 2006 1
3716 2971 2886 3303 1
4784 4975 3333 3096 1
2757 2322 2539 2830 1
2314 2315 2803 2908 1
2949 2947 4296 3746 1
2710 2648 4551 2874 1
2822 3750 3752 2651 1
2207 4548 2241 2240 1
2527 2526 2528 2529 1
4367 3258 3720 3721 1
3686 2594 2812 3004 1
2675 2674 4285 3221 1
2086 2690 2689 2003 1
2317 2318 2316 2127 1
4531 3016 4525 3665 1
2923 2789 4270 4265 1
4643 1629 1631 3607 1
4239 3230 4216 3238 1
2684 2683 4453 3299 1
2948 2920 2947 2949 1
4533 4524 3171 3628 1
4318 4322 3254 2677 1
3166 4550 3641 3597 1
4187 1171 1494 4035 1
3191 2806 2955 3725 1
4317 2091 4289 4313 1
1613 4716 1615 1614 1
4362 2087 4358 2967 1
4516 3658 4519 3015 1
2319 4557 2320 2318 1
2894 2351 3722 4368 1
4524 4533 2488 2486 1
2448 4398 2452 2450 1
3747 4282 3197 3908 1
2955 2807 3733 4350 1
3034 4574 4559 2491 1
2491 2492 2493 3034 1
1638 1635 4547 2210 1
4029 3211 3764 2903 1
4558 2689 2690 2693 1
2080 4342 4321 1810 1
4338 4340 3248 3724 1
4530 4559 4502 1650 1
2887 2852 2627 4380 1
4217 4155 3231 4091 1
4318 2676 4314 3257 1
2603 2289 4403 2973 1
2512 4413 4403 2287 1
3247 4290 4285 4277 1
2395 4213 2602 2601 1
2638 2282 4020 3965 1
2304 4542 3277 3165 1
3038 4240 2495 2597 1
2705 2492 2494 2706 1
2382 2903 4154 2380 1
4539 3024 2695 3275 1
4251 2401 4239 3238 1
3188 3710 4380 4374 1
4520 4516 3015 2225 1
4539 3649 4556 3028 1
4273 2833 4274 2941 1
4407 3263 4395 2885 1
2674 2675 2308 2252 1
4445 3145 3472 4534 1
4548 3278 4562 2241 1
2619 2786 2646 2552 1
2846 2849 3705 2636 1
4472 3269 3693 2341 1
4516 4520 3010 2879 1
3173 2767 3172 3667 1
4323 3195 2091 4317 1
2206 2070 2207 2208 1
3863 3964 1192 1193 1
4262 3228 4261 3241 1
3203 4205 4066 3769 1
2414 4169 4262 4275 1
4500 4560 2482 2481 1
4236 4221 2582 2622 1
4222 4029 2651 3752 1
2208 2240 2257 2324 1
4639 2066 2031 2029 1
3701 2452 4398 3184 1
2756 3757 4065 3755 1
4026 3208 4154 4030 1
2697 2696 2602 2936 1
2525 2261 4490 3677 1
3688 4490 2262 4481 1
3709 3708 4387 4383 1
2212 4545 2490 2489 1
2264 4304 2676 2557 1
2489 2491 4559 4530 1
4058 3760 3200 3991 1
4521 3171 4524 4452 1
2021 2023 2022 2020 1
3741 3738 3192 2699 1
4375 1774 1772 4364 1
3649 4539 3275 4527 1
3658 4516 2879 3657 1
2088 4235 4175 1968 1
4183 4259 2243 2242 1
2482 4556 3649 2480 1
3024 4539 3028 3026 1
2880 4531 3665 3664 1
2818 2411 2777 3142 1
2615 4735 3150 2614 1
4192 3236 4236 2923 1
1618 1617 1619 1620 1
3028 4556 3031 3029 1
3016 4531 4532 2634 1
2023 4604 2077 2025 1
3625 2443 2442 2445 1
3723 2178 4350 3733 1
4030 4154 2903 3764 1
3293 3292 4748 3516 1
1625 1624 4579 1628 1
4368 4330 3715 2894 1
2356 2573 2574 3735 1
2009 2096 2011 2010 1
2391 4198 2395 2393 1
3029 4517 3026 3028 1
3685 3676 2083 1687 1
3732 4374 2444 2082 1
4198 3235 4213 2395 1
4058 3058 2726 2298 1
2920 2918 2919 2947 1
3171 4521 1654 2078 1
3656 2004 2003 2689 1
2228 2084 4225 4050 1
3237 4232 4225 4207 1
3738 3741 3191 3740 1
4213 4227 2936 2602 1
2518 2589 2517 2515 1
4292 4296 2947 2919 1
3017 4532 4531 2880 1
3234 4153 4224 4199 1
3686 3176 4472 2594 1
4304 4297 4314 2676 1
2981 2985 4450 4444 1
4450 4454 2105 4411 1
4278 4140 4275 3242 1
3258 2708 2966 3261 1
3685 1685 4497 3174 1
3671 3670 4481 4478 1
3659 3003 3174 4497 1
2530 4305 2359 2358 1
2049 4508 3275 2695 1
1644 4546 2212 1646 1
3954 3950 1542 127 1
3023 2695 3024 3025 1
2000 1999 2001 2002 1
1096 5036 1428 1095 1
4126 1094 1095 1428 1
4277 4285 2674 4247 1
4250 1970 4175 4041 1
3735 2574 3192 3737 1
4523 4525 3016 2485 1
3030 2326 2331 3613 1
2694 3278 3660 1656 1
2085 1860 4253 4241 1
2887 4380 3710 2889 1
4283 4284 3221 4290 1
3254 4320 4324 3253 1
4287 2418 2918 2921 1
4350 4316 3725 2955 1
3017 2474 3018 3019 1
3004 4481 3670 3686 1
2092 4474 3689 3179 1
1764 4377 3732 1766 1
1658 4521 4452 1660 1
2183 1794 4340 4338 1
4200 2165 2227 2672 1
4086 3077 2728 2301 1
2481 2483 2484 4500 1
2005 2002 2004 2006 1
4489 4508 1659 1661 1
4532 3017 3019 4445 1
3011 2607 3010 3012 1
2987 4473 4465 4474 1
4359 2957 3723 2895 1
3189 3728 3715 1778 1
3764 3211 2050 4078 1
4030 4078 4027 4026 1
2483 4523 2485 2484 1
4510 2477 4509 3272 1
3651 3054 3007 4501 1
2892 3283 2891 2890 1
4514 3276 4523 2483 1
4339 4333 4357 4344 1
4452 4524 2486 2103 1
2168 2170 3908 4252 1
2693 2692 2767 2768 1
2479 4514 2483 2481 1
4505 2062 1998 2000 1
2681 3186 3708 3709 1
4433 2100 4430 2978 1
4065 2907 2912 3755 1
2936 4254 2938 2697 1
2890 2891 2888 2889 1
3740 3191 3725 1804 1
3204 4066 4205 3787 1
3759 2359 4305 4299 1
3000 3174 3003 3001 1
3012 3010 4520 3635 1
1655 1654 4521 1658 1
4376 3717 2101 4375 1
3260 4354 4368 3722 1
4361 4360 3259 2179 1
3832 3211 4222 4177 1
4363 3704 4395 4381 1
4280 4249 3244 4263 1
4517 3631 3027 3026 1
4497 1682 1681 3659 1
3185 4386 3718 3704 1
4192 4265 4194 1868 1
4508 4489 4527 3275 1
3240 4270 4273 2939 1
1656 1655 1657 2049 1
2188 4382 3710 3188 1
3656 4552 3682 2007 1
4254 2936 4227 4184 1
1237 4611 1398 1236 1
2474 3017 2880 2472 1
4382 4394 2889 3710 1
2686 3176 3670 3671 1
2049 2695 2694 1656 1
3657 2467 3661 4503 1
4548 2207 2070 4538 1
4284 4283 2524 2704 1
2012 2013 2010 2011 1
3737 3192 3738 2063 1
3740 1805 2063 3738 1
2848 2979 2849 2846 1
2599 2766 3655 3684 1
2505 2504 2503 3309 1
4282 3747 3759 2946 1
2687 3272 3273 3674 1
3694 4457 4453 3267 1
2893 2892 2890 4394 1
4499 3683 3664 3665 1
3657 2879 2469 2467 1
2487 2224 2486 2488 1
2605 2365 4114 4115 1
2690 2086 2691 2692 1
4504 4515 3659 1681 1
2691 4485 3669 3668 1
4394 4382 3187 3702 1
3273 4509 3672 3673 1
3269 4437 4458 3693 1
4501 3009 2223 3651 1
3274 4492 4480 1683 1
2879 3010 2607 2469 1
4227 4213 3235 2922 1
3009 4501 4515 4504 1
4401 1740 3184 4398 1
2058 4571 3643 2005 1
4485 1999 3691 3669 1
3664 2470 2472 2880 1
2885 4395 3704 3718 1
3669 3691 3233 3684 1
3276 4514 4493 1670 1
3674 3673 4486 2881 1
3261 4359 4366 3258 1
2607 4494 2606 2469 1
2978 4430 2974 2975 1
2881 4486 3663 3690 1
3683 4499 1673 1675 1
4354 1773 4330 4368 1
4322 4318 3257 2053 1
1996 1999 1998 1997 1
1778 3715 4330 1775 1
2471 4492 2475 2473 1
4478 2200 2074 4467 1
4383 2186 2073 4372 1
2468 4506 2222 2467 1
3684 3655 3668 3669 1
2043 4525 3276 1670 1
1686 1684 1685 1687 1
3177 1689 2083 3675 1
4471 4463 3270 2988 1
4479 3270 4463 2093 1
2411 2819 4153 2409 1
1765 3729 4372 1763 1
3736 3735 3737 4335 1
2332 3690 4477 2201 1
3175 4477 3690 3663 1
4492 3274 4498 2475 1
3232 3695 3233 1995 1
3690 2332 2334 2881 1
2475 4498 2477 2476 1
1668 4519 3658 4503 1
2970 3726 2892 2893 1
1678 1677 1679 2202 1
3704 4363 1756 3185 1
3181 2849 2979 3264 1
4290 2060 3902 4283 1
1663 4507 1666 1665 1
4499 2043 1671 1673 1
2470 3664 3683 1678 1
3699 2849 3181 4400 1
3672 4498 3274 2047 1
2332 2269 2333 2334 1
1688 1686 1687 1689 1
2199 4477 4461 1697 1
2202 4480 4492 2471 1
2201 2261 2269 2332 1
4335 1809 3744 3736 1
2079 1676 1674 3661 1
2179 4326 4365 4361 1
2476 4487 2473 2475 1
3691 1996 1995 3233 1
4467 1698 1700 4391 1
1669 1668 4503 1672 1
4456 4469 1686 1688 1
2086 2001 4485 2691 1
3264 2979 4440 4435 1
2469 2606 2468 2467 1
2063 1807 4335 3737 1
2142 2141 2290 2292 1
3673 2047 4469 4486 1
3695 3697 2568 2599 1
3671 4478 4467 4391 1
2991 2989 2990 2992 1
2478 4527 4489 1664 1
2202 2471 2470 1678 1
4509 2477 4498 3672 1
3177 4482 4470 4476 1
4487 3018 2474 2473 1
2199 2074 2200 2201 1
3270 4464 2649 2988 1
3698 2335 2337 2883 1
2994 4468 2991 2992 1
2204 1676 2079 2222 1
2203 4470 2650 2649 1
2625 2547 2465 4427 1
4464 1696 1695 2649 1
1683 4480 1680 1682 1
1693 4476 2203 1695 1
3264 4423 3703 3181 1
3604 3153 2321 2317 1
2362 2142 2292 2363 1
3696 4460 2630 2458 1
4464 3270 4479 1699 1
1688 1690 1691 4456 1
1699 4479 1701 1700 1
4455 2462 4466 4426 1
2464 2465 2547 2987 1
4449 2685 4446 3268 1
1696 4464 1699 1698 1
2464 4466 2462 2463 1
3703 2189 4400 3181 1
3178 4441 3698 3687 1
2335 3698 4441 2197 1
3663 4456 1691 3175 1
2630 4443 3128 2629 1
2685 4449 3267 2683 1
4435 2682 4423 3264 1
4451 2342 2343 3694 1
2342 4451 3706 4419 1
4416 4437 1708 1710 1
2195 4441 4429 1720 1
4451 3267 4449 3706 1
4391 1700 1702 1705 1
1066 4068 4067 1065 1
3706 4449 3268 3180 1
4455 1704 1703 2462 1
2335 2276 2336 2337 1
2200 4478 2262 2261 1
2465 2464 2463 2466 1
4442 3179 4439 2198 1
4425 4446 2685 2275 1
4476 1690 1689 3177 1
2764 2520 2522 2765 1
2276 4424 2721 2336 1
2461 4444 2459 2460 1
3268 4446 4399 1728 1
4474 4426 4466 2987 1
2343 2289 2603 2787 1
2289 2343 2342 2193 1
2041 3176 2686 1705 1
1705 1704 1706 2041 1
2041 4437 3269 3176 1
2711 3345 2712 2363 1
2198 4439 2460 2459 1
1716 4442 2198 1718 1
2140 2062 2141 2142 1
2191 4419 4404 1734 1
4419 2191 2193 2342 1
2195 2061 2196 2197 1
3179 4442 1712 2092 1
3212 4061 3926 3838 1
2197 2274 2276 2335 1
2520 2461 2460 2522 1
4415 3183 4414 2194 1
2981 4444 2461 2521 1
2567 2598 2568 2229 1
3266 4421 4392 1742 1
2229 2568 3697 2163 1
1990 2163 4170 1991 1
2520 2764 4432 2521 1
2196 4425 2275 2274 1
2455 4420 2453 2454 1
4399 4446 4418 1723 1
4397 4392 4421 4406 1
3266 3703 4423 4421 1
1713 1712 4442 1716 1
2229 2163 2228 2566 1
2682 4435 2513 2288 1
4061 1993 1994 1997 1
2238 4396 2533 2260 1
2974 4420 2455 2457 1
2192 4406 2288 2287 1
2459 4431 1718 2198 1
2191 2059 2192 2193 1
1730 4415 2194 1732 1
2100 4433 3184 1740 1
1994 4170 3232 1995 1
2583 2512 2513 2584 1
4390 2447 4402 4369 1
2969 4400 4388 1748 1
2163 1990 2084 2228 1
4386 3185 4371 2185 1
1740 4401 1741 1739 1
4410 4420 4393 1736 1
2456 2455 2454 2458 1
2344 2260 2345 2346 1
2187 2238 2260 2344 1
3838 2362 3927 4196 1
3088 3086 3717 4376 1
2969 2052 3182 3699 1
1712 1710 1709 2092 1
4431 4444 4411 1722 1
2185 2073 2186 2187 1
1773 4354 1771 1772 1
4390 1747 1746 2447 1
1773 1774 1775 4330 1
3190 4352 1776 2101 1
2059 4397 4406 2192 1
2957 4365 4326 1798 1
4397 2059 1735 1737 1
1755 1754 4385 1758 1
3857 1565 1109 1110 1
3719 2499 4351 3190 1
4353 2180 2182 2347 1
1770 1769 1771 2068 1
2180 2071 2181 2182 1
2184 4351 2439 2438 1
2440 4355 2438 2439 1
2962 4347 2961 2959 1
2498 4349 2500 2440 1
1529 140 141 3895 1
4345 4353 3189 1779 1
3259 4357 4333 1792 1
3084 2644 2645 3085 1
1780 4352 2184 1782 1
4341 4310 4336 2958 1
2963 4355 2440 2500 1
2068 3186 2681 1770 1
1801 1804 4316 1799 1
4346 3425 3084 3085 1
2087 4362 3248 1790 1
2961 4341 2958 2959 1
3193 4334 1796 2183 1
2182 2270 2272 2347 1
4334 3193 4331 2177 1
1795 4326 1793 1794 1
2271 2575 2270 2181 1
1803 1805 1804 1801 1
2434 4336 2432 2433 1
2559 4324 4320 3753 1
2595 2435 2437 2596 1
4348 4355 4332 1786 1
3745 2352 2354 2900 1
4310 4341 2080 1808 1
3753 4320 3754 3249 1
2177 4331 2433 2432 1
2352 3745 4312 2176 1
2958 4336 2434 2436 1
1800 4334 2177 1802 1
1813 1815 1814 1811 1
4308 1813 1812 3739 1
4312 3194 4306 2174 1
4327 4336 4310 1806 1
2352 2265 2353 2354 1
2435 2434 2433 2437 1
4309 2429 4313 4289 1
3799 1437 1125 1126 1
1811 1810 1812 1813 1
1791 4340 1794 1793 1
3194 3745 3734 1814 1
3754 4322 2053 4293 1
2174 2175 2176 4312 1
1817 4306 1815 1816 1
3753 2425 2427 2559 1
1809 1808 1810 1811 1
1828 3257 4272 1825 1
4304 2264 2175 2065 1
115 3822 1474 114 1
4298 3195 4301 4212 1
2426 4299 3251 2555 1
1128 1129 1453 3796 1
3749 3771 3198 3772 1
1802 2432 4327 1803 1
2176 2263 2265 2352 1
4293 3762 3249 3754 1
1830 4298 4212 1832 1
4309 1819 1818 2429 1
4209 4214 3218 3811 1
2769 2770 3768 3362 1
2264 2556 2263 2175 1
2172 2244 2245 2951 1
1813 4308 1816 1815 1
1399 4623 1298 1299 1
3249 2423 2425 3753 1
4261 2159 4258 3119 1
2659 4113 3787 4205 1
4258 4147 4250 3118 1
3749 4214 2652 2760 1
4215 3218 4214 3772 1
2417 2418 3214 3244 1
1827 1826 4298 1830 1
2754 2755 2756 4059 1
2656 2570 2267 4141 1
2617 3364 2760 2652 1
1528 3792 1130 1131 1
4294 1840 1838 4281 1
3757 3875 2909 4065 1
3867 4054 3944 3216 1
2361 3201 4022 2360 1
3906 3816 2914 3941 1
4168 2925 4181 3223 1
2554 2661 4177 3196 1
2501 2244 2428 2502 1
3901 2905 2368 2524 1
2925 4209 3811 4181 1
2909 3831 2906 2907 1
2790 2389 2731 3138 1
2755 3758 3757 2756 1
1836 1835 1837 2171 1
2770 4051 3765 3767 1
4062 2661 4094 4049 1
2663 4204 3761 2301 1
4022 3761 4204 3884 1
2415 2416 2419 3239 1
2376 2133 2286 2377 1
4013 3935 4113 4075 1
4093 4164 1466 1169 1
2401 4251 2610 2400 1
2366 2905 3899 2364 1
4051 2770 2655 2654 1
3787 3930 3213 3204 1
2046 3875 4228 1963 1
4102 3208 4025 3962 1
3223 4181 1948 1949 1
2660 3944 3773 2653 1
4238 2926 4246 2931 1
2558 2555 4279 3008 1
2298 2662 3760 4058 1
2364 2250 2365 2366 1
2171 2424 2423 1836 1
2623 4266 4173 2403 1
3963 3812 3900 4230 1
3205 3765 4051 3816 1
4042 4210 4044 4043 1
3202 2377 2745 4063 1
2905 3901 3900 3812 1
2939 4273 2941 2940 1
4231 4219 1910 2929 1
2769 3361 2725 2655 1
2172 4281 1834 2107 1
2259 2385 2139 2246 1
2945 4233 4189 2940 1
1961 1963 1962 1959 1
2235 4221 2164 2234 1
3758 4228 3875 3757 1
2243 4254 4184 2160 1
3226 4204 4220 3909 1
2578 2652 4209 2925 1
4252 1843 1845 1848 1
2496 2653 2776 2915 1
1846 2417 4249 1847 1
2918 2418 2917 2919 1
4141 4007 4057 2656 1
2932 2612 2931 2937 1
3205 2904 2258 3206 1
3909 4220 4031 1873 1
2046 1965 4028 3831 1
4230 2060 1857 1859 1
3237 4207 4129 2406 1
2268 2266 3931 3942 1
1970 4250 4147 1971 1
4057 3207 4215 2656 1
4006 4057 4007 1937 1
2666 4171 3993 2668 1
3765 3205 3206 3766 1
4146 4053 4176 2662 1
3228 4262 4169 4116 1
3772 3198 2570 2656 1
3231 4155 4097 2390 1
3941 1978 3224 3906 1
3867 3215 4056 2376 1
1844 4237 2167 1846 1
1865 1867 4073 3209 1
2666 2667 2665 2089 1
1905 1907 1906 1903 1
3216 1892 3215 3867 1
2375 2654 2655 2725 1
4281 1838 1835 1834 1
4087 4168 3223 4012 1
4148 3240 2106 1874 1
4184 4227 2922 4160 1
3902 2060 4230 3900 1
1868 4194 1869 1867 1
1854 2415 4223 1855 1
2400 4183 2242 2399 1
4218 4201 4238 2930 1
3235 4198 4159 1946 1
2377 3202 4054 2376 1
1968 4175 1970 1969 1
3210 4062 3994 1920 1
2413 4140 2597 2495 1
2925 4168 2387 2578 1
2159 4261 3228 1976 1
2138 2247 2246 2139 1
3999 1975 1978 3941 1
4193 2755 2658 2657 1
1918 1916 2089 2664 1
4044 4193 2657 4127 1
1963 1964 1965 2046 1
2413 2412 2407 2414 1
1929 1931 3962 4025 1
1928 1929 4025 4026 1
1851 1852 1853 3995 1
2374 2914 2654 2375 1
2158 4208 1882 1880 1
3227 4216 3230 1932 1
4163 4031 4220 2663 1
1858 4253 1860 1859 1
2405 2632 2631 2397 1
3906 3224 3979 2904 1
3931 2569 2759 3932 1
2389 2388 2279 2731 1
1861 1860 1862 1863 1
1879 1881 4016 3217 1
2369 4150 4008 1972 1
2406 2407 2412 3237 1
3209 3899 3812 1864 1
4208 3229 4185 1882 1
2930 2931 2612 2404 1
2155 2248 2250 2364 1
4007 4141 2069 1935 1
4082 2250 2248 2300 1
2281 2660 2653 2496 1
1958 4155 2081 1960 1
4147 4258 2159 1974 1
4149 4185 3229 2396 1
1878 1879 3217 3226 1
3946 3945 4109 1887 1
2309 2227 2226 2310 1
1914 1916 1915 1913 1
2164 4188 1862 2085 1
3204 3213 2388 2389 1
4228 3758 4210 1962 1
1849 1850 1851 4202 1
1855 4223 1858 1857 1
2133 2376 4056 2131 1
2617 2578 2577 3980 1
2247 2550 2549 2246 1
4134 2155 2364 3899 1
1969 1970 1971 1972 1
1903 1902 1904 1905 1
4162 4197 4100 2402 1
4000 1898 2131 4056 1
3816 3906 2904 3205 1
2153 2154 2155 4134 1
1864 1861 1863 1865 1
1847 4249 1850 1849 1
1915 1917 3994 4049 1
3930 3787 4113 3935 1
3945 3944 2660 4136 1
2160 4160 1940 2102 1
2373 2372 4032 2911 1
1894 1896 1895 1893 1
1988 4207 2084 1990 1
2569 2267 2570 2758 1
2907 2373 2911 2912 1
4156 2929 1908 1905 1
1870 4073 1867 1869 1
1892 3216 3946 1889 1
1964 4199 1966 1965 1
2237 4246 2926 2166 1
2226 2165 2104 4118 1
4185 4149 1886 1883 1
2152 3811 3218 3207 1
4042 1957 1959 1962 1
1933 1936 1935 1934 1
1854 1853 1852 2097 1
1949 1951 4012 3223 1
2135 2069 4141 2267 1
1440 3978 1144 1145 1
3963 4230 1859 1861 1
4208 4233 4074 3229 1
1880 1882 1881 1879 1
2135 2267 2266 2136 1
1987 1988 1989 3974 1
2148 2258 2904 3979 1
2064 2132 2131 1898 1
4092 1933 1932 3230 1
2371 2906 4150 2369 1
1874 1876 1875 1873 1
4189 4233 2158 4166 1
4152 2929 4156 2161 1
2403 4173 2231 2402 1
3230 4239 4206 4092 1
1984 4111 1981 1983 1
4111 1984 2146 3979 1
2095 4162 2402 2231 1
1921 1923 4078 2050 1
3995 1853 1856 3247 1
1891 1894 1893 1892 1
4031 4163 2045 1871 1
3930 3935 1906 3934 1
1967 1968 1969 4008 1
2143 4021 4016 1884 1
4075 2132 2064 4013 1
2150 2278 2277 2151 1
1946 4159 1947 1945 1
1946 1944 2922 3235 1
1983 1986 1985 1984 1
4043 1955 1957 4042 1
4193 4044 4210 3758 1
1947 1950 1949 1948 1
1924 4203 2104 1926 1
4219 4171 1914 1911 1
1986 4207 1988 1987 1
1868 1866 3236 4192 1
2411 2409 2410 2777 1
4984 1271 1272 1512 1
1907 4098 3934 1906 1
1882 4185 1883 1881 1
2236 2237 2166 2094 1
2398 4151 1960 2081 1
3234 4199 4151 2398 1
1916 1918 1917 1915 1
4162 2095 1902 1900 1
4111 3979 3224 1979 1
4188 2164 4221 3236 1
2924 1876 2106 2939 1
1901 1900 1902 1903 1
1930 1932 1931 1929 1
1966 4199 2088 1968 1
1903 1906 3935 1901 1
1950 1952 1951 1949 1
2361 2282 2638 2639 1
2102 4179 2399 2242 1
2662 2298 2256 4146 1
1980 1982 1981 1979 1
1885 4109 2057 1884 1
1425 4896 89 90 1
4117 1425 90 91 1
1938 1940 1939 1937 1
1888 1890 1889 1887 1
2360 4022 3884 4021 1
1942 4006 1939 1941 1
4127 2075 4043 4044 1
1863 1862 4188 1866 1
2403 2404 2611 2623 1
1899 1901 4013 2064 1
2072 4094 2150 2149 1
1982 4129 1983 1981 1
2136 4102 2134 2135 1
2378 2136 2268 2379 1
2569 3931 2266 2267 1
1931 1933 1934 3962 1
4000 4056 3215 1893 1
1866 1868 1867 1865 1
2366 2365 2367 2368 1
1941 1944 1943 1942 1
1953 4097 1956 1955 1
4159 2162 1950 1947 1
2154 2045 4163 2249 1
2166 4167 1890 2094 1
2161 4156 1904 2095 1
1900 1897 4197 4162 1
1072 1073 1540 3833 1
4176 3225 4196 2662 1
2397 4139 2236 2396 1
39 4101 1563 38 1
2406 4129 1982 2156 1
2249 2663 2301 2300 1
4046 2258 2255 2297 1
1923 1924 1925 4027 1
2550 2247 2657 2658 1
1920 1919 1921 2050 1
1936 1938 1937 1935 1
1984 1985 2044 2146 1
2284 2286 2133 2132 1
2165 4200 4165 1926 1
2654 2914 3816 4051 1
1909 1911 1912 4098 1
1502 5003 1196 1197 1
1190 1488 4005 1189 1
1975 1974 1976 1977 1
1916 1914 4171 2089 1
1884 4016 1881 1883 1
4127 2657 2247 2138 1
1908 1910 1909 1907 1
1976 3228 4116 1977 1
1927 1930 1929 1928 1
4100 4218 2930 2404 1
1918 4131 1919 1917 1
2149 4098 1912 2072 1
2387 2385 2386 2577 1
1971 4147 1974 1973 1
2161 2095 2231 2232 1
1977 1980 1979 1978 1
1259 1260 1515 5099 1
2409 2398 2408 2410 1
4179 2102 1938 1936 1
1972 1971 1973 2157 1
4165 1930 1927 1926 1
4166 2158 1880 1877 1
1944 1946 1945 1943 1
160 4863 1463 159 1
2075 4127 2138 2137 1
2278 2554 2553 2277 1
2758 4023 2759 2569 1
1896 4197 1897 1895 1
1848 1849 2051 2168 1
1952 4097 1953 1951 1
2523 2704 2524 2368 1
2278 2150 4094 2661 1
2156 1982 1980 4116 1
1956 4097 4155 1958 1
1885 1883 1886 1887 1
4073 2153 4134 3209 1
2157 4110 2370 2369 1
2147 2044 4146 2256 1
2057 4136 2144 2143 1
2360 2145 2282 2361 1
1911 1914 1913 1912 1
1992 3225 3974 1989 1
1877 1879 1878 1875 1
2911 4032 4055 2913 1
1943 1945 4011 2152 1
4167 4201 1894 1891 1
1897 1900 1899 1898 1
1910 4219 1911 1909 1
2375 4032 2372 2374 1
2248 2154 2249 2300 1
2151 4083 2149 2150 1
1888 1886 4149 2094 1
4092 4206 4179 1936 1
3974 4176 4053 1987 1
1951 1953 1954 4012 1
3762 4293 1831 1833 1
2279 2388 2151 2277 1
4166 1877 1876 2924 1
2917 2167 4237 3763 1
2144 2281 2280 2145 1
1940 4160 1941 1939 1
3211 3832 3210 2050 1
1895 1897 1898 4000 1
4160 2922 1944 1941 1
1930 4165 3227 1932 1
2799 2300 2728 3076 1
2094 4149 2396 2236 1
2390 2391 2392 3231 1
2405 2396 3229 4074 1
1948 4011 1945 1947 1
4151 1964 1961 1960 1
1925 1924 1926 1927 1
1991 1993 1992 1989 1
4110 3999 3941 2914 1
1957 1956 1958 1959 1
2153 4073 1870 2045 1
4027 1925 1928 4026 1
1959 1958 1960 1961 1
1954 1953 1955 2075 1
1989 1988 1990 1991 1
2255 2147 2256 2297 1
3999 4110 2157 1973 1
1913 1915 4049 2072 1
1922 1924 1923 1921 1
2906 2371 2373 2907 1
4109 3945 4136 2057 1
4021 2143 2145 2360 1
1917 1919 1920 3994 1
4087 2137 2139 2385 1
1869 1872 1871 1870 1
1919 4131 1922 1921 1
2255 2258 2148 2147 1
1889 1890 1891 1892 1
2377 2286 2624 2745 1
2380 3208 2378 2379 1
1973 1974 1975 3999 1
2926 4201 4167 2166 1
2378 3208 4102 2136 1
2297 2256 2298 2726 1
2385 2387 4168 4087 1
1942 1943 2152 3207 1
1872 1874 1873 1871 1
4098 2149 4083 3934 1
2370 2374 2372 2371 1
2704 2523 3139 3344 1
1985 1987 4053 2044 1
1952 1950 2162 2390 1
2156 4169 2407 2406 1
2137 4087 4012 1954 1
2285 2315 2314 2284 1
64 3921 1481 63 1
2658 2754 2753 2550 1
61 1566 4119 60 1
2758 2570 3198 3199 1
4201 4218 1896 1894 1
1965 1966 1967 4028 1
2404 2403 2402 4100 1
4218 4100 4197 1896 1
2281 2144 4136 2660 1
2242 2243 2160 2102 1
3212 3838 3225 1992 1
4110 2914 2374 2370 1
4083 2151 2388 3213 1
3875 2046 3831 2909 1
4112 2611 2612 2932 1
2235 2580 2581 2582 1
3213 3930 3934 4083 1
2147 2148 2146 2044 1
1934 2069 2134 3962 1
1878 3226 3909 1875 1
2286 2284 4001 2624 1
3217 4016 4021 3884 1
2726 3057 2817 2297 1
2399 4206 2401 2400 1
4006 1942 3207 4057 1
2282 2145 2280 4020 1
4972 1258 1259 5099 1
2824 2910 2553 2554 1
2397 2631 2724 4139 1
3945 3946 3216 3944 1
2418 2417 2167 2917 1
4283 3902 3901 2524 1
2285 2132 4075 2659 1
4129 4207 1986 1983 1
2940 2941 2942 2945 1
2940 4189 2924 2939 1
4028 1967 4008 4150 1
1855 1857 1856 1853 1
2051 4247 2169 2168 1
1244 1397 4618 1243 1
4202 4247 2051 1849 1
4195 2871 2581 2580 1
4666 1476 1287 1288 1
1240 1396 4610 1239 1
1455 4779 155 156 1
2423 3249 3762 1836 1
4150 2906 3831 4028 1
4332 4358 2087 1788 1
4237 1844 1841 1840 1
4277 4202 3995 3247 1
4011 1948 4181 3811 1
1842 1841 1843 3197 1
1833 1832 1834 1835 1
1864 3812 3963 1861 1
1104 1570 4128 1103 1
1513 1269 1270 4984 1
2424 2426 2425 2423 1
1842 4256 1839 1841 1
1847 1849 1848 1845 1
2171 4256 2946 2424 1
1856 1857 2060 3247 1
1844 1845 1843 1841 1
4256 2171 1837 1839 1
1048 1049 1432 3829 1
1845 1844 1846 1847 1
2415 1854 2097 2416 1
3226 3217 3884 4204 1
2107 4212 2428 2244 1
2427 2426 2555 2558 1
4062 3210 3832 2661 1
3773 3944 4054 3202 1
114 1474 3817 113 1
1839 1838 1840 1841 1
2107 1834 1832 4212 1
1827 1829 1828 1825 1
1573 1122 1123 3803 1
1820 1821 2065 2174 1
1838 1839 1837 1835 1
1833 1835 1836 3762 1
1842 3197 4282 4256 1
1530 112 113 3817 1
1806 1807 1805 1803 1
1831 1830 1832 1833 1
1825 1824 1826 1827 1
3195 4298 1826 2091 1
1823 1824 1825 4272 1
2091 1826 1824 4289 1
1819 4309 1822 1821 1
1822 4309 4289 1824 1
1830 1831 1829 1827 1
1823 4297 1821 1822 1
2430 2431 2429 2173 1
4293 2053 1829 1831 1
1816 4308 2173 1818 1
2558 2616 2559 2427 1
2356 2900 2354 2355 1
1797 1796 4334 1800 1
1819 1821 1820 1817 1
1808 1807 1806 4310 1
1817 1816 1818 1819 1
1768 2441 4364 1769 1
4344 2271 2181 2071 1
1828 1829 2053 3257 1
1422 1114 1115 3848 1
2438 4348 1782 2184 1
4306 1817 1820 2174 1
2173 4308 3742 2430 1
2435 2595 4328 2436 1
1784 1785 2071 2180 1
1564 1112 1113 3851 1
1815 4306 3194 1814 1
1809 4335 1807 1808 1
2644 2498 2499 2645 1
2178 3723 2957 1798 1
1792 1789 1791 1793 1
1801 1800 1802 1803 1
1796 1795 1794 2183 1
4352 3190 4351 2184 1
1798 1795 1797 1799 1
1110 1111 1439 3857 1
1800 1801 1799 1797 1
1799 4316 2178 1798 1
1787 1788 1789 4333 1
1789 1788 1790 1791 1
3729 1765 1767 1770 1
1777 1776 4352 1780 1
1783 4348 1786 1785 1
1787 4339 1785 1786 1
2498 2440 2439 2499 1
3086 3087 3085 2645 1
3088 3089 3087 3086 1
1781 4345 1779 1780 1
1788 1787 1786 4332 1
1793 4326 2179 1792 1
1777 1779 1778 1775 1
1767 1766 1768 1769 1
1783 1785 1784 1781 1
1782 4348 1783 1781 1
1775 1774 1776 1777 1
1762 1763 2073 2185 1
1761 1760 4377 1764 1
2961 4347 4342 4341 1
4345 1781 1784 2180 1
2082 2441 1768 1766 1
2645 2499 3719 3086 1
1757 4371 3185 1756 1
1753 1756 4363 1751 1
1754 1753 1752 2090 1
3190 2101 3717 3719 1
1765 1764 1766 1767 1
1759 4371 1757 1758 1
1755 1757 1756 1753 1
1727 1726 4415 1730 1
1764 1765 1763 1761 1
1761 1763 1762 1759 1
3260 4384 3186 2068 1
1760 1759 1758 2188 1
1748 1749 2052 2969 1
1752 1751 1750 4369 1
3714 3186 4384 2715 1
4393 4430 2100 1738 1
2186 2239 2238 2187 1
4388 2189 1743 1745 1
2453 4410 1732 2194 1
1747 4390 1750 1749 1
1486 1088 1089 3913 1
4371 1759 1762 2185 1
1742 1739 1741 1743 1
1746 1745 1744 2190 1
1748 4388 1745 1747 1
2512 2287 2288 2513 1
3183 4415 1726 2105 1
1733 4410 1736 1735 1
1734 1735 2059 2191 1
4392 4397 1737 1739 1
2447 1746 2190 2448 1
1738 1740 1739 1737 1
2456 4412 2457 2455 1
2061 4418 4425 2196 1
3760 4196 3927 3200 1
1744 1745 1743 1741 1
1742 1743 2189 3266 1
2193 2192 2287 2289 1
2629 4412 2456 2458 1
1729 4404 3180 1728 1
3927 2362 2363 3200 1
2052 4381 3263 3182 1
1738 1737 1736 4393 1
1731 4404 1729 1730 1
1724 4411 2105 1726 1
1727 1729 1728 1725 1
1733 1735 1734 1731 1
1720 1721 2061 2195 1
2567 2229 2566 2878 1
1731 1730 1732 1733 1
4406 4421 2682 2288 1
1725 1724 1726 1727 1
1723 1724 1725 4399 1
2683 2546 2275 2685 1
3180 4404 4419 3706 1
1991 4170 1994 1993 1
1715 4429 3178 1714 1
1719 4431 1722 1721 1
1994 1995 1996 1997 1
3687 4416 1714 3178 1
1997 2062 2140 4061 1
2194 4414 2454 2453 1
1721 1723 4418 2061 1
1993 4061 3212 1992 1
2458 2454 4414 3696 1
1704 4455 1707 1706 1
2989 2988 2650 2990 1
1717 4429 1715 1716 1
1724 1723 1722 4411 1
1713 1715 1714 1710 1
1719 1721 1720 1717 1
1718 4431 1719 1717 1
2336 4434 2338 2337 1
1707 4455 4426 1709 1
1684 1686 4469 2047 1
1697 1698 2074 2199 1
2093 4463 2463 2462 1
1690 4476 1693 1692 1
1702 1701 1703 1704 1
2142 2362 3926 2140 1
1683 1684 2047 3274 1
1706 1708 4437 2041 1
1749 1751 4381 2052 1
3697 3232 4170 2163 1
2337 2338 2339 2883 1
2531 4475 2548 2532 1
1708 1706 1707 1709 1
1067 1068 1496 4068 1
1694 4461 1692 1693 1
1692 4461 3175 1691 1
2711 2363 2292 3692 1
4142 1408 4143 4144 1
1701 4479 2093 1703 1
3009 4504 4488 2204 1
1814 3734 3744 1811 1
3709 4383 4372 3729 1
2334 2531 2532 2881 1
1840 4294 3763 4237 1
4354 3260 2068 1771 1
1696 1698 1697 1694 1
3187 1754 2090 3702 1
2333 2840 2531 2334 1
2548 2688 2687 2532 1
1694 1693 1695 1696 1
2472 2471 2473 2474 1
4507 3015 4519 1666 1
1662 2209 4507 1663 1
2951 4294 4281 2172 1
2204 2222 2223 3009 1
1675 1674 1676 1677 1
3684 3233 3695 2599 1
2007 2006 2004 3656 1
4456 3663 4486 4469 1
4294 2951 4292 3763 1
1872 1869 4194 4148 1
2746 4487 2476 2733 1
3170 4512 4505 3653 1
4386 2185 2187 2344 1
3705 3699 3182 3707 1
3736 3744 3734 2900 1
1684 1683 1682 1685 1
1672 4503 3661 1674 1
2002 2001 2003 2004 1
4480 2202 1679 1680 1
2478 2205 2479 2480 1
4385 3187 4382 2188 1
3252 4295 4279 2555 1
3763 4292 2919 2917 1
1673 1671 1672 1674 1
4320 3254 4322 3754 1
2888 4378 2852 2887 1
1666 4519 1668 1667 1
2489 4530 1646 2212 1
4488 1677 1676 2204 1
1675 1677 1678 3683 1
1667 4493 1665 1666 1
4488 4504 1681 1680 1
2734 4506 2468 2606 1
2734 2606 2829 3352 1
4527 2478 2480 3649 1
1744 1741 4401 2190 1
1642 4544 1639 1641 1
4299 2426 2424 2946 1
4514 2479 2205 4493 1
1664 1665 2205 2478 1
1648 1649 2070 2206 1
2484 2485 2633 2761 1
3674 2881 2532 2687 1
4488 1680 1679 1677 1
3073 2583 2584 3265 1
2209 2224 2225 3015 1
1661 1659 1660 1662 1
4458 4416 3687 2883 1
1661 1663 1664 4489 1
2634 2633 2485 3016 1
2598 2766 2599 2568 1
3718 4386 2344 2346 1
4512 2291 2141 2062 1
1669 1671 1670 1667 1
4297 4304 2065 1821 1
2467 2222 2079 3661 1
2636 2635 2845 2846 1
2162 4159 4198 2391 1
4272 4314 4297 1823 1
2686 3671 4391 1705 1
2291 2537 2290 2141 1
2103 2209 1662 1660 1
3653 2002 2005 3643 1
1653 1652 1654 1655 1
3240 4148 4265 4270 1
2007 3682 2009 2008 1
3378 4945 3377 3376 1
1852 1850 4280 2097 1
4818 4567 3775 1448 1
2900 2356 3735 3736 1
4377 3188 4374 3732 1
3665 4525 2043 4499 1
3263 4407 3707 3182 1
1774 4375 2101 1776 1
1645 4536 1643 1644 1
3261 4361 4365 4359 1
4430 4393 4420 2974 1
2681 3709 3729 1770 1
2492 2491 2490 2494 1
2659 4205 2315 2285 1
3668 3172 2692 2691 1
4661 1461 4868 3340 1
3652 2010 2013 2316 1
2846 2845 2847 2848 1
2224 2209 2103 2486 1
2480 2479 2481 2482 1
3021 3330 2842 2876 1
2006 2007 2008 3642 1
1658 1659 1657 1655 1
4426 4474 2092 1709 1
2078 4574 3628 3171 1
3007 3006 3005 4501 1
1790 3248 4340 1791 1
3188 4377 1760 2188 1
2651 2384 2620 2822 1
1651 4538 1649 1650 1
4253 1858 4223 3239 1
1647 4530 1650 1649 1
3954 128 1471 3953 1
2321 2322 2319 2317 1
3660 1651 1653 1656 1
1408 4142 1043 1044 1
4508 2049 1657 1659 1
2012 4540 2015 2014 1
4339 4344 2071 1785 1
4398 2448 2190 4401 1
4433 4438 3701 3184 1
4387 3708 2971 3716 1
3005 3001 3003 4515 1
4358 4332 4355 2963 1
1641 1640 4546 1644 1
3234 2398 2409 4153 1
3183 2105 4454 3696 1
4462 2269 2525 3679 1
3653 4505 2000 2002 1
2883 2339 3693 4458 1
4631 1610 1611 1614 1
2322 2757 4557 2319 1
2412 2495 4232 3237 1
1651 1650 1652 1653 1
3025 3024 3026 3027 1
3682 4542 2096 2009 1
4379 4376 3262 2443 1
2699 2700 2701 3741 1
4245 2945 4103 4243 1
3214 2418 4287 3748 1
3739 2901 3742 4308 1
4200 4216 3227 4165 1
3262 4375 4364 2441 1
1769 4364 1772 1771 1
3055 4757 2801 2802 1
3752 3196 4177 4222 1
3006 4484 3001 3005 1
3997 5062 4921 3996 1
2013 2012 2014 2127 1
2952 4317 4313 2431 1
1646 4530 1647 1645 1
2223 2222 4506 3651 1
3170 3653 3643 3169 1
194 195 3808 1535 1
4219 4231 3993 4171 1
80 1539 3967 79 1
3596 2874 4551 4571 1
4678 2541 2545 4721 1
4263 2416 2097 4280 1
4305 4307 3251 4299 1
2331 2330 2571 2572 1
4491 3529 2838 2839 1
2496 2915 4020 2280 1
2696 2697 4178 3155 1
4522 3651 4506 2734 1
2428 4212 4301 2502 1
4296 4292 2951 2245 1
1647 1649 1648 1645 1
2326 2325 2330 2331 1
1643 4536 3166 1642 1
3761 4022 3201 4086 1
4470 4482 2990 2650 1
2239 4383 4387 3716 1
2828 2794 2834 3310 1
4633 4759 3123 2637 1
2622 2788 2789 2923 1
3104 3584 3106 3105 1
3908 2170 2357 3747 1
2010 3652 2008 2009 1
3197 1843 4252 3908 1
2950 2948 2949 3035 1
3172 3668 3655 3667 1
2884 2765 4447 3689 1
2379 2268 3942 2773 1
1578 4693 1292 1293 1
2885 2346 2527 4407 1
2081 4217 2408 2398 1
2128 2293 2112 2113 1
4066 3204 2389 2790 1
3747 2357 2359 3759 1
2623 2611 3070 3328 1
1643 1642 1641 1644 1
4439 4447 2522 2460 1
2921 2918 2920 3662 1
3728 3189 4353 2347 1
2019 3554 4554 2016 1
2414 4275 4140 2413 1
3239 4264 4241 4253 1
2437 4331 4337 2596 1
2588 2714 2715 4384 1
4093 1169 1170 4187 1
2876 2842 2720 4533 1
2116 2115 2114 3125 1
2122 2220 4668 2119 1
2367 4104 2523 2368 1
3391 4638 2544 3390 1
4254 2243 4259 2938 1
2586 2230 3484 2795 1
1124 1437 3803 1123 1
2972 4405 4409 4402 1
2529 2635 2636 3707 1
3114 4235 4052 3111 1
1640 1639 1638 2210 1
4580 4844 3362 3768 1
1630 1629 1628 4549 1
4460 2986 4443 2630 1
3063 4569 3060 3062 1
4229 2410 2408 4217 1
2768 3644 3633 2693 1
2553 2910 4002 2277 1
2803 2315 3203 3313 1
3609 3317 3106 3584 1
3820 3817 1474 3821 1
3742 2901 2535 2430 1
2825 2643 3465 3408 1
1122 1573 3807 1121 1
3805 3807 1573 3804 1
4534 3472 4537 3046 1
4932 4940 3424 4955 1
4103 2942 2944 3537 1
3722 2351 2588 4384 1
3711 2533 4396 3303 1
1172 4033 1494 1171 1
2647 2291 4512 3170 1
1541 130 131 4161 1
2720 2719 2488 4533 1
1469 4161 132 133 1
2841 2719 2720 2842 1
4240 4050 4232 2495 1
3774 4211 1186 1187 1
1457 4714 1199 1200 1
2895 2809 2837 4366 1
3810 1458 192 193 1
191 192 1458 3844 1
2516 2514 2515 2517 1
4187 4035 4038 4093 1
3019 3144 3145 4445 1
3597 4544 1642 3166 1
2643 2312 2642 3465 1
2829 2606 4494 4496 1
2794 2816 3666 2834 1
3818 4781 3819 1530 1
4553 3033 4560 4500 1
3221 4284 3219 2675 1
2778 3504 3505 2779 1
3512 4872 4706 4671 1
4240 4768 2927 4050 1
3991 3200 2712 3347 1
2954 4317 2952 2953 1
1634 4590 3609 4547 1
3519 4706 4872 2823 1
3595 3022 2320 3583 1
2743 2742 2120 3350 1
2806 3191 3741 2701 1
2305 2640 2306 2129 1
3678 3680 3679 3677 1
130 1541 3956 129 1
4245 4074 4233 2945 1
2932 3300 3409 4112 1
2271 4344 2679 2576 1
4540 3614 3163 2015 1
3983 2798 2386 2259 1
2833 4273 4270 2789 1
3868 1052 1053 1409 1
2477 4510 2733 2476 1
2912 2911 2913 3157 1
4059 3450 2800 2754 1
2211 3158 2497 1636 1
2827 3302 2886 2717 1
3796 1537 1127 1128 1
3201 2639 4017 4086 1
3202 4063 4081 3773 1
3917 1088 1486 3916 1
2851 3339 3532 3618 1
2032 2033 2030 2031 1
2640 3050 2735 2306 1
4813 3133 4543 3845 1
2915 3506 3965 4020 1
4445 4534 2634 4532 1
2528 4776 2635 2529 1
3891 3890 1529 3892 1
2449 4402 2447 2448 1
4463 4471 2466 2463 1
4405 4408 2970 2893 1
2861 2862 2859 2860 1
3331 3330 3021 4564 1
3135 4885 3499 3407 1
1636 2497 3607 1633 1
4440 3265 2584 4435 1
1094 4126 1569 1093 1
4722 105 106 1438 1
105 4722 1571 104 1
4342 4347 3250 4321 1
2838 3137 2709 2710 1
4561 4564 3021 2876 1
2944 2943 3493 3536 1
3708 3186 3714 2971 1
3219 4284 4286 3220 1
2232 4248 4152 2161 1
1126 1127 1537 3799 1
2721 4762 4434 2336 1
2214 2096 4542 2304 1
4046 2817 3903 3206 1
1114 1422 3851 1113 1
2615 2614 2510 3049 1
1604 1603 1601 4599 1
4203 4226 4118 2104 1
2882 3143 3271 3688 1
4085 3396 3605 4572 1
3545 16 3548 3413 1
4647 4955 3423 1399 1
1129 1130 3792 1453 1
3458 4662 4830 4616 1
3324 3323 2875 3583 1
3061 3062 3060 2519 1
3295 3294 3293 3516 1
2457 4412 2976 2975 1
3406 4114 4082 2799 1
2098 2056 2054 3494 1
1614 1615 1616 4587 1
4677 3578 4695 3067 1
1606 1605 1604 2254 1
3876 124 1470 3877 1
4615 5053 4039 5102 1
2034 3525 3523 2032 1
3102 3103 3101 2706 1
2809 2808 2836 2837 1
3001 4484 2999 3000 1
4646 1577 1301 1302 1
4269 2938 4259 3334 1
2035 2036 2033 2032 1
3807 4689 1433 1121 1
2640 2305 4851 3051 1
3298 2684 3299 3338 1
2030 3547 2028 2029 1
3790 4795 3791 1528 1
4912 4648 4983 5019 1
3022 4566 2318 2320 1
2830 4882 3393 2757 1
3040 3515 4807 4947 1
3637 5083 2831 2539 1
3798 3797 4812 3039 1
2960 4319 2959 2436 1
3376 3377 3375 3374 1
1468 3557 3409 3556 1
1458 4813 3845 3844 1
1243 4618 1576 1242 1
2781 2780 2779 3071 1
3130 3131 2646 2786 1
4484 4591 3002 2999 1
3479 3096 3097 3480 1
2727 4847 4529 4528 1
1526 1046 1047 3829 1
3801 3803 1437 3800 1
2826 4628 2802 2825 1
3366 3448 3083 2785 1
3975 1145 1146 3911 1
1038 3579 1549 1037 1
3088 4376 4379 3089 1
1637 4544 2211 1636 1
2040 4822 4581 1619 1
3281 3280 2775 3748 1
3588 3585 3587 3589 1
2245 4300 3746 4296 1
1503 179 4789 4537 1
1603 4688 3151 1602 1
4816 3143 3636 3783 1
3582 2021 2018 2017 1
3640 4841 4535 2313 1
4413 4417 2973 4403 1
1136 4662 1544 1135 1
2028 2503 2027 2026 1
1553 1176 1177 3654 1
4771 3948 3949 3082 1
1540 4884 3834 3833 1
3164 4586 4825 3157 1
2948 2950 3456 3662 1
3419 5055 3592 2860 1
2597 3147 3146 3038 1
2620 2383 4632 3064 1
3570 5060 3569 1549 1
2577 2386 2798 3980 1
2631 4244 3080 2724 1
3368 5047 4555 4553 1
4936 3563 3562 3561 1
1290 1400 4650 1289 1
3078 4735 2615 3049 1
3350 4778 4796 2743 1
1539 4819 4064 3967 1
3294 4628 2826 3293 1
1605 4688 1603 1604 1
2017 3163 3553 3582 1
1518 4755 3476 4889 1
2506 2504 2505 2507 1
3980 4712 3364 2617 1
3912 4856 4665 3911 1
2038 4920 2039 2036 1
4128 4588 3621 1430 1
4091 4234 4229 4217 1
4713 4620 1246 1247 1
4140 4278 3147 2597 1
3120 3243 3242 3241 1
2109 2221 2111 2110 1
2357 2253 2358 2359 1
3077 4692 3076 2728 1
2054 2038 2037 2055 1
2110 3598 3525 2067 1
2037 2036 2035 3522 1
3157 4825 3756 3755 1
2818 3110 2819 2411 1
1395 4622 4908 5046 1
4803 3050 4595 3473 1
4459 3299 4457 3427 1
2956 4329 2954 2953 1
4362 4370 3724 3248 1
3594 2739 2854 3551 1
3992 4868 1461 1204 1
3891 5118 3894 3890 1
3627 5078 3809 1535 1
4733 1547 4921 3328 1
3047 4800 4307 2530 1
3990 1179 1180 3871 1
1151 1442 3540 1150 1
3821 4653 3066 3820 1
3495 1598 1595 1593 1
2897 4763 2703 2896 1
3512 4905 3510 3511 1
3079 4873 2714 2587 1
2220 2122 2217 2283 1
1431 4750 78 79 1
1499 5008 3449 4798 1
3020 4795 2748 2749 1
1581 4685 1307 1308 1
2124 2125 2099 2123 1
4248 4255 2935 2933 1
2730 2535 2901 2902 1
1627 2042 3601 1626 1
3279 4274 2833 2832 1
4069 4957 4068 1496 1
1602 1599 1601 1603 1
156 157 3968 1455 1
2709 2538 2648 2710 1
1084 1424 3562 1083 1
3865 4811 3443 3243 1
4611 4891 4612 1398 1
3883 3881 2908 2803 1
4537 4789 3382 3046 1
3774 1187 1448 3775 1
3904 5028 1462 1208 1
3836 5005 3835 3834 1
4730 5080 3351 1594 1
2621 4856 2788 2622 1
4036 4037 4035 4034 1
2737 3308 2813 2736 1
2227 2309 2579 2672 1
2216 2217 2122 2121 1
4311 4986 3066 2355 1
1472 3827 3828 110 1
3854 1439 1111 1112 1
4756 3453 4601 1404 1
4715 1428 4894 3726 1
4572 2705 3108 4085 1
3124 3363 2867 2732 1
3615 3378 3376 4659 1
3925 1140 1141 1483 1
4101 4910 4710 1563 1
3777 3778 3776 3775 1
2534 2729 3802 2536 1
3919 1090 1091 1416 1
2795 2850 2796 2793 1
185 3866 1525 184 1
3544 1222 1509 4596 1
87 4865 1482 86 1
4138 85 86 1482 1
3951 4780 3082 3949 1
3414 3415 2814 2813 1
2778 2779 2328 2327 1
3489 4821 3321 4820 1
3550 2511 2507 2505 1
1514 1265 1266 4968 1
3546 2123 2126 3578 1
2884 2984 2870 2765 1
2804 4843 2805 2701 1
3462 5059 3373 3071 1
1452 4830 4662 1137 1
2293 2722 3598 2112 1
4112 3409 3557 3070 1
4587 1711 4810 4697 1
3998 4703 1435 71 1
2113 2305 2129 2128 1
1263 1264 1514 4970 1
1515 1261 1262 4970 1
1511 3356 3357 4914 1
3121 2746 2733 3122 1
1424 3560 3561 3562 1
3700 3531 4956 1501 1
2993 4483 2989 2991 1
3971 2721 4424 2977 1
2547 3065 4473 2987 1
3315 3316 3105 3106 1
4892 1055 1556 3518 1
1412 4825 4586 46 1
5006 3142 4818 3782 1
3311 4601 3453 3452 1
3403 4850 3078 3049 1
2381 2773 3924 2383 1
1522 163 3783 3636 1
3143 4816 3387 3271 1
2254 1604 4599 3490 1
4427 2465 2466 4428 1
1537 3796 3797 3798 1
2128 2129 3513 2294 1
3369 5038 4121 2870 1
2815 5118 3893 2526 1
3477 4746 2218 2121 1
2518 3555 2844 2590 1
2323 2539 2322 2321 1
2981 2521 2982 2985 1
3846 4841 4645 1523 1
3042 3045 3043 3041 1
196 4918 1460 195 1
103 4132 1434 102 1
3858 5011 1565 3857 1
3123 4951 3469 3048 1
2323 4720 3637 2539 1
3458 4616 3662 3456 1
2800 3449 3349 2753 1
1139 1546 3920 1138 1
1493 4565 1184 1185 1
3280 4817 3282 2774 1
3341 4946 3486 3043 1
4606 4932 4646 1475 1
2392 2391 2393 2394 1
4605 4834 3438 4099 1
1426 5020 4014 66 1
1178 1485 3654 1177 1
2861 2864 2863 2862 1
3616 5112 1557 3532 1
4264 4728 3245 4241 1
5089 4804 1488 3964 1
4286 4284 2704 3344 1
3031 4560 3033 3032 1
2872 4436 2848 2847 1
2725 4055 4032 2375 1
1236 1398 4619 1235 1
2219 4688 1608 1610 1
3483 5072 4827 4859 1
3535 4867 3296 3297 1
2850 2795 3421 3422 1
1525 3866 4694 3460 1
3041 3040 2609 3042 1
1075 1418 4526 1074 1
2713 3290 3862 2303 1
2295 2722 2293 2294 1
3727 4715 3726 2970 1
3621 4594 3620 3619 1
4836 3392 3495 3314 1
1561 4707 1086 1087 1
3014 3013 3012 3635 1
2299 2220 2283 2608 1
4746 4628 4726 2218 1
3454 1455 3968 3969 1
2230 2125 2124 3484 1
2823 3591 2793 2796 1
3072 2781 3071 3373 1
4577 1161 1162 1547 1
4637 22 23 4019 1
3700 4518 3265 4436 1
4267 4139 2724 3371 1
1587 4684 1309 1310 1
3864 4690 3863 1450 1
2678 4708 2557 2677 1
4854 3721 4725 3878 1
3907 5018 3381 4814 1
3314 1590 4584 4895 1
1447 169 170 3779 1
3585 3588 200 201 1
4944 1480 3897 3304 1
4880 3560 4707 1561 1
3905 4703 3138 2731 1
2821 4608 2591 2820 1
4711 5072 3483 3482 1
2840 2333 4462 3681 1
4483 2993 3836 4428 1
4108 3529 4491 1420 1
4373 2815 2345 2260 1
4904 3155 4565 1493 1
1103 4128 1430 1102 1
3792 1528 3791 3793 1
4782 4937 3222 3549 1
3626 4660 4573 2856 1
2869 4727 3318 2764 1
3841 4759 3843 3842 1
4959 2703 4763 3849 1
4790 3498 4920 2056 1
4329 2956 3795 2749 1
2573 4653 2698 2574 1
1594 1592 1593 1595 1
3014 3635 4529 3517 1
1592 4926 1589 1590 1
4070 118 119 1451 1
4072 117 118 4070 1
3730 3161 3087 3089 1
1212 1213 1446 3860 1
3964 1488 1191 1192 1
1490 4805 3501 3558 1
3887 3889 4319 2960 1
153 4691 1492 152 1
3460 4694 4517 3029 1
1583 1224 1225 3429 1
2899 3724 4370 4356 1
3394 5092 3360 3359 1
3536 4766 3538 3537 1
4659 3374 4857 1576 1
2844 5107 3566 2590 1
3970 4762 3969 1538 1
4930 3751 4718 1567 1
3965 3506 3966 3326 1
4633 2358 2253 4158 1
1398 4612 3491 4619 1
3066 4653 2573 2355 1
3904 1527 4704 3645 1
2973 4417 3420 2791 1
3044 3041 3043 3486 1
3045 3042 3397 3398 1
4303 2747 2265 2263 1
3389 5041 4010 2836 1
3623 4802 3132 3624 1
1533 4009 121 122 1
4269 4723 3343 2938 1
4825 1412 5017 3756 1
4023 2758 3199 4024 1
5090 3365 4907 4060 1
2272 2763 2348 2347 1
4288 3220 4286 3344 1
3424 5068 3297 3423 1
4823 3730 4588 1570 1
3515 4674 1580 4807 1
51 4664 3989 50 1
1076 4095 1418 1075 1
4859 1174 1444 3483 1
172 173 1489 3780 1
3465 2642 3162 3466 1
4829 3353 4641 1060 1
2934 3407 3527 2671 1
3301 4743 3300 2937 1
1435 4137 70 71 1
3090 3091 2751 2752 1
4868 3992 5051 3370 1
4195 3246 4935 3977 1
2582 2581 2621 2622 1
2048 3554 2019 2020 1
3861 4709 4741 3862 1
1085 4707 1424 1084 1
1062 4717 1491 1061 1
4118 4615 2310 2226 1
3111 3112 3113 3114 1
4592 4995 3367 3062 1
4182 4804 3110 2818 1
4598 4949 4693 1578 1
3781 3122 4511 3286 1
4133 4775 1434 4132 1
4295 4996 3521 4279 1
3346 3345 2711 3692 1
1600 1599 1598 2732 1
3874 3164 2913 4055 1
1120 1121 1433 3888 1
3914 4655 3916 1486 1
3351 4926 1592 1594 1
3095 5037 2786 2619 1
2864 4681 5039 2863 1
2421 4264 2419 2420 1
2700 4315 2804 2701 1
3960 3961 188 189 1
5117 4874 3912 1484 1
1200 1201 4190 1457 1
4776 4976 2873 2635 1
4085 5065 1432 3396 1
4343 2763 2272 2270 1
4653 3821 4881 3372 1
1206 4832 1551 1205 1
3918 5073 4880 1561 1
76 1558 3882 75 1
4714 3386 4939 1198 1
4903 4704 1527 3859 1
3514 4946 3341 3474 1
3896 142 143 1467 1
3485 3397 3042 2609 1
1460 4918 4767 4660 1
2816 3463 3464 3666 1
2975 4655 2980 2978 1
5108 3430 4919 1411 1
1059 4641 1410 1058 1
3550 3612 3109 2511 1
45 46 4586 4079 1
2604 3433 3412 3496 1
5052 4698 3534 3422 1
4860 3612 2039 4920 1
3793 3791 3020 3795 1
1482 4865 4692 4018 1
4692 4865 3426 3076 1
2782 2762 3069 3385 1
3100 5098 3814 4740 1
5109 3359 4926 3351 1
4302 3035 3746 4300 1
2641 3618 3619 3620 1
1576 4857 4602 1242 1
3824 3823 3819 3825 1
3565 4775 3048 3469 1
4604 2023 2021 3582 1
3893 4776 2528 2526 1
1203 1204 1461 4089 1
3530 2847 4389 1467 1
85 4138 1562 84 1
1525 5018 3907 184 1
1183 4565 3830 1182 1
3053 3006 3007 3054 1
3557 4577 4733 3070 1
3806 4870 4689 3805 1
4164 4093 4038 4040 1
4780 3951 5009 2575 1
3873 4673 3872 1447 1
2548 4475 3285 2688 1
5011 3425 4760 1565 1
3329 2746 3121 3384 1
3981 4712 3980 2798 1
4036 5102 4039 4037 1
2811 2835 3784 2853 1
3873 4809 3285 4475 1
1239 4610 1574 1238 1
3564 3563 4751 2983 1
3847 3848 1116 1117 1
4122 1092 1093 1569 1
4105 5024 4823 1570 1
2393 2601 4635 2394 1
3523 3522 2035 2032 1
3052 4657 2730 2902 1
3933 4696 3932 2759 1
2551 4741 2619 2552 1
3073 3342 3306 2583 1
4650 4738 3432 1579 1
2669 4794 5053 4186 1
3292 3293 2826 2825 1
4015 4919 3305 4717 1
3570 3579 4869 3571 1
3851 3850 3852 1564 1
4356 5104 3036 2899 1
3507 4833 3509 3508 1
1054 4892 1409 1053 1
2644 3322 4349 2498 1
4753 4757 3125 3526 1
3513 2129 3572 3416 1
1041 1572 4135 1040 1
3861 5050 3860 1446 1
1626 3601 3602 3603 1
3318 4448 4432 2764 1
2916 2671 2668 3993 1
3008 3520 3312 2616 1
4004 4003 2910 2824 1
2311 2254 3490 5032 1
3856 3855 4769 2965 1
4123 4864 4122 1569 1
36 4852 1413 35 1
35 1413 4090 34 1
3326 2639 2638 3965 1
3681 5071 4673 5074 1
3947 4712 3981 4080 1
3593 5091 1495 25 1
3866 185 186 1459 1
4664 51 52 1406 1
4459 4691 3338 3299 1
4535 2325 2257 2313 1
4039 5053 4794 4037 1
3392 5049 3543 3124 1
67 4718 1426 66 1
2791 2787 2603 2973 1
4120 4727 4121 1568 1
3385 4821 3489 2782 1
4705 4115 3406 3405 1
3413 3433 5057 3545 1
4899 31 1436 3508 1
3982 5030 3981 2798 1
1413 4852 4652 4570 1
4889 3395 5093 4654 1
4786 3603 3094 3459 1
1545 1149 1150 3540 1
4015 4717 1063 1064 1
1425 4705 3405 4896 1
3843 4759 4158 2307 1
3313 3203 3769 3770 1
77 78 4750 1558 1
1466 4772 1168 1169 1
1167 4772 1552 1166 1
202 4900 1402 201 1
26 4788 3593 25 1
3412 3068 3056 3496 1
4652 4852 3436 3057 1
4676 1148 1149 1545 1
1078 4120 1568 1077 1
3887 3885 3888 3889 1
5114 3767 4910 1415 1
1567 4718 68 69 1
1069 1070 4605 4099 1
3802 5120 3039 2536 1
4904 3839 5096 3134 1
4003 4703 3905 2910 1
3857 1439 3856 3858 1
4623 1575 1297 1298 1
3036 4763 2897 2899 1
30 4899 1560 29 1
4702 3152 4820 2600 1
4130 1057 1058 1410 1
4750 4927 3880 1558 1
3438 4834 4468 2994 1
4962 4769 3855 3853 1
4157 4937 3843 2307 1
3437 4069 1496 4099 1
2579 4711 2673 2672 1
3160 4081 4063 4064 1
3975 3911 4665 3976 1
4080 53 54 3947 1
3830 4925 1445 1182 1
1044 1045 3815 1408 1
5035 4812 3797 3794 1
4667 4891 1574 4610 1
3559 5084 1490 3558 1
3437 3438 2994 2995 1
11 12 3510 4905 1
4522 3352 4513 3054 1
3903 4710 3766 3206 1
3379 3380 2878 2927 1
1593 1592 1590 3314 1
3859 1527 1210 1211 1
3526 3125 3502 1607 1
3380 4661 4180 2878 1
2831 3319 2830 2539 1
3107 3103 4737 4145 1
2808 4843 3389 2836 1
4079 4586 3164 3874 1
4932 4955 1577 4646 1
3411 5007 5063 4796 1
144 4765 1467 143 1
3808 4660 3627 1535 1
3173 3648 3647 3646 1
1532 4797 1082 1083 1
2294 2329 2327 2295 1
3558 4104 4683 3559 1
1585 4875 4669 1228 1
3447 5052 3422 3421 1
3904 1208 1209 1527 1
3646 2768 2767 3173 1
3989 4664 3987 3988 1
2748 2501 2502 2749 1
2571 3133 2738 2572 1
1101 4815 1557 1100 1
3815 4933 4145 1408 1
1427 4687 74 75 1
3638 3632 3639 3640 1
3542 5036 1097 4917 1
3881 3883 3882 1558 1
3989 5008 1499 50 1
3033 4553 4555 3381 1
4869 1407 4995 4592 1
4923 4922 1276 1277 1
1511 4923 1277 1278 1
1591 4926 3359 3358 1
93 4805 1490 92 1
3480 3481 1553 3479 1
3627 4660 3626 2740 1
1506 4979 1305 1306 1
4121 4727 2869 2870 1
3639 5042 3961 3960 1
3959 5013 3958 3957 1
2984 4842 3369 2870 1
4931 4034 4827 5072 1
3002 4961 2997 2999 1
4255 4173 4266 3136 1
4003 5056 4137 1435 1
2296 2216 4867 3535 1
5071 3680 4792 1521 1
3617 3618 3532 1557 1
4731 3147 4278 3442 1
3854 3853 3855 1439 1
3955 3956 3957 3958 1
3427 4981 1492 4459 1
3377 4945 3546 3578 1
3440 4990 1410 4496 1
1050 4791 4084 1049 1
3289 2713 3165 3644 1
3976 4665 2871 4195 1
34 4090 1543 33 1
1423 4174 96 97 1
1533 4725 4010 4009 1
3435 4928 3434 2792 1
1107 4760 1417 1106 1
4877 3987 4664 1406 1
3886 4888 1497 3885 1
3383 4909 3279 2832 1
4072 5015 1550 117 1
3348 4974 5012 3395 1
152 1492 4088 151 1
3381 5018 3032 3033 1
4624 5046 3466 1578 1
1563 4710 3431 4960 1
1275 4922 4913 1274 1
83 4752 1429 82 1
5004 3387 4816 1454 1
4832 1206 1207 1462 1
1155 4838 1536 1154 1
3400 4990 3013 3014 1
4048 4656 1469 4047 1
3590 3593 3325 3324 1
3585 201 1402 3586 1
4886 4694 3866 1459 1
3497 3498 2744 3496 1
3367 5070 3126 3062 1
1485 4975 4784 3654 1
3540 3493 3606 4909 1
1157 4845 1465 1156 1
3413 4793 3068 3412 1
4632 3922 4855 3064 1
60 4119 1419 59 1
4591 5108 4067 4957 1
3050 2640 3051 4595 1
42 4844 4580 41 1
3054 4513 3305 3053 1
2853 3636 3143 2882 1
1159 4938 1548 1158 1
4072 4837 4315 5015 1
3959 3957 4640 3079 1
2872 3531 3700 4436 1
3730 3089 4594 4588 1
1464 4885 3997 3996 1
1499 4798 49 50 1
4830 1452 5043 3402 1
1524 1051 1052 3868 1
4319 4870 2962 2959 1
4684 1581 1308 1309 1
3467 4807 1580 1031 1
3132 4802 3455 3130 1
166 167 4792 3837 1
4036 4034 4931 4172 1
32 4774 1436 31 1
3404 4987 3345 3346 1
2592 2820 2591 2511 1
3541 4928 3435 4901 1
4708 3826 5014 2556 1
1450 4811 3865 3864 1
4686 4427 4428 3836 1
3335 4723 4269 3334 1
2350 5013 3959 2587 1
4124 4126 4715 3727 1
4090 1413 4570 3347 1
4010 4725 3075 2836 1
2353 4311 2355 2354 1
2950 4268 3457 3456 1
1416 4864 4603 3919 1
4734 134 135 1480 1
1590 1589 1516 4584 1
1476 4895 1286 1287 1
4047 4734 3307 5000 1
4755 1518 1231 1232 1
2273 3546 4945 3447 1
4641 3353 4496 1410 1
4089 1461 4661 3380 1
3220 4288 3549 3222 1
1517 1251 4671 4706 1
3907 4814 183 184 1
4655 2975 2976 3916 1
2843 2785 3083 3410 1
3361 5048 3874 4055 1
4784 3096 3479 3654 1
1447 3779 4809 3873 1
3050 4803 4582 2735 1
3476 2813 3308 4889 1
150 4764 1443 149 1
4636 5022 3410 3083 1
3339 4902 3616 3532 1
4841 3846 5027 2810 1
3495 3392 2732 1598 1
3256 5111 4754 3827 1
1581 4684 4675 4848 1
58 4876 1555 57 1
4747 3121 3122 3781 1
3785 4929 3784 2835 1
2309 4172 2618 2579 1
4645 3640 3639 3960 1
4795 3790 4989 2750 1
3109 5061 2592 2511 1
1442 3536 3493 3540 1
1396 5059 3462 4610 1
3463 5025 1477 4824 1
3516 4623 1399 3423 1
3950 3954 3953 3952 1
4969 4971 1515 4970 1
3036 5104 3852 3850 1
3808 195 1460 4660 1
4647 1399 1299 1300 1
1056 4783 1556 1055 1
4596 1509 4595 3051 1
1544 4662 3458 3456 1
4933 5098 3107 4145 1
3380 4982 1554 4089 1
3136 5062 3997 4885 1
4946 4979 1506 4997 1
4138 1482 4018 3327 1
4408 4405 2972 2451 1
1588 3355 6 1283 1
1283 1284 1516 1588 1
12 13 1584 3510 1
1566 4879 4696 4119 1
3850 3849 4763 3036 1
3784 1522 3636 2853 1
3527 3528 2670 2671 1
3513 4993 2329 2294 1
4823 5024 3161 3730 1
3924 3922 4632 2383 1
3109 3612 4860 3497 1
3129 4952 4328 2595 1
2797 5060 3570 3571 1
1473 1133 4861 4268 1
5007 5022 2772 3566 1
3834 4884 4686 3836 1
48 4798 4106 47 1
3323 4980 4491 2839 1
3466 3162 4598 1578 1
176 4866 1449 175 1
1249 4977 4644 1248 1
1517 4977 1250 1251 1
4765 3531 3530 1467 1
2891 3441 4378 2888 1
3384 4700 5105 3329 1
3897 3898 3712 3304 1
4983 4984 1512 5019 1
3971 2977 3454 3969 1
4913 4922 4915 5019 1
5029 3394 5109 5080 1
1511 4914 4915 4923 1
4880 5073 3287 3560 1
1587 1310 5 1029 1
3290 5050 3861 3862 1
4713 5100 3534 4620 1
4635 5096 3778 5034 1
1473 5026 3789 3788 1
3382 4828 5047 3368 1
4740 5065 3108 3100 1
4119 4696 3933 5088 1
4770 5103 3713 3712 1
3886 3885 3887 4952 1
2716 5000 2827 2717 1
1502 4731 3442 5003 1
4234 5034 3777 2928 1
2311 2718 2642 2312 1
3073 3265 4518 3342 1
1519 19 20 3575 1
3562 3563 1532 1083 1
4526 3439 5021 1074 1
1175 5086 1444 1174 1
4788 4980 3325 3593 1
3147 4731 3386 3146 1
3869 3868 3870 2841 1
4848 4997 4685 1581 1
147 148 4839 1501 1
1218 4999 4824 1217 1
4948 3321 4821 1507 1
3390 5039 4681 3391 1
4815 4998 3617 1557 1
4271 3610 3080 4244 1
3008 4279 3521 3520 1
3535 5068 3399 2296 1
5106 4125 4124 3727 1
4670 1254 1 11 1
173 174 4934 1489 1
3342 4672 5023 3306 1
3401 5043 3920 1546 1
2707 2708 3081 3082 1
4 1227 4669 1226 1
4543 3133 2571 2330 1
5085 3514 3474 1475 1
3721 4854 5044 4367 1
3882 4897 1427 75 1
1586 4905 3512 4671 1
1431 5113 4927 4750 1
1134 5054 4861 1133 1
1034 5033 4801 1033 1
1401 5033 1035 1036 1
3538 4890 5095 3539 1
1575 4622 1296 1297 1
1503 5058 178 179 1
177 5058 4866 176 1
4806 3418 5001 1505 1
5078 2738 3133 3809 1
4964 4144 4143 3316 1
4850 3403 3575 1414 1
3355 3357 3356 1282 1
4951 3123 4759 3841 1
4983 4648 4967 5110 1
3338 4779 4965 3298 1
3432 3124 3543 1579 1
3101 5098 3100 2706 1
1432 1049 4084 3396 1
4809 3779 5010 3286 1
4133 4132 4996 4295 1
4752 83 84 1562 1
4648 3360 4649 4967 1
4802 3623 5025 2868 1
4774 32 33 1543 1
3052 2902 4941 3806 1
5059 4602 4857 3373 1
3474 3398 4606 1475 1
4876 58 59 1419 1
4916 1166 1552 3499 1
3391 4758 5069 4638 1
4735 3078 5083 3637 1
3431 3057 3436 4960 1
4900 3445 4729 1402 1
5110 4967 4973 4968 1
4966 1562 4138 3327 1
4845 1157 1158 1548 1
4764 150 151 4088 1
1197 1198 4939 1502 1
4743 3301 5067 3611 1
4903 3859 5050 3290 1
4783 1056 1057 4130 1
5068 3424 4940 3399 1
4656 4048 4873 3079 1
4679 3357 3355 1588 1
4863 3785 3786 1463 1
3524 4978 4585 3522 1
9 4971 4625 208 1
1279 1280 3356 1511 1
4858 3624 5037 3095 1
3405 3076 3426 4896 1
4978 4658 3284 4585 1
4987 1543 4090 3347 1
182 183 4814 1456 1
3496 3056 5061 3497 1
5086 1176 1553 3481 1
2729 4657 4953 3802 1
2821 2820 4942 3576 1
4973 4967 4649 4969 1
2421 2420 4954 3940 1
3565 3469 4991 101 1
4974 4582 4803 1583 1
38 1563 4960 37 1
3437 2995 4961 4069 1
4513 3352 4963 1491 1
3403 3049 4853 3574 1
100 101 4991 1498 1
3889 4689 4870 4319 1
5077 4690 3864 3116 1
3498 3497 4860 4920 1
5069 4758 3586 3140 1
5115 3896 1467 4389 1
5074 4673 3873 4475 1
5076 3858 3856 2965 1
1165 1166 4916 1464 1
4938 1159 1160 1468 1
3621 3619 4998 1430 1
4965 4779 1455 3454 1
3556 1548 4938 1468 1
4980 4788 1420 4491 1
5084 91 92 1490 1
1480 135 136 3897 1
5010 3780 3781 3286 1
1073 1074 5021 1540 1
5112 1099 1100 1557 1
4613 3476 4755 1232 1
4969 4649 4625 4971 1
4999 1218 1219 1404 1
5054 1134 1135 1544 1
5047 4828 1456 4555 1
1255 1256 4972 4971 1
4971 4972 5099 1515 1
4977 1517 4593 4644 1
4997 4848 3486 4946 1
5119 3371 3610 1465 1
4637 3319 5079 1414 1
4912 4914 3358 4648 1
1591 3358 4679 1588 1
4125 4736 5116 4123 1
3453 3544 4596 3452 1
5372 6114 6005 6006 1
6843 6903 6004 6302 1
5634 5915 6317 6316 1
6046 6449 5735 6975 1
6912 6082 6967 5375 1
6348 6349 6510 5937 1
6376 5944 6316 6317 1
5981 6737 5377 6671 1
6028 6986 5133 6626 1
5903 5339 5341 6297 1
6056 6951 5243 6506 1
6498 5642 6520 6100 1
5372 5283 5285 6206 1
5991 6416 6329 6674 1
6656 6655 7060 6009 1
6488 6659 6643 5961 1
6481 6185 6749 5172 1
6924 6460 6459 5993 1
6013 6758 6332 6456 1
6528 5770 6827 6491 1
5739 5858 6056 6506 1
6399 6102 6545 5169 1
255 256 5176 6420 1
6781 5940 6922 6403 1
6924 5787 6590 6460 1
6654 6658 7121 6001 1
6833 5170 7071 6284 1
6555 6867 5934 6455 1
6525 5325 6724 6474 1
6253 5330 5331 6250 1
6882 6388 5651 5653 1
5408 6148 6147 5395 1
6475 5906 7055 6117 1
6941 5936 5937 6510 1
384 6400 5169 383 1
5982 6224 5762 5761 1
6950 5191 6660 6513 1
6150 5884 5710 6149 1
5699 6449 6046 5784 1
288 6427 5189 287 1
5585 6484 5825 5587 1
6762 6672 6671 5377 1
5667 5363 6448 6107 1
5145 6587 312 313 1
6829 6236 6238 6241 1
6624 5178 7055 6120 1
6514 6337 6336 6830 1
5360 6718 6467 6437 1
5394 6406 5258 5257 1
5430 6482 6535 5429 1
6605 6139 7078 5924 1
6955 5653 6917 6115 1
6561 6286 6961 5121 1
6249 6333 6334 6252 1
1263 1262 5209 6395 1
5139 6135 6030 6641 1
6850 5877 7152 6750 1
6712 6413 7139 6088 1
6575 6863 6556 5214 1
6575 6807 6320 6863 1
6606 5153 6864 6106 1
6064 5866 6789 6568 1
6880 5573 6157 6593 1
5408 5564 7108 6148 1
5925 6551 7030 5756 1
6566 6349 6899 5213 1
6841 6502 6361 6364 1
6422 6421 6246 6930 1
6068 7016 5203 6401 1
6051 5227 5162 6344 1
6913 6303 6944 6518 1
5330 6253 7081 6254 1
6653 5143 6989 6215 1
7128 6458 5287 5382 1
6235 5900 5899 6585 1
5152 6395 6396 6394 1
5772 5690 5687 6451 1
6489 5186 6659 6488 1
6289 6290 6266 6272 1
6360 6361 6502 6362 1
6053 7090 6509 6346 1
5379 6814 6232 6432 1
6143 6688 7015 6505 1
6911 6081 6623 6838 1
5133 6600 264 265 1
6043 7005 6967 6082 1
5986 6358 6359 6826 1
5130 6445 6162 6164 1
5218 6729 6921 6142 1
5465 5556 6537 6202 1
7001 5223 6739 6097 1
5303 6376 6317 7161 1
6245 6709 5154 6930 1
6368 7029 6452 5575 1
6349 6566 5149 6510 1
5198 6235 6585 6154 1
5783 6121 5702 5700 1
7038 6210 6851 5874 1
6959 6699 6995 5988 1
5334 6248 6333 6249 1
5396 5473 5993 6459 1
6734 5217 6852 6700 1
6243 6241 6238 6240 1
5259 5255 5253 6322 1
6132 7157 6029 5828 1
6948 5986 6826 6067 1
5166 6131 5995 6859 1
6789 5866 6882 6086 1
5832 6230 6499 6090 1
5529 5546 6450 6735 1
5668 6339 5588 5587 1
6545 6138 5122 6740 1
6137 7064 6871 6205 1
6817 6540 7117 6113 1
5906 6475 5999 6430 1
6724 6679 6473 6474 1
5809 6417 5536 5535 1
6441 6136 6520 6085 1
5203 6359 1374 1373 1
6352 5670 5252 6809 1
6526 6883 6192 6937 1
6331 5304 5305 6330 1
5918 6542 6787 5868 1
5164 6443 6972 6118 1
5900 6235 6236 6242 1
6692 6706 6461 5645 1
6319 6073 6914 6559 1
6857 5426 7068 6299 1
6310 6306 6305 6326 1
6440 7008 6226 6227 1
6557 6164 6165 6255 1
6429 5964 5822 6428 1
6155 6977 5873 7042 1
6181 6481 5172 6610 1
6563 6722 6124 6766 1
6547 6144 7021 5697 1
5510 6370 5263 5266 1
6613 6357 7013 5857 1
5282 6307 6305 5280 1
5402 5869 7019 6127 1
5835 6118 6972 6806 1
5814 5636 5638 6387 1
6973 5134 6876 6141 1
6020 5960 7068 6312 1
5402 6127 5313 5316 1
6436 6385 6382 6386 1
5960 6298 6299 7068 1
273 274 5183 6539 1
5899 6071 7012 6585 1
6096 5860 5669 6360 1
5915 6517 7082 6318 1
6985 6803 6591 6152 1
5410 6262 7026 5564 1
6140 5167 6373 7062 1
6239 6238 6236 6237 1
6587 5145 6834 6229 1
6109 5332 5329 6525 1
5332 6109 6524 7158 1
6477 6008 6747 6736 1
5922 7014 6437 6467 1
6511 5356 7014 6110 1
6704 5568 6938 6195 1
5623 5491 5468 6369 1
6595 6796 5807 6918 1
5895 5884 6150 6371 1
6503 6207 5871 5913 1
6532 5601 7025 6204 1
6759 1393 1392 5199 1
6237 5198 1369 1368 1
6906 6203 7007 5374 1
6901 6652 6836 6425 1
6983 6344 1389 5202 1
6540 6817 6231 6200 1
5964 6429 6521 7154 1
5164 6118 5962 6697 1
5289 6337 6514 5579 1
6549 6342 6996 5211 1
6333 5904 7119 6335 1
5668 6039 7023 6339 1
6633 6634 7002 6054 1
5162 5227 7163 5226 1
6746 5519 7044 6552 1
5285 6458 5926 6206 1
6099 6226 5754 5851 1
1381 6831 7145 1382 1
5356 6511 5351 5353 1
7167 6134 6635 5188 1
5298 5299 5304 6332 1
6223 5780 7023 6599 1
6203 6066 7042 7007 1
6487 5543 5405 6486 1
5253 6321 7087 6322 1
6531 6685 5765 5740 1
6911 6191 7126 6662 1
5888 6209 6210 7038 1
6772 5953 6870 6519 1
5199 5226 7163 6404 1
6313 5503 5477 5478 1
6671 5943 5944 5981 1
6897 5181 7112 6146 1
6670 5301 6872 6721 1
5981 5944 6376 6984 1
6797 5925 5756 5758 1
5457 6293 5456 5454 1
7124 6524 5923 6454 1
6489 6488 5919 6223 1
6964 5223 1256 1255 1
6921 1311 1312 5222 1
6895 6292 6611 6612 1
6787 7047 5719 5868 1
5819 6468 6147 5830 1
6053 6346 5752 5864 1
5378 5474 5476 5475 1
6917 5670 6898 6115 1
5623 5810 5893 5809 1
5168 6123 6125 6910 1
5902 6135 6901 6076 1
6298 5960 5858 5765 1
6151 6149 5605 5707 1
6025 5788 5672 5790 1
6392 6391 5870 6070 1
6394 6393 6483 5152 1
5485 6263 5461 5459 1
7111 6289 6275 6512 1
6493 6300 6903 5151 1
5822 5706 5705 6428 1
6201 6777 5619 6540 1
5653 6955 6086 6882 1
6648 6228 6048 5996 1
6134 5931 5760 5946 1
5310 5380 6674 6329 1
6310 6326 7088 6564 1
5722 6256 6319 6257 1
5454 5453 5451 5452 1
5895 5782 5710 5884 1
6313 5568 5566 5503 1
6557 6255 7151 5177 1
6205 5880 6136 6137 1
5310 5312 6052 5380 1
5381 6336 5292 5294 1
5809 5535 5491 5623 1
6580 5594 6581 6247 1
1265 1264 5152 6483 1
6307 5282 5283 5372 1
6002 6320 5816 5817 1
6371 6408 6120 5895 1
6294 5521 5468 5467 1
6009 5856 5772 5916 1
5616 6256 5722 5562 1
5453 6457 6295 5451 1
6980 6840 5228 5230 1
6272 6266 6264 6265 1
6158 6159 6162 6160 1
5580 5581 5583 5582 1
5931 5757 5613 5760 1
6345 5798 5796 5943 1
5705 5644 5643 6383 1
5382 5579 5581 5580 1
5931 6134 7167 6128 1
6355 5322 7013 6357 1
6124 6476 5635 5867 1
6157 5440 5442 5625 1
5831 5934 6867 6304 1
5669 5844 6361 6360 1
6343 6953 5950 6663 1
5872 5871 6207 6035 1
5982 5852 6139 6106 1
7110 5235 5263 6370 1
5404 5403 6486 5405 1
5494 5496 5499 6462 1
7110 6530 5234 5235 1
6674 5380 6052 6435 1
5645 6461 5501 5593 1
5237 5239 5240 5238 1
5531 5533 5750 6418 1
5691 5690 5772 5735 1
6410 5575 5506 5505 1
5833 5832 6090 6089 1
6010 6232 5801 5799 1
5253 5249 5247 6321 1
6383 6384 6428 5705 1
5216 6311 5157 6603 1
6039 5860 6096 6040 1
5287 5289 5579 5382 1
5880 6205 5973 5878 1
5700 5699 5784 5783 1
5483 5511 5826 5711 1
5280 6305 5370 5278 1
6700 5994 6739 6734 1
5887 6846 6019 6518 1
6591 5201 6889 6554 1
6029 5901 5829 5828 1
5780 6223 5919 5834 1
5769 5663 5780 5834 1
5747 5746 5891 5870 1
6293 5457 5459 5461 1
6886 6638 7093 6221 1
5427 5429 7089 6501 1
5510 5300 5758 5756 1
5667 6107 6057 7020 1
6100 5826 5511 6498 1
5673 5852 5982 5761 1
5232 5233 5235 5234 1
6411 5205 7139 6413 1
6381 5594 6580 7099 1
6289 6272 6273 6275 1
6835 5326 6861 6126 1
7087 6321 5911 6477 1
5344 6295 6457 6296 1
6215 6513 6660 6653 1
5440 6157 5573 5438 1
6912 5390 6974 6351 1
6449 5699 5695 5693 1
6915 5997 7053 6646 1
6134 5946 7165 6478 1
5228 5229 5231 5230 1
6230 5832 5714 5712 1
6125 6123 5867 5969 1
6910 6125 6788 7004 1
6345 6010 5799 5798 1
5740 5765 5858 5739 1
5752 5774 5473 5570 1
6453 5570 5473 5470 1
5128 6615 6885 6424 1
5494 6462 7039 5875 1
5918 6398 5729 6542 1
5509 5559 5578 6377 1
5904 5338 5339 5903 1
5752 6346 6347 5774 1
5239 5738 5740 5739 1
6905 7022 6499 6093 1
5903 6433 7119 5904 1
5785 6340 6342 5836 1
5165 6403 6586 6402 1
6068 7012 6071 6874 1
1268 1267 7107 6495 1
5334 5335 5338 6248 1
5129 6438 5933 6439 1
5304 6331 6456 6332 1
5969 5867 5635 5814 1
5828 5721 5720 6132 1
6492 6138 5910 5908 1
5530 6454 5590 5532 1
6382 6385 6384 6383 1
5331 5334 6249 6250 1
6953 6343 6904 5527 1
7015 6516 5182 6649 1
6610 6608 7074 6181 1
6685 6531 6987 5972 1
6901 6425 6077 6076 1
6149 5710 5606 5605 1
5891 6001 6070 5870 1
5267 5300 5510 5266 1
5593 5501 5502 5592 1
5836 5732 5733 5785 1
5707 5605 5598 5597 1
6437 5357 5359 5360 1
6340 5785 5786 5936 1
5842 5841 6327 5907 1
5366 5365 5362 5364 1
5620 5840 5843 5841 1
6238 6239 6680 6240 1
5708 5709 5817 5816 1
5784 5996 6048 5783 1
5818 5816 6320 6033 1
6383 5643 6381 6382 1
5248 5911 6321 5247 1
6063 5893 5933 6438 1
5669 5860 6039 5668 1
6418 5750 5892 5963 1
6806 6314 7070 5835 1
7046 6028 6626 6631 1
6394 6396 6414 6398 1
5817 5820 6304 6002 1
6305 6306 6308 5370 1
6026 6025 6986 6028 1
5198 6154 1370 1369 1
6270 6292 6895 6279 1
5245 5247 5249 5246 1
5865 5802 5660 5803 1
5592 5643 5644 5593 1
5826 5878 5879 5711 1
5856 6009 7060 6045 1
5865 6442 5924 5802 1
5831 5890 6058 5934 1
5195 7054 6089 6389 1
6294 5467 5466 5456 1
6297 5341 5343 5344 1
5418 5420 5840 5620 1
5239 5237 6530 5738 1
6283 6284 7071 6282 1
5394 5257 5255 5259 1
5582 5585 5586 5584 1
5585 5587 5588 5586 1
5347 5348 6295 5345 1
6185 6481 6177 6175 1
6545 6102 5910 6138 1
5539 6517 5632 5541 1
5716 5871 5872 5715 1
5878 5973 5974 5879 1
1374 6359 6358 5166 1
5895 6120 7055 5906 1
5739 6506 5240 5239 1
5657 6375 5852 5673 1
6160 6166 6167 6161 1
6043 6044 7076 7005 1
5644 5705 5706 5646 1
6011 5848 7075 6105 1
5160 6411 6413 6412 1
5910 6102 6399 6016 1
6340 5936 6941 6341 1
6290 6268 6267 6266 1
6865 6863 6320 6002 1
5255 5254 5251 5253 1
6365 6297 5344 6296 1
5353 5355 5357 5356 1
5795 5640 6316 5796 1
6162 6445 6166 6160 1
5410 5412 5604 6262 1
5625 5442 7129 6773 1
5290 5292 6336 6337 1
5870 6391 5824 5747 1
6474 6473 5401 5855 1
6353 6415 5743 5945 1
6053 5864 6021 6031 1
5257 5256 5254 5255 1
6128 5932 5757 5931 1
6379 6378 5810 5811 1
7132 5523 5618 6234 1
5801 5968 6038 5885 1
6406 5392 5261 5258 1
6378 6380 7056 6469 1
5438 5573 6431 5436 1
6147 6468 5394 5395 1
5549 5788 6664 5548 1
5222 1312 1313 6208 1
6208 1313 1314 5204 1
5687 5690 5691 5689 1
5755 5618 5753 5754 1
5430 5434 6431 6482 1
6749 6185 6589 6801 1
5783 6048 7051 6121 1
5449 5608 7126 6883 1
5868 5719 5706 5822 1
1315 6233 5204 1314 1
6216 6219 6950 6513 1
6080 6538 5711 5879 1
5902 5901 6030 6135 1
5802 5741 5656 5660 1
6507 6198 6200 6231 1
6454 5923 5838 5590 1
5364 5362 5361 5363 1
6155 5749 6779 6977 1
6417 5597 5596 5536 1
6329 5308 5309 5310 1
5525 6541 7123 5517 1
5407 5505 5506 5406 1
5473 5396 5397 5470 1
5403 5404 5869 5402 1
6416 6330 5308 6329 1
5454 5455 5458 5457 1
6016 6732 6261 6731 1
6586 6403 6922 5967 1
6396 6397 6827 6414 1
5662 5588 6339 5663 1
6625 7064 6137 6630 1
5457 5458 5460 5459 1
5722 5550 5551 5562 1
5773 5928 6132 5720 1
5424 5427 6501 5601 1
6504 5952 6007 6143 1
5459 5460 5486 5485 1
5163 6465 1385 1384 1
5704 5702 6121 5746 1
5186 6489 6644 6816 1
5950 6835 6126 6663 1
6783 5626 6971 6338 1
5556 5465 5393 5464 1
5396 6459 5390 5388 1
5760 5613 5576 6452 1
6263 5485 7048 6579 1
5226 1391 1390 5162 1
6154 5161 1371 1370 1
6452 5576 5506 5575 1
6401 5203 1373 1372 1
6402 5202 1389 1388 1
6464 5165 1387 1386 1
6855 5163 1384 1383 1
6204 5840 5420 6532 1
5481 5507 6777 5480 1
6570 5369 5349 6390 1
5576 5613 5614 5603 1
5568 6704 5665 5566 1
5868 5917 6393 5918 1
5715 5525 5526 5528 1
5585 5582 5583 6484 1
5486 5488 5509 6377 1
5164 7148 6122 6443 1
6713 6418 5963 6497 1
5816 5818 6537 5708 1
6036 6141 6441 6085 1
6470 6275 6273 6276 1
6099 5851 5955 5994 1
6387 6098 5969 5814 1
5465 6202 5610 5490 1
6369 5811 5810 5623 1
5503 5566 5567 5504 1
6111 7137 6570 6390 1
5721 5828 5829 5827 1
5893 5810 6378 5933 1
5665 5720 5721 5666 1
5566 5665 5666 5567 1
5199 1392 1391 5226 1
6345 6672 7098 6010 1
5734 6087 6769 6472 1
6249 6251 6253 6250 1
5757 5932 6144 6547 1
6538 7122 5608 5462 1
6458 5285 5286 5287 1
6276 6278 6283 6282 1
6922 6463 7057 5768 1
6484 5583 7159 6776 1
7132 6453 5471 5523 1
5608 5449 5450 5462 1
5370 5276 5277 5278 1
6207 6409 6973 6035 1
6064 5865 5803 5866 1
6847 6372 6150 6407 1
7136 5274 5275 5276 1
6476 6124 6722 6971 1
6103 6311 6956 6031 1
6270 6268 6290 6285 1
6270 6285 7118 6292 1
5326 5271 5272 5273 1
5490 5610 5630 5609 1
5559 5560 5627 5626 1
5903 6297 6365 6433 1
6330 5305 5307 5308 1
5393 5392 6405 5464 1
5369 5348 5347 5349 1
5814 5635 5629 5636 1
5594 6381 5643 5592 1
6366 5937 5936 5786 1
6249 6252 6946 6251 1
5185 7000 6409 6207 1
6356 6354 5318 6355 1
5322 6355 5318 5320 1
5323 5324 7013 5322 1
5693 5691 5735 6449 1
5638 5731 5733 5732 1
5253 5251 5250 5249 1
6295 5344 5343 5345 1
5882 6152 6591 6017 1
6436 6494 6384 6385 1
6944 6303 7040 5979 1
6430 5782 5895 5906 1
6559 6516 6257 6319 1
6480 6479 5524 6042 1
5912 6008 6477 5911 1
6149 6151 6407 6150 1
5642 6498 5512 5515 1
6255 6165 6187 6188 1
6483 6393 5917 6698 1
6504 6503 5913 5952 1
5266 5263 5264 5265 1
5629 5635 6476 5627 1
5920 5919 6488 5961 1
6877 7027 6296 6457 1
6038 5968 6814 6434 1
5162 1390 1389 6344 1
6398 5918 6393 6394 1
5372 6006 7088 6307 1
6584 6512 6275 6470 1
6425 6426 6079 6077 1
5454 5452 6570 5455 1
6333 6248 5338 5904 1
5610 5712 5714 5630 1
6063 6062 5809 5893 1
6431 5434 5435 5436 1
6180 6177 6481 6181 1
6233 1315 1316 5159 1
6411 5160 1260 1259 1
5388 5384 5376 5385 1
5515 5517 7123 5642 1
6677 6423 6795 5954 1
5396 5388 5385 5389 1
6153 5759 6514 6830 1
5499 5500 5502 5501 1
5204 6209 7166 6208 1
5367 5375 6967 5366 1
6034 6854 6905 6093 1
5987 6433 6365 7104 1
5864 5752 5570 5863 1
6465 6464 1386 1385 1
5404 6594 6595 5869 1
5167 1380 1379 6373 1
5161 6401 1372 1371 1
5165 6402 1388 1387 1
5209 6774 6490 6397 1
6247 6581 6829 6241 1
6111 6390 5351 6511 1
5477 5476 5479 5478 1
5908 5907 6328 6492 1
6304 5820 5830 5831 1
6272 6265 6579 6273 1
5242 5241 5238 5240 1
5685 5683 7035 5696 1
6526 5444 5446 5447 1
6024 5923 6524 6109 1
6568 6940 7049 6064 1
7026 6262 6261 6259 1
6596 5781 5782 6430 1
5916 6607 7084 6009 1
5782 5781 5606 5710 1
5928 5773 6023 6022 1
5454 5456 5466 5453 1
7012 5161 6154 6585 1
5868 5822 5964 5917 1
6235 5198 6237 6236 1
6774 5209 1262 1261 1
6522 5159 6916 6444 1
5406 5405 5543 5407 1
7136 5276 5370 6367 1
5564 5408 5409 5410 1
5634 5632 6517 5915 1
5646 5645 5593 5644 1
5154 6780 6422 6930 1
5205 6411 1259 1258 1
5402 5316 6354 5403 1
6886 6145 6639 6638 1
5231 5232 6842 5230 1
5392 5393 6534 5261 1
6613 6356 6355 6357 1
6428 6384 6494 6429 1
5369 5451 6295 5348 1
5331 5333 5335 5334 1
5928 6022 7002 6569 1
5406 5506 5602 6594 1
5491 5535 5536 5492 1
5503 5504 6665 5477 1
6378 6469 6439 5933 1
5625 6158 6593 6157 1
5719 5718 5646 5706 1
5672 5788 5549 5671 1
6025 6026 6664 5788 1
5507 5508 5549 5548 1
5478 5479 5481 5480 1
6024 6109 6525 6691 1
6412 6490 6774 5160 1
5468 5491 5492 5469 1
6004 5980 5978 5979 1
5667 6447 5364 5363 1
6093 6499 6230 6902 1
6784 6063 7114 6419 1
7019 6052 5312 6127 1
5148 6495 6429 6494 1
1258 1257 7001 5205 1
6431 5573 6880 6673 1
6684 5850 6095 6119 1
6094 5946 5760 5947 1
6270 6279 6280 6271 1
6196 6198 6507 6197 1
6306 6310 6668 6309 1
5467 5468 5469 5723 1
6471 1319 1320 5151 1
6395 5152 1264 1263 1
6001 6834 5145 6654 1
5271 5951 7133 5269 1
5677 6837 7143 5679 1
6386 6422 6780 5210 1
5471 5472 5617 5523 1
6268 6270 6271 6269 1
5324 5325 5328 5327 1
5361 5362 6718 5360 1
6453 5470 5397 5471 1
6395 5209 6397 6396 1
6536 6061 6259 6260 1
5851 5754 5753 5805 1
6224 5882 5881 5762 1
5980 6004 6903 6300 1
5388 5390 6912 5384 1
5501 6461 6462 5499 1
6356 6486 5403 6354 1
5416 5418 5620 6757 1
5407 6423 7106 5505 1
5523 5617 5753 5618 1
5206 1318 1319 6471 1
6001 5891 7051 6834 1
5871 5716 5914 5913 1
5320 5321 5323 5322 1
5943 5796 6316 5944 1
6519 5847 5242 6772 1
5626 6783 5578 5559 1
5697 5622 5614 6547 1
5592 5502 6581 5594 1
5875 6523 5359 5358 1
5638 5732 5836 6387 1
6354 5316 5317 5318 1
6213 6215 6989 6212 1
6050 5916 5772 6049 1
6364 6361 5844 6363 1
5778 5641 5365 5368 1
6482 6431 6673 6178 1
5572 6839 7109 5945 1
5601 6532 5421 5424 1
5878 5826 6100 5880 1
6520 6084 6036 6085 1
5313 5315 5317 5316 1
6170 6172 6178 6673 1
6040 6096 7079 6515 1
5236 5234 6530 5237 1
5668 5587 5825 5669 1
6244 6245 6930 6246 1
6127 5312 5311 5313 1
6493 1321 1322 5207 1
6483 5208 1266 1265 1
5312 5310 5309 5311 1
6173 6171 6873 6589 1
6243 6244 6247 6241 1
5242 5240 6506 5243 1
6574 7096 5616 6592 1
5996 5784 6046 5997 1
5222 6208 7166 6900 1
6583 6952 6184 6958 1
5151 1320 1321 6493 1
6426 6425 6836 5189 1
5360 5359 6523 5361 1
5712 5610 6202 5812 1
5934 6058 7061 6455 1
5913 5914 6007 5952 1
6089 6090 6929 6389 1
6686 6325 6324 5905 1
6257 6688 6928 5722 1
5654 6388 5803 5660 1
6844 6489 6223 6599 1
5561 5708 6537 5556 1
6023 6054 7002 6022 1
5359 5357 5355 5358 1
5651 5650 6917 5653 1
6451 5687 5686 5685 1
6448 5363 5361 6523 1
6216 6218 6220 6219 1
5266 5265 5268 5267 1
6513 6215 6213 6216 1
6050 6211 6213 6212 1
5462 5483 5711 6538 1
6697 5962 7062 6373 1
6860 6435 6918 5807 1
6961 6286 6287 6288 1
5529 5545 5547 5546 1
6134 6478 6932 6635 1
5556 5464 6405 5561 1
6623 6081 5974 7112 1
5299 5302 5305 5304 1
6162 6163 6165 6164 1
6190 6188 6187 6189 1
5845 6522 6444 5896 1
6964 6734 6739 5223 1
6914 6657 6908 6559 1
5244 6719 5953 6772 1
6048 6228 6587 6229 1
5517 5518 5526 5525 1
5296 5297 5299 5298 1
5294 5295 5297 5296 1
5515 5516 5518 5517 1
5292 5293 5295 5294 1
5960 6020 6056 5858 1
6486 6356 6613 6487 1
5765 6685 5849 6298 1
6316 5640 5639 5634 1
5257 5258 5260 5256 1
6225 5982 6106 6864 1
6060 6058 5890 6059 1
6371 5131 6969 6408 1
6076 6075 6074 5902 1
5263 5235 5233 5262 1
6260 6732 7138 6546 1
6788 6098 7115 6962 1
5872 6541 5525 5715 1
5526 5529 6735 5528 1
5173 6866 6439 6469 1
6290 6289 7111 6291 1
6922 5940 5885 6463 1
5512 5514 5516 5515 1
5290 5291 5293 5292 1
6522 5845 5736 5874 1
6214 6607 5916 6050 1
5258 5261 5391 5260 1
6175 6173 6589 6185 1
6992 6021 7132 6234 1
6337 5289 5288 5290 1
6498 5511 5484 5512 1
6422 6386 6382 6421 1
5289 5287 5286 5288 1
5511 5483 5463 5484 1
6364 6363 6391 6392 1
5660 5656 5655 5654 1
5483 5462 5450 5463 1
5283 5284 5286 5285 1
5282 5281 5284 5283 1
5282 5280 5279 5281 1
5447 5448 5450 5449 1
5280 5278 5277 5279 1
6798 6614 6994 5612 1
6247 6244 6246 6580 1
5478 5480 6879 6313 1
5772 5856 6975 5735 1
5267 5268 5270 5269 1
5269 5270 5272 5271 1
5490 5489 5393 5465 1
5228 5227 6051 5229 1
6390 5349 5350 5351 1
6912 6351 5862 6082 1
6495 5148 1269 1268 1
6116 6374 6909 5853 1
6531 5740 5738 5921 1
5841 5843 6952 6327 1
5412 5414 7134 5604 1
7101 6240 6680 6681 1
6106 6139 6605 6979 1
5770 6528 5522 5725 1
6516 6559 6908 5182 1
5613 5757 6547 5614 1
6484 6776 6529 5825 1
5817 5819 5830 5820 1
6373 1379 1378 6697 1
5244 5243 6951 5245 1
6952 6583 7033 6327 1
5381 6792 6830 6336 1
5440 5441 5443 5442 1
6447 5667 7020 6350 1
5438 5439 5441 5440 1
5907 5908 5909 5842 1
5291 6760 6984 6376 1
6138 6492 6560 5122 1
5436 5437 5439 5438 1
6362 6502 5146 6651 1
5890 5831 5830 5889 1
5845 5896 5897 5846 1
5473 5774 6822 5993 1
6151 5707 7146 6784 1
5451 5369 6570 5452 1
6441 6968 6137 6136 1
6800 6446 6821 5912 1
5267 5269 7133 5300 1
6264 6263 6579 6265 1
5468 5521 7003 6369 1
6348 6347 6899 6349 1
5719 7047 5821 5718 1
6798 5971 7130 6614 1
6664 7144 5619 5548 1
6674 6435 6860 5990 1
6388 5654 5652 5651 1
5999 6475 5790 5672 1
5982 6225 6985 6224 1
5405 5406 6594 5404 1
5609 5558 5489 5490 1
6181 6182 6183 6180 1
6900 6142 6921 5222 1
5430 5432 5435 5434 1
6266 6267 6705 6264 1
5896 6301 6302 5897 1
5366 5364 6447 5367 1
5394 6468 7043 6406 1
6167 7066 6998 6169 1
1380 5167 6831 1381 1
5412 5413 5415 5414 1
7015 6649 6934 6505 1
5410 5411 5413 5412 1
6445 6548 7067 6166 1
7103 6414 6827 5770 1
5252 5670 6917 5648 1
6026 6028 7046 6112 1
7058 6434 7018 5399 1
5427 5428 5430 5429 1
5978 5959 6944 5979 1
5486 6377 7048 5485 1
5908 5910 6015 5909 1
5476 5477 6665 5475 1
6033 6034 6092 5818 1
5418 5416 5415 5417 1
1324 6533 6690 1323 1
6188 6190 6858 6194 1
5775 6343 6663 5808 1
5424 5425 5428 5427 1
5420 5418 5417 5419 1
1325 5147 6533 1324 1
6374 6116 7145 6831 1
5880 6100 6520 6136 1
5746 5747 5823 5704 1
5539 5537 6670 5938 1
5421 5423 5425 5424 1
6209 5204 6233 6210 1
6169 6168 6161 6167 1
5867 6123 6766 6124 1
5338 5335 5336 5337 1
5915 6318 7161 6317 1
6097 6739 5994 5955 1
5882 6224 6985 6152 1
6207 6503 6632 5185 1
5662 5589 5586 5588 1
6081 6080 5879 5974 1
6545 382 383 5169 1
5699 5700 5701 5695 1
1318 5206 6916 1317 1
5419 5421 6532 5420 1
6123 5168 6550 6766 1
5978 5977 5958 5959 1
5562 5563 6592 5616 1
6875 6041 6040 6515 1
5865 6065 7105 6442 1
6459 6460 6974 5390 1
6400 384 385 6543 1
5785 5733 5787 5786 1
5638 5636 5629 5637 1
5629 5627 5560 5628 1
6177 6180 6500 6179 1
5476 5474 5854 5479 1
6501 6500 7025 5601 1
5236 6813 5998 6842 1
5251 5252 5647 5250 1
5965 5966 6893 6527 1
6035 6036 6084 5872 1
5846 5737 5736 5845 1
6284 6283 6287 6286 1
7020 6057 7050 6324 1
6360 6362 7079 6096 1
5488 5486 5460 5487 1
5773 6704 6195 6023 1
5963 5892 6415 6353 1
5937 6366 6822 6348 1
6281 7003 6936 6711 1
5133 6986 6027 6600 1
6197 6055 6195 6196 1
6835 5951 5271 5326 1
6098 6387 5836 7115 1
5747 5824 5935 5823 1
6177 6176 6174 6175 1
6175 6174 6172 6173 1
6173 6172 6170 6171 1
6145 6129 6130 6639 1
5669 5825 6529 5844 1
6278 6276 6273 6277 1
6525 5329 5328 5325 1
5245 5246 6719 5244 1
6171 6170 6168 6169 1
5796 5798 5797 5795 1
1323 6690 5207 1322 1
1377 5164 6697 1378 1
5766 6768 6857 6299 1
5609 5736 5737 5558 1
5682 5683 5684 5681 1
6725 6680 7073 5200 1
1326 6604 5147 1325 1
5453 5466 6877 6457 1
5630 6573 5736 5609 1
6073 6319 6256 6558 1
6128 6129 6144 5932 1
6747 6008 5912 6821 1
5475 5857 7013 5378 1
5700 5702 5703 5701 1
5943 6671 6672 6345 1
6525 6474 5855 6691 1
6403 5165 6464 6781 1
5252 5648 5649 5647 1
6347 6348 6822 5774 1
6076 6077 6078 6075 1
6490 6412 6728 6491 1
5957 5956 5886 5887 1
5254 6683 6352 6809 1
7039 6462 6461 6706 1
5622 5621 5603 5614 1
5273 6942 6861 5326 1
6818 5553 5713 6101 1
5731 5638 5637 5730 1
6143 6505 6934 5137 1
6479 5488 5487 5524 1
5229 6496 6775 5231 1
6024 6691 5855 6818 1
5905 6323 5729 5728 1
5901 5902 6074 5829 1
5691 5693 5694 5692 1
5603 5602 5506 5576 1
5875 5358 5493 5494 1
6382 6381 7099 6421 1
6143 5137 7031 6504 1
6858 6620 6619 6194 1
6350 6571 5367 6447 1
6244 6243 7155 6245 1
5725 5726 5728 5727 1
6055 6197 7135 6963 1
5801 6232 6814 5968 1
6392 6923 6841 6364 1
6712 6728 6412 6413 1
7034 5327 5328 7164 1
6473 5387 5400 5401 1
5799 5800 5797 5798 1
5522 5724 5726 5725 1
5827 5771 5666 5721 1
5617 5472 5522 6669 1
5743 6415 6689 6047 1
5801 5885 5940 5837 1
5393 5489 6755 6534 1
5683 5685 5686 5684 1
6527 5664 5662 6565 1
5799 5801 5837 5800 1
6429 6495 7107 6521 1
5689 5688 5686 5687 1
6330 6416 6832 6331 1
5504 5612 6994 6665 1
6325 6350 7020 6324 1
5720 5665 6704 5773 1
5353 5351 5350 5352 1
5189 6427 6741 6426 1
228 229 5125 6549 1
387 6544 5126 386 1
6375 5657 5655 5656 1
6494 6436 7037 5148 1
6226 6099 7045 6227 1
6263 6264 6705 5461 1
5543 6487 7130 6795 1
6331 6832 6799 6456 1
6288 6287 6783 6338 1
6077 6079 6368 6078 1
5677 5676 5621 5622 1
5795 5794 5639 5640 1
7055 5178 6954 6117 1
5237 5238 6813 5236 1
388 5212 6544 387 1
227 228 6549 5211 1
5679 5678 5676 5677 1
5681 5680 5678 5679 1
5840 6204 6881 5843 1
5977 5978 6789 6086 1
5645 5646 5718 6692 1
5887 6518 6944 5957 1
6565 6970 5965 6527 1
382 6545 6740 381 1
5634 5633 5631 5632 1
5375 5367 6571 5376 1
6140 5791 6909 6374 1
6508 6817 6113 6726 1
386 5126 6543 385 1
5338 5337 5340 5339 1
6231 5135 6878 6507 1
5729 6398 6414 7103 1
5734 5768 7057 6087 1
6057 6107 6108 5821 1
5928 6569 6572 6133 1
5712 5812 6902 6230 1
5242 5847 5675 5241 1
6158 5625 6773 6159 1
5877 6781 6464 7152 1
5641 6718 5362 5365 1
5408 5395 6743 5409 1
5892 5750 5542 5751 1
6713 6497 6990 5346 1
7010 6945 6896 6309 1
6455 7061 6544 5212 1
5769 5834 6574 5894 1
6125 5969 6098 6788 1
6059 5890 5889 6696 1
5663 5769 6565 5662 1
5886 5391 6846 5887 1
5811 6369 7003 6694 1
6676 6675 6440 6227 1
6027 5790 6475 6117 1
5716 6735 6450 5914 1
6286 6561 6833 6284 1
6869 6741 7024 6094 1
5605 5606 5607 5598 1
6953 5948 5949 5950 1
223 224 5149 6566 1
392 6556 5150 391 1
5673 5761 5762 5674 1
5398 5599 5600 5555 1
232 233 6550 5168 1
5919 5920 6574 5834 1
5920 5961 7069 6072 1
391 5150 6555 390 1
6089 7054 6091 5833 1
5715 5528 6735 5716 1
234 235 5121 6562 1
6472 5264 5565 5734 1
1261 1260 5160 6774 1
6808 6104 7075 7028 1
5596 5595 5492 5536 1
6268 6269 6274 6267 1
6020 6312 5976 6446 1
7088 6006 6991 6564 1
5548 5619 6777 5507 1
5724 6919 6686 5726 1
5353 5354 6703 5355 1
5672 5671 6000 5999 1
5376 5386 6825 5385 1
6200 6198 6196 6199 1
6150 6372 7160 6371 1
393 5214 6556 392 1
222 223 6566 5213 1
6160 6161 6593 6158 1
6491 6827 6397 6490 1
5330 5329 5332 5331 1
6753 5141 7165 7024 1
5499 5496 5497 5498 1
233 234 6562 6550 1
5471 5397 6678 5472 1
5691 5692 6752 5689 1
5779 5942 6959 5988 1
5298 6802 7156 5296 1
5756 7030 6730 5510 1
5925 6552 7044 6551 1
6939 6315 6977 6779 1
6054 6023 6195 6055 1
5851 5805 6088 5955 1
5339 5340 5342 5341 1
5718 5821 6108 6692 1
5394 5259 6743 5395 1
5396 5389 6678 5397 1
235 236 6561 5121 1
6609 5730 5861 5862 1
5249 5250 6719 5246 1
6148 5889 5830 6147 1
5657 5673 5674 5659 1
5650 5651 5652 6037 1
5488 6479 6666 5509 1
380 5122 6560 379 1
6747 6821 7041 5661 1
221 222 5213 6576 1
394 6575 5214 393 1
6060 6059 6258 6061 1
5559 5509 6666 5560 1
5637 5629 5628 6715 1
5570 6453 7132 5863 1
5254 5256 5260 6683 1
6718 5641 6466 6467 1
6334 6598 6946 6252 1
5320 5318 5317 5319 1
6875 6515 5190 6981 1
7147 6843 6302 6301 1
5731 6590 5787 5733 1
6299 6298 5849 5766 1
5522 5472 6678 5724 1
7147 5206 6471 6843 1
5841 5842 6757 5620 1
5357 6437 7014 5356 1
6378 6379 6894 6380 1
5315 5313 5311 5314 1
5341 5342 6713 5343 1
220 221 6576 5155 1
395 5156 6575 394 1
5817 5709 6845 5819 1
5410 5409 5717 5411 1
5846 6019 6755 5737 1
6259 6261 6732 6260 1
5656 5741 7078 6375 1
5308 5307 6567 5309 1
6492 6328 6828 6560 1
6190 6189 6192 6191 1
6430 5999 6000 6596 1
6146 5973 6205 6871 1
6427 288 289 6753 1
6540 6200 6199 6201 1
7023 6041 6844 6599 1
5562 5551 5624 5563 1
5243 5244 6772 5242 1
6311 5216 6577 6956 1
5771 5827 6677 5954 1
5579 6514 5759 5581 1
5760 6452 7029 5947 1
6187 6165 6163 6186 1
5838 5591 5534 5590 1
6557 6819 5130 6164 1
5232 5231 6775 5233 1
5307 5305 5302 5306 1
6218 6216 6213 6217 1
6537 7086 5812 6202 1
5905 5728 5726 6686 1
1327 5219 6604 1326 1
5545 5529 5526 5544 1
6082 5862 5861 6043 1
6178 7140 6535 6482 1
6084 6520 5642 7123 1
6278 6601 6287 6283 1
5302 5299 5297 5301 1
5455 5975 6785 5458 1
5910 6016 6731 6015 1
5423 5421 5419 5422 1
5407 5543 6795 6423 1
5391 5886 6683 5260 1
6376 5303 5293 5291 1
6019 6846 6534 6755 1
6017 5883 5881 5882 1
5514 5512 5484 5513 1
5945 5743 5742 5572 1
5264 6472 5268 5265 1
5291 5290 5288 6760 1
6722 6563 6961 6288 1
396 6578 5156 395 1
219 220 5155 6577 1
5135 6231 6817 6508 1
6581 5502 5500 5615 1
6129 6128 7167 6130 1
5276 5275 5379 5277 1
6584 6920 5124 6512 1
6568 6789 5978 5980 1
5446 5444 5443 5445 1
6314 5873 6977 6315 1
5504 5567 6798 5612 1
5320 5319 5373 5321 1
5553 5401 5400 5552 1
5432 5430 5428 5431 1
6470 7071 5170 6584 1
377 5171 6582 376 1
6441 6141 6876 6629 1
238 239 6584 5170 1
5617 6669 6712 5753 1
5702 5704 6742 5703 1
6687 5742 5899 5900 1
5832 5833 6695 5714 1
6663 6126 5929 5808 1
5130 7131 6548 6445 1
5604 6731 6261 6262 1
6847 6407 6419 5176 1
5956 6352 6683 5886 1
5263 5262 5565 5264 1
5693 5695 6748 5694 1
5563 5624 5966 5965 1
6118 5835 5815 5962 1
6171 6169 6998 6873 1
6043 5861 6715 6044 1
5489 5558 5737 6755 1
6276 6282 7071 6470 1
6107 6448 7039 6108 1
5630 5714 6695 5888 1
5730 5637 6715 5861 1
5792 5791 6140 5815 1
381 6740 5122 380 1
6256 5616 7096 6558 1
5775 5513 6904 6343 1
5315 5314 6014 5859 1
5684 5698 5680 5681 1
6407 6151 6784 6419 1
376 6582 6588 375 1
6750 7152 6464 6465 1
6766 6550 6562 6563 1
5736 6573 7038 5874 1
5461 6705 7077 6293 1
5911 5248 6800 5912 1
6386 5210 7037 6436 1
5458 6785 5487 5460 1
5775 5520 5514 5513 1
5842 5909 6485 6757 1
5632 5631 5577 5541 1
7068 5426 5976 6312 1
5553 5552 5748 5713 1
218 219 6577 5216 1
397 5215 6578 396 1
7093 6636 5191 6950 1
5596 5744 5987 5595 1
5976 5426 5423 5422 1
5159 6851 6210 6233 1
5777 5482 5446 5445 1
5806 6111 6511 6110 1
5939 5804 5701 5703 1
5662 5664 5745 5589 1
5166 6358 7116 6131 1
5994 6700 7045 6099 1
6709 6245 7155 6710 1
5730 6609 6590 5731 1
5233 6775 5565 5262 1
6305 6307 7088 6326 1
5704 5823 5989 6742 1
6526 5447 5449 6883 1
6497 5963 6353 6927 1
5211 6812 226 227 1
1375 6859 7153 1376 1
6685 5972 5850 5849 1
6095 6551 7044 6119 1
5751 6689 6415 5892 1
5786 5787 6924 6366 1
5345 5343 6713 5346 1
7007 5398 5387 5374 1
5575 6410 6078 6368 1
6140 6374 6831 5167 1
5431 5766 5849 5433 1
5790 6027 6986 6025 1
6446 6800 6056 6020 1
6409 7091 5134 6973 1
6443 6122 5995 5927 1
224 225 6824 5149 1
5531 5342 5340 5530 1
5456 6293 7077 6294 1
5827 5829 6074 6677 1
5725 5727 7103 5770 1
375 6588 5123 374 1
5353 5352 5383 5354 1
6473 6679 5321 5373 1
6922 5768 5767 5967 1
6518 6019 5846 6913 1
5294 5296 7156 5381 1
5849 5850 6684 5433 1
5768 5734 5565 5767 1
6564 6667 6668 6310 1
6083 7136 6367 7097 1
5622 5697 6837 5677 1
5252 5251 5254 6809 1
6342 6340 6341 6996 1
373 6608 6610 372 1
5695 5701 5804 6748 1
374 5123 6608 373 1
6689 5751 5763 5764 1
5901 6029 6935 6030 1
5750 5533 5534 5542 1
5533 5531 5530 5532 1
6344 6983 7142 6051 1
5496 5494 5493 5495 1
243 244 5175 6723 1
5922 6467 6466 7113 1
5664 6527 6893 5813 1
5663 6339 7023 5780 1
5948 5482 5777 5898 1
372 6610 5172 371 1
5250 5647 5953 6719 1
244 245 6611 5175 1
245 246 6612 6611 1
6999 7054 5195 6693 1
6594 5602 6796 6595 1
248 249 6618 6615 1
1374 5166 6859 1375 1
5597 5598 6701 5596 1
5401 5553 6818 5855 1
367 6616 6617 366 1
6873 5127 6801 6589 1
6306 6309 6896 6308 1
5808 5776 5520 5775 1
247 248 6615 5128 1
6778 5713 5748 5876 1
5664 5813 5926 5745 1
5590 5534 5533 5532 1
368 5127 6616 367 1
6473 5373 5374 5387 1
398 6602 5215 397 1
217 218 5216 6603 1
5930 5776 5808 5929 1
371 5172 6749 370 1
5443 5444 7129 5442 1
246 247 5128 6612 1
5624 5992 6005 5966 1
5372 6206 5926 6114 1
353 354 6621 6622 1
249 250 5173 6618 1
6203 5859 6014 6066 1
356 357 6619 6620 1
6013 5789 5941 6012 1
366 6617 5174 365 1
354 355 5132 6621 1
357 358 5177 6619 1
6131 5876 5927 5995 1
5749 5371 5537 5538 1
349 6625 6630 348 1
5555 5400 5387 5398 1
352 353 6622 5181 1
350 7064 6625 349 1
355 356 6620 5132 1
347 5179 6629 346 1
339 340 5185 6632 1
348 6630 5179 347 1
261 262 5178 6624 1
329 330 6643 6659 1
334 335 6649 5182 1
320 321 6661 6651 1
266 267 6631 6626 1
5680 5991 6674 5990 1
317 318 6650 6642 1
330 331 5138 6643 1
325 326 6644 5140 1
314 315 6658 6654 1
319 320 6651 5146 1
331 332 6657 5138 1
265 266 6626 5133 1
316 317 6642 5192 1
308 309 6647 6645 1
313 314 6654 5145 1
328 329 6659 5186 1
305 306 6655 6656 1
307 308 6645 5144 1
321 322 5190 6661 1
267 268 5180 6631 1
318 319 5146 6650 1
296 297 6636 6637 1
306 307 5144 6655 1
315 316 5192 6658 1
299 300 6653 6660 1
297 298 5191 6636 1
309 310 5187 6647 1
283 6641 6640 282 1
300 301 5143 6653 1
293 5188 6635 292 1
304 305 6656 5193 1
282 6640 5184 281 1
295 296 6637 5142 1
275 276 6634 6633 1
268 269 6628 5180 1
298 299 6660 5191 1
285 6652 5139 284 1
274 275 6633 5183 1
284 5139 6641 283 1
276 277 5136 6634 1
5794 6032 6116 5853 1
5694 5789 6752 5692 1
6011 6105 6995 6699 1
5537 5539 5540 5538 1
6014 6155 7042 6066 1
5539 5541 5577 5540 1
5792 5577 5631 5791 1
5753 6712 6088 5805 1
6910 7004 230 231 1
6251 6931 7081 6253 1
6587 6947 311 312 1
5475 6665 6994 5857 1
5976 7041 6821 6446 1
5809 6062 7146 6417 1
5724 6678 6825 6919 1
5306 5371 6567 5307 1
379 6560 6828 378 1
6598 6597 6596 6000 1
1272 1271 5210 6780 1
5926 6458 7128 6069 1
5795 5797 6003 6756 1
5655 5657 5659 5658 1
236 237 6833 6561 1
5907 6327 7033 6328 1
5729 6323 6787 6542 1
5577 5792 7070 6939 1
5507 5481 6717 5508 1
6844 6041 6875 5140 1
378 6828 5171 377 1
5544 6667 5574 5545 1
5524 5569 7113 6042 1
5499 5498 6702 5500 1
5301 6670 5306 5302 1
5329 5330 7164 5328 1
5324 5323 6724 5325 1
237 238 5170 6833 1
6050 6212 6989 6214 1
242 243 6723 6793 1
6047 6689 5764 6874 1
241 242 6793 5124 1
6003 6856 6032 6756 1
399 5158 6602 398 1
216 217 6603 5157 1
6810 5939 5703 6742 1
6075 6078 6410 6761 1
6068 6401 5161 7012 1
5429 6535 6176 7089 1
6418 6713 5342 5531 1
5376 5384 6912 5375 1
5547 5550 7092 5546 1
5392 6406 7043 6405 1
290 5141 6753 289 1
5854 5474 7034 6254 1
6278 6277 5578 6601 1
215 216 5157 6675 1
369 6801 5127 368 1
370 6749 6801 369 1
6409 7000 341 342 1
5383 6927 6353 6811 1
6012 5941 6907 7059 1
5980 6300 6940 6568 1
5627 6476 6971 5626 1
6830 6792 6018 6153 1
6629 5179 6968 6441 1
6687 5571 5572 5742 1
6222 6791 6886 6220 1
5591 5838 6868 5839 1
5789 5694 6748 5941 1
5431 5433 6684 5432 1
5926 6069 6794 5745 1
6651 6661 7079 6362 1
5708 5561 6845 5709 1
5159 6522 5874 6851 1
5550 5547 6744 5551 1
6047 5899 5742 5743 1
6137 6968 5179 6630 1
5772 6451 7085 6049 1
5317 5315 5859 6727 1
5977 6115 6898 5958 1
5447 5446 6751 5448 1
1328 6606 5219 1327 1
6548 363 364 7032 1
5436 5435 6764 5437 1
5885 6038 7057 6463 1
326 327 6816 6644 1
327 328 5186 6816 1
6274 6936 6294 7077 1
214 215 6675 6676 1
6678 5389 5385 6825 1
6188 6194 7151 6255 1
6333 6335 7141 6334 1
6927 6771 6990 6497 1
360 361 5130 6819 1
5234 5236 6842 5232 1
5212 7052 6555 6455 1
6141 6036 6035 6973 1
5839 6868 6101 6966 1
6936 6274 6269 6711 1
6162 6159 6773 6163 1
6104 5658 5659 5793 1
6889 5221 6892 6554 1
6871 6627 6897 6146 1
5681 5679 7143 5682 1
6577 6053 6031 6956 1
7112 5181 6622 6623 1
5524 5487 6785 5569 1
6228 6648 6647 5187 1
6508 6726 5180 6628 1
6639 5142 6637 6638 1
6572 7072 278 279 1
6932 6478 7165 5141 1
5671 5549 5611 6716 1
6409 342 343 7091 1
5795 6756 6032 5794 1
5746 6121 7051 5891 1
6737 5981 6984 6760 1
5365 5366 6967 5368 1
301 302 6823 5143 1
5586 5589 5745 6794 1
6572 279 280 7094 1
6318 6720 5303 7161 1
5479 5854 6717 5481 1
6191 6192 6883 7126 1
5754 6226 7008 5755 1
6269 6271 6281 6711 1
5539 5938 7082 6517 1
5337 6770 5530 5340 1
6479 6480 6884 6666 1
6548 7131 362 363 1
286 6836 6652 285 1
287 5189 6836 286 1
5321 6679 6724 5323 1
5516 5514 5520 6745 1
5670 6352 5956 6898 1
5469 5492 5595 6714 1
6404 5883 6759 5199 1
5467 5723 6877 5466 1
5567 5666 5771 6798 1
5864 5863 7132 6021 1
5238 5241 5675 6813 1
6120 6408 6969 6624 1
5948 6751 5446 5482 1
5355 6703 5493 5358 1
5413 5411 5717 6736 1
5602 5603 5621 6796 1
5549 5508 6717 5611 1
5295 5293 5303 6720 1
6280 6279 6895 6424 1
303 304 5193 6848 1
5762 5881 5942 5779 1
5371 5306 6670 5537 1
225 226 6812 6824 1
256 257 6847 5176 1
294 295 5142 6849 1
6232 6010 7098 6432 1
6571 6350 6325 7100 1
5345 5346 6990 5347 1
5924 6767 6604 6605 1
7119 6701 7141 6335 1
5417 5415 6747 5661 1
6018 5939 6810 6153 1
5924 6442 7105 6767 1
6311 6103 7008 6440 1
6843 6471 5151 6903 1
239 240 6920 6584 1
400 6820 5158 399 1
5596 6701 7119 5744 1
5866 5803 6388 6882 1
5286 5284 5377 6737 1
390 6555 7052 389 1
346 6629 6876 345 1
213 214 6676 5194 1
5417 5661 5422 5419 1
5140 6875 324 325 1
5545 5574 6744 5547 1
250 251 6866 5173 1
5134 344 345 6876 1
253 254 6862 5129 1
6103 6992 5755 7008 1
5848 6011 6980 5998 1
5437 5519 6746 5439 1
7045 6700 6852 5194 1
5309 6738 5314 5311 1
6667 5544 6754 6668 1
350 351 6897 6627 1
6438 5129 6862 6815 1
6287 6601 5578 6783 1
6219 6220 6886 6221 1
6061 6536 7065 6060 1
6420 6862 254 255 1
5647 5649 6870 5953 1
5518 5516 6745 5554 1
6736 5717 7087 6477 1
5551 6744 5992 5624 1
5432 6684 6764 5435 1
5649 5648 6917 5650 1
332 333 6908 6657 1
5571 5497 6839 5572 1
6153 6810 6982 5759 1
271 272 6878 5135 1
5495 5493 6703 5970 1
5450 5448 6751 5527 1
5518 6754 5544 5526 1
6080 6081 6911 6662 1
1376 7148 5164 1377 1
5865 6064 7049 6065 1
6967 7005 5778 5368 1
1273 1272 6780 5154 1
5973 6146 7112 5974 1
5766 5431 5428 6768 1
5497 5571 6702 5498 1
5279 5557 6762 5281 1
5142 6639 6130 6849 1
6855 1383 1382 7145 1
6346 6509 6899 6347 1
5415 5413 6736 6747 1
5187 6947 6587 6228 1
5201 6591 6803 6887 1
5441 6765 5445 5443 1
5181 6897 351 352 1
6300 6493 5207 6940 1
6460 6590 6609 6974 1
5284 5281 6762 5377 1
292 6635 6932 291 1
5426 6857 5425 5423 1
335 336 6934 6649 1
6113 6112 7046 6726 1
6061 6258 7026 6259 1
5261 6534 6846 5391 1
5561 6405 7043 6845 1
7058 5399 5270 6769 1
5270 5268 6472 6769 1
1271 1270 7037 5210 1
5600 5983 6790 5555 1
5925 6797 5898 6553 1
5749 5538 5540 6779 1
5671 6716 6598 6000 1
6933 5748 5552 6790 1
5923 6024 6868 5838 1
5230 6842 5998 6980 1
5597 6417 7146 5707 1
5205 7001 6097 7139 1
5550 5722 6928 7092 1
6190 6191 6911 6193 1
6182 6184 6881 6183 1
5415 5416 7134 5414 1
5888 6695 7166 6209 1
5279 5277 5379 6432 1
6856 6003 6850 6750 1
7065 7061 6058 6060 1
5288 5286 6737 6760 1
6342 6549 5125 6962 1
6633 6054 6055 6963 1
7158 6524 7124 5336 1
5182 6908 333 334 1
5696 7035 6217 7063 1
5136 7072 6572 6569 1
5751 5542 6786 5763 1
6576 6509 7090 5155 1
5327 5378 7013 5324 1
5839 5984 6786 5591 1
7073 6680 6239 6682 1
6421 7099 6580 6246 1
302 303 6848 6823 1
259 260 6969 5131 1
1329 5153 6606 1328 1
6539 6878 272 273 1
5275 6763 6814 5379 1
7098 5557 5279 6432 1
5437 6764 7044 5519 1
262 263 6954 5178 1
5439 6746 6765 5441 1
6044 6884 6480 7076 1
322 323 6981 5190 1
5591 6786 5542 5534 1
5954 5971 6798 5771 1
5993 6822 6366 6924 1
5873 6314 6806 5600 1
5581 5759 6982 5583 1
5848 5998 6813 5675 1
212 213 5194 6852 1
5928 6133 7157 6132 1
403 6693 5195 402 1
7004 6788 6962 5125 1
5676 5807 6796 5621 1
5555 6790 5552 5400 1
6091 7054 6999 6142 1
6502 6841 6650 5146 1
6033 6782 6854 6034 1
6935 6029 7157 6997 1
5295 6872 5301 5297 1
6721 6872 5295 6720 1
5124 6920 240 241 1
5373 5319 6906 5374 1
337 338 7031 5137 1
5793 6105 7075 6104 1
5159 1316 1317 6916 1
5685 5696 7085 6451 1
7028 6037 5652 6808 1
5852 6375 7078 6139 1
1368 6853 6239 6237 1
358 359 7080 5177 1
5228 6840 7163 5227 1
5837 5877 6850 5800 1
5948 5898 6797 5949 1
269 270 7083 6628 1
5925 6553 6965 6552 1
7107 5208 7154 6521 1
5958 5957 6944 5959 1
5680 5990 6860 5678 1
6303 6913 5846 5897 1
5654 5655 6808 5652 1
5859 6203 6906 6727 1
6591 6554 6156 6017 1
6101 6868 6024 6818 1
5684 5686 6799 5698 1
6034 6093 6902 6092 1
1274 1273 5154 6709 1
6013 6012 6802 6758 1
6211 7085 5696 7063 1
6575 5156 6782 6807 1
6402 6586 6983 5202 1
6667 6564 6991 5574 1
6692 6108 7039 6706 1
5618 5755 6992 6234 1
5586 6794 6949 5584 1
6489 6844 5140 6644 1
7113 6466 7017 6042 1
6730 7030 6987 6531 1
5914 6450 6928 6007 1
5815 5835 7070 5792 1
5797 5800 6850 6003 1
7042 5599 5398 7007 1
6712 6669 6978 6728 1
5763 6786 5984 6948 1
5141 290 291 6932 1
5862 6351 6974 6609 1
6757 6485 7134 5416 1
6863 6865 5150 6556 1
5600 5599 7042 5873 1
5580 6949 7128 5382 1
5678 6860 5807 5676 1
1330 6707 5153 1329 1
5137 6934 336 337 1
5335 5333 7158 5336 1
5898 5777 6965 6553 1
5949 5951 6835 5950 1
5957 5958 6898 5956 1
6161 6168 6880 6593 1
5428 5425 6857 6768 1
6465 5163 6856 6750 1
6126 6861 6083 5929 1
5650 6037 6870 5649 1
5738 6530 7110 5921 1
6379 7150 6280 6894 1
6104 6808 5655 5658 1
231 232 5168 6910 1
6604 6767 7105 5147 1
5604 6943 6015 6731 1
5930 7097 6308 6896 1
5794 5853 6909 5639 1
6177 6179 7089 6176 1
6848 5193 7084 6607 1
5674 6804 5793 5659 1
5248 6951 6056 6800 1
5527 6904 5463 5450 1
5378 5327 7034 5474 1
6503 6504 7031 6632 1
5177 7080 6819 6557 1
5156 6578 6854 6782 1
5899 6047 6874 6071 1
6053 6577 5155 7090 1
5767 6496 7142 5967 1
5927 6933 6972 6443 1
5762 5779 6804 5674 1
6870 6037 7028 6519 1
5247 5245 6951 5248 1
5611 6946 6598 6716 1
5522 6528 6978 6669 1
5926 5813 6893 6114 1
7036 6156 6554 6892 1
6552 6965 6765 6746 1
404 5218 6693 403 1
211 212 6852 5217 1
6684 6119 7044 6764 1
6673 6880 6168 6170 1
5270 5399 7018 5272 1
6741 6427 6753 7024 1
6197 6507 6878 6539 1
5582 5584 6949 5580 1
6302 6004 5979 7040 1
6027 6117 6954 6600 1
5821 7047 7050 6057 1
5758 6805 5949 6797 1
6280 6424 6885 6894 1
6762 5557 7098 6672 1
6862 6420 7114 6815 1
6509 6576 5213 6899 1
6803 6985 6708 5197 1
6067 6068 6874 5764 1
1275 1274 6709 6710 1
5484 5463 6904 5513 1
6535 7140 6174 6176 1
402 5195 7095 401 1
5560 6666 6884 5628 1
5131 6957 258 259 1
350 6627 6871 7064 1
5634 5639 6909 5633 1
5628 6884 6044 6715 1
406 5225 6729 405 1
209 210 6733 5224 1
257 258 6957 6847 1
1331 6708 6707 1330 1
5641 5778 7017 6466 1
6190 6193 7102 6858 1
405 6729 5218 404 1
210 211 5217 6733 1
5223 7001 1257 1256 1
6114 6893 5966 6005 1
6621 6838 6623 6622 1
6624 6969 260 261 1
6192 6189 6187 6937 1
5445 6765 6965 5777 1
6600 6954 263 264 1
5824 7162 6529 5935 1
5929 6083 7097 5930 1
5631 5633 6909 5791 1
6017 6156 6759 5883 1
6005 5992 6991 6006 1
1335 5201 6887 1334 1
6613 6614 7130 6487 1
1279 1278 6725 5200 1
6219 6221 7093 6950 1
6013 6456 6799 6976 1
6079 6869 7029 6368 1
5749 6155 6014 7006 1
6555 5150 6865 6867 1
5496 5495 6839 5497 1
6686 6919 7100 6325 1
6201 6199 6938 6879 1
6225 6864 5153 6707 1
323 324 6875 6981 1
5144 6645 6915 6646 1
6781 5877 5837 5940 1
5317 6727 6906 5319 1
6199 6196 6195 6938 1
6540 5619 7144 7117 1
6001 7121 6993 6070 1
6849 6988 293 294 1
6073 6558 7096 6072 1
6985 6225 6707 6708 1
6115 5977 6086 6955 1
6258 7108 5564 7026 1
5991 6925 6832 6416 1
6410 5505 7106 6761 1
6614 6613 5857 6994 1
5352 5350 6990 6771 1
251 252 7009 6866 1
6515 7079 6661 5190 1
6016 6399 7138 6732 1
6648 6915 6645 6647 1
6528 6491 6728 6978 1
5713 6778 6966 6101 1
5518 5554 7010 6754 1
5169 6400 7138 6399 1
5818 6092 7086 6537 1
6424 6895 6612 5128 1
5939 6018 6907 5804 1
5876 5748 6933 5927 1
7021 6791 6837 5697 1
5889 6148 7108 6696 1
6426 6741 6869 6079 1
6135 5139 6652 6901 1
5819 6845 7043 6468 1
5909 6015 6943 6485 1
5275 5274 7018 6763 1
5129 7009 252 253 1
5135 6508 6628 7083 1
6320 6807 6782 6033 1
6391 6363 7162 5824 1
5779 5988 6995 6804 1
5767 5565 6775 6496 1
1334 6887 6803 1333 1
310 311 6947 5187 1
6040 6041 7023 6039 1
6538 6080 6662 7122 1
6814 6763 7018 6434 1
5872 6084 7123 6541 1
6779 5540 5577 6939 1
6404 5942 5881 5883 1
5520 5776 6945 6745 1
6578 5215 6905 6854 1
5985 5986 6948 5984 1
6523 5875 7039 6448 1
6791 7021 6145 6886 1
6510 5149 6824 6941 1
6122 7153 6859 5995 1
6218 6217 7035 7120 1
5574 6991 5992 6744 1
5811 6694 7150 6379 1
5148 7037 1270 1269 1
6533 6065 7049 6690 1
6483 6698 7154 5208 1
6785 5975 5806 5569 1
5510 6730 7110 6370 1
5309 6567 7006 6738 1
6632 7031 338 339 1
5996 5997 6915 6648 1
6309 6668 6754 7010 1
6031 6021 6992 6103 1
6273 6579 7048 6277 1
6180 6183 7025 6500 1
5183 7135 6197 6539 1
6699 6840 6980 6011 1
5630 5888 7038 6573 1
6834 7051 6048 6229 1
6332 6758 6802 5298 1
5802 5924 7078 5741 1
6563 6562 5121 6961 1
6642 6650 6841 6923 1
5171 6828 6328 7033 1
6825 5386 7100 6919 1
229 230 7004 5125 1
5836 6342 6962 7115 1
5769 5894 6970 6565 1
6143 6007 6928 6688 1
5212 388 389 7052 1
6389 6929 5158 6820 1
6106 6979 5219 6606 1
6204 7025 6183 6881 1
5259 6322 7087 6743 1
6574 6592 6970 5894 1
5764 5763 6948 6067 1
6075 6761 7106 6074 1
5728 5729 7103 5727 1
5686 5688 6976 6799 1
6607 6214 6823 6848 1
5370 6308 7097 6367 1
6799 6832 6925 5698 1
5806 5975 7137 6111 1
6688 6257 6516 7015 1
1311 6921 6729 5225 1
5984 5839 6966 5985 1
5455 6570 7137 5975 1
6129 6145 7021 6144 1
1368 1367 7125 6853 1
6519 7028 7075 5847 1
5208 7107 1267 1266 1
5900 6242 7011 6687 1
6918 7019 5869 6595 1
6641 6030 6935 6640 1
1276 1275 6710 5196 1
6911 6838 7102 6193 1
6819 7080 359 360 1
1332 5197 6708 1331 1
5896 6444 7147 6301 1
5135 7083 270 271 1
6583 6958 6588 6582 1
5314 6738 7006 6014 1
6604 5219 6979 6605 1
1278 1277 6960 6725 1
5352 6771 6927 5383 1
1333 6803 5197 1332 1
5897 6302 7040 6303 1
340 341 7000 5185 1
6820 400 401 7095 1
7003 6281 7150 6694 1
6742 5989 6982 6810 1
5563 5965 6970 6592 1
5349 5347 6990 5350 1
5850 5972 6987 6095 1
5598 5607 7141 6701 1
6670 6721 7082 5938 1
5273 5272 7018 5274 1
1280 1279 5200 6888 1
1336 6889 5201 1335 1
6710 7155 7101 5196 1
7060 6646 7053 6045 1
5175 6611 6292 7118 1
6531 5921 7110 6730 1
6032 6856 5163 6855 1
6720 6318 7082 6721 1
5176 6419 7114 6420 1
5371 5749 7006 6567 1
5804 6907 5941 6748 1
1376 7153 6122 7148 1
5823 5935 7159 5989 1
5806 5922 7113 5569 1
6940 5207 6690 7049 1
5211 6996 6341 6812 1
5127 6873 6998 6616 1
5578 6277 7048 6377 1
5905 6324 7050 6323 1
5409 6743 7087 5717 1
365 5174 7032 364 1
6804 6995 6105 5793 1
6002 6304 6867 6865 1
5123 6588 6958 6926 1
6551 6095 6987 7030 1
6939 7070 6314 6315 1
5571 6687 7011 6702 1
293 6988 7167 5188 1
6529 6776 7159 5935 1
6026 6112 7144 6664 1
6065 6533 5147 7105 1
6620 6858 7102 5132 1
1277 1276 5196 6960 1
6187 6186 6526 6937 1
5680 5698 6925 5991 1
5689 6752 6976 5688 1
5948 6953 5527 6751 1
5376 6571 7100 5386 1
5806 6110 7014 5922 1
5986 5985 7116 6358 1
5229 6051 7142 6496 1
6090 6499 7022 6929 1
5195 6389 6820 7095 1
6288 6338 6971 6722 1
5129 6439 6866 7009 1
6598 6334 7127 6597 1
6582 5171 7033 6583 1
6569 7002 6634 5136 1
5215 6602 7022 6905 1
6812 6341 6941 6824 1
277 278 7072 5136 1
5812 7086 6092 6902 1
7061 7065 5126 6544 1
6050 6049 7085 6211 1
6615 6618 7056 6885 1
6260 6546 7149 6536 1
5192 6642 6923 6993 1
7156 7059 6792 5381 1
1394 6892 5221 6891 1
5920 6072 7096 6574 1
344 5134 7091 343 1
6294 6936 7003 5521 1
6581 5615 7011 6829 1
6271 6280 7150 6281 1
5675 5847 7075 5848 1
6353 5945 7109 6811 1
281 5184 7094 280 1
5143 6823 6214 6989 1
6211 7063 6217 6213 1
6888 6682 7125 5220 1
6826 7016 6068 6067 1
6500 6501 7089 6179 1
7050 7047 6787 6323 1
5987 5744 7119 6433 1
6267 6274 7077 6705 1
6657 6914 7069 5138 1
5962 5815 6140 7062 1
5955 6088 7139 6097 1
5480 6777 6201 6879 1
6929 7022 6602 5158 1
5949 6805 7133 5951 1
361 362 7131 5130 1
5500 6702 7011 5615 1
6907 6018 6792 7059 1
5331 5332 7158 5333 1
6726 7046 6631 5180 1
5930 6896 6945 5776 1
5844 6529 7162 6363 1
6251 6946 5611 6931 1
6596 6597 7127 5781 1
6572 7094 5184 6997 1
6220 6218 7120 6222 1
5758 5300 7133 6805 1
5789 6013 6976 6752 1
6184 6952 5843 6881 1
6469 7056 6618 5173 1
6646 7060 6655 5144 1
6546 6543 5126 7149 1
5985 6966 6778 7116 1
6182 6926 6958 6184 1
6172 6174 7140 6178 1
5600 6806 6972 5983 1
6423 6677 6074 7106 1
7125 6682 6239 6853 1
6059 6696 7108 6258 1
7122 6662 7126 5608 1
6926 7074 6608 5123 1
5422 5661 7041 5976 1
5961 6643 5138 7069 1
6142 6999 6693 5218 1
6703 5354 7109 5970 1
6313 6879 6938 5568 1
6548 7032 5174 7067 1
6227 7045 5194 6676 1
6640 6935 6997 5184 1
6254 7081 6717 5854 1
5217 6734 6964 6733 1
6616 6998 7066 6617 1
6723 6291 7111 6793 1
6638 6637 6636 7093 1
1393 7036 6892 1394 1
1393 6759 6156 7036 1
6009 7084 5193 6656 1
6512 5124 6793 7111 1
5337 5336 7124 6770 1
6543 6546 7138 6400 1
1255 5224 6733 6964 1
6359 5203 7016 6826 1
6838 6621 5132 7102 1
5469 6714 7104 5723 1
5546 7092 6928 6450 1
6790 5983 6972 6933 1
5196 7101 6681 6960 1
5917 5964 7154 6698 1
6435 6052 7019 6918 1
6745 6945 7010 5554 1
6993 7121 6658 5192 1
5530 6770 7124 6454 1
6371 7160 6957 5131 1
6073 6072 7069 6914 1
7104 7027 6877 5723 1
5954 6795 7130 5971 1
5206 7147 6444 6916 1
6894 6885 7056 6380 1
5611 6717 7081 6931 1
6296 7027 7104 6365 1
6070 6993 6923 6392 1
5833 6091 7166 6695 1
6181 7074 6926 6182 1
5177 7151 6194 6619 1
5126 7065 6536 7149 1
6311 6440 6675 5157 1
6438 6815 7114 6063 1
5595 5987 7104 6714 1
5876 6131 7116 6778 1
6094 5947 7029 6869 1
6526 6186 7129 5444 1
6572 6997 7157 6133 1
6163 6773 7129 6186 1
6113 7117 7144 6112 1
5495 5970 7109 6839 1
1281 1280 6888 5220 1
1337 5221 6889 1336 1
5273 5274 7136 6942 1
6012 7059 7156 6802 1
5946 6094 7024 7165 1
5383 6811 7109 5354 1
6434 7058 7057 6038 1
6586 5967 7142 6983 1
6236 6829 7011 6242 1
6063 6784 7146 6062 1
6032 6855 7145 6116 1
6849 6130 7167 6988 1
6222 7120 5682 7143 1
6142 6900 7166 6091 1
6769 6087 7057 7058 1
6042 7017 7076 6480 1
5856 6045 7053 6975 1
6791 6222 7143 6837 1
5606 5781 7127 5607 1
6861 6942 7136 6083 1
6680 6725 6960 6681 1
6290 6291 7118 6285 1
5683 5682 7120 7035 1
6617 7066 7067 5174 1
6723 5175 7118 6291 1
6682 6888 5200 7073 1
5604 7134 6485 6943 1
7005 7076 7017 5778 1
5997 6046 6975 7053 1
5583 6982 5989 7159 1
6794 6069 7128 6949 1
6240 7101 7155 6243 1
6633 6963 7135 5183 1
1338 6891 5221 1337 1
1282 1281 5220 6890 1
6699 6959 7163 6840 1
5330 6254 7034 7164 1
6166 7067 7066 6167 1
5607 7127 6334 7141 1
6847 6957 7160 6372 1
5942 6404 7163 6959 1
1367 6890 5220 7125 1
1282 6890 1367 6 1
1338 8 1394 6891 1
209 5224 1255 9 1
406 10 1311 5225 1
11088 16147 16082 11877 1
17166 15019 17182 12805 1
15823 15903 12881 12026 1
12083 16430 12917 16398 1
11877 16082 14455 15998 1
12884 16272 8060 16233 1
13948 16444 8884 16410 1
17076 14934 17097 12774 1
12480 16544 14705 16509 1
13194 16505 12603 16564 1
13099 16536 7775 16488 1
8601 14032 14033 15947 1
13844 17025 12798 17028 1
14393 17106 12851 17094 1
13646 16753 12650 16710 1
8353 15667 15169 14777 1
17165 13554 17183 14901 1
13227 16759 13274 16730 1
11179 16590 13387 16554 1
10953 16597 13090 16576 1
12874 16181 16225 13017 1
17097 10210 17129 14439 1
12973 17130 7828 17057 1
15902 12644 15782 7810 1
10067 16986 16001 16812 1
11467 17091 17069 14204 1
12778 17009 13133 16867 1
11165 16903 14567 16119 1
13929 17044 8663 16919 1
8619 16912 12885 16938 1
12852 16930 13835 16990 1
11919 17169 13179 17095 1
7386 17039 13162 16869 1
16987 13158 16965 11682 1
16036 16861 12838 16933 1
7645 16619 13090 16597 1
13842 13841 11917 15704 1
17151 7667 17166 14635 1
12832 16012 15929 12013 1
13100 17030 8477 17049 1
11815 15973 15882 14701 1
14742 17024 7649 16663 1
14700 16956 12660 16671 1
11830 15465 12878 14204 1
13928 17102 8614 16607 1
12663 16652 13053 16591 1
10079 16533 13112 16530 1
16589 8617 16001 13291 1
13053 16945 7749 16591 1
12494 17017 13092 16484 1
15966 12881 15903 8507 1
12776 17100 13835 16930 1
13038 16968 8881 16600 1
12924 15680 17099 17125 1
14745 16510 12494 16484 1
13128 16809 13758 16758 1
12843 17105 13025 17052 1
12946 13091 16435 16409 1
12984 17004 8481 16342 1
11181 16943 15149 16629 1
15744 16961 13128 16758 1
15794 15679 11879 11878 1
14759 17013 13222 16878 1
14777 15169 12752 14898 1
13052 17038 11025 16363 1
12795 16981 13212 16874 1
13099 16488 8884 16444 1
13585 17162 16676 16925 1
13904 16858 12789 16535 1
12837 17070 15751 17064 1
12884 16233 16184 14531 1
16269 12965 16977 7278 1
16531 14461 12605 16494 1
13642 12928 16631 7213 1
11213 17083 12924 17125 1
13598 15736 10040 13597 1
10329 17058 13112 16533 1
17043 7653 17076 14712 1
12026 17016 12957 15823 1
17088 13220 17108 10813 1
7775 16536 16676 15527 1
16181 12874 16914 11643 1
12949 14552 12138 14551 1
12760 17129 13227 16730 1
13222 16898 9766 16878 1
17062 13982 17088 15458 1
17138 17161 13039 13040 1
14350 16980 8485 16301 1
15618 13767 15830 10596 1
14999 17137 12387 17078 1
13178 16822 9752 16719 1
7717 16973 13953 16975 1
8489 16258 13017 16225 1
16655 12925 16626 11679 1
16494 12605 16724 14377 1
14455 12829 15904 15998 1
16833 12820 16239 9534 1
13799 16988 12795 16874 1
14898 12752 16817 11969 1
10596 15819 13768 15618 1
11940 16941 14531 16184 1
14753 17072 8375 16763 1
16797 7219 16970 12960 1
16364 14643 16762 12431 1
13430 12878 15465 9617 1
17145 14796 17165 9770 1
16307 14631 16735 12427 1
16965 13261 16799 14752 1
17140 13584 17110 7830 1
12387 14701 17101 17078 1
16637 7258 15912 12858 1
13849 17073 12852 16990 1
15679 17080 11881 11879 1
16815 12767 15648 9615 1
16442 12886 16860 8869 1
8638 17135 15913 16459 1
11185 16038 13135 15937 1
7663 16782 13274 16759 1
10215 15401 13004 14321 1
9520 16963 12946 16409 1
12975 12977 17112 17086 1
16825 12999 16774 10830 1
10953 16576 16556 12758 1
16093 9702 16012 12832 1
16942 7780 16923 12909 1
469 17012 14657 16275 1
17056 11820 17160 12970 1
15078 12790 14594 8441 1
16111 12816 16601 7856 1
16772 13009 16674 11272 1
16476 14623 16846 12526 1
13217 17047 13850 16816 1
16006 16995 10716 13592 1
13524 13647 11312 10726 1
13324 16996 16270 13322 1
16749 13776 16712 12540 1
16355 12771 16706 12123 1
13020 16837 16384 12042 1
17103 13930 17087 12794 1
16689 12284 16695 15587 1
16479 13941 16532 805 1
12838 17001 13385 16933 1
16551 17134 7248 596 1
12815 16918 7302 15706 1
16970 13578 17115 12704 1
17013 13159 16987 11683 1
16452 12205 12891 16371 1
11936 16999 13715 17029 1
16135 12038 12816 16111 1
12131 12132 16369 16023 1
12955 15667 16982 17019 1
16714 11593 16690 12717 1
10726 15091 13525 13524 1
12886 16442 16871 15188 1
12988 16283 16243 12939 1
13427 17007 7357 16063 1
16772 13430 16702 14099 1
13088 15533 9830 14319 1
15816 16492 12719 16887 1
14580 16715 7271 13392 1
16405 13016 16863 8275 1
16968 12477 16902 14484 1
14749 16147 16954 17003 1
12552 16767 13719 11262 1
13057 13419 7545 13252 1
12771 16355 16728 15172 1
14510 16679 7274 13219 1
11928 16914 12874 11108 1
12582 16952 16332 12031 1
16842 15741 16659 15766 1
14369 16862 7347 15810 1
16859 16239 12820 14637 1
16892 15497 16851 13056 1
16820 13577 16790 12643 1
16859 12966 16299 9530 1
16824 8656 16820 15707 1
12966 12014 16333 16299 1
13599 16964 7838 16675 1
15501 17147 15703 17061 1
7391 16928 13386 16830 1
509 16894 14688 16440 1
13016 16405 16890 12101 1
16391 15821 16891 12122 1
13094 16842 15766 8226 1
12964 15644 7810 15782 1
12841 16845 12842 11131 1
11345 17052 11919 10761 1
1315 1314 7367 7366 1
12767 12956 15770 15648 1
14780 12842 16845 7673 1
16842 13094 16793 11399 1
16020 12780 16548 1349 1
15937 13135 12499 15839 1
17019 17036 13137 12955 1
12977 12979 17156 17112 1
16438 1339 7282 7377 1
13146 13556 7527 13344 1
16685 11244 14164 16647 1
16547 10097 16577 12869 1
16478 12944 16890 8271 1
10872 16891 15821 15653 1
15704 8888 16366 13842 1
14601 16673 7299 13277 1
14691 16843 11134 9724 1
12941 13807 11466 13106 1
16325 13441 16455 10316 1
17035 9972 17047 13216 1
16794 7291 16916 12989 1
12839 11847 16008 15926 1
14142 16672 7276 14143 1
16504 13044 16871 8873 1
14578 16174 16705 9708 1
13225 16648 7304 13866 1
15188 16871 13044 11769 1
13287 16636 7175 13286 1
16618 17045 7354 589 1
13632 12910 16289 8233 1
12796 13523 16746 16717 1
12909 16923 16290 15619 1
10665 13709 13582 13581 1
16796 13010 16590 10217 1
13413 16569 7220 13155 1
14710 16581 16893 9738 1
16733 14267 16678 12567 1
16875 14214 12842 14780 1
13009 16772 14099 10510 1
12998 12996 12995 16310 1
15141 12224 14461 8459 1
14319 9830 15261 12357 1
9734 16872 14710 9735 1
16163 12608 16616 11970 1
16694 8604 16695 14174 1
12607 16860 12886 11226 1
16780 12668 11834 16798 1
12942 16681 7314 14822 1
11889 15973 17128 17173 1
7356 17178 16635 417 1
16736 15553 16805 12645 1
13377 16910 684 16545 1
16709 10518 11244 16685 1
16517 15257 16587 14220 1
16897 16969 13046 11479 1
14472 17104 13027 14471 1
10899 16817 12752 11709 1
14033 16366 8888 15947 1
12547 16550 16902 15449 1
16744 11865 16868 12947 1
16833 16172 12799 12800 1
16669 13780 16634 10577 1
7180 16786 764 765 1
16718 15772 12676 14532 1
16222 12963 16891 10872 1
17036 14407 12386 17137 1
13386 16928 17110 12797 1
16661 14594 14593 16633 1
16653 16674 13009 11312 1
16680 13525 16625 10503 1
13201 14653 16610 7193 1
12101 16890 12944 11143 1
13002 16549 7305 16389 1
13001 16495 16851 15426 1
12887 15742 16895 11499 1
15257 9887 16189 14290 1
14848 17179 12998 16310 1
16920 11193 16605 14173 1
15742 12887 16875 7677 1
11134 16425 16846 11133 1
12896 16329 12897 12894 1
12606 16916 13474 16779 1
8247 15814 13161 15815 1
12867 16692 7184 14665 1
16726 16828 14711 11225 1
16712 13778 16669 15529 1
16246 12750 16714 11977 1
15839 12499 16542 11972 1
16696 12676 15772 9552 1
14393 17163 12880 10753 1
13266 17065 10366 17026 1
17031 13927 17103 16145 1
12845 17046 16599 12846 1
16853 16940 12702 11064 1
16174 14578 16683 12179 1
7392 17079 7394 7393 1
12974 16940 11172 11173 1
7176 17018 13087 16501 1
16647 14164 16689 10124 1
14842 17067 7298 482 1
13844 16290 16923 13843 1
9716 16762 14643 9717 1
9604 13854 13738 13855 1
16067 15342 16623 12511 1
12974 12975 17086 16906 1
16249 14617 16705 11980 1
14423 14424 13175 9662 1
12670 16893 16581 12195 1
16172 16833 9534 9535 1
14391 16764 7344 13268 1
15714 16732 10667 10616 1
16103 13768 15819 11189 1
10188 16800 13445 17010 1
13085 16622 7334 14831 1
17021 15140 16994 14156 1
12911 17091 13831 12912 1
16537 13157 12944 16478 1
15458 17088 10813 10742 1
12767 16815 12007 12008 1
16718 12839 15926 9548 1
17038 13051 17021 11549 1
15644 12964 16835 15841 1
16870 15582 16761 12741 1
16038 11185 14290 16189 1
407 13198 13381 13300 1
9712 16735 14631 9713 1
12304 16273 15651 13032 1
13021 16757 7338 14873 1
12565 16235 16166 12584 1
13807 12138 14552 11466 1
12995 12994 16934 16310 1
7208 16043 12892 16808 1
12712 16621 15888 11925 1
16626 13493 16562 15074 1
12526 16846 16425 12527 1
16255 8098 16617 12860 1
16284 13136 12750 16246 1
16790 8672 16803 15762 1
7292 17115 13578 1344 1
10725 10724 13603 12049 1
15924 16369 12132 13552 1
14484 16902 16550 8877 1
16668 10478 16736 12749 1
16948 13664 12885 16912 1
16588 17131 7237 698 1
13942 16276 7200 16532 1
12820 16833 12800 12802 1
13130 13434 12972 13129 1
15928 15858 13786 13785 1
8669 16806 13627 8200 1
13800 17025 8675 7404 1
16732 15714 16644 12812 1
12837 17127 11349 11348 1
16655 12759 16608 12926 1
16706 8094 16660 12723 1
13228 11392 15382 13026 1
12098 17092 17032 11184 1
12693 11880 11881 12818 1
12799 16821 12089 12090 1
16755 13189 16612 13327 1
16053 12868 16579 10669 1
16524 13582 16487 10698 1
16256 12671 16616 11451 1
12780 16020 16318 12098 1
10974 16724 12605 11385 1
12067 16370 13208 12971 1
16408 17171 12954 14311 1
12796 16749 12540 11256 1
13114 16155 11927 16080 1
8656 16824 13702 8640 1
13214 9816 16401 13130 1
13841 13652 16221 11917 1
12966 16859 14637 12015 1
16889 12648 16899 13548 1
13055 16892 13056 10514 1
17059 13714 12973 17057 1
12851 17049 15212 10197 1
13018 17068 7200 16276 1
16371 12891 16643 7735 1
12945 17114 13929 16919 1
12951 16713 7169 13263 1
12045 16277 13545 16312 1
16621 16503 10803 15888 1
16749 12796 16717 8576 1
13702 16778 16913 10060 1
13826 17060 16571 12206 1
11386 11385 12224 17154 1
12664 16760 14247 12665 1
14127 14122 14121 13047 1
12999 16825 13001 11258 1
7248 16953 13919 17117 1
16384 10667 16732 12810 1
17079 7392 17081 13125 1
13100 17106 11247 12237 1
14377 16724 16448 11603 1
10667 16384 16837 10618 1
10518 16709 16796 8730 1
16017 10081 16677 13013 1
16192 13228 12466 16180 1
13208 8319 14357 11502 1
12747 11249 16839 16938 1
13543 12983 13197 7293 1
12759 13791 16638 16608 1
14384 16958 12840 16125 1
8839 16089 13235 15373 1
9462 17003 12939 16243 1
8102 16178 16617 8099 1
11502 14357 9962 10535 1
13545 16779 7224 13544 1
14009 16465 13383 13382 1
16860 12607 16827 14372 1
12652 16913 16778 11190 1
16942 12693 16904 13876 1
12759 16655 11679 11678 1
16940 12974 16906 12702 1
16767 12552 16645 15725 1
15568 16643 12891 11123 1
16770 13719 16767 10752 1
16778 13702 16824 12634 1
14621 7581 13493 12715 1
13119 17153 7210 17149 1
13641 17090 16359 7246 1
16583 8108 16379 12524 1
16395 9897 16445 14008 1
7207 16646 758 759 1
14417 16740 12612 12613 1
16879 11206 12240 13019 1
13982 17062 11806 10374 1
16641 12529 16596 13008 1
16837 13020 16926 10620 1
13056 16851 16495 14085 1
16811 16841 12818 12915 1
16495 13001 16825 10765 1
14273 15966 16836 16877 1
7229 17104 16388 722 1
13178 16719 16699 12709 1
16634 13782 16593 15521 1
11184 17032 12779 11183 1
14417 16752 7336 14856 1
12609 16691 15540 14058 1
10011 16025 16677 10002 1
12096 16737 15645 13269 1
12717 16690 13054 12918 1
15835 12129 11631 15833 1
12542 17042 16574 12229 1
12712 12711 16826 16771 1
13791 14534 12791 9558 1
16828 16726 12558 10592 1
12676 16696 12000 12391 1
14605 7577 16519 12681 1
13261 17098 8371 16799 1
14573 17169 13025 9863 1
13387 16590 13010 11261 1
16680 16596 12529 12528 1
16632 16694 14174 12550 1
11778 16565 12987 12986 1
12071 16324 12142 12070 1
13112 17058 12255 12183 1
13350 16840 13833 11376 1
17154 12986 13638 11386 1
16515 17123 7255 13552 1
16940 16853 13055 11172 1
16425 11134 16843 15252 1
12644 15902 15987 13685 1
13578 16970 7219 1345 1
16700 14000 16315 566 1
16644 10694 16546 12814 1
16900 11248 16818 13600 1
14802 16873 7347 696 1
12797 17110 13584 11219 1
11133 16846 14623 14622 1
9703 16683 14578 9705 1
15707 16820 12643 12638 1
16593 13784 16566 10348 1
16733 12888 16769 10113 1
12724 16738 15805 12725 1
11593 16714 12750 11592 1
13325 17053 16322 13326 1
13179 10759 17121 17095 1
13884 13912 12032 13883 1
11869 15685 16939 17085 1
16031 12583 16583 12004 1
12947 17001 11210 11941 1
13188 13189 13187 13186 1
8094 16706 12771 8092 1
16136 16881 7186 479 1
16686 16704 12912 13831 1
13986 14188 7450 14187 1
13631 17084 13023 12017 1
633 7373 632 3 1
14788 16944 7635 7636 1
12099 16448 16724 10974 1
11199 13495 13097 13466 1
16312 7294 15918 12046 1
13191 16419 7295 13471 1
13831 17091 15128 8529 1
11603 16448 12793 11602 1
12634 16824 15707 12635 1
16994 8056 16935 13022 1
16579 12260 16493 14134 1
12920 12922 13810 12923 1
16567 17142 7308 578 1
10122 10781 13031 15579 1
16892 13055 16853 11801 1
12888 16733 12567 12539 1
10324 13560 13190 13662 1
13905 16776 7202 14872 1
13362 17135 8638 7382 1
12584 16884 16210 12066 1
13108 16124 12583 16031 1
16949 16901 12988 12740 1
12942 16656 12705 11556 1
13212 16981 17087 10786 1
16010 12864 15996 7250 1
12977 12975 12976 12978 1
16804 16854 13276 8207 1
16788 12089 16821 14940 1
16193 17040 12861 14132 1
13021 16823 12734 12735 1
11970 16616 12671 11192 1
11101 16604 14593 14592 1
16581 14710 16872 12194 1
12860 16617 16178 11952 1
14321 13004 16413 8827 1
7179 16545 685 686 1
14008 16445 14009 11278 1
8873 16871 16442 8870 1
7351 16043 811 812 1
12168 16528 15713 16414 1
14214 16875 12887 12364 1
16516 14020 11766 15147 1
15412 12142 16324 11796 1
12912 16726 11225 12911 1
8841 14029 16572 8838 1
16821 12799 16172 9538 1
13067 13068 14656 14657 1
16283 9445 9446 16243 1
16475 15534 16547 12870 1
10870 11915 16528 12168 1
17072 12632 17054 14981 1
9921 16542 12499 10240 1
13220 17088 13982 11194 1
12964 12641 12857 16835 1
11193 16920 10222 10922 1
17178 13414 13997 13244 1
16834 13639 16797 16247 1
13477 17073 13849 17141 1
12987 16541 16507 13314 1
12480 16509 14623 16476 1
16693 11996 12790 15078 1
15726 13562 16215 14013 1
12839 16718 14532 11848 1
16438 16221 13652 1340 1
13314 9676 14451 13638 1
16406 17067 12809 14109 1
8357 14777 14898 14903 1
14780 7674 7677 16875 1
12357 15261 16451 15362 1
8668 16816 13648 7798 1
14021 13357 15355 10033 1
15239 12233 14561 7988 1
14854 16932 7182 702 1
16283 12988 16901 9451 1
7366 16734 1316 1315 1
12968 16949 12740 11800 1
15012 17140 7830 7395 1
16466 17175 12333 12115 1
14674 15334 12233 15239 1
11769 13044 12547 11770 1
16260 13663 12142 15412 1
13050 12221 11901 16407 1
16193 17015 14812 7260 1
13085 16701 13083 13084 1
13254 13894 10347 13557 1
9813 16401 9816 9815 1
16904 12818 16841 8676 1
13419 13057 12221 13050 1
16578 16641 13008 13007 1
16651 17109 7188 524 1
13180 16502 16273 12304 1
12975 12974 11173 12976 1
14149 17050 16552 12174 1
12326 16619 14742 12327 1
16155 13114 16399 7760 1
11876 16399 13114 11174 1
13177 16295 16282 13176 1
12825 16829 12824 11072 1
16467 17055 7222 592 1
775 17071 14063 16538 1
13685 15987 8621 16005 1
12835 17064 10745 11869 1
16750 16645 12552 11263 1
13548 16899 8615 8593 1
16550 12547 13044 16504 1
13919 16953 15651 13917 1
10752 16767 15725 8952 1
12940 17144 13131 11797 1
9890 16623 15342 9888 1
12680 16810 15589 13388 1
16901 16949 9463 9455 1
12015 11696 12014 12966 1
16429 15408 16546 15716 1
7318 16606 13264 13045 1
16380 15918 7294 616 1
12529 16641 15616 11843 1
16949 12968 16955 9463 1
11695 17017 12494 11389 1
11682 16965 14752 11680 1
12773 12678 12772 12965 1
10830 16774 16457 14012 1
13149 13980 13098 13495 1
13125 17081 16972 12807 1
14587 13530 16149 14436 1
12700 16499 15251 12697 1
14621 16519 7577 7578 1
16519 14621 12715 12682 1
13451 16906 10446 16004 1
15486 17063 12991 13565 1
13137 17137 14999 11712 1
7409 16295 7761 7407 1
17132 13168 13193 13433 1
16383 16524 10698 13983 1
16555 12481 16594 13205 1
13766 13771 10119 13765 1
15569 16169 16643 15568 1
14299 8824 8827 16413 1
16124 8103 8106 12583 1
16145 17103 12794 12686 1
13843 16923 7780 7408 1
16645 16750 12586 10098 1
16694 16632 8620 8605 1
10736 10738 16298 11189 1
12172 17023 16426 12109 1
13229 15627 7886 15646 1
15497 16892 11801 15349 1
13885 16883 16176 11966 1
13466 11253 11197 11199 1
13432 7365 16496 12223 1
14307 7701 7698 7697 1
9720 16789 14691 9721 1
16604 12211 16584 12250 1
12888 12889 16791 16769 1
12116 16979 16339 12060 1
9708 16705 14617 9709 1
16469 15820 16568 12272 1
13172 13626 7440 13170 1
7372 16456 12859 16453 1
16401 9813 9812 13434 1
13129 11502 10535 11354 1
16436 17002 7321 751 1
16496 13292 16687 12051 1
16140 12513 16334 7904 1
1323 7364 16360 1324 1
7780 16942 13876 7410 1
14656 16983 7267 16275 1
13215 13967 7902 13465 1
11253 13466 16407 11901 1
16596 16680 10503 14069 1
13674 16947 13675 13673 1
10132 16340 11199 11197 1
13295 11948 15875 11067 1
7178 17148 16463 463 1
10353 17008 12963 16222 1
8371 16763 8372 8370 1
7168 17014 15941 708 1
14029 8841 16151 13096 1
12836 16899 12648 11168 1
16362 16398 12917 14189 1
12332 17126 16434 12107 1
12715 13493 12925 12684 1
16899 12836 16036 8615 1
12284 16689 14164 11245 1
13972 16909 16400 14038 1
16959 17032 13042 10701 1
15078 8438 8437 16693 1
12793 16420 16392 13175 1
16787 12007 16815 14243 1
12645 16805 12952 11255 1
11602 13175 14424 11099 1
12357 12356 11975 14319 1
16698 17033 7348 570 1
12815 16915 14367 12743 1
13206 13026 11995 12993 1
8271 16890 16405 8272 1
14567 16903 11882 10807 1
14273 16897 11479 14272 1
7777 7773 9923 16729 1
14178 11955 11186 12608 1
14218 16876 12785 14217 1
7279 16293 13328 16612 1
13283 16966 7238 15934 1
7322 16864 14249 14807 1
13639 16834 7297 1347 1
621 7293 13369 620 1
10765 16825 10830 10523 1
16741 11118 16649 12649 1
7183 16742 12950 14638 1
16358 12923 16378 426 1
16977 12965 16291 582 1
10217 16590 11179 10594 1
10209 12099 10974 10587 1
13174 16011 8784 13626 1
12554 16711 14426 14425 1
16969 16897 12718 10749 1
16460 17144 7300 739 1
7735 16643 16169 7732 1
15567 8257 16529 11883 1
16462 15513 16668 13453 1
16465 14009 16445 15599 1
15956 17133 12863 11242 1
8663 16607 8627 8662 1
7218 16666 13568 1356 1
13987 16383 13983 13984 1
11244 10519 11245 14164 1
16828 12662 16766 14711 1
16641 16578 8559 15616 1
12654 15729 16447 15845 1
16113 13845 12484 13881 1
9816 13214 16461 9817 1
17146 13410 16624 16302 1
13776 16749 8576 13775 1
15137 16708 7175 790 1
12698 16337 13111 12699 1
8099 16617 8098 8097 1
15772 16718 9548 9549 1
13701 16422 13680 13700 1
11716 12949 16483 12681 1
13283 16931 12768 12769 1
8869 16860 14372 8866 1
8319 8318 8316 14357 1
7310 17084 16248 710 1
11567 16149 15800 12141 1
12162 16527 14249 14248 1
12830 16976 16470 14119 1
11463 17122 11464 10774 1
16413 12104 12103 14299 1
13708 17127 12835 13117 1
9702 16093 16683 9703 1
12916 14198 7192 14197 1
10406 15095 13887 14889 1
9722 14191 13251 13534 1
16378 12923 13810 7211 1
12879 16008 16751 16788 1
12643 16790 15762 12640 1
14659 16918 12742 11624 1
16317 15407 16429 10693 1
13556 13146 13143 13142 1
12983 11330 11321 13197 1
11848 11685 11847 12839 1
9767 17145 9770 9769 1
16446 12808 16380 617 1
13096 13095 12330 14029 1
13275 16720 7290 608 1
13030 13029 16419 16424 1
12710 16665 15450 13974 1
12032 11039 11037 15464 1
12797 11047 12834 13386 1
12868 16053 12155 16925 1
15754 13040 16693 8437 1
11219 13584 12155 12154 1
15502 16725 7299 743 1
12205 11350 11123 12891 1
16761 10032 16682 14092 1
16448 12099 16420 12793 1
12825 16880 14860 15348 1
12908 17033 13226 13398 1
15818 15785 13211 13285 1
16304 13192 12671 16256 1
13416 16933 8665 8624 1
12561 16814 15961 12173 1
13653 16497 9922 16490 1
12456 13818 16061 13830 1
11502 13129 12971 13208 1
7233 16907 12817 14841 1
12794 16981 11867 12686 1
13900 16841 14399 7774 1
16969 11854 16950 13046 1
11201 17028 11202 10706 1
13549 16984 13774 16922 1
12024 13200 13199 11368 1
12329 16572 14029 12330 1
16522 15590 16439 12178 1
12660 16629 12661 11718 1
16178 8102 16124 13108 1
16125 12840 16914 11928 1
10111 17048 16865 8722 1
7219 16797 13639 1346 1
11039 12032 13912 11041 1
643 7358 15864 642 1
10813 17108 13425 10741 1
7316 16847 13260 13259 1
11753 12469 14480 12152 1
16524 16383 12610 12611 1
16802 10674 16707 13635 1
11935 17029 12020 11937 1
12968 15293 16978 16955 1
8842 16151 8841 8840 1
763 16786 14227 16775 1
10352 16417 15641 8771 1
16754 16827 12607 12604 1
11980 16705 16174 11664 1
15712 7763 16414 15713 1
15114 16420 12099 10209 1
14828 17171 7313 503 1
11977 16714 12717 10848 1
14889 13887 13886 8026 1
7365 13432 13431 1365 1
12955 13137 11712 11711 1
16565 11778 10710 11084 1
16611 17000 14862 16966 1
12894 16784 12893 11082 1
12906 16985 16198 16231 1
13173 16449 13174 13172 1
11248 16900 15898 10784 1
12610 16309 10774 11464 1
12772 16807 7173 16291 1
16417 10352 16250 12291 1
13151 16453 12036 11384 1
16285 16997 12781 15749 1
10559 15602 13273 14019 1
16304 8815 8816 8819 1
16462 13460 16381 11336 1
11578 15629 15611 14530 1
15709 13358 13359 15690 1
15188 10858 11226 12886 1
13737 16423 13739 13736 1
16670 12000 16696 14982 1
13419 7541 7542 7545 1
8251 15780 13102 15814 1
16621 12712 16771 13698 1
8764 15579 10165 8762 1
9766 16898 17145 9767 1
12693 16942 12909 11880 1
13218 13115 12027 16218 1
17063 16363 10513 17105 1
16513 16908 7342 538 1
14405 16628 522 17177 1
16729 13664 7779 7777 1
13701 16539 15669 15634 1
11323 11324 12927 12928 1
13848 16990 7827 7820 1
13136 15059 11592 12750 1
16503 16621 13698 13696 1
14897 16822 12778 10202 1
16726 12912 16704 12558 1
7279 15855 638 639 1
7715 14318 13338 14002 1
7199 16934 14861 437 1
7436 8786 13989 7434 1
12188 16945 13053 11484 1
10002 16677 10081 9998 1
13934 16414 7763 13933 1
11108 12874 13017 14349 1
10629 17147 15693 10630 1
11887 17073 11962 11961 1
9841 9843 11766 15021 1
14631 16307 16762 9716 1
13370 8654 10160 16308 1
8481 17004 8482 8480 1
12991 17105 12843 12844 1
16534 13568 16666 16194 1
12733 11125 12695 16806 1
15674 11846 16630 9923 1
11189 16298 13934 16103 1
15932 9994 9998 10081 1
16843 14691 16789 12627 1
13150 13644 7517 7519 1
11451 16616 12608 11186 1
11990 12606 16779 16277 1
12840 16958 11090 11643 1
12352 14061 14062 14063 1
12475 13004 15401 15628 1
13092 13091 12241 14725 1
15373 13235 13236 13239 1
13396 12748 16729 9923 1
14712 17076 12774 12532 1
12250 15117 16633 16604 1
10081 16017 13111 15932 1
16351 15641 16417 12293 1
15579 13031 13199 10165 1
12081 16377 16292 14190 1
13210 13465 7906 13285 1
15791 13367 13368 15781 1
13501 10615 10617 10686 1
7283 16687 13292 1363 1
14214 14151 11131 12842 1
16934 12994 16332 14861 1
14218 16974 7196 15955 1
14190 16292 16235 12565 1
13005 17152 16553 11839 1
16566 13786 16482 15171 1
11952 16178 13108 11145 1
13113 12245 11955 15967 1
16543 8833 8834 8837 1
9699 16012 9702 9701 1
7369 16852 15844 15843 1
10669 16579 14134 10658 1
7205 16947 16196 656 1
8659 8628 8629 8660 1
12989 16916 12606 11285 1
12632 17072 14753 11227 1
14138 16387 16150 10711 1
12070 12142 13663 13190 1
7578 7580 7581 14621 1
16324 12071 16313 12135 1
16263 12765 16219 10310 1
15147 11766 9843 9845 1
8657 16412 10055 8634 1
13425 17108 13231 13232 1
16011 13174 16449 12492 1
7391 7389 7390 7392 1
7379 7377 7378 7380 1
14821 17152 7335 704 1
1322 16359 7364 1323 1
13087 16457 16774 13000 1
14150 17015 12360 11829 1
10891 11859 13529 13528 1
16180 12466 16387 14138 1
605 606 7372 7374 1
11250 16839 11249 10739 1
16461 15893 13360 9820 1
9900 16000 16412 8657 1
14399 16811 8890 8725 1
10366 16755 13718 10126 1
8833 16543 13380 10215 1
13192 15335 11192 12671 1
11944 16334 12513 11115 1
9770 17165 14901 9771 1
15977 17037 12035 11906 1
7397 15012 7395 7396 1
12050 16146 13522 16341 1
16804 13627 16806 12695 1
16943 14734 16893 12670 1
13789 16758 13757 8196 1
12962 16885 12961 11274 1
8108 16583 12583 8106 1
11325 16289 12910 11136 1
10587 17174 10028 10209 1
10618 16837 10620 10619 1
12875 16750 11263 12130 1
13682 13810 12922 13809 1
11618 15375 15334 14674 1
7649 17024 7646 7648 1
11230 17168 12075 12074 1
8319 13208 16370 8320 1
16320 15411 16331 11930 1
10124 16689 15587 8579 1
12464 15266 12465 12127 1
15172 16728 15332 8088 1
13096 16151 15763 12005 1
12929 16960 12930 11277 1
14892 13234 13506 13498 1
8485 16980 8486 8484 1
9737 9740 13502 9736 1
16595 14221 16587 11355 1
16528 13396 16630 15713 1
14267 16733 10113 9895 1
11198 11197 11253 11900 1
16031 11031 11145 13108 1
11866 15828 13367 15791 1
8823 8822 8824 14299 1
16449 13173 16131 13965 1
12672 17051 16486 12192 1
12907 16900 13600 10756 1
15742 7678 7681 16895 1
13458 16189 15993 13457 1
15992 12537 16110 11918 1
16877 15336 12718 16897 1
7611 13506 13234 13332 1
14859 16609 7276 456 1
7717 16975 7714 7716 1
14370 16967 16471 12148 1
13116 16870 12741 12059 1
527 528 15706 7302 1
11136 16922 11135 10717 1
12669 16654 16251 12079 1
13669 16727 15672 13667 1
15021 11766 14020 7549 1
14635 17166 12805 12690 1
16039 13303 16118 11933 1
15713 16630 11846 15712 1
16415 7246 1320 1319 1
16190 8889 9579 10566 1
15849 16959 10701 10675 1
11679 16626 15074 11677 1
15932 13111 16337 13705 1
10786 17087 13930 10787 1
11408 11410 13047 14121 1
16367 12218 16281 11991 1
14617 16249 16735 9712 1
11195 16728 16355 11110 1
12869 16577 12871 11176 1
7541 7538 7540 7542 1
16335 12787 16450 8603 1
12960 16970 12704 11963 1
11821 15732 13358 15709 1
13883 12032 15464 13805 1
8151 16433 13093 15760 1
13383 16731 13232 17120 1
16477 10777 16521 12803 1
16137 13394 16352 15511 1
7240 17113 14877 551 1
8629 8618 13420 16992 1
12728 17119 12732 12729 1
11084 16584 14554 16565 1
10923 16658 15650 10158 1
14882 12560 16064 8020 1
16475 16376 15558 8933 1
12679 16807 12677 10947 1
13357 15873 7872 15355 1
13073 16983 13071 13072 1
11956 10842 12050 12080 1
810 811 16043 7208 1
12810 16732 12812 12811 1
14407 17036 14549 8345 1
12703 16490 10244 11882 1
16168 13451 16004 8269 1
13227 17129 10210 7659 1
16027 9191 16002 12396 1
12812 16644 12814 12813 1
16407 10461 14056 13050 1
14816 17107 7177 781 1
12123 16706 12723 12355 1
13984 13986 16217 13987 1
11856 16424 13191 12244 1
8602 8583 8603 16450 1
12033 15761 13989 13988 1
8718 10119 13771 8720 1
8275 16863 15874 8276 1
16344 13195 15335 13192 1
10371 17120 10089 10370 1
14260 16946 12751 14259 1
12656 16451 16421 13360 1
16468 11198 16481 12703 1
16337 12698 16152 10010 1
13041 17161 12013 15929 1
12540 16712 15529 10871 1
15918 16380 12808 12048 1
15630 16592 16025 10011 1
10718 16874 13537 10670 1
786 7301 14804 785 1
16640 8620 16632 15794 1
16190 13739 16423 14206 1
12879 14940 9542 9544 1
8783 17184 13406 8781 1
16331 12659 15617 11266 1
10842 10843 16146 12050 1
12967 16598 7242 14874 1
10694 16644 15714 10614 1
12722 16150 16387 10940 1
13568 16534 7296 1357 1
16232 8929 16278 12518 1
15780 8251 8252 8255 1
14120 16347 13177 11218 1
11794 13195 12103 11795 1
12682 11717 12681 16519 1
8465 15595 13461 15506 1
12069 13190 13560 12072 1
8837 16572 13510 16543 1
14687 14688 12935 12932 1
12873 17077 12872 11515 1
13876 16904 8676 7412 1
16347 7761 16295 13177 1
16305 13105 16264 10563 1
13327 16612 13328 13324 1
7180 16773 14375 13120 1
7389 16830 8601 7387 1
15000 17101 9788 9785 1
15760 13093 13792 13113 1
8600 16972 17081 7390 1
16377 12081 12082 16404 1
13832 16777 14829 7231 1
13940 13938 13939 13941 1
14188 13986 13985 8786 1
14809 799 800 7257 1
10716 16600 8882 10715 1
13427 17020 13426 11865 1
16228 13630 16381 15697 1
10834 17026 10300 10301 1
8722 16865 8778 8723 1
9662 9661 9659 14423 1
12396 16002 15979 14483 1
13503 16037 13246 13502 1
10577 16634 15521 10094 1
14512 16974 12821 11532 1
12559 16064 12560 11080 1
14128 13047 11410 11412 1
11141 16930 11142 11140 1
7281 16427 1318 1317 1
9758 9760 12161 14690 1
13133 17009 11674 11673 1
8819 16344 13192 16304 1
16565 14554 16541 12987 1
16300 11232 16139 12217 1
13807 12941 14162 9866 1
16373 17079 13125 12020 1
635 7287 16177 634 1
634 16177 7373 633 1
16314 12763 16263 15531 1
16721 10835 12502 16613 1
14178 16108 8143 15967 1
11267 11265 10181 15390 1
14220 16587 14221 9890 1
12524 13470 13095 12005 1
14814 16657 7304 574 1
14940 16821 9538 9539 1
16014 17006 13063 13064 1
16268 15894 12465 13821 1
10724 15478 13604 13603 1
13451 16168 11951 12702 1
7249 16996 15865 641 1
15741 16842 11399 13687 1
12961 16245 13018 12196 1
12168 16298 10738 10870 1
10775 10372 10373 10776 1
12558 16704 15398 10110 1
7363 17005 16394 16288 1
10033 15461 14022 14021 1
7311 16538 14062 17077 1
13970 16688 13971 11339 1
12608 16163 16108 14178 1
16570 16594 12481 13795 1
7607 14159 13498 13506 1
15898 17083 11213 10863 1
14373 16601 12187 11169 1
14472 17158 14820 16388 1
11109 15599 9899 10741 1
13024 17131 14468 11671 1
11260 17094 11098 11099 1
9815 9816 9817 9818 1
14687 16960 7275 16440 1
14530 15611 12576 15597 1
13398 13399 12667 12908 1
12763 16314 12762 12063 1
11367 17172 13961 8685 1
9762 16878 9763 9761 1
14092 12056 12057 12741 1
13252 7545 7546 7549 1
12865 16998 12866 12191 1
10348 16566 15171 9915 1
13051 17038 13052 11137 1
13835 17100 13834 7827 1
11925 11135 12711 12712 1
13547 16213 16133 13802 1
16568 8205 15741 13687 1
15511 16352 12722 10440 1
16223 16991 7346 519 1
15558 16278 8929 8930 1
12051 16687 15956 11241 1
8672 16790 13577 8610 1
12802 14645 14637 12820 1
11549 17021 14156 14175 1
14318 15596 13339 13338 1
15891 10665 13581 13295 1
13767 10119 8716 8681 1
13430 16772 11272 12878 1
16080 13134 11174 13114 1
7325 17041 15795 798 1
14851 17119 7244 501 1
14122 14127 8161 14124 1
605 7374 604 2 1
8818 8820 8819 8816 1
9761 9764 13490 9760 1
7549 7546 7548 7550 1
9891 16678 14267 9892 1
16130 10977 16208 14112 1
15506 13461 12273 15496 1
16221 16438 7377 7379 1
15697 16381 13460 7733 1
14222 11221 16766 14223 1
10772 11396 11397 13672 1
14843 16615 7169 664 1
16382 13435 13434 9812 1
12963 17008 12121 12122 1
16211 16586 12890 12201 1
14041 16385 14042 8753 1
9852 9855 16508 10573 1
12749 16736 12645 11344 1
16399 11876 16385 14011 1
12649 16649 12305 12048 1
16017 12701 12699 13111 1
11941 16066 12948 12947 1
15610 13672 15931 8951 1
13614 13615 14337 9576 1
8207 8203 13627 16804 1
11084 10710 10292 12250 1
16100 11640 16102 12010 1
13742 16962 7190 15943 1
13635 11398 11183 12779 1
16896 12720 16944 14788 1
15670 16431 12082 10507 1
16561 10584 16522 12187 1
13216 17047 13217 11483 1
13042 17092 13043 11187 1
7429 7440 13626 7427 1
16150 12722 16352 11298 1
10673 15950 16367 10655 1
9711 9714 13343 9710 1
10615 10614 10616 10617 1
16827 16754 11195 10481 1
15515 10041 10014 10016 1
14299 12103 13195 8823 1
12127 12465 15894 12126 1
13491 13492 14690 12161 1
12483 15467 12484 12140 1
16334 11944 16303 14315 1
16728 11195 16754 15332 1
16298 12168 16414 13934 1
15971 10055 16412 12921 1
13167 13166 9208 15454 1
12659 16331 15411 10280 1
13865 16393 16071 12001 1
16603 15544 16783 11250 1
16503 13696 15479 16396 1
16187 13828 10878 11727 1
16247 16797 12960 16099 1
7293 621 622 13543 1
12822 16637 14682 10822 1
8323 17176 8324 8322 1
16219 13339 16161 15472 1
15860 12030 16167 7750 1
12902 12903 12900 12898 1
12826 16540 16521 10827 1
10846 12069 12072 15167 1
13394 16137 10977 16130 1
16159 12199 16204 12271 1
9754 14690 13492 14689 1
15264 16181 11643 10367 1
13242 16703 7247 13243 1
7191 17050 14867 452 1
15794 16632 12550 15679 1
12455 15165 12456 12125 1
12659 12128 15559 15617 1
7257 16885 14073 14809 1
10430 15572 13345 15547 1
8837 8836 8838 16572 1
12107 16434 14245 11148 1
12104 16413 13004 12475 1
7195 17042 14803 532 1
15814 13102 13103 13161 1
15830 8681 8680 8683 1
11066 16492 13908 8588 1
16854 11126 16768 12875 1
13616 13614 9576 10220 1
12180 15119 10906 11546 1
10185 17010 10184 10057 1
14135 16955 11446 10865 1
13596 7519 7520 7523 1
12939 17003 12150 12740 1
16993 10625 16926 13020 1
8205 16568 15820 8202 1
12804 16991 14403 14402 1
8367 16799 8368 8366 1
13933 13762 16103 13934 1
13331 16500 13330 13326 1
554 555 14856 7336 1
7253 17020 16063 823 1
13316 16033 10287 15972 1
13647 13524 11271 10828 1
8615 16036 13416 8613 1
13468 14938 8439 14939 1
16054 12553 16115 11939 1
9824 16451 15261 9825 1
9615 9608 14243 16815 1
16450 13420 8618 8602 1
13660 16783 15544 15459 1
13822 16516 10573 16508 1
16560 13604 15478 8551 1
13453 16668 12749 13452 1
7241 17051 14811 492 1
16134 13054 16690 14442 1
15920 13371 13372 15905 1
12206 16571 12208 12207 1
14846 16650 7344 477 1
7542 7540 7543 7544 1
12133 13253 13534 13251 1
10167 16896 14788 7639 1
7720 7722 7721 7718 1
9860 10244 16490 9922 1
9769 9772 13310 9768 1
16179 16810 7213 587 1
16239 16859 9530 9531 1
13117 17085 13116 12059 1
8445 16633 15117 8446 1
8838 8839 8840 8841 1
7547 13542 13267 13541 1
12391 14555 14532 12676 1
15119 12180 13555 13280 1
16141 13359 16142 11976 1
7608 7607 13506 7611 1
12662 16828 10592 10938 1
10564 16564 10814 10565 1
16498 11052 12657 13380 1
10781 11430 13248 13031 1
12969 11807 12970 17160 1
14197 17159 12992 14196 1
16075 16840 7235 576 1
15872 12877 16224 15827 1
13809 12922 16000 13808 1
15909 13122 16785 12897 1
14605 16483 7573 7574 1
10615 13501 16244 10613 1
13577 16820 8656 8625 1
12006 16206 16183 13994 1
13596 13142 13139 13138 1
16972 8600 16997 16285 1
16059 13886 12553 16054 1
16308 12059 12058 13370 1
8233 16289 13169 13333 1
13333 8574 8232 8233 1
7198 16929 16454 444 1
15362 15339 12356 12357 1
16053 13746 12154 12155 1
12156 15058 10874 11744 1
15890 12507 16016 11885 1
12220 12222 16497 13653 1
13719 16770 16795 11264 1
15653 15821 12188 10914 1
8233 8232 8219 13632 1
15599 16445 9897 9896 1
13418 16888 757 16646 1
7660 16759 7659 7658 1
13533 9714 9715 9718 1
16423 13737 16354 7471 1
12229 16574 12231 11171 1
9779 9782 13485 9778 1
13035 15780 13034 12982 1
14602 11200 11797 13131 1
12152 15161 10876 11753 1
9811 9814 13464 9810 1
13292 16496 7365 1364 1
15336 16877 8503 8500 1
13674 17037 15548 16196 1
12779 16959 16802 13635 1
11126 16854 12695 11125 1
13026 13206 11164 13228 1
7523 7520 7522 7524 1
16151 8842 8845 15763 1
9451 16901 9455 9452 1
8631 16209 13867 8622 1
16491 15476 16603 15498 1
16154 12713 16372 10100 1
13261 16965 13158 12792 1
12175 15060 10902 11566 1
12481 16555 10783 10862 1
11969 10281 14903 14898 1
7396 17059 7398 7397 1
12646 16069 11961 11962 1
15967 8143 8144 8147 1
8103 16124 8102 8101 1
16351 14022 16186 11074 1
16194 16666 13028 11959 1
13400 14388 11364 14387 1
16104 14106 14105 9622 1
15687 14339 14341 13588 1
12766 17113 16526 12620 1
16356 16548 12780 12068 1
9918 11103 16540 16575 1
7398 17057 7400 7399 1
16268 9782 9783 9786 1
12654 12655 11845 11844 1
12129 15835 15836 13332 1
13906 16535 10329 10073 1
15211 13256 13533 13253 1
13670 17150 7351 13669 1
14023 7776 7778 14599 1
13239 13236 13238 16252 1
14136 16950 14347 9630 1
7333 16876 15955 490 1
13561 16215 13562 12072 1
15527 17162 15012 7397 1
13379 15852 15842 13378 1
7316 16520 14806 485 1
16950 11854 16028 14347 1
9797 9800 13478 9796 1
11801 16853 11064 10714 1
13889 12180 11546 12144 1
10825 15936 16277 12045 1
13255 15954 11365 11366 1
14130 17156 8259 8260 1
16227 12646 16353 11334 1
7303 17159 16365 541 1
9618 9610 9616 9619 1
13428 14464 11395 14463 1
13293 15626 7254 628 1
16097 14561 16102 14722 1
15972 13717 12002 13316 1
7307 17046 14853 668 1
12258 16493 12260 12259 1
8213 16887 16747 15656 1
16033 8749 8747 10287 1
15383 17011 15293 11799 1
10674 16802 15849 10663 1
16169 15569 16557 7731 1
10493 16302 13750 13748 1
10598 10600 15891 11067 1
15815 13161 16305 13898 1
7349 16917 15943 549 1
10760 10439 10441 13206 1
12232 11297 11639 14702 1
13207 16886 15941 12855 1
15408 16429 15407 15405 1
14323 16917 16062 14322 1
13029 16911 13612 16419 1
14818 17111 15805 7341 1
10446 17086 10445 8265 1
830 16951 15969 829 1
13176 16282 8887 16218 1
14093 16237 10087 16238 1
9733 9736 13336 9732 1
12468 15313 12469 11753 1
13705 16337 10010 9996 1
15899 14145 9354 14295 1
13460 16462 13453 13459 1
12046 15918 12048 12047 1
12177 13271 13541 13267 1
11973 13088 14319 11975 1
14702 9107 14900 12232 1
16439 10049 16393 13865 1
15656 16747 11910 9987 1
15688 13559 16040 13932 1
9548 15926 9545 9547 1
13141 13139 13142 13143 1
15252 16843 12627 12434 1
13465 7902 7903 7906 1
13365 15752 15745 13364 1
13480 14412 9372 14155 1
14855 17155 15540 7330 1
7529 13566 13281 13563 1
14063 17071 16390 12352 1
13361 13166 13168 16326 1
15063 13098 13980 7531 1
10619 15857 10686 10617 1
13988 13989 8786 13985 1
11224 17069 12911 11225 1
7837 7839 13508 8671 1
14981 17054 14683 8379 1
16108 8140 8141 8143 1
13693 13164 12135 16313 1
11176 16710 10470 10471 1
16206 12006 11279 13361 1
11194 10889 12034 12990 1
12512 16067 12511 12510 1
13604 16578 13007 13603 1
13969 9958 16007 13270 1
12859 16639 12217 12036 1
12366 14156 13022 11998 1
9893 16314 15531 9889 1
7531 7528 7530 7532 1
16183 10994 11115 12513 1
7545 7542 7544 7546 1
9809 16382 9812 9811 1
7906 7903 7905 7907 1
7207 16765 13132 14207 1
11996 16693 13040 13039 1
15544 16603 15476 8785 1
12477 16968 13038 11785 1
15761 7440 7432 7434 1
16368 16937 7206 511 1
13142 13596 7523 13556 1
16208 10318 16182 12658 1
15771 16640 13973 15643 1
17079 16373 8236 7394 1
12783 10900 11261 13010 1
15302 13608 15237 13605 1
16311 16316 12112 13211 1
7548 7547 13541 7551 1
16012 9699 9698 15929 1
16750 12875 16768 12586 1
15882 15973 9792 9789 1
16316 16320 12105 12112 1
9552 9553 14982 16696 1
12277 16577 10097 8939 1
11031 16031 12004 11581 1
13263 16615 12572 13397 1
15725 16645 10098 8950 1
12601 16620 13949 12317 1
7524 7522 7525 7526 1
12682 12715 12684 12683 1
10510 10726 11312 13009 1
14483 15979 11922 15951 1
10844 16671 10092 10169 1
16586 16211 10763 15861 1
11209 16861 15775 10931 1
12157 14306 15948 14379 1
13255 14298 10193 14297 1
13344 7527 7528 7531 1
14822 7314 495 496 1
7772 16114 16092 7799 1
14190 10785 10508 12081 1
13124 16748 7360 13209 1
15904 12829 16895 7681 1
15369 13752 13749 13751 1
8507 15903 8508 8506 1
15138 17078 15000 9784 1
11061 10540 16396 15479 1
16204 13229 15646 8731 1
13742 16917 14323 13741 1
14793 17164 11834 10221 1
13165 17093 10819 12121 1
8620 16640 15771 8607 1
17093 13165 16927 12827 1
11038 11040 12272 13687 1
12921 16000 12922 12920 1
15641 16351 11074 8767 1
8637 15578 7817 7819 1
15455 13450 15984 14570 1
12184 13280 13563 13281 1
9581 15683 10566 9579 1
10709 10589 16309 13987 1
14734 16943 11181 9742 1
8218 16826 13773 7848 1
12774 17097 14439 12534 1
16084 13318 16096 11945 1
12775 11139 16404 16431 1
13523 17157 8668 16746 1
13469 14479 9808 9810 1
10566 16296 13739 16190 1
7291 16794 13391 611 1
7854 15928 13785 15880 1
7289 630 13182 13184 1
11819 17080 15679 12550 1
11080 12560 13963 10926 1
16162 13030 16424 15711 1
17151 16782 7663 7664 1
10987 15839 11972 10990 1
12060 16339 14257 11306 1
13205 16594 11216 12200 1
13883 13882 10642 13884 1
14134 16493 10673 10656 1
13650 16808 12746 16128 1
16165 16884 12584 16166 1
16013 10314 16138 12520 1
13231 17108 13220 12990 1
13412 14265 7497 14264 1
8730 16796 10217 10216 1
16227 10479 16069 12646 1
7716 7715 14002 7719 1
13953 16973 11430 11083 1
13348 13167 15454 7890 1
9958 13969 15304 14007 1
7530 7529 13563 7533 1
11113 16582 15863 10659 1
11782 15119 13280 12184 1
11079 16730 11920 11628 1
12165 13337 13507 16055 1
12117 13254 13557 12120 1
14020 16516 13058 13252 1
11435 15945 13340 11436 1
10995 10172 13892 16128 1
13498 13497 11400 14892 1
11355 16587 15257 14290 1
15498 16603 11250 10739 1
16348 12762 16314 9893 1
14692 13591 14977 13590 1
13223 410 16432 16936 1
15885 13262 16209 8631 1
7776 14023 16114 7771 1
12209 13263 13397 12210 1
8265 8266 16004 10446 1
13385 17001 16868 11331 1
9772 14154 13230 13310 1
11030 15893 11354 10535 1
13030 16162 16056 11960 1
7326 16884 14847 658 1
13135 15403 10240 12499 1
10170 16505 10823 10171 1
10518 8729 10519 11244 1
15946 17175 7324 734 1
13891 8210 8206 8207 1
10913 11524 12189 14396 1
12814 16546 15408 15409 1
13994 16183 12513 16140 1
9953 16007 9958 9957 1
13153 16627 7312 14241 1
13441 16325 13439 13440 1
14534 13791 11678 11111 1
13198 13282 12904 13381 1
11762 17138 15194 11760 1
13147 13146 13344 13980 1
12520 16138 15975 12521 1
11256 15720 13523 12796 1
9596 16702 9594 9595 1
11331 16868 11865 11128 1
16818 15877 16654 12669 1
13315 12161 9760 13490 1
15659 16745 7212 651 1
16242 12024 14146 14148 1
12436 14396 13588 14341 1
10879 12117 12120 15220 1
7822 16939 15685 7784 1
9819 9822 13375 9818 1
12714 16372 12713 11947 1
8511 8508 15903 15823 1
15927 16091 12503 15474 1
11764 15060 13271 12177 1
10544 15728 15888 10803 1
12925 16655 12926 12684 1
12305 16375 16164 12047 1
8165 17180 8162 8164 1
12180 13889 16009 13555 1
9820 9819 9817 16461 1
11818 11819 12550 14174 1
12260 16579 12868 12261 1
13636 16582 13689 13688 1
15568 10799 11129 15569 1
9718 13534 13253 13533 1
9518 15765 13640 15413 1
9445 16283 9451 9450 1
13486 15614 8813 14238 1
14457 16752 12616 12617 1
13534 9718 9719 9722 1
13540 14648 11421 14647 1
13730 16079 14105 13740 1
13524 13525 12528 11271 1
13951 16769 12102 10770 1
16106 12012 16117 11543 1
8823 13195 16344 8820 1
12293 16417 12291 12292 1
16173 12054 16238 15938 1
13657 16803 8672 8589 1
16060 13246 16037 13499 1
16296 13738 13736 13739 1
14298 13255 11366 11788 1
14525 16541 14554 14553 1
10186 15975 16138 10187 1
12969 17143 13294 17122 1
12408 16684 14765 12409 1
14039 16622 13086 14037 1
12959 17142 13527 13526 1
10105 17143 10104 9968 1
14823 16614 7274 536 1
13723 13724 14262 9206 1
8251 8248 8250 8252 1
13967 13215 16083 10502 1
15216 16608 9562 9563 1
15169 11711 11709 12752 1
14068 7868 14047 11450 1
9459 9463 14135 9465 1
15761 12033 13170 7440 1
13587 13588 14396 12189 1
13556 7523 7524 7527 1
16649 16057 16375 12305 1
7544 7543 13542 7547 1
15311 12266 15942 12549 1
7642 16597 7641 7640 1
7840 16964 7843 7842 1
7262 17060 14819 660 1
16117 11926 16112 12541 1
7343 16946 15879 530 1
16136 17185 13609 12755 1
14092 16682 14093 12056 1
12219 15950 12258 12257 1
13348 15627 12198 11269 1
15572 10430 16127 12575 1
13518 14334 9346 14192 1
11903 12329 12330 12472 1
10693 16429 15716 10610 1
14594 12790 14592 14593 1
16090 12569 16100 11949 1
14552 12949 11033 10833 1
10055 15971 13262 15885 1
15413 13640 15392 13634 1
12018 16919 15988 10492 1
7414 8676 13900 7416 1
13747 16889 13548 8581 1
12762 16348 16395 12062 1
11297 12232 14078 11296 1
12148 16471 12149 11147 1
7509 7506 7508 7510 1
11188 13180 12304 11868 1
13871 10261 15759 13872 1
15441 17135 13362 10123 1
11862 15833 13492 13491 1
13930 17103 13927 11086 1
13644 7513 7514 7517 1
13787 8637 7819 7821 1
7546 7544 7547 7548 1
15951 11922 10965 13371 1
16267 8598 16357 15621 1
10100 16372 15876 15786 1
9610 9618 13857 9609 1
7552 7551 13536 14520 1
15855 15896 637 638 1
9738 16893 14734 9739 1
15058 12156 13483 13233 1
7384 17039 7386 7385 1
15616 8559 8548 15509 1
10013 15886 13957 10015 1
13401 15581 8821 15598 1
12223 16496 12051 11243 1
13821 12465 15266 12158 1
15978 13962 9980 9981 1
12864 16010 15826 12019 1
14589 17128 11573 10796 1
11854 16969 10749 11090 1
9362 14107 13484 15003 1
11851 16167 12030 11841 1
7551 13541 13271 13536 1
13797 17141 8670 7816 1
7332 16931 15934 450 1
7528 7526 7529 7530 1
9670 15114 10209 10028 1
16420 15114 9666 16392 1
10189 16455 10188 10187 1
15894 16268 9786 14585 1
12318 16209 13262 12319 1
12647 16770 15738 10487 1
15426 16851 15497 10139 1
15161 12152 13469 13240 1
9900 8658 9901 13808 1
16595 11094 11096 15807 1
7359 13919 13917 13918 1
15581 13401 13402 13405 1
10461 16407 13466 13097 1
10507 12082 12081 10508 1
11915 12747 12748 13396 1
16171 14522 12141 15800 1
16343 14148 16443 11129 1
16421 9824 9821 9820 1
8559 16560 8549 8548 1
11267 13352 13257 13509 1
12711 16922 13774 16826 1
11190 16778 12634 11191 1
13743 16880 13923 12314 1
14206 16423 7471 7468 1
16226 16932 12375 11982 1
10803 16396 10542 10544 1
10344 10440 10439 10438 1
16309 12610 16383 13987 1
9615 15648 9616 9610 1
13200 16175 13976 10165 1
16167 11851 16148 14051 1
15806 13867 16209 12318 1
15332 16754 12604 15224 1
10164 10522 9874 9806 1
12174 16552 14141 14140 1
12130 15721 13891 13276 1
16631 12928 16328 585 1
11490 14162 12941 11020 1
12914 15530 11449 12913 1
12511 16623 15807 11858 1
14349 16258 14350 11489 1
12257 16444 12256 12219 1
10318 16208 10977 10319 1
7404 7403 7402 13800 1
10527 15287 14054 14523 1
8590 16213 8612 8587 1
11839 16553 14611 11307 1
8721 16474 10493 8719 1
11767 17016 12026 10998 1
7802 16746 7800 7801 1
12469 13839 16052 14480 1
16005 8621 16092 13576 1
15390 13354 13352 11267 1
13165 17008 15900 16927 1
12240 16963 14907 13019 1
9714 13533 13256 13343 1
15893 16461 13214 11354 1
13128 16961 13127 11320 1
15705 12979 12980 13034 1
7804 16717 7802 7803 1
11414 13792 13093 11950 1
16561 16601 12816 11053 1
11298 16352 13394 11989 1
16379 8109 8112 13470 1
15881 16654 15877 10044 1
12897 16785 16784 12894 1
14702 11639 12569 16087 1
14005 14557 10357 14556 1
10994 16206 12009 10466 1
11264 16889 13747 8571 1
7339 16952 14845 435 1
9972 17035 15730 7764 1
13483 14583 9794 9796 1
14479 13469 12152 14480 1
517 14864 7184 516 1
11914 15951 13371 15920 1
13635 16707 13636 11398 1
8230 15736 13657 8573 1
7526 7525 13566 7529 1
7550 7548 7551 7552 1
13805 13806 13882 13883 1
16863 16791 12889 15874 1
14043 16319 16254 15860 1
14270 16957 14813 12761 1
17054 16867 13133 14683 1
11399 16793 11035 11036 1
12993 11995 12031 12994 1
10187 16138 10314 10189 1
14172 16529 8257 8254 1
15877 16818 11248 10346 1
13927 17031 13928 13926 1
13659 16783 13660 13658 1
14413 13475 12266 15311 1
11800 12740 12150 11089 1
8661 16992 16502 13180 1
636 15896 7287 635 1
11931 16083 13215 12111 1
9735 14710 9738 9737 1
14442 16690 11593 11591 1
8771 10058 10351 10352 1
16376 16475 12870 15804 1
16289 11325 16185 13169 1
16070 13963 12560 14882 1
16220 13730 13728 13731 1
10940 12466 11164 10441 1
11499 11498 12364 12887 1
10655 16367 11991 10653 1
15718 16482 11872 9908 1
9622 14105 16079 9619 1
7831 15938 10087 7824 1
11034 16115 12553 11831 1
13690 13335 10919 11439 1
16707 15863 16582 13636 1
13354 15390 8774 14060 1
15870 13721 14074 9037 1
12047 16164 15892 10826 1
10060 8641 8640 13702 1
10074 16533 10076 10075 1
9609 9605 9608 9610 1
13925 17114 10843 10789 1
12803 16540 11103 12043 1
13438 16929 13440 13439 1
13446 13445 13444 13447 1
16251 8612 16213 13547 1
7518 7516 15970 7521 1
16071 9978 16033 13316 1
13721 15870 13720 11447 1
7694 7693 14306 7697 1
13684 16469 12272 11040 1
7752 16591 7748 7751 1
12125 12456 13830 12124 1
12140 12484 13845 12139 1
8683 10152 10596 15830 1
13590 14977 12288 14978 1
13371 10965 11085 13372 1
12135 11217 11796 16324 1
15991 12566 16081 9902 1
15060 12175 13536 13271 1
16586 11910 16747 12890 1
16278 15558 16376 12296 1
13768 16103 13762 13763 1
13855 13738 16296 15683 1
9963 14125 14123 14124 1
16011 12491 14200 8784 1
13170 11220 13171 13172 1
7513 7510 7512 7514 1
13814 15915 13813 11482 1
13298 16143 12997 13297 1
13105 16305 13161 13103 1
16350 10034 16469 13684 1
16068 13815 16106 14453 1
11276 11275 14638 12950 1
10152 10511 15819 10596 1
10333 16050 15456 8925 1
13725 13723 9206 10230 1
11482 10918 11026 13814 1
11897 16072 15925 11327 1
9536 15328 13608 15302 1
12491 16011 12492 11827 1
7265 16976 14837 792 1
14864 517 518 7346 1
13404 16107 13405 13402 1
13509 13257 10502 16083 1
7263 16844 14813 755 1
14810 459 460 7317 1
16168 15963 12633 11951 1
545 7322 14807 544 1
12786 16992 13420 12787 1
14147 16443 14148 14146 1
8113 15444 8112 8111 1
8057 16935 8056 8055 1
14048 9822 9823 9826 1
7610 7608 7611 7612 1
8786 7436 7438 14188 1
14256 17148 14255 11861 1
9433 15788 9438 9435 1
12402 16466 12115 12401 1
16002 9188 9187 15979 1
15702 16882 10036 8186 1
10717 16045 11325 11136 1
14148 16343 10484 16242 1
10894 16674 12323 8539 1
11683 16987 11682 11681 1
9717 14643 9720 9719 1
8349 16982 8350 8348 1
9336 14660 13532 14947 1
11945 16096 16078 11294 1
9034 15870 9037 9036 1
10471 15776 11177 11176 1
16280 16297 11538 15379 1
16091 15927 8273 8274 1
13690 13334 11310 11440 1
13837 13302 13303 16042 1
15963 16168 8269 8270 1
15147 9850 10573 16516 1
7833 16111 7856 7855 1
10785 14190 12565 12066 1
16497 13822 16508 9922 1
10866 12143 13351 10254 1
7294 16312 13544 615 1
7700 7698 7701 7702 1
15695 10934 15719 13910 1
10755 13600 12669 12079 1
12492 16449 13965 13964 1
15789 12631 13241 8603 1
9978 16071 16393 9979 1
16024 16232 12518 14055 1
10878 10877 10177 11726 1
7403 16488 7401 7402 1
12111 13210 12112 12105 1
15521 16593 10348 9920 1
16021 14169 15935 8237 1
13593 14513 10242 14978 1
11985 16157 16156 11316 1
7507 14337 13615 14338 1
13494 9970 8655 10027 1
13740 14105 14106 11429 1
10057 15959 10186 10185 1
15971 12602 12319 13262 1
16045 12628 16185 11325 1
8320 8321 8318 8319 1
13299 16580 7331 13437 1
13558 16040 13559 12120 1
16658 12871 16577 12277 1
13724 14263 7489 14262 1
13508 8220 11334 16353 1
15580 16391 12122 10818 1
8273 15963 8270 8272 1
10310 16219 15472 9884 1
12709 16699 14700 16671 1
15407 16317 16253 15406 1
12736 16908 14198 12737 1
7252 1341 13652 13841 1
16126 15593 16253 11888 1
10010 16152 15722 10000 1
16343 10354 10058 10484 1
14040 16325 10316 10317 1
8667 16984 13838 7797 1
13579 14679 11419 14678 1
13683 13374 10933 11431 1
13950 12189 11524 12169 1
15597 12576 16127 7964 1
13229 16204 12199 12198 1
10399 15295 13340 14952 1
13605 15237 12299 14921 1
12295 12296 15804 15776 1
12784 16647 15654 15543 1
14085 16495 10765 9982 1
12060 11359 12061 12116 1
7227 16230 16200 16229 1
8749 16033 9978 9977 1
13609 17185 7298 16406 1
12791 14982 9556 9558 1
14407 14548 12385 12386 1
13323 13329 15691 13320 1
15886 10763 16211 13957 1
7713 17164 14793 7710 1
13812 13304 11291 11497 1
13870 15959 15949 13871 1
8255 8252 8254 8256 1
15270 11813 15818 7910 1
7826 7854 15880 7821 1
16443 16557 15569 11129 1
13382 15910 11278 14009 1
14007 10904 9957 9958 1
10071 7783 15685 11869 1
11939 16115 16047 11290 1
13489 16558 17115 7292 1
11123 10827 10799 15568 1
11218 13176 12027 10811 1
804 16532 7200 803 1
7904 16334 14315 7905 1
7518 7520 7519 7517 1
13630 16228 11943 15910 1
10777 16477 10351 10354 1
8101 8102 8099 8100 1
13965 13966 10685 13964 1
16007 9953 9952 13943 1
15621 16491 11132 14171 1
1325 7245 16286 1326 1
12696 16745 15300 11909 1
16144 13104 16030 8699 1
10156 16119 11940 9875 1
11063 11064 11951 12633 1
12521 15975 13870 13869 1
16049 17167 10067 8659 1
11519 16864 14409 11520 1
16037 13503 16105 11401 1
13245 13336 9736 13502 1
12189 13950 15970 13587 1
8857 16260 15412 15234 1
13898 16305 10563 8565 1
16057 16649 11118 10748 1
11439 13691 13334 13690 1
7201 17012 470 471 1
7395 7830 7393 7394 1
15529 16669 10577 10504 1
15847 11961 16069 15326 1
15827 16224 13197 11321 1
15411 16320 9967 9464 1
16259 17116 7221 646 1
14670 16921 16306 12106 1
11976 16142 16132 11314 1
14585 14584 12126 15894 1
16323 15384 16240 11061 1
7786 16912 7788 7787 1
9922 16508 9855 9860 1
11411 11413 11412 11410 1
11015 16072 12517 11435 1
11447 11299 11300 13721 1
15549 15978 10051 13935 1
8148 15760 8147 8146 1
11118 16741 12876 11117 1
15681 16809 11320 10804 1
13047 14128 8231 14127 1
16313 14351 7509 13693 1
12187 16522 12178 11169 1
16639 7290 16720 16300 1
7300 17144 14426 15796 1
7323 16585 14390 13059 1
15626 13293 13181 11231 1
12946 16963 12240 12241 1
11823 11825 11826 13218 1
11054 16480 16431 15670 1
13717 15972 14018 14017 1
9550 14693 13591 14692 1
7189 16967 14849 745 1
11221 9606 11222 14711 1
12101 10770 12102 13016 1
11876 10766 16345 16385 1
7887 7886 15627 7890 1
16055 13251 14191 12165 1
13811 11497 12546 16022 1
10917 11445 13711 13309 1
11978 12867 14665 11979 1
13898 8240 8242 15815 1
15351 12436 14341 11507 1
15656 7841 7842 8213 1
15923 12503 16091 8277 1
11206 16879 11205 10476 1
13724 13723 11428 15190 1
16137 10321 10319 10977 1
16805 8778 16865 12952 1
11942 16078 16096 11046 1
13454 14238 10235 13455 1
11264 8571 11262 13719 1
14409 16962 12819 11520 1
9825 15261 9830 9827 1
10921 13302 13851 11714 1
9881 16517 9883 9882 1
15531 16263 10310 9886 1
15836 11713 14937 7615 1
9705 14578 9708 9707 1
16085 14078 12232 14900 1
7536 7534 16009 7539 1
13703 11445 12537 15999 1
7472 16354 7475 7474 1
16806 8669 13758 12733 1
10915 10916 14379 15954 1
12126 11744 11745 12127 1
16070 8016 14756 11684 1
15976 12490 12488 13457 1
15615 16317 10693 10608 1
14327 15682 12482 11000 1
13773 13774 8667 7846 1
13415 14264 7493 14263 1
7197 14856 555 556 1
13795 16613 16506 16570 1
13697 13861 16323 15479 1
9724 11134 11133 9725 1
9810 13464 13240 13469 1
7533 13563 13280 13555 1
13851 11704 11289 13305 1
16477 16250 10352 10351 1
14800 558 559 7234 1
11999 16207 16205 11318 1
8877 16504 8874 8876 1
12678 12773 15602 13958 1
11168 10488 15775 12836 1
11396 12892 13670 11397 1
10411 14131 13519 10410 1
15863 16707 10674 10661 1
11893 15925 16072 11015 1
13644 13150 15207 13164 1
11553 13528 13346 12166 1
15588 16682 10032 7791 1
16195 16849 7231 690 1
16882 13127 16961 10036 1
12041 13243 13296 11158 1
15695 15829 10075 10077 1
11961 15847 11886 11887 1
13623 16856 816 16855 1
15883 12587 15895 8281 1
10622 16926 10625 10624 1
8743 16019 10287 8747 1
14042 16345 16319 14043 1
15530 12914 14072 10464 1
12788 16598 12254 12255 1
15391 16163 11970 10457 1
9709 14617 9712 9711 1
11991 16281 13878 13877 1
11167 13008 14069 10108 1
13399 14086 15692 12667 1
10023 16073 10301 10300 1
16252 10469 15256 13239 1
14221 15807 16623 9890 1
8503 16836 8504 8502 1
12097 12096 13269 13270 1
16085 9103 14924 11698 1
16481 13653 16490 12703 1
11259 14014 13002 13000 1
13167 13348 11269 11270 1
15719 16159 12271 13539 1
12856 17002 14269 14268 1
9878 15968 9961 9880 1
10966 14523 12280 11377 1
11042 11044 12086 13684 1
7407 16410 7405 7406 1
13475 14566 11690 12266 1
16134 9802 9799 9798 1
13946 14327 11000 11097 1
14808 7258 16637 12822 1
14305 14307 7697 14306 1
7408 7407 7406 13843 1
13853 13305 13306 16041 1
13695 13698 13694 7852 1
15968 9878 9876 14309 1
8770 16175 10484 10058 1
15466 13710 12324 15460 1
11318 13379 13378 11317 1
15895 15923 8277 8278 1
7532 7530 7533 7534 1
15975 10186 15959 13870 1
11938 16047 16115 11034 1
11957 16123 16109 11302 1
13314 13638 12986 12987 1
16353 13476 8671 13508 1
11960 13028 13029 13030 1
8252 8250 8253 8254 1
7406 7405 7404 8675 1
13693 7509 7510 7513 1
11874 16120 13345 11875 1
16076 10307 15384 13863 1
7760 16399 14011 7430 1
10044 15877 10346 10345 1
16340 13496 13495 11199 1
13554 17165 14796 14795 1
10689 16056 16162 15813 1
13916 11069 13915 13918 1
16245 16885 7257 801 1
11189 15819 10511 10736 1
15814 8247 8248 8251 1
15927 12633 15963 8273 1
15190 13415 14263 13724 1
8463 16494 15248 8464 1
15547 13345 16120 7970 1
12574 15517 16120 11874 1
15541 12666 15552 8709 1
12269 13402 13401 12268 1
8820 8821 8822 8823 1
15177 15595 14389 11370 1
13267 15356 12462 12177 1
12548 15942 15939 13468 1
11099 11098 10198 11601 1
15694 17130 12853 11947 1
16297 16303 11944 11538 1
15354 15285 8513 15305 1
14622 16509 9730 9727 1
10002 9999 10003 10011 1
13899 16264 15483 8692 1
16158 13368 16157 11985 1
10760 13206 12993 12995 1
14901 17183 10898 9774 1
10709 16217 15747 10588 1
8870 16442 8869 8868 1
10041 15515 15691 13329 1
13945 16015 13946 12197 1
7217 16801 15672 814 1
12765 16263 12763 12764 1
13808 9904 10489 13809 1
15825 9728 9729 9732 1
14469 16989 7182 16226 1
9796 13478 13233 13483 1
12054 16173 12052 12053 1
7244 17111 14818 500 1
13686 11440 12525 15965 1
9839 10939 13448 14495 1
15746 11958 16056 10689 1
13750 16624 13751 13749 1
16280 9195 16266 12688 1
11507 14341 14339 14340 1
14599 7778 7781 7785 1
15764 12787 16335 16121 1
13867 15806 15743 8630 1
8558 16173 15938 8221 1
12080 16534 16194 16095 1
16163 15391 8140 16108 1
11236 16273 11235 11070 1
9801 9804 16052 9800 1
13499 16037 11401 13497 1
13751 14172 8253 15369 1
14048 10193 14298 13250 1
9918 11871 9916 9917 1
7286 15921 601 602 1
9897 16395 16348 9894 1
16361 17136 12901 16832 1
8574 8577 8557 8232 1
11925 15888 15728 10562 1
8632 15885 8631 8623 1
12849 16776 12850 12848 1
13109 17109 13110 11623 1
13709 10665 10602 10604 1
12234 15722 16152 12235 1
16392 9666 9663 9662 1
13528 13529 12171 13346 1
9833 11342 13411 14445 1
13392 16781 12185 11849 1
12262 12263 13936 15557 1
11727 10878 11726 11728 1
12855 17014 14449 11309 1
12062 16395 14008 11155 1
11187 10700 10701 13042 1
8367 8364 14884 14752 1
9889 9891 9892 9893 1
716 16921 14670 16756 1
8599 16489 8577 8583 1
8598 16267 16212 7853 1
8657 8635 8658 9900 1
8272 16405 8275 8274 1
12005 15763 11581 12004 1
15722 12234 15869 10004 1
15989 15456 16050 12571 1
12472 13095 13470 15444 1
12527 16425 15252 15352 1
13000 16774 12999 11259 1
14952 13340 15945 8096 1
9353 9351 9354 9355 1
14143 16609 12084 11470 1
10046 16625 9613 9614 1
7399 15527 7397 7398 1
13354 13421 13353 13352 1
8619 16938 13659 13658 1
9822 14048 13250 13375 1
7237 15964 14802 697 1
13120 14375 14374 11246 1
10831 10903 10171 10823 1
13881 12484 15467 12151 1
8209 16659 8204 8206 1
14057 14527 14526 11646 1
12656 11758 11759 15362 1
15803 15866 8285 8286 1
12029 12028 13138 13139 1
16456 607 7290 16639 1
15808 9706 9707 9710 1
14669 14670 12106 12003 1
12025 17027 14189 11237 1
14032 17181 12834 14031 1
11542 14074 13721 11300 1
15476 16491 16357 15475 1
13634 15392 12308 14888 1
12870 16547 12869 11177 1
11332 12268 13429 14258 1
14410 16937 12823 11636 1
16074 9093 16065 13312 1
11436 13340 15295 15360 1
11933 16118 16032 11292 1
14136 14433 11478 13046 1
12633 15927 15474 11063 1
12271 16204 8731 12246 1
11316 13365 13364 11315 1
9894 16348 9893 9892 1
7719 7720 7718 7716 1
13127 16753 11319 11320 1
11910 16586 15861 9989 1
10370 11336 11335 10371 1
10824 11995 13026 15382 1
12178 16439 13865 11170 1
12694 16857 15784 11212 1
8630 15743 15675 13852 1
14917 12497 13879 8145 1
13764 13766 13765 13763 1
9560 14513 13594 14514 1
12713 16154 16081 11946 1
12556 15984 13450 12270 1
13339 16219 12765 13338 1
12775 16480 12776 11141 1
10686 13265 13393 13501 1
15954 13255 14297 10915 1
13370 12058 16191 10027 1
12807 16285 16086 11937 1
11950 16433 14129 14128 1
13653 16481 11900 12220 1
7970 16120 15517 7971 1
10021 16506 16073 10020 1
15853 15883 8281 8282 1
9748 16719 9749 9747 1
16560 8559 16578 13604 1
12109 16426 12653 11146 1
9621 9622 9619 9620 1
13723 13725 11429 11428 1
11150 16751 11149 10382 1
13818 12456 15165 12160 1
14060 10525 13421 13354 1
16044 9069 16041 13306 1
13188 16525 15896 15855 1
15883 15853 12591 12588 1
15173 17095 13107 15042 1
8889 16190 14206 7466 1
7667 17151 7664 7666 1
13281 15421 12463 12184 1
10402 9367 9366 10403 1
8226 10734 11240 13094 1
7515 15687 13588 13587 1
15273 12297 15848 12536 1
1328 16288 7227 1329 1
7177 17155 14855 780 1
14869 16848 13221 7194 1
8876 15281 8879 8878 1
496 497 7171 14822 1
521 16628 7261 520 1
12630 16121 13241 12631 1
13651 15447 9284 15528 1
12878 11272 10895 14204 1
8604 16694 8605 8597 1
7702 7701 14309 7705 1
15915 13814 13815 8058 1
16879 16333 12014 11205 1
13463 14386 11563 12282 1
15463 13342 16101 9125 1
13839 12469 15313 12153 1
12061 13969 13270 13269 1
15624 14387 14386 13463 1
8753 14042 14043 14108 1
10625 16993 15703 10626 1
12323 16653 15661 15505 1
11983 16156 16157 11077 1
13126 12067 11283 15059 1
15427 16311 10576 9452 1
8055 15915 8058 8057 1
11473 14023 14599 10580 1
16341 7296 16534 12080 1
11160 10521 13801 13291 1
7934 15673 15378 14458 1
10932 11370 14388 13400 1
15323 13624 15799 14430 1
15171 16482 15718 9913 1
16116 12574 16123 11957 1
11482 13813 13304 13812 1
15500 17061 12777 11045 1
11946 16081 12566 11203 1
15962 16570 10021 10018 1
10567 11216 10017 10015 1
15683 9583 9586 13855 1
12657 11051 15628 15401 1
11211 10863 11212 15784 1
9188 16002 9191 9190 1
13748 13750 13749 11351 1
11180 16956 14700 14699 1
9706 15808 13346 12171 1
9891 9889 9888 15342 1
15442 16557 14147 11048 1
14086 13399 15514 8701 1
10795 16476 10477 10136 1
7239 17071 776 777 1
11077 16157 13368 13367 1
13694 16771 8218 7850 1
13089 13915 13914 11329 1
14983 14370 12148 11585 1
11324 15575 13273 13272 1
7246 16359 1321 1320 1
16212 14170 16077 8217 1
14453 16106 11543 11541 1
10445 17112 14130 8263 1
15926 16008 9544 9545 1
12001 16071 13316 12002 1
15436 14463 14462 13462 1
14172 13751 16624 16529 1
15810 16873 12568 11984 1
10191 11730 10887 10886 1
11997 16205 16207 11085 1
10886 10887 13507 11583 1
12668 16850 10922 11834 1
10826 10825 12045 12046 1
12686 11867 10734 15649 1
11458 12830 14119 11455 1
12181 16530 12183 12182 1
12929 11276 12950 15677 1
8525 16686 8526 8524 1
8778 16805 15553 8779 1
15572 15206 11875 13345 1
14553 16584 12211 15053 1
15650 12277 15696 9984 1
7210 16446 618 619 1
12131 17167 16049 10733 1
13522 16010 7250 13521 1
14223 14243 9607 14222 1
13858 13395 11348 8646 1
11270 13168 13166 13167 1
13462 14462 11633 12270 1
11696 10475 11205 12014 1
16026 9055 16022 12546 1
11791 11365 15954 14379 1
12218 16367 15950 12219 1
11915 10870 11249 12747 1
13268 16650 12146 11504 1
14022 16351 12293 14021 1
12196 16276 12197 11097 1
15716 16546 10694 10612 1
12528 12529 11843 11271 1
13676 11432 12514 15907 1
11005 11175 10776 11004 1
8377 15560 13564 14763 1
16019 14018 15972 10287 1
7936 16158 15125 7937 1
13219 16614 12136 11599 1
9177 16188 15240 9178 1
1327 7363 16288 1328 1
1326 16286 7363 1327 1
15575 10546 14019 13273 1
12023 14312 14311 12954 1
8718 8720 8719 8717 1
12666 12665 12667 15692 1
11909 12234 12235 12696 1
13713 13424 11340 11434 1
15924 16794 12989 15503 1
16375 12651 8664 16164 1
14007 15304 12214 14006 1
15828 11866 11317 13378 1
12575 16127 12576 11087 1
15732 11821 11315 13364 1
13691 8086 14616 13334 1
14523 14054 14053 12280 1
11640 16100 12569 11639 1
13806 10648 10644 10640 1
15731 16327 11113 10657 1
12787 15764 11071 12786 1
7476 16170 7479 7478 1
11704 14744 10400 11289 1
13356 15655 15642 13355 1
12751 16946 16216 12543 1
13251 16055 11731 12133 1
8095 16660 8094 8093 1
11167 10237 13006 13007 1
11859 16149 13530 13529 1
15933 12595 15803 8289 1
15189 16006 11165 10812 1
12957 12008 14242 15380 1
11074 16186 15586 8761 1
14537 15434 12328 15439 1
13531 13574 11405 13511 1
14645 15013 12015 14637 1
15475 16357 8598 7851 1
11582 10886 11583 11584 1
7434 7432 7433 7435 1
14327 13946 16015 11842 1
13683 13373 11326 11432 1
10478 15513 10088 8782 1
12505 15354 15305 15432 1
9562 16638 9559 9561 1
13307 14654 10393 11299 1
8840 15373 8843 8842 1
15825 13846 12163 13337 1
11336 16381 13630 11335 1
11926 16117 12012 11026 1
7297 16318 16020 1348 1
14044 13317 13318 16088 1
11918 16110 15981 11311 1
12571 16050 14183 15689 1
14295 9354 9351 9350 1
7410 7409 7408 7780 1
12753 16881 12755 12754 1
13436 13299 13437 16418 1
15866 12591 15853 8285 1
10877 10878 13828 11702 1
10403 14052 13481 10402 1
11283 11284 10522 10885 1
15876 16472 11936 11934 1
12354 17155 16374 12040 1
8639 8627 8624 8665 1
11370 14389 13411 14388 1
11138 16404 11139 10083 1
12229 11579 12230 12542 1
13349 13351 12143 13350 1
8277 16091 8274 8276 1
12648 16889 16795 12647 1
8720 10111 8722 8721 1
13342 15463 15435 13341 1
13735 13854 13856 13732 1
16374 17107 12551 12040 1
15816 7844 8229 13908 1
15820 16469 10034 8199 1
16218 8887 15535 11822 1
11552 10890 11553 11554 1
15401 10215 13380 12657 1
11954 16109 16123 11060 1
8354 8353 14777 8357 1
12191 12190 11062 12865 1
15483 16144 8699 8694 1
14531 16941 11091 11196 1
12006 13993 8788 11279 1
13809 10489 13679 13682 1
15629 11578 11313 13355 1
10688 16487 10645 10687 1
13535 15303 12253 15150 1
9965 10918 13308 14984 1
12432 16364 12431 12430 1
11931 12111 12105 11930 1
7185 16909 14824 678 1
11937 15838 10494 11935 1
14549 17019 8349 8346 1
15441 17168 12882 17135 1
13504 14360 10986 14083 1
15866 15803 12595 12592 1
10584 16561 11053 10340 1
7272 16829 15348 433 1
15593 12555 15960 9971 1
8828 14321 8827 8826 1
15862 11956 16095 10695 1
7432 7429 7430 7433 1
14490 17082 12883 14489 1
12773 16269 13272 15602 1
7922 16214 15218 7923 1
10479 16227 14181 9993 1
11691 15942 12266 11690 1
13752 15369 8249 13937 1
7799 16092 8621 7801 1
10811 12027 13115 13500 1
8637 13787 13781 13779 1
13321 10474 13718 13327 1
13710 15466 9494 14527 1
15982 13878 16281 11028 1
10611 10685 13966 10609 1
9959 10919 13335 15086 1
8605 8620 8607 8606 1
11815 14701 11816 11574 1
11995 10824 11162 12031 1
7429 7427 7428 7430 1
7803 15902 7805 7804 1
7853 16212 8217 8216 1
14372 16827 10481 8865 1
15445 13462 12270 13450 1
10346 11248 10784 10783 1
10307 16076 10128 10306 1
11615 12297 13586 14677 1
681 682 14831 7334 1
15409 15408 15405 8214 1
11032 16118 13303 13302 1
14325 11476 11382 13347 1
9741 9744 16058 9740 1
11839 11669 11840 13005 1
13692 11431 12507 15897 1
8477 17030 8478 8476 1
11471 11469 11470 12084 1
10802 11695 11389 11388 1
9868 10959 13551 14723 1
15533 9829 9827 9830 1
16327 13689 16582 11113 1
10793 15767 11963 11373 1
9462 9448 9453 14748 1
14804 17126 15450 7230 1
11949 16100 12010 11056 1
10827 16521 10777 10799 1
15375 11618 11301 13341 1
13633 10768 11398 13688 1
15688 7477 7478 7481 1
8766 8767 8761 8760 1
11664 16174 12179 10780 1
9834 10933 13374 15152 1
14517 13573 15287 10527 1
10356 10357 14557 10892 1
11828 16345 10766 10383 1
7433 14011 14041 7435 1
13691 11439 15957 15620 1
7678 15742 7677 7676 1
13278 13542 7543 13550 1
409 13223 7285 408 1
11885 16016 15878 11341 1
7270 16700 567 568 1
10890 10891 13528 11553 1
13217 17157 15720 11483 1
16089 8839 8836 8835 1
14557 14005 14006 12214 1
15914 13875 15724 10970 1
11094 16595 11355 11093 1
16050 10333 16024 14183 1
14950 16074 11942 10279 1
15670 10069 10340 11054 1
13798 16452 7739 7740 1
15556 13405 16107 10498 1
15886 10013 10003 9999 1
13875 15914 11863 13874 1
11068 16142 13359 13358 1
15598 13429 12268 13401 1
12620 12619 12621 12766 1
7560 7558 7561 7562 1
13778 16712 13776 13777 1
8766 13976 16175 8770 1
14884 10082 11680 14752 1
13866 16657 12088 11239 1
12190 12191 16128 13892 1
9435 9438 14371 9437 1
10323 15567 11883 10889 1
14833 17006 7201 471 1
12758 17022 16896 10167 1
15873 14047 7868 7869 1
9163 16153 15148 9164 1
11748 15058 13233 12153 1
9895 9894 9892 14267 1
11181 16956 11180 9742 1
16046 13944 13943 9952 1
8828 8829 8830 8831 1
13449 15647 9424 15636 1
16105 13503 16058 10368 1
7910 7907 7909 7911 1
10060 16913 13395 13858 1
15167 12072 13562 7499 1
10357 10356 9437 14371 1
14205 15812 8042 14025 1
11993 12953 14404 12176 1
13511 11405 10958 14344 1
8815 16256 14229 8812 1
13862 8234 14089 11402 1
15979 9187 15317 11922 1
7232 15706 528 529 1
11882 16903 13592 12703 1
8504 8507 8506 8505 1
11930 16331 11266 11280 1
13512 12348 12347 15778 1
11932 16032 16118 11032 1
14555 15061 11848 14532 1
13620 13622 13621 13619 1
8269 16004 8266 8268 1
11756 15984 15980 12273 1
11772 15161 13240 12151 1
11900 11253 11901 12220 1
15587 16695 8604 8585 1
11262 10499 11263 12552 1
15513 16462 11336 10370 1
9802 16134 14442 15096 1
13612 16911 7218 1355 1
16474 8721 8723 8780 1
13465 13210 12111 13215 1
12585 15701 8948 10098 1
8442 16661 8445 8444 1
13372 11085 16207 16214 1
16030 15958 8703 8700 1
14871 16667 7350 466 1
11447 13720 13309 13711 1
7750 16167 14051 7442 1
13712 11434 12506 15859 1
12225 16576 12227 12226 1
12626 15777 13741 14323 1
13126 17176 8323 16370 1
15974 9023 15965 12525 1
7190 16962 15399 547 1
16148 14330 16094 14097 1
14445 13411 14389 8469 1
12376 14963 11490 11023 1
15808 13864 12166 13346 1
7574 7576 7577 14605 1
14650 12395 16060 10180 1
14030 16076 13863 11402 1
12279 15871 13532 12278 1
13754 15657 13753 11433 1
15871 12279 12424 14131 1
8731 15646 7881 7880 1
9618 16079 16220 13857 1
10951 15828 11870 10035 1
8090 15620 13649 10399 1
10698 16487 10688 10697 1
11157 11159 11158 10841 1
15906 15837 8707 8704 1
10046 10047 10106 10503 1
14574 9695 9694 14667 1
13555 16009 7534 7533 1
10665 15891 10600 10602 1
13459 13453 13452 7737 1
12214 11305 10892 14557 1
12428 16307 12427 12426 1
14947 13532 15871 10411 1
15642 9145 15027 11746 1
10810 11028 11029 13947 1
14112 16208 12658 11076 1
15369 8253 8250 8249 1
14435 12347 12344 12343 1
13816 13803 11460 11459 1
11899 11898 12936 14476 1
7692 7690 7693 7694 1
15831 10639 10643 10668 1
7821 7819 7820 7825 1
7475 16274 16170 7476 1
642 15864 7249 641 1
13546 13547 13802 10030 1
13854 9604 9605 9609 1
7585 16562 7582 7584 1
12827 16575 12826 11350 1
13321 13324 13322 13320 1
13569 14516 9568 14515 1
16300 16720 12298 11232 1
14264 13415 12212 13412 1
15220 12120 13559 7481 1
11442 14067 13847 14176 1
11039 11041 11040 11038 1
7215 16737 14868 458 1
12651 16375 16057 16122 1
11178 13826 12206 11360 1
12140 12139 11789 12471 1
9977 9979 9980 14153 1
8784 14200 7425 7427 1
14169 16021 14167 14166 1
14051 16148 14097 7443 1
11971 16132 16142 11068 1
15021 7550 7553 9841 1
15687 7515 7512 7511 1
8267 16478 8268 8266 1
12192 11587 12193 12672 1
12055 16191 12058 12057 1
7477 15688 13932 14346 1
8327 16321 13136 16284 1
15449 15418 11770 12547 1
13290 13566 7525 13580 1
9713 14631 9716 9715 1
11997 15240 16188 16205 1
15028 16026 11932 10270 1
16242 10484 16175 13200 1
15620 8087 8086 13691 1
9703 9704 9701 9702 1
10624 15609 10623 10622 1
13285 7906 7907 7910 1
14400 16301 12984 12363 1
11110 16355 12123 11596 1
7614 7612 7615 7616 1
12953 11994 14402 14403 1
8331 16246 15016 8332 1
15957 11065 12519 13649 1
7558 7559 7556 7557 1
8939 8940 15696 12277 1
15216 9566 14639 12926 1
10988 15937 15839 10987 1
14308 14309 7701 14307 1
13301 15717 12847 12848 1
7492 7490 7493 7494 1
8765 8763 10525 14060 1
7950 16141 15024 7951 1
11444 14149 12174 11011 1
11241 15956 11242 10492 1
15428 14604 15402 13655 1
10706 11202 11203 15583 1
16077 16021 8237 8224 1
12490 15976 14308 14307 1
15002 16044 11938 10273 1
8093 14952 8096 8095 1
9884 15472 9882 9883 1
14102 14076 14345 13872 1
13857 16220 13731 13856 1
12007 16787 10938 11481 1
13812 13308 10918 11482 1
8617 16589 16489 8599 1
11433 10948 11013 13754 1
16237 7796 7824 10087 1
10939 11395 14464 13448 1
15293 12968 11800 11799 1
12134 15211 13253 12133 1
8443 15591 13467 14939 1
15870 9034 9033 13720 1
15607 12847 15717 8752 1
14514 13594 14998 13583 1
15923 15895 12587 11890 1
13655 15402 7966 7968 1
9870 10967 13589 14764 1
9220 9234 13643 9218 1
11739 15800 11859 10891 1
10376 10377 13699 13700 1
15857 13500 13265 10686 1
13711 13307 11299 11447 1
10232 10833 11033 11715 1
8625 8611 8610 13577 1
15881 8586 8587 8612 1
16543 13510 16498 13380 1
8762 8760 8759 8763 1
11671 14468 13279 11281 1
8355 15539 13611 15279 1
15384 16323 13861 13863 1
14412 13480 14566 13475 1
13513 13388 11328 10557 1
11314 13356 13355 11313 1
14184 16255 12860 11953 1
15409 15768 12813 12814 1
15126 15974 11911 10263 1
16078 11942 16074 13312 1
11342 11364 14388 13411 1
15445 9402 9399 9398 1
10638 10639 10637 10636 1
7519 13596 13138 13150 1
12244 13191 13471 13981 1
16236 15755 16350 12086 1
14706 16813 12937 11898 1
7517 7514 7516 7518 1
15812 14205 12280 14053 1
9869 10180 13499 13497 1
7527 7524 7526 7528 1
15905 13372 16214 7922 1
10621 10622 10623 10652 1
13700 13680 13678 10376 1
7889 7887 7890 7891 1
13859 16377 11138 10009 1
15056 16129 11971 10298 1
15737 15851 12570 11852 1
13855 9586 9591 9604 1
12916 14197 14196 12739 1
13462 15445 9398 15436 1
7495 15726 14013 14438 1
7567 7569 9866 14545 1
15614 13486 14258 13429 1
10794 10793 11373 11374 1
10724 10725 8580 8560 1
9623 16104 9622 9621 1
10126 13718 10474 10022 1
15659 16971 15301 15300 1
12094 15514 13399 13398 1
16241 16330 12782 12016 1
13903 13301 12848 12850 1
7695 14790 15383 14784 1
15966 14273 14272 12881 1
9577 10948 13423 15196 1
10139 15497 15349 9277 1
15916 7457 15953 12580 1
12756 16406 14109 12757 1
14015 16838 13744 13949 1
16594 16570 15962 11216 1
16087 9108 9107 14702 1
15940 12517 16072 11897 1
16232 16024 10333 8927 1
10477 16476 12526 11735 1
14781 15945 12517 15940 1
15636 13463 12282 13449 1
12890 16887 12719 12201 1
12056 16238 12054 12055 1
12119 12203 12202 12118 1
13301 13903 10137 13902 1
16382 9809 9807 9874 1
11124 15500 11043 11041 1
8849 8848 8850 8851 1
7841 15656 9987 8220 1
11902 16498 13510 12329 1
15507 9954 15536 13819 1
9527 16299 9526 9525 1
9994 15932 13705 9992 1
15350 14678 14677 13586 1
8097 8098 8095 8096 1
7961 15597 7964 7963 1
8814 15614 8817 8816 1
8787 7447 7445 14097 1
11292 16032 12546 11497 1
10975 10570 10571 11255 1
15478 10724 8560 8554 1
15150 8135 8133 13535 1
9885 9884 9883 14220 1
7499 7496 7498 7500 1
15993 16189 9887 9880 1
15520 13351 15678 8695 1
11311 15981 12525 11440 1
15435 9121 14949 11725 1
11981 16249 11980 11665 1
13413 13414 17178 7356 1
8831 8830 8832 8833 1
15861 10763 9995 9991 1
11269 12198 10903 10831 1
12709 10844 11674 13178 1
15950 10673 16493 12258 1
9037 14074 16003 9038 1
9367 10402 14155 9369 1
14495 13448 14465 8447 1
14539 14540 13722 8329 1
12109 11441 12110 12172 1
12108 16244 13501 13393 1
10565 10814 10815 14091 1
13400 15187 10385 10932 1
10412 10904 14344 10958 1
10471 10470 9974 13873 1
598 7280 15856 597 1
7612 7611 13332 7615 1
13450 15455 9402 15445 1
13415 15190 11492 12212 1
8835 8834 8832 13894 1
15983 16813 7315 725 1
12635 15707 12638 12637 1
15447 13651 12320 14695 1
13104 16144 13105 13103 1
9902 16081 16154 9903 1
7631 16484 14726 7628 1
11884 15878 16016 11014 1
7514 7512 7515 7516 1
15356 13267 13542 13278 1
13704 16236 12086 11044 1
8248 8246 8249 8250 1
14722 16102 11640 11638 1
11025 11548 11024 10456 1
13463 15636 9420 15624 1
14027 16130 14112 10708 1
11888 16317 15615 10603 1
8258 15567 8261 8260 1
779 14855 7330 778 1
15837 12981 15753 8707 1
12283 14165 13449 12282 1
16739 17168 15441 12905 1
15406 16253 15593 9971 1
9552 15772 9549 9551 1
12074 12075 13121 13124 1
10424 10972 10423 9628 1
12597 16848 16029 12598 1
15647 13449 14165 13512 1
11166 11607 12115 12333 1
15008 9332 9329 9328 1
15797 12486 15504 11780 1
15597 7961 7960 14530 1
15462 15319 7908 14315 1
15914 12190 13892 11863 1
15636 9424 9421 9420 1
12011 10791 10794 14034 1
439 16473 14848 438 1
16032 11932 16026 12546 1
8612 16251 16654 15881 1
9601 9612 9613 15091 1
11327 15925 12514 11432 1
13786 16566 13784 13785 1
12595 15933 12596 12594 1
11616 15848 12297 11615 1
15655 13356 16129 9149 1
9975 10926 11699 14928 1
8217 16077 8224 8223 1
7665 15038 7666 7664 1
14424 14423 14422 11260 1
9103 16085 14900 9104 1
15915 8055 8054 13813 1
15204 15917 11893 10257 1
15981 11911 15974 12525 1
10410 9341 9340 10411 1
13817 14193 9986 15451 1
15783 13656 15512 12446 1
12629 16185 12628 10560 1
12721 16907 14490 14489 1
15581 8825 8822 8821 1
12125 12124 11728 12454 1
14174 16695 12284 11818 1
7454 15953 7457 7456 1
13666 10342 13671 13668 1
7696 7694 7697 7698 1
8807 10235 14238 8810 1
15682 14327 11842 13931 1
14266 10220 14265 13412 1
11060 16123 12574 11874 1
15453 9200 10466 12009 1
15917 8999 15907 12514 1
11017 15438 15774 11018 1
12393 12164 12394 12395 1
12190 15914 10970 11062 1
10414 11296 11662 14751 1
8023 14889 8026 8025 1
11990 16277 15936 10727 1
12444 12443 15236 14610 1
14458 15378 12337 15374 1
14576 15154 12276 14575 1
12079 16251 13547 13546 1
11422 13956 15566 13625 1
11302 13342 13341 11301 1
8992 15152 8995 8994 1
8674 13936 15684 13760 1
10737 10512 11132 15498 1
10088 15513 10370 10089 1
8154 8152 8153 8215 1
15421 13281 13566 13290 1
13977 13311 13312 16065 1
11114 16292 13859 10120 1
564 7176 16501 563 1
13713 13423 10948 11433 1
11510 14133 14132 12861 1
11960 16056 11958 11959 1
15279 13611 12301 13624 1
14154 9772 9773 9776 1
7453 15990 15953 7454 1
8933 15558 8930 8932 1
15704 11917 7381 7383 1
12746 12892 11396 10995 1
15793 15419 15850 11894 1
16005 13575 12636 13685 1
15809 12523 12522 15799 1
15639 9233 15822 13515 1
15997 12813 15768 8195 1
11701 10877 11702 11703 1
12518 16278 12296 11105 1
11433 13753 13424 13713 1
9355 9354 14145 9358 1
13803 13816 12281 13286 1
12313 15743 15806 12315 1
8069 14654 8072 8071 1
15851 8921 15989 12570 1
12541 16003 14074 11542 1
10314 16013 16182 10315 1
8037 14744 8040 8039 1
12854 16999 16472 12714 1
15851 15737 10289 8919 1
13633 15831 10668 10684 1
7653 17043 7650 7652 1
15618 13768 13763 13765 1
11047 10790 14031 12834 1
14114 16048 15990 7453 1
11791 15948 14785 10496 1
12594 15798 13888 12593 1
10279 11046 10929 9985 1
13845 16113 9818 13375 1
9036 9037 9038 9039 1
10950 15732 11832 10031 1
8046 8043 8045 8047 1
15812 8038 8039 8042 1
9341 10410 14192 9343 1
7869 7868 7867 7870 1
14689 13492 15833 14614 1
7457 15916 15884 7458 1
12173 12310 12311 12561 1
11103 9918 9917 11104 1
7494 7493 14264 7497 1
15958 13036 15906 8703 1
12000 16670 11112 11580 1
14044 8002 14751 11662 1
16159 15719 10934 15448 1
13595 16722 16066 11941 1
15520 8691 8693 10254 1
7760 7428 13996 16155 1
12167 12382 12381 12380 1
9519 9521 9520 9517 1
13347 14371 9438 14325 1
15925 11893 15917 12514 1
16047 11938 16044 13306 1
7427 7425 7426 7428 1
15472 16161 15414 9882 1
15824 12245 14088 13607 1
13291 16001 12833 11160 1
10321 16137 15511 10344 1
14887 13629 13628 9528 1
12919 12602 12920 12923 1
15444 8113 8116 14385 1
8107 14559 8110 8109 1
11080 10926 10276 12459 1
10599 16126 10601 10600 1
12625 13516 15777 12626 1
7348 17033 14247 15952 1
12400 14476 13366 12215 1
7520 7518 7521 7522 1
11907 15869 12234 11909 1
12943 13366 14476 12936 1
8681 8716 8715 8679 1
13476 16353 12646 11962 1
7779 7781 7778 7777 1
13569 12285 12286 13570 1
15640 11886 15847 10006 1
8104 8103 8101 14450 1
9016 15086 9019 9018 1
14106 16104 10423 10972 1
9062 14961 9065 9064 1
11820 17056 14125 15482 1
8592 16180 13959 8567 1
11911 15981 16110 11019 1
12486 13755 13754 11013 1
9086 14928 9089 9088 1
15303 10983 11016 12253 1
8641 10060 13858 8643 1
11374 16512 14034 10794 1
9750 9751 14689 14614 1
15987 7803 7801 8621 1
16997 16869 13162 12781 1
11222 11224 11225 14711 1
15817 15935 14169 15208 1
12302 15799 13624 12301 1
10959 11421 14648 13551 1
9332 15008 13538 14660 1
14025 13565 12844 14205 1
15848 11616 15846 12535 1
10004 15869 14152 10005 1
15462 16303 12687 11792 1
11305 12214 15304 11359 1
13333 13169 12631 15789 1
16042 8041 8040 13837 1
14515 9568 9565 9564 1
11860 15756 13873 15523 1
13436 16418 10800 16143 1
15740 12515 15739 11513 1
13779 13777 15578 8637 1
14516 9572 9569 9568 1
10787 10788 10682 10786 1
15840 8279 15874 12889 1
9040 9038 9041 9042 1
13313 13485 12158 11702 1
15560 8377 8378 8381 1
15244 15867 11884 10258 1
13801 11287 12236 13291 1
11338 12181 12182 13970 1
11065 15957 11439 10919 1
10652 10623 10666 10691 1
10248 14888 13629 14887 1
13688 10641 15831 13633 1
13610 15554 8509 15285 1
10415 11638 11297 11296 1
13575 16005 13576 11473 1
10552 16045 10717 10562 1
15622 14228 12593 13888 1
13622 13665 13666 13667 1
16610 14653 15946 735 1
12220 11901 12221 12222 1
7809 15644 15841 7812 1
10898 17183 13553 16817 1
15884 14116 15801 7461 1
7819 7817 7818 7820 1
11341 15878 12506 11434 1
14841 711 712 7233 1
15788 9433 9432 14435 1
9459 9464 9456 9455 1
11983 15148 16153 16156 1
10841 10839 10867 11157 1
13474 16916 7291 612 1
14716 16781 7271 749 1
8132 15889 13824 13535 1
8493 16225 16181 15264 1
16349 16998 7277 807 1
12687 16297 12688 11916 1
9223 15561 15822 9225 1
13509 11280 11265 11267 1
14371 13347 14556 10357 1
10467 9199 15379 11538 1
11384 12036 10909 10908 1
7439 7442 7441 7438 1
11886 15640 11140 11142 1
11756 11755 11754 14570 1
15708 14917 8142 14456 1
14456 8139 8138 15748 1
7651 14970 7652 7650 1
13311 13977 11699 13960 1
13583 14998 11361 12285 1
13576 16114 14023 11473 1
14364 16743 12873 11515 1
11233 10733 11232 12298 1
14515 13583 12285 13569 1
12697 12698 12699 12700 1
12587 15883 12588 11891 1
8775 8774 15390 10181 1
8787 16048 14114 7447 1
10489 10084 13678 13679 1
13504 15570 13456 13455 1
10546 10545 10543 14019 1
11821 14429 10442 11315 1
12548 12267 11742 12549 1
14907 16963 9520 9521 1
14887 9525 9523 10248 1
11462 14017 14018 15051 1
10957 11507 14340 11415 1
9517 16409 9516 9515 1
16116 14891 7974 15517 1
14239 15933 8289 8290 1
8699 16030 8700 8698 1
9967 16316 15427 9456 1
13479 14155 10402 13481 1
15449 16902 12477 12476 1
9949 16046 9952 9951 1
10583 11845 15367 10134 1
13014 15564 13012 13013 1
12806 16681 14590 11144 1
14119 16470 14118 11456 1
15456 15989 8921 8922 1
10904 14007 14006 14004 1
13584 17140 13585 12155 1
10482 9976 14153 11423 1
13573 14517 9572 14516 1
10084 10085 10376 13678 1
9864 11393 13637 14943 1
7540 7539 13550 7543 1
16088 8003 8002 14044 1
14763 13564 12287 13567 1
7196 16974 15494 488 1
10017 15962 10018 10016 1
15813 16162 15711 10683 1
14877 16062 7349 550 1
10337 15592 13819 15536 1
15796 16711 7193 737 1
12042 16384 12810 11055 1
15063 7532 7535 10460 1
8564 13696 13695 8216 1
10354 16343 11129 10799 1
11154 11485 12040 12551 1
9981 9979 10049 10050 1
15976 9961 15968 14308 1
9882 15414 9879 9881 1
13813 8054 14707 13304 1
13756 10550 10547 10546 1
9452 10576 9450 9451 1
8978 15196 8981 8980 1
15867 8985 15859 12506 1
15074 16562 7585 14945 1
9525 14887 9528 9527 1
9195 16280 15379 9196 1
7396 7395 7394 8236 1
15657 8125 8124 13753 1
10594 10955 10216 10217 1
15940 14450 8100 14781 1
11409 11411 11410 11408 1
10662 10664 13745 13746 1
14334 9350 9347 9346 1
8626 16133 8611 8625 1
7522 7521 13580 7525 1
11014 12507 11431 10933 1
13910 10582 13911 15829 1
13491 14911 10882 11862 1
8064 16233 8061 8063 1
15150 12253 15748 8138 1
8801 15387 10986 8803 1
13515 15561 13643 13514 1
12004 16583 12524 12005 1
12312 15675 15743 12313 1
13837 8040 14744 11704 1
13731 13729 13732 13856 1
8824 8822 8825 8826 1
12591 15866 12592 12590 1
7458 15884 7461 7460 1
16155 13996 12204 11927 1
12042 11045 12777 13020 1
16173 8558 16241 12052 1
10195 11739 10891 10890 1
15592 13284 12769 13819 1
15436 9398 9395 9394 1
13615 13614 11415 14340 1
8447 14465 15591 8444 1
10450 11318 11317 10449 1
7424 7422 11422 13995 1
15750 8283 15787 12538 1
11019 16110 12537 11445 1
15234 15412 11796 10455 1
10705 11201 10706 10703 1
9984 15696 8943 9983 1
12153 15313 11749 11748 1
12078 14110 14109 12809 1
15878 11884 15867 12506 1
14303 17182 10277 16845 1
10485 10336 10335 13665 1
13159 17013 14759 14881 1
15723 16228 7729 7726 1
14065 17066 13897 8776 1
13517 14192 10410 13519 1
7538 7536 7539 7540 1
15570 13504 14083 14082 1
9876 9877 9871 7705 1
12194 16544 11667 11668 1
8505 15201 8502 8504 1
15374 12337 15555 14284 1
13955 15793 11894 11540 1
9630 9627 14433 14136 1
12756 12754 12755 13609 1
7789 15582 7787 7788 1
12070 12069 10847 12071 1
13164 15207 11217 12135 1
15778 9429 9428 13512 1
10815 11337 11338 11339 1
10220 9576 7501 14265 1
11071 10884 11070 11235 1
10967 11419 14679 13589 1
9190 9191 9192 9193 1
8804 8808 14049 8802 1
14168 15621 14171 10757 1
13805 15464 10860 13804 1
12690 12691 11921 12689 1
11602 11099 11601 11603 1
10506 11670 11281 11012 1
12446 13613 14084 15783 1
15655 9146 9145 15642 1
12144 11546 11547 12145 1
11097 11000 10575 11274 1
14071 10166 10464 14072 1
7453 7452 7449 14114 1
13993 12006 13994 7900 1
12675 14219 14217 12785 1
12539 15840 12889 12888 1
8006 16084 14736 8007 1
14516 13569 13570 13573 1
10590 10127 15678 13349 1
13050 14056 7541 13419 1
10243 14921 13602 14920 1
7674 14780 7673 7672 1
9954 15507 15440 14111 1
15534 16475 8933 8934 1
15910 13382 11335 13630 1
12239 14473 14471 13027 1
15776 10471 13873 15756 1
13435 16382 9874 10522 1
15766 16659 8209 8211 1
10235 8807 8805 14360 1
12747 16938 12885 12748 1
10289 15850 15419 8917 1
8753 7437 7435 14041 1
9225 15822 9233 9229 1
10809 11218 10811 10691 1
9961 15976 13457 15993 1
9048 14984 9051 9050 1
9509 10250 14331 9511 1
10887 11731 16055 13507 1
7496 7494 7497 7498 1
9627 9626 9625 14433 1
15322 13586 12297 15273 1
7476 7477 7474 7475 1
15613 16319 11828 15508 1
8687 10563 13899 8689 1
14118 16757 13922 11456 1
8597 8605 8606 15385 1
15811 10883 16121 12630 1
436 14861 7339 435 1
14723 13551 14649 8381 1
10485 13620 13618 10486 1
8193 15768 8214 8191 1
14390 16585 7243 13204 1
12291 16250 12043 12044 1
15101 13467 15591 14465 1
7968 7966 7967 7969 1
12519 11786 15360 15295 1
12782 16589 12236 12016 1
12164 12163 13846 12394 1
15561 9223 9217 9218 1
8279 15840 15787 8280 1
14713 17022 12758 16556 1
14047 15873 12294 14046 1
14764 13589 14680 8359 1
17140 15012 17162 13585 1
13706 13494 10027 16191 1
14941 16101 11954 10288 1
13407 8780 8781 13406 1
15850 10289 15737 14182 1
11999 15218 16214 16207 1
10443 11316 11315 10442 1
10096 10564 10565 10771 1
8447 8446 8448 14495 1
12265 13654 15783 14084 1
14321 8828 8831 10215 1
11773 12151 15467 15433 1
8762 10165 13976 8760 1
11284 12067 12971 12972 1
11245 11817 11818 12284 1
10374 10323 10889 11194 1
14050 13606 11411 11409 1
11174 10384 10766 11876 1
12317 12318 12319 12601 1
12638 12643 12640 12639 1
15629 11746 10943 15611 1
8506 8509 15554 8505 1
13313 13828 12159 9778 1
15958 16030 13104 13037 1
15387 14080 14083 10986 1
12106 16306 14709 10942 1
11838 15774 15438 11837 1
14216 8550 14026 14027 1
8952 15725 8950 8951 1
15777 15887 11521 13741 1
13764 13761 15684 13769 1
13583 14515 9564 14514 1
15165 15143 11649 12160 1
12731 14311 14312 14383 1
13822 16497 12222 13058 1
8002 8001 7999 14751 1
10553 10962 13513 10554 1
15782 12639 12641 12964 1
15773 12628 16045 10552 1
14412 9376 9373 9372 1
9774 9775 9773 9771 1
14948 13564 15560 14649 1
12167 12166 13864 12382 1
11842 16015 10125 10038 1
9111 16090 14914 9112 1
14374 14150 11829 11006 1
13784 13782 13783 13785 1
10492 15988 10133 10491 1
8770 8771 8767 8766 1
11709 11710 11708 10899 1
12207 15549 11360 12206 1
8751 10075 15829 8745 1
12114 14199 14196 12992 1
15396 13759 15740 14335 1
16104 9623 9626 10423 1
9543 14920 9546 9545 1
12737 12738 12405 12736 1
11428 11429 10972 10973 1
8125 15657 8128 8127 1
13155 16539 13156 11254 1
14318 7715 7712 7711 1
10700 15767 10676 10675 1
9413 15187 9416 9415 1
8204 8205 8202 8203 1
13574 13531 15201 8505 1
8686 8688 11402 14089 1
14070 15824 13607 8808 1
10258 11014 10933 9834 1
13514 13643 9234 13516 1
13692 8110 14559 13373 1
14542 13645 10976 11420 1
15539 8355 8356 8359 1
8484 8486 8487 15088 1
7472 7473 7470 7471 1
15125 16158 11985 10443 1
13775 8576 7806 7808 1
9984 10061 10158 15650 1
14241 16777 14328 11251 1
15453 16326 10355 9202 1
7989 16097 7992 7991 1
14920 13602 13601 9546 1
10432 11314 11313 10431 1
11029 12218 12219 12256 1
8440 8441 8442 8443 1
11179 16554 13134 16080 1
15756 11860 15571 11027 1
12566 15991 15868 15583 1
13753 8124 14500 13424 1
11566 11567 12141 14521 1
11191 12634 12635 12636 1
15908 12596 15933 14239 1
10548 10545 10547 10549 1
16022 9052 9051 13811 1
14142 14143 11472 14141 1
12943 16697 7345 13366 1
9989 15861 9991 9990 1
15314 16398 7703 7704 1
8769 8765 14060 8774 1
10317 10319 10320 14040 1
11927 12204 10955 10594 1
8059 16068 8062 8061 1
7919 15905 7922 7921 1
15438 11017 14603 14604 1
15624 9420 9417 9416 1
9966 10921 11714 14961 1
12442 12195 12441 14511 1
13567 12287 12535 15846 1
15668 12976 15519 8711 1
11393 11426 14542 13637 1
15518 13617 15606 12362 1
12805 17182 14303 12692 1
13572 15287 13573 13570 1
8232 8557 8221 8219 1
13388 13513 10962 12680 1
7510 7508 7511 7512 1
11646 12276 15154 14057 1
8038 15812 14053 11378 1
11662 14077 13317 14044 1
12092 15507 13819 12769 1
14914 16090 11949 10286 1
12169 11524 11525 12170 1
15889 8129 8128 13755 1
10233 11030 10535 9962 1
8329 8328 8330 14539 1
8744 8740 13901 13902 1
10908 10909 10731 10732 1
15999 8073 8072 13703 1
8345 8342 14548 14407 1
10502 13257 10501 7898 1
7296 16341 13521 1358 1
14344 14004 14003 13511 1
9705 9706 9704 9703 1
14943 13637 14543 9280 1
12210 15549 12207 12209 1
15598 8821 8818 8817 1
13422 13421 15477 14294 1
11383 14005 14556 11381 1
14052 12444 14610 13482 1
11017 10251 7958 14603 1
15553 16736 10478 8782 1
12535 12287 11724 12536 1
15997 16236 13704 12811 1
15232 15311 12549 14544 1
16073 16506 12502 10301 1
9349 9347 9350 9351 1
10426 11302 11301 10425 1
12434 14326 15352 15252 1
9604 9591 9603 9605 1
13629 15102 12450 13628 1
13703 8072 14654 13307 1
14215 9235 9229 9233 1
15748 11811 12478 14456 1
13998 13414 12100 10836 1
16472 15876 16372 12714 1
11956 15862 10788 10842 1
11894 15850 14182 11058 1
11857 11096 11095 12508 1
13531 11356 9873 15201 1
9244 9245 9246 9236 1
11086 10789 10787 13930 1
12954 16403 12022 12023 1
7744 15623 7747 7746 1
14071 12962 11274 10575 1
13811 9051 14984 13308 1
13788 13777 13775 7808 1
8806 8805 8807 8809 1
10469 13561 13560 10324 1
13602 15153 12243 13601 1
13880 15637 15663 13879 1
9532 9531 9529 15353 1
7944 15439 10260 7942 1
14660 13538 12278 13532 1
8285 15853 8282 8284 1
14231 11459 11457 12335 1
13853 9065 14961 11714 1
12351 14064 14061 12352 1
11046 16096 13318 13317 1
11698 9985 10929 14077 1
13311 11293 11294 13312 1
8487 8488 15254 14535 1
9331 9329 9332 9333 1
11420 14543 13637 14542 1
8925 8926 8927 10333 1
11272 16674 10894 10895 1
7711 14792 15596 14318 1
13823 13526 10947 10536 1
7872 7869 7871 7873 1
14681 10782 11100 13023 1
11028 16281 12218 11029 1
7894 7891 15454 9208 1
15321 14293 15339 11759 1
9601 9600 9599 9611 1
13341 15435 11725 15375 1
16274 16354 13737 13734 1
15837 15906 13036 12982 1
11288 12052 12016 11287 1
12580 15990 12578 12579 1
13645 14542 11426 14541 1
14639 12683 12684 12926 1
9745 9744 9743 14699 1
15218 11999 10450 7926 1
8748 8749 9976 10416 1
14529 11578 14530 7960 1
8187 15960 8185 8186 1
11293 10408 10409 11294 1
15869 11907 11404 14152 1
10646 10643 10644 10647 1
15353 13628 12449 14774 1
13586 15322 9310 15350 1
8550 8551 8553 14026 1
10962 10553 10561 11252 1
10250 9509 9508 14967 1
7490 7489 14263 7493 1
15951 11914 11303 14483 1
8803 10986 14360 8805 1
15554 13610 15330 13574 1
10032 16761 15582 7789 1
8780 8723 8779 8781 1
10018 10021 10020 10019 1
10643 10639 10640 10644 1
10742 10813 10741 10144 1
15463 9122 9121 15435 1
10065 16122 10748 10350 1
8658 15991 9902 9901 1
10189 10314 10315 10316 1
8030 16054 14664 8031 1
9104 14900 9107 9106 1
11872 15858 15545 9906 1
11512 12334 13840 14443 1
10171 15448 10080 10170 1
15013 14645 15041 7617 1
11541 11543 11542 11300 1
10072 9231 9237 11517 1
8675 13844 13843 7406 1
12315 15806 12318 12317 1
15375 11725 10936 15334 1
16099 11963 15767 10700 1
12444 14052 15901 12440 1
7962 15402 14604 14603 1
13355 15642 11746 15629 1
14584 9790 14583 12156 1
10784 15898 10863 10862 1
8281 15895 8278 8280 1
15595 8465 8466 8469 1
15657 13754 13755 8128 1
9406 15455 14570 15121 1
8283 15750 15699 8284 1
7302 15986 526 527 1
15612 16254 15613 10359 1
13926 17044 13929 13925 1
15414 16161 11809 9877 1
11266 15617 10721 11265 1
8347 15323 14430 15022 1
14911 13491 12161 13315 1
13145 13147 13148 14467 1
13587 15970 7516 7515 1
10498 13558 13557 10347 1
8149 15663 15637 14302 1
10807 10244 9861 10808 1
8468 8470 8469 8466 1
9968 15524 11864 10105 1
9194 15526 9193 9192 1
12038 11054 11053 12816 1
11914 14203 10458 11303 1
8926 15574 8928 8927 1
15281 8876 8875 14467 1
7777 7778 7776 7773 1
11025 17038 11549 11548 1
10648 10649 10647 10644 1
13872 14345 13869 13871 1
10781 10122 10278 11083 1
7892 7889 7891 7893 1
13424 14500 10417 11340 1
14695 12320 12321 12523 1
15266 12464 15219 11703 1
13663 16260 8853 13662 1
10549 15773 10552 10548 1
12543 12544 12545 12751 1
13963 16070 11684 13960 1
15625 12504 15658 10572 1
11543 16117 12541 11542 1
14563 15528 14543 11420 1
16083 11931 11280 13509 1
12846 12847 11967 12845 1
13237 14013 13238 13236 1
13373 14559 10404 11326 1
9983 15911 10061 9984 1
10576 15785 15364 9450 1
9861 9860 9858 14447 1
10015 10017 10016 10014 1
12508 15604 15652 11857 1
13315 12160 11648 14911 1
11811 15748 12253 11016 1
11554 12380 14568 11552 1
11684 10408 11293 13960 1
9790 9789 9791 14583 1
7897 7900 7899 7898 1
9425 15647 9428 9427 1
13308 13812 11497 13811 1
16041 9066 9065 13853 1
11290 16047 13306 13305 1
11289 10400 10401 11290 1
10022 10020 10023 10126 1
10062 15931 10342 10335 1
7256 16883 14835 666 1
15653 10505 10095 10872 1
9957 10412 9956 9953 1
15594 12614 14598 9244 1
13686 9019 15086 13335 1
13113 15967 8147 15760 1
8696 8690 8695 10127 1
12978 12976 15668 12981 1
8547 8549 8550 14216 1
8444 8445 8446 8447 1
15008 14647 14646 13538 1
12362 15606 14266 12213 1
537 7342 14823 536 1
13967 10502 7898 7899 1
15682 8931 15574 12482 1
15400 13074 13072 14028 1
15311 15232 9380 14413 1
11908 15977 11906 11907 1
9223 9224 9222 9217 1
14026 8553 8575 11989 1
9391 15130 9394 9393 1
9903 16154 10100 9905 1
12010 16102 14561 12233 1
15350 9310 9307 9306 1
7482 15220 7481 7480 1
11591 10164 15096 14442 1
15328 9536 9533 9532 1
10747 15827 11321 10756 1
14016 7866 13716 13717 1
12666 15541 12664 12665 1
14145 15899 12419 14144 1
7796 16237 15588 7793 1
8643 8644 8642 8641 1
11866 14320 10449 11317 1
15635 13084 13924 10146 1
11788 11366 11787 11789 1
10499 8228 15721 12130 1
10137 10073 8750 13902 1
11955 12245 10806 11186 1
15322 9314 9311 9310 1
7563 14545 14963 14569 1
14170 16267 14168 14167 1
13081 15526 15605 13082 1
15178 15998 7685 7686 1
13334 14616 10395 11310 1
16098 17152 13005 14394 1
11524 10913 11523 11525 1
8329 13722 15377 8326 1
7814 15578 13788 7811 1
15419 15793 8913 8914 1
8688 8686 8687 8689 1
10359 15613 15508 10047 1
11921 15099 11628 11920 1
13977 9089 14928 11699 1
15965 9020 9019 13686 1
7753 7752 7751 8674 1
9358 14144 14107 9359 1
12325 15377 13722 11775 1
15016 16246 11977 10149 1
13402 12269 13403 13404 1
13748 8717 8719 10493 1
8076 15992 14528 8077 1
8211 8225 8226 15766 1
7700 7703 16362 7699 1
9837 11417 13825 15018 1
14916 13887 15095 15162 1
7422 7419 13956 11422 1
14647 15008 9328 14957 1
7942 10260 14362 7939 1
9248 9249 9247 9245 1
14297 9828 9831 10915 1
8307 15265 13920 15065 1
9964 10917 13309 15040 1
599 15854 7280 598 1
7738 7740 7739 7736 1
15991 8658 8635 15868 1
13160 12065 14268 14269 1
9233 15639 15631 14215 1
8812 8810 8813 8814 1
9825 9827 9826 9823 1
14162 14963 14545 9866 1
9920 10053 10094 15521 1
8716 8718 8717 8715 1
15910 11943 10954 11278 1
8168 8167 8166 11802 1
8166 8165 8164 15318 1
7554 7552 14520 7557 1
14036 10096 10771 14037 1
12503 15923 11890 11081 1
13671 15931 13672 11397 1
10083 11140 15640 10007 1
16866 10740 16835 12857 1
11346 11403 14464 13428 1
9701 9704 15083 9700 1
11584 12392 14931 11582 1
13793 14362 10260 13794 1
14338 13615 14340 14339 1
10731 16139 10730 10116 1
11685 10381 11149 11847 1
9528 13628 15353 9529 1
12622 15631 15639 12624 1
15428 12264 10978 11837 1
15024 11976 10432 7954 1
7729 16228 15697 7730 1
8701 8700 8702 14086 1
15857 10619 10621 10652 1
8114 15890 14411 8115 1
11578 14529 10431 11313 1
8158 13992 14233 8160 1
8088 15332 15224 8085 1
13720 9033 15040 13309 1
15402 7962 7963 7966 1
14460 13140 13141 13144 1
14082 14083 14080 7455 1
14294 15477 11424 13979 1
14108 15860 7750 7439 1
13180 11188 15573 8661 1
8260 8262 8263 14130 1
8044 16039 14634 8045 1
11681 10712 14795 12770 1
9784 15000 9785 9783 1
15061 14555 15077 7599 1
8210 13891 15721 8212 1
14078 16085 11698 14077 1
9236 9243 9230 9235 1
13931 11842 10038 8935 1
16094 12577 16048 8787 1
12327 12421 12228 12326 1
14193 13817 12579 12501 1
16040 13558 16107 13404 1
9514 9513 9511 14331 1
14325 9438 15788 12343 1
11278 10954 11155 14008 1
782 783 7306 14816 1
7225 16722 15664 819 1
14025 8043 8046 13565 1
8510 8511 8512 8513 1
12384 14430 12522 12321 1
13185 13266 11333 13184 1
13676 8995 15152 13374 1
13307 13711 11445 13703 1
10838 16086 15749 10839 1
14969 14453 11541 10394 1
14604 15428 11837 15438 1
623 624 7223 13543 1
9530 16299 9527 9529 1
8483 15296 8480 8482 1
11458 11457 11459 11460 1
11540 11539 14075 15608 1
13601 12243 12242 14693 1
11303 10459 11304 14483 1
11322 13756 15575 11324 1
9436 9435 9437 10154 1
7443 7444 14186 7442 1
15318 15488 11802 8166 1
16260 8857 8854 8853 1
14334 14608 13505 9350 1
9216 9219 9218 9217 1
7865 7867 7868 14068 1
15393 15433 12483 12471 1
10285 15416 10773 10589 1
13538 14646 11657 12278 1
15430 9292 9289 9288 1
9586 9585 9590 9591 1
7647 15080 7648 7646 1
9525 9526 9524 9523 1
9573 9572 14517 10236 1
9274 15473 15331 14195 1
11908 11907 11909 15300 1
7970 7971 7969 7967 1
14382 11814 15306 8527 1
14058 14059 11075 12609 1
15422 9592 9617 15465 1
12118 12117 10880 12119 1
8640 8626 8625 8656 1
12509 15750 12510 11858 1
14098 15887 13516 9234 1
15396 8321 8322 8325 1
12472 15444 14385 11903 1
13974 13975 11496 12710 1
9696 14587 14436 14586 1
15285 15354 12306 13610 1
14095 15733 15592 10337 1
10172 10772 10118 8964 1
8181 8182 15700 10597 1
7720 7719 14010 7723 1
15053 12211 10490 9688 1
12731 12730 12729 12732 1
12530 15660 14186 7444 1
14891 11957 10426 7978 1
14202 15432 14201 8885 1
7815 7835 13796 13797 1
15072 15273 12536 14909 1
12933 14560 12931 12932 1
11645 15434 12276 11646 1
9434 9433 9435 9436 1
15080 15023 7651 7648 1
9532 15353 14774 15328 1
15907 8999 8996 8995 1
9739 14734 9742 9741 1
14425 14427 11687 12554 1
10733 16049 10115 10730 1
8844 8847 8846 8845 1
15053 9685 9684 14553 1
8524 8526 8527 15306 1
14248 14300 10797 12162 1
11735 12527 15043 15015 1
7537 10460 7535 7536 1
8381 8380 8382 14723 1
15480 14177 14443 13840 1
7738 7737 13829 7741 1
12981 12982 12980 12978 1
15473 9274 9249 9248 1
10154 9437 10356 10358 1
12515 15740 13759 12325 1
10662 10661 10663 10664 1
10007 15640 10006 10005 1
8044 8045 8043 8041 1
9368 9367 9369 9370 1
10425 11301 11618 14673 1
10630 15693 10633 10632 1
8280 15787 8283 8282 1
11424 13952 8757 8755 1
9192 16266 9195 9194 1
7938 7935 7937 7939 1
14572 14910 13482 14610 1
10695 16095 11959 11958 1
8773 8769 8774 8775 1
13606 14049 8808 13607 1
15087 15143 12455 12454 1
10259 11065 10919 9959 1
9149 16129 15056 9150 1
10142 8809 8811 10437 1
13952 11424 15477 10525 1
15526 13081 15525 9193 1
16723 13433 13194 16564 1
9273 14943 9280 9279 1
14939 13467 12267 13468 1
9858 9855 9854 9859 1
11366 11365 10500 11787 1
15488 15689 13978 11802 1
7751 7748 7747 15557 1
10358 10356 10892 10893 1
7461 15801 15381 7462 1
10125 16015 10764 10758 1
10992 15437 11095 11094 1
7413 16282 7411 7412 1
8610 8590 8589 8672 1
10592 12558 10110 10299 1
14153 9980 13962 11423 1
9726 9723 9725 9727 1
15652 8287 15699 12509 1
15671 12596 15908 15469 1
15676 13422 14294 7888 1
14918 14722 11638 10415 1
8929 16232 8927 8928 1
11413 13606 13607 14088 1
12322 11407 11004 14418 1
11880 12909 15619 10707 1
10151 15400 14028 15358 1
10730 16139 11232 10733 1
10913 10912 10214 11523 1
10692 15982 11028 10810 1
15767 10793 10678 10676 1
14573 9857 10099 13179 1
11034 10924 10273 11938 1
15089 12453 15296 8483 1
10687 15538 10696 10688 1
12598 12599 11613 12597 1
9228 9232 9231 9227 1
15023 11743 14970 7651 1
13184 13182 13183 13185 1
9235 14625 15594 9236 1
10593 15681 10804 10158 1
15859 8985 8982 8981 1
9225 9226 9224 9223 1
15673 7934 7935 7938 1
10771 10565 14091 14038 1
14569 7559 7560 7563 1
12251 12252 11694 11693 1
8287 15652 15604 8288 1
11390 13716 15307 10341 1
15368 14282 15388 11008 1
7603 7602 7604 7605 1
12420 12437 12438 12439 1
14540 11426 11394 11775 1
13143 13145 13144 13141 1
15585 15724 13875 8941 1
9747 9750 14663 9746 1
7770 7772 7798 13648 1
14054 15269 11378 14053 1
14967 12265 14084 10250 1
13060 13061 13062 13063 1
15576 13924 15605 9197 1
14111 15440 12358 15066 1
14806 16520 12938 7214 1
15735 11864 15524 8175 1
16721 16857 11295 10835 1
11916 16027 12396 11304 1
15765 9518 9515 9514 1
9941 15949 9943 9942 1
11808 15440 15507 12092 1
14504 15246 15076 9849 1
12295 15756 11027 11105 1
16019 8743 8741 15051 1
12366 11998 11522 14359 1
13782 16634 13780 13781 1
14268 14271 12399 12856 1
15715 11050 15660 12530 1
15088 8487 14535 12349 1
15919 13820 16327 15731 1
13564 14948 11723 12287 1
8931 15682 13931 8932 1
9953 9956 9951 9952 1
9342 9341 9343 9344 1
13909 8733 8735 10582 1
11117 10350 10748 11118 1
12479 15708 12478 11812 1
9724 9725 9723 9721 1
10520 10364 11286 11287 1
15717 13301 13902 13901 1
12510 15750 12538 12512 1
11415 11416 10956 10957 1
10176 10177 10877 11701 1
9824 9825 9823 9821 1
8016 16070 14882 8017 1
15658 12505 15432 14202 1
8284 15699 8287 8286 1
13893 8698 8701 15514 1
7901 16140 7904 7903 1
12725 12726 12708 12724 1
11966 11387 11152 13885 1
11062 10970 10758 13938 1
12108 11825 11827 13964 1
15662 13888 15798 10283 1
14310 15486 13565 8046 1
13070 14028 13072 13071 1
10254 8693 8697 10468 1
8702 8703 8704 8705 1
13792 14088 12245 13113 1
7458 7459 7456 7457 1
13467 15101 11741 12267 1
7725 7724 7726 7727 1
13665 10335 10342 13666 1
11584 11583 12163 12164 1
14736 11945 10409 8010 1
10422 15838 10838 10837 1
8692 15483 8694 8693 1
10299 15278 11481 10938 1
11015 10925 10257 11893 1
8360 14764 8359 8358 1
14360 13504 13455 10235 1
9546 13601 14693 9547 1
15611 10943 11087 12576 1
12364 14301 14151 14214 1
7465 15381 9578 8889 1
12485 15504 12486 11013 1
13868 14345 8552 15175 1
12564 12614 12613 12612 1
15336 8498 10103 12718 1
12110 15331 12310 12173 1
14935 8380 8379 14683 1
15164 14538 12683 14639 1
13395 17070 12837 11348 1
10664 10663 10675 10676 1
7813 7814 7811 7812 1
13712 8981 15196 13423 1
11456 11453 11455 14119 1
11417 11442 14176 13825 1
13329 13323 13326 13330 1
7661 15108 14782 7662 1
8100 8099 8097 14781 1
7704 7702 7705 7706 1
11554 11553 12166 12167 1
13278 12144 12145 15356 1
13921 15532 15065 13920 1
12063 12762 12062 11369 1
10541 10540 10539 10559 1
16366 14034 16512 13842 1
8636 15868 8635 8634 1
15277 12738 12739 14199 1
7834 7836 7835 7815 1
14514 9564 9561 9560 1
12230 15046 12544 12543 1
12235 16152 12698 12697 1
13874 11863 8964 8945 1
15003 9366 9363 9362 1
8483 8484 15088 15089 1
13374 13683 11432 13676 1
12193 15136 12674 12673 1
9721 9722 9719 9720 1
10897 15720 11256 10871 1
14160 14139 9948 9945 1
14228 15622 9246 15565 1
10861 10860 15464 11037 1
9564 9565 9563 9561 1
11507 10957 11506 15351 1
15287 13572 15269 14054 1
10603 10605 10604 10602 1
11310 10395 10396 11311 1
9314 15322 15273 15072 1
10307 10308 16240 15384 1
14234 8793 8800 8883 1
9303 14933 9306 9305 1
8809 8807 8810 8811 1
11182 10762 13673 13675 1
8527 8528 14381 14382 1
7454 7455 7452 7453 1
7852 7853 8216 13695 1
15469 15908 14240 11659 1
10931 15775 10488 10930 1
15579 8764 8768 10122 1
10006 15847 15326 10001 1
14234 15357 12322 14235 1
8844 8843 15256 8847 1
828 7369 15843 827 1
8696 10128 16076 14030 1
14046 13836 11450 14047 1
11546 10906 11545 11547 1
14183 16024 14055 10754 1
8351 15323 8348 8350 1
14014 10852 11146 12653 1
10146 9203 14036 15635 1
9556 9553 9555 9557 1
9325 14957 9328 9327 1
12833 16986 16023 11161 1
7634 7637 7636 7635 1
15036 15087 12454 15006 1
8803 8805 8804 8802 1
15911 16051 10720 10061 1
10817 10816 13914 11069 1
15582 16870 7822 7787 1
12439 14107 14144 12420 1
11009 15555 12337 11609 1
10378 15786 11934 10494 1
12905 16784 16785 16739 1
10190 10191 10886 11582 1
15404 15406 9971 8189 1
8304 8302 8305 8306 1
9174 15852 9177 9176 1
12361 14045 12362 12213 1
10047 10046 9614 10359 1
14229 16256 11451 10437 1
15001 13611 15539 14680 1
13342 11302 16109 16101 1
8451 9839 14495 8448 1
12927 16269 7278 16328 1
15552 15692 8705 8706 1
13727 16018 13729 13728 1
10680 15862 10695 10679 1
8883 14050 15357 14234 1
14212 15715 12530 7446 1
13511 14003 11356 13531 1
10925 11435 11436 14704 1
12273 13461 11755 11756 1
14182 15737 11852 11057 1
10134 10133 8666 10328 1
14335 15740 11513 11511 1
7866 7863 15307 13716 1
15443 13077 15346 9189 1
15638 15710 13880 12498 1
14176 13847 11001 11438 1
14418 8795 14235 12322 1
15550 12563 14619 9248 1
13878 15982 15609 10627 1
15637 13880 15710 11468 1
15623 7744 7742 10570 1
12424 12423 15054 14672 1
7500 7498 7501 7502 1
14240 15908 14239 8293 1
9578 11833 9580 9579 1
14310 8046 8047 8050 1
12757 14109 14110 14236 1
16501 13003 16389 563 1
12261 16536 12259 12260 1
14035 14292 8301 14291 1
8945 8946 8944 8942 1
15395 12463 15421 12170 1
11720 14977 13591 12242 1
8655 9969 8653 8654 1
13290 12169 12170 15421 1
15786 10378 10085 9905 1
8944 15701 9983 8943 1
11696 12015 15013 14923 1
10194 10195 10890 11552 1
13990 14293 8305 14292 1
11564 12283 12282 11563 1
10754 13978 15689 14183 1
15341 15484 15715 14212 1
7438 7436 7437 7439 1
8049 8050 8047 8048 1
14947 9340 9337 9336 1
12376 15246 14902 14569 1
15265 8307 8308 8311 1
11184 10769 12068 12098 1
16132 11971 16129 13356 1
7563 7560 7562 7564 1
8235 8237 8238 8239 1
15852 13379 16188 9177 1
8303 8300 8302 8304 1
12570 15989 12571 11853 1
12577 16094 14330 10723 1
13276 16854 12875 12130 1
8785 7847 15459 15544 1
8586 15881 10044 8588 1
14045 14211 9636 14246 1
8321 15396 14335 14644 1
13428 15130 10391 11346 1
9566 9567 15164 14639 1
12373 14217 14219 14358 1
9988 9990 14181 11334 1
11073 12313 12314 13923 1
10610 10612 10611 10609 1
11018 11675 10251 11017 1
7756 7759 7764 15730 1
9791 9792 9793 9794 1
8745 8739 8744 8750 1
13526 13823 11375 12959 1
9775 9777 9776 9773 1
9568 9569 9567 9565 1
7498 7497 14265 7501 1
8473 9833 14445 8470 1
12557 15980 12556 11634 1
9203 9204 10096 14036 1
14300 14248 11519 11517 1
8517 14201 15432 15305 1
15631 12622 12619 12618 1
11379 11380 11425 14679 1
7426 7424 13995 13996 1
8763 8759 13952 10525 1
11558 12065 12064 11122 1
10808 11522 11196 11091 1
12087 17125 13473 13790 1
13909 13539 12246 15470 1
14538 15164 9570 15020 1
11273 14305 12157 10916 1
10631 10630 10632 10634 1
14511 15106 15228 12442 1
15366 14185 15468 8855 1
15023 15080 12461 11745 1
15326 16069 10479 9997 1
12345 12346 14535 15254 1
11753 10876 11752 12468 1
10612 10614 10613 10611 1
11677 15074 14945 10325 1
15604 12508 15542 8291 1
13824 15797 11780 15303 1
15430 14695 12523 15394 1
13960 11699 10926 13963 1
11394 11393 10256 11774 1
7759 7756 7757 7763 1
9042 9041 15064 9045 1
10469 10324 8847 15256 1
11671 11670 11672 13024 1
11958 15746 10679 10695 1
13951 10144 9898 10113 1
9489 9490 9491 9492 1
8149 8150 8148 8146 1
12985 15260 11777 11778 1
13423 13713 11434 13712 1
15543 8580 10900 12784 1
9285 15447 9288 9287 1
7455 7454 7456 14082 1
11448 12269 12268 11332 1
9598 9600 10510 14099 1
9777 9779 9778 9776 1
13991 11369 14010 7719 1
10572 15658 14202 9925 1
11468 15710 14317 8893 1
9572 9573 9571 9569 1
8651 8664 8650 8649 1
11734 14998 13594 13593 1
12331 15347 13975 13974 1
8200 8199 8198 8669 1
15181 11752 15038 7665 1
10927 16105 10368 10369 1
11407 12322 15357 11409 1
12998 13297 12997 12996 1
11744 10874 11743 11745 1
7730 15697 7733 7732 1
9283 9281 9284 9285 1
11672 15160 14288 14287 1
12335 11457 11454 15299 1
13890 8679 8715 11351 1
15068 16093 12832 11761 1
15452 9262 9259 9258 1
8121 14500 8124 8123 1
12730 15210 12727 12729 1
14690 9754 9755 9758 1
8745 15829 13911 8739 1
9726 12165 14191 9723 1
11340 10417 10418 11341 1
8555 8556 14137 10711 1
7341 16738 14850 498 1
10551 10555 15773 10549 1
13304 14707 10397 11291 1
15118 13847 14067 8311 1
15149 16943 12670 12442 1
13347 11382 11381 14556 1
14660 9336 9333 9332 1
12434 12432 12433 14326 1
13733 13734 13732 13729 1
8690 8688 8689 8691 1
7639 14788 7636 7638 1
9198 15576 9197 9196 1
15176 12545 12544 14714 1
11371 11372 11427 14648 1
12192 16486 12806 11144 1
10063 10752 8952 10062 1
11405 15330 10982 10958 1
10582 13910 13539 13909 1
10305 11375 13823 10306 1
12931 15011 11277 12930 1
13078 15525 13081 13080 1
11352 13480 13479 11353 1
13852 12247 15385 8606 1
8564 8223 13860 13697 1
8041 8042 8039 8040 1
8692 8691 8689 13899 1
12453 11564 15297 15296 1
12349 14535 12346 12348 1
9511 9512 9510 9509 1
15354 12505 12307 12306 1
10327 9181 15240 11997 1
8479 8480 15296 15297 1
14090 11891 12589 15565 1
11483 10897 10914 11484 1
15045 16171 11739 10195 1
15710 15638 15275 14317 1
16046 9948 14139 13944 1
8730 8728 8729 10518 1
14189 17027 7699 16362 1
11700 12264 12265 14967 1
8943 8940 8942 8944 1
12532 12533 12422 12531 1
15066 12358 15363 9931 1
11732 12134 12133 11731 1
15415 15671 15469 15209 1
12095 12096 12085 12084 1
11227 11228 10586 10857 1
14867 16160 7332 451 1
14431 12392 12393 14650 1
11060 10937 10288 11954 1
11953 15468 14185 14184 1
14480 16052 9804 14479 1
7658 14772 7661 7660 1
11081 10713 15474 12503 1
14133 14558 12359 14132 1
13755 12486 15797 15889 1
8829 15556 10498 10347 1
7898 10501 7896 7897 1
15793 13955 15666 8913 1
14664 11939 10401 8034 1
15897 8111 8110 13692 1
10434 10976 13645 14975 1
9974 8183 15523 13873 1
14284 15555 15388 14281 1
11452 8911 8963 11453 1
11833 15381 15801 15769 1
14581 10190 11582 14931 1
13567 15846 14762 8373 1
10767 15779 10769 10768 1
9665 15327 9664 9663 1
14115 14116 12581 13817 1
13375 13250 12139 13845 1
10704 10705 10703 10702 1
9612 15493 9614 9613 1
14313 8299 8300 8303 1
11610 11609 12289 12290 1
8726 15566 8724 8725 1
11450 9909 9907 14068 1
11032 10921 10270 11932 1
9534 16239 9531 9533 1
13361 16326 12009 16206 1
12316 12315 12317 13949 1
15437 15542 12508 11095 1
15376 15395 12371 14454 1
10883 15811 10558 10817 1
10604 10606 10645 13709 1
10607 10609 10690 14087 1
8302 8301 14292 8305 1
9585 9584 15485 15371 1
15131 15939 11691 11689 1
14414 14158 15127 9179 1
12487 11223 15371 15485 1
8737 8736 8738 8739 1
12381 12389 12390 15111 1
11069 11070 10884 10817 1
13794 15365 15274 12416 1
7930 15374 10267 7928 1
8728 10216 15551 8726 1
7992 14722 14918 7993 1
10061 10720 10593 10158 1
14158 14414 12350 14157 1
10555 10551 10554 10556 1
11668 11667 11666 14662 1
14929 12023 11625 14750 1
7617 7614 7616 7618 1
12418 12420 12419 12275 1
7784 15685 7783 7782 1
14695 15430 9288 15447 1
15319 15462 11792 10459 1
13169 16185 12629 12631 1
8921 15851 8919 8920 1
11775 11394 11774 11776 1
10928 10927 10369 11629 1
7807 7809 7808 7806 1
8111 8112 8109 8110 1
7731 16557 15442 7728 1
11627 14994 12400 12215 1
14289 15291 12119 10880 1
8705 15692 14086 8702 1
11420 10976 10999 14563 1
11890 12587 11891 11798 1
12621 12622 12623 14322 1
11204 15694 11947 11946 1
15852 9174 9173 15842 1
8366 8368 8369 14915 1
12339 13920 15265 14067 1
12392 11584 12164 12393 1
13077 15443 15525 13078 1
7947 15690 7950 7949 1
9987 11910 9989 9988 1
14103 14329 14104 14101 1
12581 15916 12580 12579 1
14339 15687 7511 14338 1
11804 15330 13610 12306 1
11576 13651 14563 10999 1
8385 9868 14723 8382 1
7727 15442 11048 8685 1
11002 15274 15365 11003 1
13625 15551 10955 12204 1
11362 13518 13517 11363 1
15162 15075 11697 14916 1
12600 14471 14473 14624 1
10263 11019 10917 9964 1
13258 13353 15600 15429 1
8239 8238 8240 8565 1
8677 8679 13890 13937 1
14634 11933 10398 8048 1
7912 7913 7911 7909 1
15455 9406 9403 9402 1
15662 9226 9230 9243 1
9160 15752 9163 9162 1
12578 16048 12577 12501 1
13196 16905 16177 7287 1
15020 10232 11715 14538 1
7491 14438 15291 14289 1
8901 8907 15666 12473 1
14242 11481 15278 8515 1
12177 12462 11765 11764 1
15246 14504 11626 14902 1
11628 14787 10225 11079 1
9197 15605 15526 9194 1
14509 12231 14510 13219 1
8303 15065 15532 14313 1
15102 13629 14888 12309 1
14017 11462 15370 7870 1
12545 15176 14261 14259 1
13455 13456 11561 13454 1
10770 11143 10742 10144 1
8216 8217 8223 8564 1
8678 8680 8679 8677 1
8607 15771 8609 8608 1
11050 15715 15484 10284 1
15532 13921 15471 11487 1
11619 11994 11993 10869 1
11000 12482 10574 10575 1
16021 16077 14170 14167 1
14748 9457 10117 11929 1
15499 15570 7459 7460 1
14177 15480 9254 15018 1
8846 8847 8848 8849 1
9513 9514 9515 9516 1
7385 8888 7383 7384 1
9915 9919 9920 10348 1
12599 12598 12600 14624 1
15345 12462 15356 12145 1
9430 15487 15324 9427 1
14037 13086 15635 14036 1
9948 16046 9949 9947 1
10983 15303 11780 11779 1
15392 11693 10997 12308 1
14847 16165 7205 657 1
8288 15604 8291 8290 1
14662 11666 14989 8397 1
14491 14588 11590 14489 1
8569 8570 8227 8228 1
9280 14543 15528 9281 1
10538 16240 10308 10537 1
11491 10973 10424 14378 1
8647 8650 15790 8645 1
7423 14200 14213 7421 1
9884 9885 9886 10310 1
10591 10824 10532 10533 1
13335 13690 11440 13686 1
14540 14539 14541 11426 1
14235 8792 8793 14234 1
15347 12331 11480 14296 1
8727 15491 8729 8728 1
9595 9594 9593 9986 1
10649 15746 10689 10647 1
11493 12361 12213 12212 1
9375 9373 9376 9377 1
12184 12463 11783 11782 1
11777 15170 10042 10710 1
11917 16221 7379 7381 1
9356 14770 15210 15132 1
10428 11379 13579 14933 1
13840 15452 9258 15480 1
10240 15298 9832 9921 1
15190 11428 10973 11492 1
7589 14945 7586 7588 1
9942 9943 10056 10337 1
9758 9755 9757 9759 1
10911 12312 11073 11072 1
12368 12753 12754 14244 1
14633 14905 13520 14672 1
15565 9247 9250 14090 1
14117 11452 11453 11456 1
13082 13924 13084 13083 1
9760 9758 9759 9761 1
15434 14537 7948 14575 1
8541 8544 14094 8540 1
14012 14001 11896 10851 1
11525 14452 12371 12170 1
8645 10029 8644 8643 1
13829 13452 11344 10571 1
9785 9787 9786 9783 1
15360 15294 14704 11436 1
11965 13868 15175 11437 1
10798 14253 14366 10154 1
7576 7579 7578 7577 1
14463 15436 9394 15130 1
12264 13655 13654 12265 1
1360 1359 7250 15996 1
7473 7472 7474 14346 1
13613 14331 10250 14084 1
15663 8149 8146 8145 1
13687 11399 11036 11038 1
11005 11004 11407 11408 1
12602 15971 12921 12920 1
7557 14520 14521 14522 1
13505 14608 11652 12274 1
15191 15113 14740 11751 1
14970 10175 7655 7652 1
11305 11359 11306 10893 1
8086 8085 8083 14616 1
9237 9232 9238 14355 1
10989 15437 10992 10991 1
14764 8360 8363 9870 1
9436 14366 10151 9434 1
11299 10393 10394 11300 1
8052 13051 11137 8050 1
8514 8517 15305 8513 1
14450 11897 10405 8104 1
14077 11662 11296 14078 1
15358 14028 15487 9430 1
7964 16127 10430 7965 1
8733 7874 8734 8735 1
12460 15809 12302 11738 1
13519 13520 11363 13517 1
15470 7875 8733 13909 1
7480 15802 7483 7482 1
14443 11438 11007 11512 1
11048 14146 11049 8685 1
10769 11184 11183 10768 1
15193 15219 12464 12461 1
15104 12675 12674 14987 1
13107 17121 13106 11465 1
12614 15594 14625 12615 1
11011 12174 14140 10473 1
11757 15321 11759 11758 1
11580 11112 10326 14743 1
12615 14625 12618 12617 1
14329 15686 10578 15584 1
14920 9543 9541 10243 1
8241 8238 15935 15817 1
10505 15653 10914 10897 1
10218 9873 11356 11357 1
15546 15247 15601 12496 1
10173 11465 10833 10232 1
15361 13062 13061 15144 1
8856 15366 8855 8854 1
11964 16013 12520 11965 1
10606 14087 10687 10645 1
8546 8547 14216 10708 1
10134 15367 10491 10133 1
13065 15263 15446 13066 1
15480 9258 9255 9254 1
13069 15324 15487 13070 1
15065 8303 8304 8307 1
11855 10767 10699 11856 1
7500 7503 15167 7499 1
10763 15886 9999 9995 1
10379 10494 15838 10422 1
15493 15612 10359 9614 1
8709 15552 8706 8708 1
15675 12312 15577 12247 1
7774 14399 8725 8724 1
9401 9399 9402 9403 1
14330 16148 11851 10722 1
14079 14080 14081 8789 1
14902 14506 7559 14569 1
15064 16112 11926 10266 1
15538 13171 11220 10696 1
15452 13840 12334 15425 1
8020 8019 8017 14882 1
8538 8541 8540 8537 1
15011 12931 14560 15014 1
14772 11747 15108 7661 1
8307 8304 8306 8308 1
8053 15140 8052 8051 1
9397 9395 9398 9399 1
14316 11795 12474 15481 1
11837 10978 10528 11838 1
7993 7994 7991 7992 1
10069 15670 10507 10070 1
15242 9475 9478 15276 1
15182 15625 14209 9932 1
13958 10539 10537 10946 1
12139 13250 11788 11789 1
7584 7587 7586 7585 1
7597 14565 14431 14755 1
14686 7605 7606 7609 1
9109 9108 9110 14655 1
8449 8448 8446 15117 1
8215 9960 14365 8154 1
10702 8633 15643 13973 1
7923 7924 7921 7922 1
15049 8393 14511 12441 1
7966 7963 7965 7967 1
10284 10285 10588 11050 1
8193 8192 8194 8195 1
8742 8743 8746 8752 1
9426 15446 15263 9423 1
15153 13602 14921 12300 1
11455 11454 11457 11458 1
10266 11026 10918 9965 1
10557 10558 10556 10554 1
14565 14931 12392 14431 1
13656 7968 7969 7972 1
12397 14922 14491 14489 1
15220 7482 7485 10879 1
9427 15324 9426 9425 1
16086 10838 15838 11937 1
10106 10107 10108 14069 1
12429 14636 12430 12428 1
9040 9043 14890 9039 1
14692 13590 9554 9551 1
14931 14565 7593 14581 1
15026 14684 14110 12078 1
14582 14568 12380 15111 1
14096 14428 8495 14478 1
12311 14619 12563 12562 1
15292 12351 11501 14432 1
8005 15093 8004 8003 1
10283 15798 15671 15415 1
7602 7603 7600 7601 1
10839 10841 10840 10837 1
13611 15001 11737 12301 1
10102 14954 9775 9774 1
7941 7942 7939 7940 1
9221 9228 9227 9220 1
11008 15388 15555 11009 1
14560 12933 14797 9338 1
9776 9778 12159 14154 1
14750 9344 9345 9348 1
12203 12119 15291 13237 1
7637 10176 7638 7636 1
7972 7969 7971 7973 1
8291 15542 14398 8292 1
10047 15508 10107 10106 1
9196 15379 9199 9198 1
14798 9360 9361 9364 1
15543 15654 8563 8561 1
12727 15210 12726 12725 1
10537 10308 10536 10946 1
8492 8493 8494 8495 1
10049 16439 15590 10050 1
8155 17170 8152 8154 1
12308 10997 10996 12309 1
11572 11574 14964 14536 1
12353 15309 14059 14058 1
14420 9001 14558 14133 1
7484 7485 7482 7483 1
14624 9109 14655 12599 1
15584 15424 11814 14382 1
15259 14314 15274 11002 1
8609 15771 15643 8623 1
12269 11448 15344 13403 1
7882 15563 7879 7881 1
13319 15515 10019 10022 1
10585 15451 9589 9587 1
15755 16236 8195 8194 1
7792 7793 7791 7790 1
10696 11220 11214 10697 1
15193 12461 15080 7647 1
11523 10214 14485 14452 1
12382 13256 12389 12381 1
15492 13456 15499 7463 1
11924 15268 13061 13060 1
13289 16453 13151 7286 1
7923 15218 7926 7925 1
8180 15523 8183 8182 1
9176 9178 9179 15127 1
8177 15735 8175 8176 1
12474 12104 12475 14180 1
12228 14965 12226 12227 1
9371 9369 9372 9373 1
14684 9400 14236 14110 1
14787 11628 15099 9482 1
7975 7976 7973 7974 1
15168 8415 14636 12429 1
14233 11539 10569 8163 1
9566 9563 9565 9567 1
12452 12243 15153 15122 1
8311 8308 8310 8312 1
8623 15643 8633 8632 1
15769 15801 14116 14115 1
9639 9640 9637 9638 1
14728 9370 9371 9374 1
12440 12438 12443 12444 1
9542 9539 9541 9543 1
10453 14010 11369 11155 1
14232 12335 15299 8900 1
12248 15328 14774 12249 1
15192 10581 9611 9599 1
8111 15897 8114 8113 1
10924 11831 14916 11697 1
14923 15013 7617 7618 1
10597 15700 12555 10599 1
14355 14300 11517 9237 1
9384 15232 14544 15047 1
8851 14380 10387 10330 1
15246 12376 11023 15076 1
10670 10651 10650 10672 1
15489 16743 7204 772 1
10315 16182 10318 10317 1
7928 10267 14352 7925 1
7932 15781 7933 7931 1
15253 14782 15108 11749 1
11703 15219 14946 11701 1
12289 15673 14363 12290 1
15752 9160 9159 15745 1
9829 15533 9921 9832 1
13617 15338 11416 13616 1
14434 13975 15347 8957 1
7684 7687 7686 7685 1
14282 15368 9466 14980 1
10791 14031 10790 10678 1
14676 7575 15111 12390 1
16222 10053 9919 10353 1
14678 15350 9306 14933 1
9365 9366 9367 9368 1
15400 10151 14366 14253 1
15075 15162 12459 14974 1
10961 15177 11370 10932 1
11347 15101 11403 11346 1
14280 14279 14281 14282 1
7951 7952 7949 7950 1
11577 12321 12320 11576 1
15284 15492 7463 7464 1
13888 15662 9243 15622 1
14387 15624 9416 15187 1
9805 9808 14479 9804 1
15038 10179 7669 7666 1
15090 12451 15102 12309 1
13979 11424 8755 7884 1
7572 7575 7574 7573 1
12425 14618 12426 11981 1
7495 7492 7494 7496 1
13158 16987 13159 11228 1
8262 14194 8264 8263 1
8462 15506 8461 8460 1
9633 9636 14211 9632 1
15457 12493 15522 9946 1
14733 14261 15176 9286 1
15726 7495 7496 7499 1
15490 12482 15574 8926 1
7991 15029 7990 7989 1
7912 15319 10459 10458 1
14081 15387 8799 8791 1
10915 9831 10196 10916 1
9345 9343 9346 9347 1
10377 10085 10378 10379 1
12828 16924 14448 11120 1
14643 16364 16789 9720 1
12388 15032 14427 14425 1
14671 14633 14672 15054 1
15276 15145 12691 12692 1
13794 10260 15439 15365 1
11857 15652 12509 11858 1
8925 15456 8922 8924 1
11012 11533 10302 10506 1
7918 15920 15905 7919 1
8883 8800 8802 14049 1
12165 9726 9728 13337 1
15333 15345 12377 14499 1
15203 8411 14326 12433 1
15550 9248 9245 9244 1
10579 11021 10580 7785 1
15601 10269 15638 12498 1
10413 9956 10412 10958 1
14507 11580 14743 7595 1
7706 14792 7708 7707 1
15389 11810 15316 8959 1
9309 9307 9310 9311 1
8632 8633 8636 8634 1
14757 9507 9510 10801 1
15298 10240 15403 12489 1
17100 16819 16135 13834 1
11496 14446 11494 11495 1
13373 13683 11431 13692 1
12134 11732 12457 15183 1
16122 10065 10029 15790 1
9422 15361 15144 9419 1
14879 9382 14358 14219 1
14629 14630 14113 13816 1
15179 8468 8467 14376 1
14161 8912 8911 11452 1
11068 10950 10298 11971 1
11790 15226 10247 11052 1
9339 9340 9341 9342 1
683 16910 7264 682 1
8212 8225 8211 8210 1
9181 9180 9178 15240 1
9431 15358 9430 9429 1
8918 8919 8917 8916 1
14714 12544 15046 9282 1
15133 8419 14618 12425 1
9781 15055 9784 9783 1
8542 8543 8541 8538 1
11607 15004 12401 12115 1
10634 10654 10653 10631 1
7951 15024 7954 7953 1
7855 7858 15928 7854 1
10228 11343 11342 9833 1
11357 11383 11381 11358 1
12445 15512 14990 14958 1
13887 14916 11831 13886 1
12285 11361 11750 12286 1
10707 15619 10705 10704 1
7884 8754 7882 7883 1
9982 10765 10523 10223 1
15505 15661 15431 8536 1
7571 14501 14568 14582 1
11075 10296 10515 11257 1
15144 13061 15268 9418 1
7812 15841 7834 7815 1
8375 17072 14981 8376 1
9276 9251 9275 9277 1
15324 13069 15446 9426 1
9906 15545 7862 7864 1
10633 15985 10636 10635 1
9493 9491 9494 9495 1
11733 11734 11751 14740 1
13481 13482 11353 13479 1
14880 9109 14624 14473 1
14609 14572 14610 15236 1
9795 9797 9796 9794 1
11488 10129 10778 11489 1
10136 14989 11666 10795 1
10330 15115 8849 8851 1
14380 8851 8852 8855 1
14313 15532 11487 9212 1
8608 8609 8622 8630 1
13213 15996 12864 12863 1
12091 11808 12092 12768 1
10384 10109 10383 10766 1
9639 15202 9642 9641 1
14524 11491 14378 9632 1
11291 10397 10398 11292 1
8856 8857 8858 8859 1
7746 15580 7745 7744 1
14413 9380 9377 9376 1
15263 13065 15361 9422 1
9423 15263 9422 9421 1
9162 9164 9165 15031 1
11437 15175 14094 8886 1
10647 10689 15813 10646 1
15160 9161 15031 14288 1
12534 15185 12533 12532 1
9226 15662 10283 9224 1
9355 9357 9356 9353 1
8707 15753 8708 8706 1
10227 10960 10939 9839 1
11258 13001 15426 10140 1
14668 15846 11616 11614 1
15481 8127 8130 14316 1
10169 8383 14935 11673 1
14541 14539 8333 14975 1
10475 11696 14923 7621 1
8593 8594 8582 8581 1
11547 14496 12377 12145 1
12639 15782 12644 12637 1
8202 15820 8199 8200 1
11539 14233 13992 14075 1
15319 7912 7909 7908 1
10383 10107 15508 11828 1
14230 8902 8910 14231 1
7888 14294 13979 7885 1
15556 8829 8826 8825 1
14518 12345 15254 8491 1
12078 12077 11571 15026 1
9167 9166 9164 15148 1
14250 14059 15309 8973 1
13697 15479 13696 8564 1
7621 14923 7618 7620 1
12300 14956 15122 15153 1
7640 14761 7643 7642 1
14559 8107 8105 10404 1
9110 9111 9112 9113 1
9277 15349 10039 9276 1
14575 7948 7949 7952 1
9946 15522 15182 9939 1
7491 7488 7490 7492 1
13836 11104 9917 9911 1
15099 11921 12691 15145 1
14207 14342 11913 14498 1
14131 12424 14672 13520 1
9666 9667 9665 9663 1
10453 10043 7723 14010 1
8491 8490 8492 14428 1
9279 9280 9281 9282 1
11400 11401 10927 10928 1
9318 15072 14909 14955 1
7860 7861 7859 7857 1
10271 14278 14280 14980 1
11459 14231 14629 13816 1
15309 12353 11485 14343 1
10242 9555 9554 13590 1
9960 15608 14075 14365 1
8515 8512 15380 14242 1
13661 15459 7845 7794 1
15757 16164 8664 8651 1
11843 15509 10045 11271 1
14180 8126 15481 12474 1
9507 9508 9509 9510 1
8891 8892 8215 8153 1
10758 10970 10086 10125 1
12347 12348 12346 12344 1
8235 14089 8234 8224 1
7575 14676 7576 7574 1
7703 7700 7702 7704 1
9250 9247 9249 9251 1
14199 12114 15094 14577 1
9246 15622 9243 9236 1
7643 14946 14776 7644 1
15451 10585 14115 13817 1
8562 8563 8567 13959 1
7946 7945 7943 14429 1
8772 10122 8768 8769 1
15623 12262 15557 7747 1
12275 15899 12274 11653 1
14376 11603 11601 15179 1
15134 15222 13571 15092 1
9908 11872 9906 9907 1
9067 9066 9068 14731 1
14571 9865 14910 14572 1
14467 8875 15243 13144 1
14760 14151 14301 9468 1
15139 8868 8867 14408 1
14731 14427 15032 9067 1
12504 15522 12493 12307 1
11538 11944 11115 10467 1
12343 12344 12342 11476 1
14064 14519 11516 14061 1
14408 12029 13140 15139 1
15297 11562 14930 8479 1
12493 15457 15397 11805 1
12801 14944 14727 14488 1
15546 12495 15420 8955 1
11559 11561 15492 15284 1
7975 14891 7978 7977 1
8122 15537 11051 10247 1
8461 15496 15233 8458 1
8397 8394 15049 14662 1
7619 10182 7620 7618 1
11685 11848 15061 14926 1
9217 9222 9215 9216 1
12389 15211 15183 12390 1
10262 11013 10948 9577 1
12369 14237 14225 12370 1
9348 9349 14773 14929 1
15140 17021 13051 8052 1
14195 9439 9275 9274 1
12286 11750 15092 13571 1
8900 15299 8906 8901 1
9153 9152 9150 15056 1
11498 14333 14301 12364 1
14279 14280 14278 14277 1
14987 12674 15136 9374 1
14545 7563 7564 7567 1
7707 15314 7704 7706 1
8007 8008 8005 8006 1
7849 15475 7851 7850 1
12310 15473 14619 12311 1
15275 15638 10269 8903 1
9828 9827 9829 9831 1
15368 9470 9467 9466 1
9934 9935 9936 14111 1
8893 8894 8892 8891 1
8518 8521 14201 8517 1
14954 9780 9777 9775 1
10697 11214 11215 13983 1
10379 10422 10421 10377 1
15310 11803 15397 9950 1
15109 14997 7583 15163 1
11326 10404 10405 11327 1
8775 8777 8776 8773 1
8451 8450 8452 8453 1
12433 12430 14636 15203 1
11967 12847 15607 11387 1
13896 8772 8773 8776 1
10651 10679 15746 10649 1
12367 12368 15325 14894 1
8382 8383 8384 8385 1
10284 15484 8796 8798 1
14236 15195 14244 12757 1
8732 10323 10374 11806 1
15046 12230 11579 14597 1
14965 12228 12421 14960 1
12628 15773 10555 10560 1
9146 15655 9149 9148 1
14632 9867 14905 14633 1
14354 15225 15120 12934 1
15170 11777 15260 8455 1
10935 10157 15337 12735 1
14926 15061 7599 7600 1
8653 15757 8651 8652 1
12589 12588 12590 14228 1
14980 9466 9458 9454 1
12403 15057 11836 12378 1
9347 9349 9348 9345 1
10404 8105 8104 10405 1
14846 477 478 7186 1
14492 12401 15004 14627 1
9630 14347 9631 9629 1
7587 10190 7588 7586 1
9373 9375 9374 9371 1
11063 15474 10713 10714 1
14707 8051 8049 10397 1
9335 9333 9336 9337 1
9593 9589 15451 9986 1
9854 9852 9851 14497 1
9186 9188 9189 15010 1
9292 15394 15103 9293 1
15122 8004 15093 12452 1
10234 10971 10959 9868 1
7579 15163 7580 7578 1
8935 8934 8932 13931 1
8946 8948 15701 8944 1
10280 15411 9464 9465 1
8977 10296 14250 8974 1
15386 11833 15769 10585 1
9629 9628 9627 9630 1
8460 16531 8463 8462 1
11678 11679 11677 11111 1
11500 12365 14562 14459 1
14513 9560 9557 9555 1
11790 11903 14385 15226 1
15509 8545 8543 10045 1
14685 14271 15129 9035 1
9262 15425 15267 9263 1
11357 11356 14003 11383 1
9396 9397 14684 15026 1
8916 10112 14224 8918 1
14577 9260 15277 14199 1
11131 10309 11130 12841 1
11486 14380 15468 11953 1
14630 8908 10212 14113 1
9175 9176 15127 15255 1
10568 15423 14474 9221 1
14537 7944 7945 7948 1
14064 12351 15292 14356 1
9800 16052 13839 13478 1
9274 9275 9251 9249 1
9378 15104 14987 9375 1
10912 12435 10213 10214 1
15325 14244 15195 9404 1
8913 15666 8907 8912 1
12411 12804 14402 14406 1
12416 15274 14314 12415 1
14302 15637 11468 8891 1
9105 9106 14880 14746 1
10358 14251 10798 10154 1
10261 9937 15686 15759 1
15893 11030 11758 13360 1
8029 15134 8028 8027 1
15329 9449 9447 14285 1
12463 15395 12470 11783 1
10893 11306 11861 14251 1
8540 14094 15175 8552 1
14501 10194 11552 14568 1
9193 15525 15443 9190 1
8579 15587 8585 8584 1
15118 8312 8315 10447 1
8860 15082 8859 8858 1
8924 15490 8926 8925 1
11715 11033 11716 11717 1
10735 11449 15510 10112 1
14721 8168 11802 13978 1
8473 8472 8474 8475 1
9801 9802 9803 9804 1
9191 16027 16266 9192 1
14685 9036 9039 15048 1
12446 12445 12252 13613 1
14786 15214 15433 15393 1
8570 15930 15649 8227 1
10723 14330 10722 10581 1
8611 16133 16213 8590 1
9641 15142 9640 9639 1
15094 12114 11526 14466 1
11443 12358 15440 11808 1
8419 8416 15168 14618 1
15241 15007 8457 15233 1
9574 9571 9573 9575 1
11120 10313 11544 12021 1
9126 14941 9129 9128 1
8923 8924 8922 8920 1
12516 15739 12515 11776 1
14261 15069 12745 14259 1
8568 10124 8579 8578 1
11805 15397 11803 11804 1
14883 9127 14588 14491 1
14292 14035 12336 13990 1
12462 15345 12467 11765 1
11776 11774 15217 12516 1
11453 8963 11454 11455 1
15423 10568 15471 13921 1
8957 8956 8958 14434 1
11153 10482 11423 12572 1
14996 15460 11838 10528 1
10634 15919 15731 10654 1
15548 17037 7273 654 1
10967 9870 10245 10981 1
8519 8520 8518 8516 1
11516 11514 11515 12872 1
15327 12470 15376 9664 1
8911 8907 8906 8963 1
9551 9549 9550 14692 1
13475 14413 9376 14412 1
8306 8305 14293 8309 1
10369 10368 9746 14663 1
7601 14755 10180 9869 1
7679 15393 14791 7680 1
15340 14474 15423 12340 1
11461 15541 14324 10223 1
11725 14949 10024 10936 1
12341 14518 14428 14096 1
15222 15269 13572 13571 1
14285 9447 9444 9442 1
12429 12426 14618 15168 1
12404 15098 11600 12137 1
7927 7928 7925 7926 1
10112 8916 8915 10157 1
14597 9279 9282 15046 1
8171 8169 8170 8172 1
9580 15386 9582 9581 1
14356 8987 14519 14064 1
12410 15084 12407 12409 1
12744 15146 12414 12743 1
8561 8563 8562 8556 1
7883 7881 15646 7886 1
9419 15144 9418 9417 1
7723 7724 7722 7720 1
8090 8091 8089 8087 1
15514 12094 11391 13893 1
7986 15070 15090 14794 1
12340 13921 13920 12339 1
11469 10192 10849 11470 1
9888 9886 9885 9890 1
9439 14195 10452 10140 1
11035 16793 13799 10719 1
11491 14524 11493 11492 1
14037 10771 14038 14039 1
10659 10658 10657 11113 1
8578 8579 8584 13907 1
15174 15308 11787 10500 1
8496 8499 14478 8495 1
15031 9165 14562 14288 1
8497 15264 10367 10103 1
11474 14274 14275 14276 1
15151 15231 12437 15184 1
14903 8361 8358 8357 1
15247 15546 8955 8909 1
14497 12412 15238 9859 1
14279 14277 15315 14283 1
10248 9523 9522 13634 1
12233 15334 11056 12010 1
15288 15410 12485 10262 1
9353 9356 15132 9352 1
7866 7867 7865 7863 1
8332 15016 8335 8334 1
10313 11120 11119 10312 1
15505 8534 8539 12323 1
11974 14035 15158 10990 1
11377 12280 14205 12844 1
7669 10178 7670 7668 1
8300 8298 8301 8302 1
12473 15608 15372 8897 1
11653 15081 12417 12275 1
7505 10846 7503 7504 1
8448 8449 8450 8451 1
15415 9222 9224 10283 1
11803 15310 10413 10982 1
10532 15382 10530 10531 1
15241 12557 11634 11632 1
9629 9631 9632 14378 1
7977 14904 7976 7975 1
11774 10256 15105 15217 1
9490 9489 9487 14912 1
7421 7420 7419 7422 1
9745 9748 9747 9746 1
15488 15318 11059 11853 1
14728 15136 11587 10463 1
11169 10341 7860 14373 1
14358 14550 12372 12373 1
10175 10873 10174 7655 1
8298 8296 14291 8301 1
15366 8856 8859 15283 1
8171 15524 9968 8566 1
15098 12404 15110 9268 1
8137 15391 8136 8135 1
11487 15471 14503 9214 1
13850 17047 9972 7766 1
7924 14352 15315 14286 1
11111 11677 10325 10326 1
8471 8472 8470 8468 1
13429 15598 8817 15614 1
9124 9125 9126 9127 1
10375 10747 10746 10066 1
16063 7357 822 823 1
14694 14626 15143 15087 1
7915 7916 7914 7913 1
9242 15018 9254 9253 1
11770 15418 14651 11768 1
11669 14779 15067 11840 1
11519 11520 11518 11517 1
15183 12457 14718 12390 1
10341 15307 7861 7860 1
9334 15120 15225 9331 1
11208 11209 10931 11207 1
11779 15410 15200 10255 1
10269 15601 15247 8905 1
12336 11974 11975 12356 1
15484 15341 8794 8796 1
15885 8632 8634 10055 1
9054 14789 9053 9052 1
14401 9643 10129 11488 1
11425 14680 13589 14679 1
14976 11708 11710 12458 1
9337 9339 9338 9335 1
14289 7487 7488 7491 1
7816 8670 7818 7817 1
8756 11873 8754 8755 1
8117 8116 8115 8118 1
12367 15107 11505 12147 1
12422 15112 12421 12327 1
14237 14416 10312 11119 1
9148 9149 9150 9151 1
14550 14358 9382 9383 1
10179 10875 10178 7669 1
8163 8162 8160 14233 1
14655 9110 9113 14919 1
13727 13728 13726 10230 1
13699 10421 11254 13156 1
8545 15509 8548 8547 1
15255 11661 14908 9175 1
10296 8977 8979 10515 1
12410 12409 12411 14607 1
9595 15562 9597 9596 1
8363 8362 8364 8365 1
14959 8384 10092 11718 1
14717 9092 9095 14724 1
13066 15446 13069 13068 1
8393 8390 15106 14511 1
15429 15600 7892 7893 1
9942 15536 9940 9941 1
8201 15702 8184 8183 1
11575 11577 11576 10999 1
10304 15173 15042 9575 1
12707 12708 15155 14798 1
8923 14163 9205 8949 1
10865 10864 9465 14135 1
14286 15315 14277 14275 1
8065 8064 8063 8066 1
14434 8958 8961 14446 1
10910 10911 11072 12824 1
7568 7566 14501 7571 1
14271 14685 15048 12399 1
11438 14177 13825 14176 1
15112 12422 12533 15073 1
15364 15785 11813 9441 1
13293 629 7289 13181 1
15371 9606 9590 9585 1
9112 14914 9115 9114 1
8471 15179 10198 10197 1
11728 11726 15006 12454 1
12324 13710 11676 11018 1
10155 15197 11784 10812 1
9400 9401 15195 14236 1
9090 16065 9093 9092 1
14508 14395 14962 9151 1
9404 9405 14894 15325 1
7630 15036 7633 7632 1
15327 9665 9668 15286 1
7993 14918 7996 7995 1
15243 8872 8871 14460 1
9357 9358 9359 9360 1
8261 8732 8262 8260 1
8758 8756 8757 8759 1
8423 8420 15133 14596 1
10335 10336 10063 10062 1
15085 10091 11760 15194 1
15146 12744 15009 9294 1
12335 14232 14230 14231 1
12359 11534 11829 12360 1
7633 15036 15006 14906 1
14582 7575 7572 7571 1
9606 15371 11223 11222 1
8010 8009 8007 14736 1
9179 9180 14336 14414 1
8421 15236 15213 8418 1
10363 10825 10362 9970 1
9947 15457 9946 9945 1
8898 14230 14232 8896 1
14151 14760 10309 11131 1
9247 15565 9246 9245 1
14731 9068 9071 14730 1
14281 14279 14283 14284 1
7675 15214 14786 7676 1
9338 9339 15014 14560 1
8971 15200 15410 15288 1
9408 14494 15107 14894 1
15519 11173 10114 8712 1
7952 7951 7953 14953 1
8792 8790 8791 8793 1
14922 9123 14883 14491 1
14096 15262 11475 12341 1
8407 8404 15015 15043 1
13760 15684 13761 7758 1
10397 8049 8048 10398 1
8797 14418 10373 10372 1
15015 8402 10048 11735 1
7590 7589 7588 14581 1
9571 9574 15020 9570 1
9403 9405 9404 9401 1
10676 10678 10677 10664 1
15221 15277 9260 9261 1
9381 9380 15232 9384 1
12505 15658 12504 12307 1
12473 15666 13955 15608 1
11192 10829 10457 11970 1
10447 11001 13847 15118 1
12624 13515 13514 12625 1
15313 12468 15253 11749 1
8133 8134 8131 8132 1
14343 8970 8973 15309 1
9439 10139 9277 9275 1
11557 12707 14988 11555 1
8027 16059 8030 8029 1
9370 10463 10141 9368 1
8955 15420 8956 8954 1
14886 9157 9158 9161 1
14718 12457 15163 7579 1
10322 15359 9276 10039 1
9493 9496 15073 9492 1
11007 10448 11511 11512 1
9228 9221 14474 15230 1
8385 8384 8386 8387 1
9102 9104 9105 14927 1
7861 15307 7863 7862 1
14791 15393 12471 15308 1
14316 8130 15290 11793 1
14283 14352 10267 14284 1
14452 14485 9660 14454 1
15093 8005 8008 14732 1
15250 11784 15197 8074 1
14766 7990 15029 12447 1
12701 13012 13011 12700 1
14438 7491 7492 7495 1
11738 11736 15044 12460 1
10138 9342 9344 10517 1
9363 9365 9364 9361 1
10407 11596 15082 8863 1
15420 15389 8959 8956 1
10381 7603 7605 10382 1
14778 7675 7672 7670 1
9079 14932 15075 14974 1
10797 10143 10349 11127 1
7567 7564 7566 7568 1
11670 14886 15160 11672 1
7462 7463 7460 7461 1
9570 9567 9569 9571 1
9043 14697 15100 14890 1
8120 10247 15226 8117 1
7823 7796 7795 13838 1
14803 16216 7343 531 1
7655 10174 7656 7654 1
14499 12377 14496 9678 1
12417 15033 15184 12418 1
10037 8936 8935 10038 1
11585 14641 14642 14983 1
8344 8342 8345 8346 1
12398 15100 11850 12186 1
11477 12350 14414 14336 1
10560 15811 12630 12629 1
10175 14970 11743 10874 1
14986 11378 15269 15222 1
14397 11610 12415 15198 1
15262 14096 14478 9210 1
15007 15241 11632 10227 1
16340 10132 8880 8879 1
11043 15500 11045 11044 1
10142 10806 15824 14070 1
8900 8897 8896 14232 1
9172 9174 9175 14908 1
14416 9012 9015 10312 1
12425 11665 14596 15133 1
7940 10443 10442 7941 1
10852 11258 10140 10452 1
14300 14355 10143 10797 1
15033 12417 15081 8409 1
8067 8065 8066 10393 1
14960 12421 15112 9496 1
9660 9657 9659 9661 1
8383 8382 8380 14935 1
12355 15283 11596 12123 1
14333 11498 10388 9460 1
11771 15214 14778 10178 1
9645 14401 9648 9647 1
8973 8972 8974 14250 1
14674 15239 7984 14673 1
14209 10572 9927 9929 1
10066 10065 10350 10375 1
15289 14398 15542 15437 1
7174 16823 14873 796 1
15231 15151 8417 15213 1
7875 15470 7877 7876 1
11694 14958 11692 11693 1
8957 15347 14296 8954 1
8314 9962 14357 8316 1
15113 8014 8015 8018 1
10277 15019 7671 7673 1
9468 14301 14333 9461 1
9127 9126 9128 14628 1
7668 7671 15019 7667 1
11665 11664 11663 14596 1
7956 10251 14953 7953 1
15406 15404 15405 15407 1
8997 8998 14420 15249 1
8724 15566 13956 7418 1
11418 15340 12340 12339 1
15057 12403 14789 9057 1
9264 15110 15271 15221 1
7595 7596 15077 14507 1
7928 7927 7929 7930 1
11798 15359 10322 11081 1
9931 9932 9929 9930 1
12470 15327 15286 11783 1
14488 14727 7613 15041 1
14546 9674 9675 9678 1
9635 9636 9633 9634 1
9442 9443 9441 9440 1
8022 10238 14971 8019 1
15223 15352 14326 8411 1
15199 12369 11527 14486 1
9207 11813 15270 7914 1
8308 8306 8309 8310 1
8647 8645 8646 8648 1
13473 17099 13472 7288 1
8905 15247 8909 8908 1
11056 15334 10936 10286 1
14698 14767 9308 14972 1
7487 10879 7485 7486 1
14997 7587 7584 7583 1
10435 11575 10999 10976 1
10930 10488 10486 13618 1
11650 14746 12239 12238 1
12383 11913 14342 15071 1
15283 8859 15082 11596 1
15029 7991 7994 14893 1
8794 15341 8790 8792 1
14211 14045 12361 14524 1
9914 9919 9915 9913 1
14406 14972 14607 12411 1
10850 11992 12281 14113 1
9256 9257 14577 15094 1
9285 9287 9286 9283 1
7871 15370 7874 7873 1
8852 8850 8853 8854 1
8009 14942 8008 8007 1
11923 14390 13204 11238 1
10581 10722 10311 9611 1
11630 10928 11629 11631 1
11875 14992 10937 11874 1
15229 9211 11659 14240 1
8561 8556 8560 8580 1
9498 15460 14996 9499 1
15129 11558 14595 9035 1
11810 11811 11016 10265 1
7895 7893 7894 8788 1
10141 10859 11555 14615 1
14161 15337 10157 8915 1
11657 11656 11658 12278 1
10504 10505 10871 15529 1
12065 15129 14271 14268 1
8415 15168 8416 8414 1
9842 9843 9841 7555 1
15316 10265 8965 8960 1
15186 11781 15286 9668 1
8432 8434 8435 14966 1
9222 15415 15209 9215 1
9155 10302 14951 9152 1
14397 15198 9476 14993 1
10449 14320 7927 7926 1
14163 8923 8920 8918 1
9123 9122 9124 14883 1
9512 10802 10801 9510 1
7774 7418 7416 13900 1
795 796 14873 7338 1
15389 15420 12495 11812 1
10179 15038 11752 10876 1
10082 8362 8361 10281 1
8419 15133 8420 8418 1
10290 14739 8862 8861 1
10932 10385 10386 10961 1
14606 14899 11575 10435 1
9679 9682 14499 9678 1
11773 15433 15214 11771 1
9624 10101 9625 9623 1
15059 11283 10885 11592 1
8914 8913 8912 8915 1
8983 8982 8984 14356 1
9198 9199 9200 9201 1
7917 7919 7920 14274 1
7782 16948 7786 7784 1
9650 15245 14444 9647 1
8051 8052 8050 8049 1
14975 8334 8337 10434 1
9950 15457 9947 9949 1
15343 9648 14401 11488 1
7469 10226 7467 7468 1
10501 13258 15429 7896 1
7955 7956 7953 7954 1
15128 10131 8533 8530 1
14392 12017 11654 15005 1
7654 7657 14934 7653 1
8092 12771 15172 8089 1
7942 7941 7943 7944 1
8134 10168 15290 8131 1
9113 9112 9114 14737 1
14416 14237 15199 9011 1
14733 9287 9290 15069 1
8967 15280 8962 8966 1
11904 11905 13045 13264 1
9296 15103 15044 14979 1
14784 10361 7691 7692 1
12451 15070 14766 12448 1
11594 10382 14686 14944 1
13780 13778 13779 13781 1
7979 7980 7977 7978 1
10295 15289 10989 10988 1
10761 10304 10526 10966 1
7995 14936 7994 7993 1
10313 9017 14547 11544 1
8299 9211 8297 8298 1
15084 12410 14620 9316 1
14528 11918 10396 8080 1
8340 8338 8341 8342 1
7997 7998 7995 7996 1
15632 9914 9912 9916 1
14988 12707 14798 9364 1
11544 15071 14342 12021 1
15225 14769 9330 9331 1
15054 14995 8395 14671 1
11793 15290 10168 10829 1
11617 11687 14730 14968 1
8960 8965 8962 8961 1
11147 10462 11585 12148 1
9035 14595 9032 9034 1
15418 15250 15320 14651 1
14392 14482 11309 14449 1
10312 9015 9017 10313 1
15198 9480 9477 9476 1
7741 7742 7740 7738 1
14769 11637 11635 14754 1
14503 10568 9219 9216 1
8360 8361 8362 8363 1
15205 14519 8987 8988 1
12338 14163 14224 15510 1
8989 15244 10258 9834 1
8389 8386 14959 14973 1
15018 9242 9240 9837 1
9844 9845 9843 9842 1
8332 8333 8330 8331 1
9591 9590 9602 9603 1
8516 8518 8517 8514 1
14732 8008 14942 11719 1
9011 9010 9012 14416 1
15058 11748 10873 10874 1
12761 16844 14505 11122 1
9831 9829 9832 10196 1
11784 15250 12476 11785 1
9458 9461 9460 9457 1
10311 15493 9612 9611 1
9385 9387 9386 9383 1
14274 11474 9440 7916 1
8567 8568 8578 8592 1
15157 14558 9001 9002 1
9011 15199 14486 9008 1
9232 15230 9239 9238 1
11503 15107 14494 10211 1
8347 8344 8346 8348 1
9956 10413 15310 9951 1
12355 14184 14185 15283 1
8338 8336 14536 8341 1
9128 9129 9130 9131 1
14704 15294 15079 9836 1
14633 14671 8399 14632 1
9209 9840 10294 15158 1
11569 14505 13417 11912 1
10427 11107 11106 10338 1
9686 15282 9683 9685 1
15121 9410 9407 9406 1
8450 10042 15170 8452 1
14640 15156 9025 9026 1
9294 15009 9291 9293 1
14500 8121 8119 10417 1
9166 9167 9168 9169 1
9379 9381 9382 14879 1
8455 15260 15141 8456 1
10907 11494 10161 10444 1
15417 13617 15518 14246 1
14895 15146 9294 9295 1
7570 7568 7571 7572 1
11783 15286 11781 11782 1
9364 9365 14615 14988 1
8904 8905 8908 14630 1
7328 16848 14869 719 1
9091 9090 9092 14717 1
10571 10570 7741 13829 1
15295 10399 13649 12519 1
7340 16511 14839 446 1
15320 8074 8075 8078 1
9152 9153 9154 9155 1
9096 9099 14925 9095 1
10130 14536 8336 8335 1
11608 11609 11610 14397 1
8012 10241 14942 8009 1
10218 15262 9210 9873 1
8454 15007 8453 8452 1
10729 11309 14482 10148 1
8185 15700 8182 8184 1
14547 9021 15071 11544 1
7687 10500 10496 7688 1
9219 10568 9221 9220 1
10039 15349 10714 10713 1
11701 14946 14761 10176 1
9241 10143 14355 9238 1
14755 7601 7598 7597 1
14972 9309 9312 14607 1
14603 7958 7959 7962 1
8131 15290 8130 8129 1
15249 11510 11508 14475 1
10268 11418 11417 9837 1
15097 9135 15017 14992 1
7955 10431 14529 7957 1
11755 15177 10961 11754 1
10192 11469 14160 9944 1
9042 9045 9044 9043 1
8292 8293 8290 8291 1
14881 10059 10586 11228 1
9681 14525 9684 9683 1
8084 15224 10534 10147 1
11528 15039 14564 10208 1
14533 9689 10064 11535 1
7594 7593 14565 7597 1
7998 10246 14936 7995 1
10135 9326 14754 11635 1
14893 7994 14936 11705 1
13078 13080 13079 13076 1
9488 9489 15159 11078 1
9144 9146 9147 14779 1
12745 12744 12743 14367 1
7595 7592 7594 7596 1
8986 8989 8988 8987 1
8991 15205 8988 8990 1
11634 12556 12270 11633 1
8531 8532 14100 14101 1
11001 10447 10448 11007 1
7984 15239 7985 7983 1
9117 10203 14737 9114 1
11636 11635 11637 14410 1
11535 10064 10751 11536 1
9468 9467 9469 14760 1
10463 11144 10859 10141 1
12467 15333 15282 15227 1
9840 15289 10295 10294 1
9266 15267 15217 15105 1
12592 12595 12594 12593 1
9044 9047 14697 9043 1
9313 9315 9316 14620 1
10182 7619 10183 10881 1
10574 8949 10166 10575 1
11740 11741 11347 10392 1
15104 14879 14219 12675 1
15161 11772 10875 10876 1
8393 15049 8394 8392 1
14590 11556 10859 11144 1
9315 9314 15072 9318 1
8959 15316 8960 8958 1
10380 11928 11108 10778 1
15156 12383 14735 9025 1
11705 14936 10246 10985 1
8388 14799 8387 8386 1
10985 15237 11706 11705 1
14735 15071 9021 9022 1
9685 15053 9688 9687 1
7981 7982 7980 7979 1
11988 13076 13075 11987 1
11765 15227 11763 11764 1
8070 15197 10155 9875 1
9847 9848 15062 9851 1
10881 11648 11647 10182 1
14944 12801 12090 11594 1
7502 9576 14337 7504 1
11226 10858 10534 12604 1
9003 15204 10257 9836 1
10114 11172 10514 8714 1
9131 10150 14628 9128 1
8975 15288 10262 9577 1
12447 15029 14893 11707 1
14904 11692 14958 7976 1
9643 9644 9641 9642 1
8011 8012 8009 8010 1
9409 9412 14494 9408 1
10304 9575 10236 10526 1
14666 9141 10148 14482 1
9000 9003 9002 9001 1
14482 14392 15005 14666 1
11644 11645 11646 14526 1
10072 11518 15887 14098 1
10822 10135 11635 11636 1
9238 9239 9240 9241 1
12918 17173 14589 10848 1
9387 9390 14564 9386 1
14607 9312 14620 12410 1
8452 15170 8455 8454 1
12013 17161 11762 11761 1
9239 10268 9837 9240 1
9131 9130 9132 9133 1
7657 7654 7656 7658 1
8336 8337 8334 8335 1
7957 7958 7956 7955 1
9114 9115 9116 9117 1
9081 9082 14627 15004 1
15022 8343 8344 8347 1
10429 11380 11379 10428 1
8407 15223 8408 8406 1
10779 15068 11761 11760 1
14899 12384 11577 11575 1
10334 11767 10998 10743 1
9940 15536 9954 9936 1
10497 9392 14658 11571 1
14799 15030 11656 10234 1
10517 11625 11275 10750 1
9021 14547 9018 9020 1
14588 14628 11588 11590 1
15030 14799 8391 14995 1
10487 10336 10486 10488 1
14673 7981 7979 10425 1
7877 15470 7880 7879 1
8222 8181 10597 10598 1
8410 15033 8409 8408 1
11346 10391 10392 11347 1
7579 7576 14676 14718 1
12414 12413 11624 12742 1
14771 9316 9317 9320 1
9409 9407 9410 9411 1
12341 11475 11476 12342 1
15010 15346 11729 10483 1
9025 14735 9022 9024 1
7599 15077 7596 7598 1
12448 14766 12447 12249 1
9835 10145 10753 12880 1
15060 11764 10901 10902 1
8411 15203 8412 8410 1
8895 8898 8896 8894 1
8056 16994 15140 8053 1
14572 14609 8425 14571 1
11006 11534 10272 10495 1
7596 7594 7597 7598 1
10853 15258 12363 12237 1
8976 9577 15196 8978 1
8310 15180 8313 8312 1
8013 8014 8012 8011 1
7419 7417 7418 13956 1
8885 14201 8521 8523 1
9120 9122 9123 14775 1
11309 10729 11308 12855 1
11568 11570 15156 14640 1
11705 11706 11707 14893 1
9056 15028 9059 9058 1
10882 10183 11713 11862 1
11700 14896 10433 10978 1
9214 9215 9213 9212 1
10116 15573 10732 10731 1
9045 15064 10266 9965 1
7999 8000 7998 7997 1
9692 10200 9690 9691 1
11688 11087 10291 14991 1
9180 9181 9182 9183 1
15119 11782 10905 10906 1
14892 11400 10928 11630 1
14626 14661 11647 11649 1
9689 14533 9691 9690 1
11238 10472 11550 11923 1
9119 10274 10203 9117 1
15282 15333 9682 9683 1
9461 9458 9466 9467 1
10281 11968 10712 10082 1
10249 11692 14904 7980 1
10201 10901 10200 9692 1
9117 9116 9118 9119 1
14740 15113 8018 14971 1
11545 10906 10205 14546 1
8423 15035 8424 8422 1
9654 10213 15235 9651 1
9170 15215 9173 9172 1
11771 10875 11772 11773 1
10092 8384 8383 10169 1
10855 11503 10211 10472 1
11763 15124 10200 10901 1
14747 15025 9298 9299 1
10338 9085 9087 10427 1
9500 14960 9497 9499 1
14751 7999 7997 10414 1
8422 8424 8425 14609 1
9678 9675 9677 9679 1
9137 9136 9138 14666 1
8499 8498 8500 8501 1
8398 8396 8397 14989 1
9137 15005 14783 9134 1
9857 14573 9863 9862 1
10476 10475 7623 14696 1
12373 12372 11532 12821 1
11707 12248 12249 12447 1
10148 9143 10516 10729 1
15230 15340 10268 9239 1
9383 9381 9384 9385 1
9132 15017 9135 9134 1
15025 12413 14895 9298 1
9651 15235 9650 9649 1
7627 7624 7626 7628 1
9482 15145 9479 9481 1
11913 12383 11570 11912 1
8034 8033 8031 14664 1
11719 11720 11721 14732 1
15124 11763 15227 9686 1
10462 9049 14641 11585 1
12298 17123 16515 11233 1
10820 11217 15207 12028 1
12413 15025 11622 11624 1
11530 12372 15039 11528 1
9399 9401 9400 9397 1
14896 11700 14967 9508 1
9865 14571 8429 8431 1
10780 10779 10093 11663 1
9320 9321 14703 14985 1
8093 8094 8092 8091 1
10942 10274 11655 12003 1
9024 15126 9027 9026 1
9352 15132 14383 14773 1
9389 10391 15130 9391 1
11719 14942 10241 10980 1
15067 9147 14962 14395 1
9481 15259 9484 9483 1
7624 7622 7625 7626 1
9010 15166 9013 9012 1
12448 12449 12450 12451 1
14783 11654 10297 9133 1
14775 11655 10274 9119 1
8401 8402 8400 8398 1
11738 12301 11737 11736 1
10249 7980 7982 10996 1
11598 15098 14741 10199 1
14744 8037 8035 10400 1
10389 9644 9646 10390 1
9116 10024 14949 9118 1
9846 9849 9848 9847 1
11721 11720 12242 12243 1
9392 9391 9393 14658 1
11604 14985 14703 10121 1
14955 10420 9322 9319 1
8295 14398 9840 9209 1
8037 8038 8036 8035 1
14696 7627 14725 11641 1
8428 8430 8429 8426 1
10968 11361 14998 11734 1
11371 10419 10420 11372 1
10945 11528 10208 10497 1
9319 9321 9320 9317 1
14314 15259 9480 15198 1
11597 15057 14729 10219 1
14906 15006 11726 10177 1
10957 10956 10390 11506 1
11121 11568 10331 10332 1
12413 12414 15146 14895 1
9482 9481 9483 14787 1
11724 11723 11722 14909 1
8404 8407 8406 8405 1
8430 8433 8432 8431 1
10136 10477 10048 8401 1
9046 9048 9047 9044 1
9133 10297 10150 9131 1
12090 12801 12800 12799 1
10888 11586 10224 10462 1
11620 11622 15025 14747 1
9502 14996 10528 10433 1
11251 11729 11987 14241 1
10099 9856 10275 10759 1
14714 9283 9286 15176 1
9388 9385 15047 10392 1
14395 14508 12374 14394 1
14586 10201 9692 9693 1
9134 9135 9136 9137 1
9495 9498 9497 9496 1
8426 8429 14571 8425 1
9955 11010 10473 10192 1
9096 9094 9097 9098 1
8014 10979 10241 8012 1
9315 9318 9317 9316 1
8400 8403 14632 8399 1
9492 15073 15185 15159 1
10238 10524 10968 11733 1
11689 11691 11690 10963 1
9133 9132 9134 14783 1
8427 8428 8426 8424 1
9261 9262 9263 9264 1
11200 10436 11595 11797 1
8402 15015 8404 8403 1
8138 8139 8137 8135 1
7983 7986 14794 7982 1
10832 11617 10206 10465 1
14979 10429 9300 9297 1
9296 14979 9297 9295 1
14551 12138 7569 7570 1
9119 9118 9120 14775 1
8081 8079 8080 10395 1
10821 11604 10121 10135 1
9688 10064 9689 9687 1
10896 11642 10207 10451 1
9070 15002 9073 9072 1
9209 14291 8296 8295 1
11171 10480 11579 12229 1
14993 9476 9473 9471 1
10868 11620 10159 10252 1
15184 15033 8413 15151 1
9020 9023 9022 9021 1
14943 9273 9271 9864 1
11624 11622 11623 14659 1
9672 9669 9671 9673 1
9856 10099 9857 9853 1
9156 15116 9159 9158 1
12406 14985 11606 11979 1
10963 11690 14566 11352 1
9098 14924 9100 9099 1
9084 9975 14928 9086 1
11797 11595 12388 12940 1
11768 15135 10147 10858 1
7691 7689 7690 7692 1
10130 10149 10796 11572 1
14933 9303 9301 10428 1
15086 9016 9014 9959 1
9082 9084 9085 14627 1
7689 15178 7686 7688 1
11781 15186 10204 10905 1
10264 14993 9471 9470 1
8000 10984 10246 7998 1
729 14827 7345 728 1
7319 557 558 14800 1
14874 675 676 7320 1
7319 16814 14865 557 1
7341 498 499 14818 1
420 15669 7220 419 1
7215 458 459 14810 1
14872 671 672 7337 1
7326 658 659 14819 1
689 690 7231 14829 1
7211 16559 15633 424 1
7260 14812 768 769 1
815 16856 7217 814 1
7268 16358 427 428 1
428 429 14015 7268 1
16197 7362 1331 1330 1
1350 16548 7209 1351 1
7194 16921 717 718 1
7230 784 785 14804 1
15665 7225 820 821 1
13612 1355 1354 7295 1
13471 7295 1353 1352 1
7206 16894 510 511 1
15348 14860 432 433 1
756 16888 7263 755 1
423 15633 7352 422 1
7355 16855 817 818 1
15634 15669 421 422 1
784 7230 14815 783 1
14865 7197 556 557 1
9270 15105 10256 9864 1
10969 11652 14608 11362 1
8398 8400 8399 8396 1
9138 9139 9140 9141 1
8388 8389 8390 8391 1
10858 15188 11769 11768 1
9324 9325 9326 10121 1
8334 14975 8333 8332 1
12397 12003 11655 14922 1
9867 14632 8403 8405 1
11556 11557 11555 10859 1
11736 10429 14979 15044 1
9411 9413 9412 9409 1
9850 9845 9847 9851 1
9973 14932 9074 9073 1
14767 10252 9304 9305 1
9411 10385 15187 9413 1
9485 10253 14912 9487 1
14896 9508 9505 9503 1
10433 14896 9503 9502 1
9135 15097 14991 9136 1
9100 9102 9101 9099 1
11651 11653 11652 10969 1
9078 9081 14708 9077 1
10229 11689 10963 10949 1
11736 11737 11380 10429 1
10297 11100 10782 10150 1
9505 9507 9506 9504 1
9323 9325 9324 9321 1
10451 9101 14927 11650 1
9323 10419 14957 9325 1
9076 9079 9078 9077 1
9060 9966 14961 9062 1
14985 12406 14771 9320 1
11532 11530 11531 14512 1
9142 15027 9145 9144 1
15040 9030 9028 9964 1
9080 9082 9081 9078 1
14606 8339 8340 8343 1
10212 8908 8953 10454 1
9080 9079 14974 9083 1
9273 9279 9278 9272 1
12240 11206 11641 12241 1
9029 9030 9031 10331 1
10207 9099 9101 10451 1
9293 9296 9295 9294 1
11742 11741 11740 14544 1
14616 8083 8081 10395 1
7625 14661 14626 14694 1
7590 7593 7592 7591 1
11597 10219 10856 11835 1
8036 14986 8033 8035 1
14627 9085 10338 14492 1
9061 9062 9063 10219 1
9690 10200 15124 9687 1
9082 9080 9083 9084 1
9501 9502 9503 9504 1
14885 11651 10231 8405 1
9321 9319 9322 9323 1
14768 9504 10163 12226 1
9297 9300 9299 9298 1
9303 9305 9304 9302 1
9644 10389 15142 9641 1
11978 11979 11606 11605 1
9301 9303 9302 9299 1
10231 11651 10969 10952 1
14968 9075 10206 11617 1
14775 9123 14922 11655 1
8313 10233 9962 8314 1
10941 11611 10203 10274 1
11600 15098 11598 11599 1
11307 11308 10729 10516 1
9674 9672 9673 9675 1
11710 11711 11712 12458 1
14932 9079 9076 9074 1
11529 14502 13259 11531 1
9687 15124 9686 9685 1
7709 9872 7707 7708 1
9048 9050 9049 9047 1
9973 10273 10924 11697 1
10845 10199 10480 11171 1
13553 17183 13554 11968 1
10980 12288 14977 11720 1
11729 15346 11988 11987 1
14966 15131 11689 10229 1
14747 9302 10159 11620 1
12813 15997 12811 12812 1
9122 15463 9125 9124 1
8315 8314 8316 8317 1
7630 7631 7628 7629 1
9074 9076 9075 9072 1
9085 9084 9086 9087 1
11594 12090 12089 11150 1
11588 10150 10782 11589 1
9300 10428 9301 9299 1
9142 9144 9143 9141 1
10052 10050 10068 10069 1
9045 9965 9046 9044 1
11722 11723 11372 10420 1
11276 11277 10750 11275 1
10465 10206 9077 14708 1
10451 11650 11151 10896 1
8338 8339 8337 8336 1
9006 9008 9007 9005 1
9844 11626 14504 9846 1
9386 14564 15039 14550 1
9087 9088 14738 10427 1
9058 9059 9060 9061 1
9030 9033 9032 9031 1
14675 11595 10436 9063 1
8079 15135 8078 8077 1
9506 11660 10163 9504 1
10480 9278 14597 11579 1
15811 10560 10556 10558 1
8339 14606 10435 10434 1
14729 15057 9057 9058 1
11623 11622 11621 13109 1
10182 11647 14661 7620 1
11836 11597 11835 12303 1
10896 14706 11898 11642 1
9075 9076 9077 10206 1
15235 12435 15245 9650 1
8974 8972 8975 8976 1
9693 9691 9694 9695 1
15166 11786 10259 9013 1
9649 14481 9652 9651 1
12290 12416 12415 11610 1
8015 8014 8013 8016 1
14652 11686 10832 11166 1
8966 15200 8968 8967 1
9028 9030 9029 9026 1
11681 11682 11680 10712 1
10252 11619 10869 10868 1
9649 9650 9647 9648 1
10476 14696 11641 11206 1
11612 11613 11611 10941 1
11621 11622 11620 10868 1
11307 10516 11669 11839 1
8024 8022 8023 8025 1
8406 8408 8409 14885 1
10291 10943 10026 9139 1
11362 11363 10952 10969 1
9697 9696 9695 9698 1
10204 15186 9672 9674 1
9483 9484 9485 9486 1
9097 10279 9985 9098 1
8035 8033 8034 10400 1
14696 7623 7624 7627 1
10159 9302 9304 10252 1
10419 9323 9322 10420 1
7957 7960 7959 7958 1
11605 11606 11604 10821 1
8343 8340 8342 8344 1
7623 10475 7621 7622 1
7626 7625 14694 7629 1
10293 14459 9169 9171 1
7983 7982 7981 7984 1
7598 7601 7600 7599 1
14640 9029 10331 11568 1
9390 9391 9392 10208 1
9157 10506 10302 9155 1
9063 9062 9064 14675 1
9083 10276 9975 9084 1
9867 8405 10231 10952 1
10820 12028 11551 10290 1
9252 10143 9241 9242 1
8317 14644 10448 10447 1
10524 8024 15037 11750 1
9136 14991 9139 9138 1
7555 7554 7556 14506 1
10465 11607 11166 10832 1
8396 8399 14671 8395 1
9389 9391 9390 9387 1
12349 15603 15089 15088 1
9047 9049 10224 14697 1
7710 7708 7711 7712 1
11515 11514 10854 14364 1
10436 10856 10219 9063 1
14709 11612 10941 10942 1
9017 9016 9018 14547 1
9267 15105 9270 9269 1
8071 15197 8070 8069 1
15205 8991 10162 11514 1
10956 15338 10389 10390 1
12452 15093 14732 11721 1
11361 10968 10524 11750 1
9500 9499 9501 14768 1
9268 15110 9265 9267 1
14481 15258 10145 9652 1
8968 8970 8969 8967 1
10821 10135 10822 14682 1
8866 8864 8867 8868 1
10064 9688 10490 10751 1
9298 14895 9295 9297 1
15017 9132 9130 10025 1
12407 15084 12406 11979 1
9071 9070 9072 14968 1
10984 12299 10985 10246 1
14993 10264 11608 14397 1
11352 11353 10949 10963 1
14741 15098 9268 9269 1
8115 8116 8113 8114 1
8998 8996 8999 9000 1
11558 11122 10332 14595 1
8431 14966 10229 9865 1
15280 14446 8961 8962 1
9155 9154 9156 9157 1
8990 9834 15152 8992 1
9939 15182 9932 9938 1
10226 11559 15284 7467 1
9469 9470 9471 9472 1
14667 9694 14533 11535 1
9046 9965 14984 9048 1
9311 9313 9312 9309 1
10873 11748 11747 10174 1
10282 14336 9183 9185 1
9484 15259 11002 10253 1
8864 8866 8865 8863 1
9488 10225 9486 9487 1
10349 9252 14466 11526 1
9472 10309 14760 9469 1
10779 11760 10091 10093 1
9270 9864 9271 9269 1
7987 7986 7985 7988 1
11551 12028 12029 14408 1
7629 14694 15087 15036 1
14770 9356 9357 9360 1
9056 9058 9057 9054 1
11849 11850 11586 10888 1
11550 15268 11924 11923 1
15030 12423 11658 11656 1
14432 11501 10515 8979 1
11566 10902 11565 11567 1
12345 12342 12344 12346 1
11923 11924 13059 14390 1
10093 8427 15035 11663 1
9027 9964 9028 9026 1
10211 14494 9412 9414 1
14703 9321 9324 10121 1
7996 14918 10415 10414 1
7622 7621 7620 14661 1
15062 15123 12412 14497 1
10091 8428 8427 10093 1
9008 9006 9009 9010 1
9640 15417 14246 9637 1
10147 15135 8082 8084 1
9387 9385 9388 9389 1
7954 10432 10431 7955 1
10239 11508 11102 10854 1
8899 15275 8903 8902 1
11611 11613 14919 14737 1
9413 9415 9414 9412 1
9677 16507 9680 9679 1
10472 9414 14613 11550 1
11358 11475 15262 10218 1
8394 8396 8395 8392 1
9165 9164 9166 14459 1
8413 15033 8410 8412 1
8454 8455 8456 8457 1
9271 9273 9272 9269 1
15009 15069 9290 9291 1
13454 11561 11560 13486 1
10042 8450 8449 10292 1
9004 15079 9006 9005 1
9059 10270 9966 9060 1
7968 13656 13654 13655 1
11598 10199 10845 11599 1
9266 15105 9267 9265 1
10272 15157 9005 9007 1
9407 9409 9408 9405 1
14930 8475 8476 8479 1
10902 10901 10201 11565 1
8984 8982 8985 8986 1
10214 10213 9656 14485 1
11534 14558 15157 10272 1
8972 8971 15288 8975 1
10199 14741 9272 9278 1
14258 11560 10944 11332 1
8860 8861 8862 8863 1
9846 9847 9845 9844 1
15032 12388 11595 14675 1
8532 8534 8535 14100 1
10205 10204 9674 14546 1
9263 9266 9265 9264 1
8909 8955 8954 8953 1
14090 9250 15359 11798 1
9182 15317 9184 9183 1
10905 10204 10205 10906 1
15321 11757 15180 8309 1
10145 15258 10853 10753 1
8075 8074 8073 8076 1
9361 9359 9362 9363 1
14976 15055 9780 14954 1
8520 15398 8522 8521 1
8392 14995 8391 8390 1
11586 15100 14697 10224 1
9015 9014 9016 9017 1
15280 8967 10161 11494 1
8135 8136 8134 8133 1
14651 15320 8078 15135 1
10796 10149 10848 14589 1
9169 9168 9170 9171 1
10495 10272 9007 14486 1
8501 8502 15201 9873 1
11570 11568 11569 11912 1
14908 11661 10293 9171 1
8902 8903 8904 8910 1
9013 9959 9014 9012 1
10979 12288 10980 10241 1
8364 8367 8366 8365 1
14779 11669 10516 9143 1
8992 8994 8993 8991 1
10286 10936 10024 9115 1
15158 14035 14291 9209 1
14466 9252 9253 9256 1
8127 15481 8126 8125 1
10881 10882 14911 11648 1
9930 9928 9933 9934 1
11100 10297 11654 12017 1
9647 14444 9646 9645 1
11559 10226 10944 11560 1
10232 15020 9574 10173 1
10253 11002 11003 11644 1
14458 7930 7931 7934 1
11692 10249 10997 11693 1
15081 11653 11651 14885 1
11627 11107 10427 14738 1
9653 9651 9652 9835 1
9257 9255 9258 9259 1
14739 11551 14408 8867 1
15151 8413 8414 8417 1
9003 9836 9004 9002 1
9094 9096 9095 9092 1
14505 11569 11121 11122 1
11988 15346 13077 13076 1
13234 14892 11630 12129 1
10391 9389 9388 10392 1
15097 15206 11688 14991 1
8416 8418 8417 8414 1
14729 9058 9061 10219 1
8032 8029 8031 8033 1
8496 8497 8498 8499 1
10408 8011 8010 10409 1
11530 11528 11529 11531 1
13991 12764 12063 11369 1
8074 15197 8071 8073 1
9624 15272 10334 10101 1
9477 9479 9478 9475 1
10920 10483 11251 14328 1
9657 9655 9658 9659 1
9656 10213 9654 9655 1
10854 11514 10162 10239 1
14277 14278 14276 14275 1
9657 14485 9656 9655 1
7978 10426 10425 7979 1
9289 9291 9290 9287 1
8080 8079 8077 14528 1
9668 9665 9667 9669 1
9848 9853 15123 15062 1
7862 15545 7859 7861 1
15271 15110 12404 12405 1
14925 9099 10207 11642 1
9009 15079 15294 15166 1
8314 8315 8312 8313 1
9669 9667 9670 9671 1
9648 15343 14481 9649 1
10945 14502 11529 11528 1
8412 15203 8415 8414 1
14475 11508 10239 8993 1
14754 9327 9330 14769 1
10332 10331 9031 14595 1
15417 9640 15142 15338 1
10497 11571 11234 10945 1
9474 10309 9472 9473 1
11706 13608 12248 11707 1
8083 8084 8082 8081 1
9645 9646 9644 9643 1
8984 8986 8987 14356 1
10920 11477 10282 10483 1
11562 15297 11564 11563 1
9151 9150 9152 14951 1
8318 14644 8317 8316 1
10361 11088 10360 7691 1
8861 15234 10455 10290 1
9669 9672 15186 9668 1
10025 9130 9129 10288 1
8387 14799 10234 9868 1
14278 10271 15329 14276 1
10140 15426 10139 9439 1
9849 9856 9853 9848 1
14642 9053 14789 12403 1
8970 8968 8971 8972 1
15686 9937 9935 10578 1
13932 16040 13404 13403 1
14739 8867 8864 8862 1
9054 9052 9055 9056 1
9067 15032 14675 9064 1
7671 7668 7670 7672 1
14641 9050 9053 14642 1
9499 14996 9502 9501 1
11749 15108 11747 11748 1
8989 9834 8990 8988 1
9470 15368 11008 10264 1
9444 9445 9443 9442 1
14994 11627 14738 9091 1
8421 8420 8422 14609 1
15083 13529 13530 9700 1
10255 15200 8966 8965 1
10867 10839 15749 12781 1
9068 9066 9069 9070 1
14049 13606 14050 8883 1
12441 11668 14662 15049 1
10298 10950 10031 9153 1
7609 7608 7610 14727 1
11661 11905 11904 11268 1
12933 12934 15120 14797 1
11793 10829 11794 11795 1
9171 9170 9172 14908 1
9454 9458 9457 9453 1
11505 15107 11503 11504 1
11077 10951 10303 11983 1
8077 8078 8075 8076 1
8886 14094 8544 8546 1
10981 10245 11614 11615 1
9368 10141 14615 9365 1
9185 9184 9186 15010 1
10495 11527 11246 11006 1
11010 15363 12358 11443 1
8977 8976 8978 8979 1
9862 15123 9853 9857 1
8983 15292 14432 8980 1
15092 11750 15037 8028 1
9479 9477 9480 9481 1
7733 13460 13459 7734 1
9005 15157 9002 9004 1
8001 8004 14956 8000 1
15576 9198 9201 10146 1
12664 15541 11461 11895 1
14444 15245 11506 10390 1
8534 15505 8536 8535 1
14925 11642 14724 9095 1
10454 8953 14296 11480 1
8998 9000 9001 14420 1
7565 10194 7566 7564 1
8119 8117 8118 10417 1
9838 14721 13978 10754 1
11375 10305 10590 11376 1
8501 9873 9210 8499 1
12828 11120 12021 13132 1
10131 10894 8539 8533 1
7569 7567 7568 7570 1
10303 10951 10035 9167 1
8121 8122 8120 8119 1
9682 9679 9681 9683 1
9945 9946 9939 9944 1
10444 10161 8969 14343 1
7505 14351 10847 10846 1
8164 8162 8163 8208 1
11387 15607 13913 10416 1
8798 15416 10285 10284 1
11686 11687 11617 10832 1
9326 9325 9327 14754 1
9377 9379 9378 9375 1
9161 9160 9162 15031 1
14771 12406 15084 9316 1
11144 10463 11587 12192 1
10255 8965 10265 10983 1
11508 11510 11509 11102 1
8536 8538 8537 8535 1
10971 10234 11656 11657 1
9185 15010 10483 10282 1
9291 9289 9292 9293 1
7785 7783 10071 10579 1
9473 9476 9475 9474 1
15213 15236 12443 15231 1
14990 7973 7976 14958 1
8793 8791 8799 8800 1
11994 14698 14406 14402 1
10162 8991 8993 10239 1
9307 9309 9308 9305 1
11514 11516 14519 15205 1
9318 14955 9319 9317 1
10388 10805 10117 9460 1
11805 12306 12307 12493 1
13571 13572 13570 12286 1
10385 9411 9410 10386 1
9654 9651 9653 9655 1
10271 14980 9454 9449 1
11986 12350 11477 10920 1
8789 8790 7762 7451 1
15185 12534 14440 15159 1
9910 15718 9908 9909 1
10960 10227 11632 11633 1
15490 8924 8949 10574 1
14992 11875 15206 15097 1
14506 11626 9842 7555 1
8066 14969 10394 10393 1
8899 8898 8895 14317 1
10129 9642 10380 10778 1
9329 9331 9330 9327 1
8997 15249 14475 8994 1
7680 14791 7683 7682 1
9971 15960 8187 8189 1
9120 9118 9121 9122 1
8024 10524 10238 8022 1
9870 8363 8365 10245 1
8082 15135 8079 8081 1
8453 10227 9839 8451 1
8289 15803 8286 8288 1
8179 8178 8180 8181 1
14906 10177 7637 7634 1
14473 12239 14746 14880 1
7565 15045 10195 10194 1
8032 14986 15222 15134 1
9836 10257 10925 14704 1
7466 7467 7464 7465 1
10521 10365 10520 13801 1
9440 9441 9207 7916 1
9924 15306 11814 9926 1
9780 15055 9781 9779 1
10850 10454 11148 11992 1
11899 14724 11642 11898 1
15952 16760 7270 568 1
9423 9421 9424 9425 1
12497 12479 12496 12498 1
15209 15469 11659 9213 1
10509 13935 10070 10508 1
8544 8543 8545 8546 1
9251 9276 15359 9250 1
14794 15090 12309 10996 1
8916 8917 8914 8915 1
10937 14992 10025 10288 1
14613 9414 9415 9418 1
10030 10029 10065 10066 1
11343 10228 11562 11563 1
11106 11107 14493 14487 1
8898 8899 8902 14230 1
8123 15537 8122 8121 1
8764 8763 8765 8768 1
8710 8711 8712 8713 1
8068 8069 8070 9875 1
14400 15343 11488 11489 1
8903 10269 8905 8904 1
10455 11217 10820 10290 1
11717 12683 14538 11715 1
11475 11358 11382 11476 1
7864 7862 7863 7865 1
15069 15009 12744 12745 1
8979 8978 8980 14432 1
7683 15308 15174 7684 1
9257 9259 9260 14577 1
11470 10849 11472 14143 1
15267 15425 12516 15217 1
9027 15126 10263 9964 1
9938 15363 9955 9944 1
14995 15054 12423 15030 1
7929 7932 7931 7930 1
11444 11443 11808 12091 1
11878 11879 10707 10704 1
11841 15493 10311 10722 1
9147 9146 9148 14962 1
14518 12341 12342 12345 1
9342 10138 15014 9339 1
8467 8468 8466 8464 1
12783 16685 12784 10900 1
11810 15389 11812 11811 1
9429 15778 9432 9431 1
8751 8745 8750 10073 1
11130 10309 9474 15242 1
10386 15121 11754 10961 1
14496 11545 14546 9678 1
14523 10966 10526 10527 1
9661 9664 14454 9660 1
14579 12149 14580 13392 1
7582 7580 7583 7584 1
14024 10078 10079 16518 1
7448 7451 7762 14212 1
7916 7915 7917 14274 1
11003 12328 11645 11644 1
9405 9403 9406 9407 1
11163 10388 11498 11499 1
15960 12555 15700 8185 1
10293 10964 11500 14459 1
8494 15264 8497 8496 1
15358 9431 9434 10151 1
10264 11008 11009 11608 1
10305 10306 10128 10127 1
14477 14717 14724 11899 1
10671 10679 10651 10670 1
7740 7742 7743 13798 1
7538 7541 14056 7537 1
9259 9262 9261 9260 1
8109 16379 8108 8107 1
15004 11607 14708 9081 1
14915 14668 11614 10245 1
9334 9335 14797 15120 1
15271 12405 12738 15221 1
10828 11271 10045 8542 1
7591 10325 7589 7590 1
14658 9396 15026 11571 1
8292 14398 8295 8294 1
14441 11504 10855 11238 1
15180 11757 10233 8313 1
7851 8598 7853 7852 1
15625 15182 15522 12504 1
9255 9257 9256 9253 1
8500 8503 8502 8501 1
15208 14169 14166 8682 1
11478 10101 10743 11479 1
8296 8297 8294 8295 1
12501 12577 10723 12500 1
8125 8126 8123 8124 1
8886 8546 10708 11076 1
8760 8761 8758 8759 1
10654 15731 10657 10656 1
8196 8194 8192 13789 1
8068 8065 8067 8069 1
11824 11823 7431 14213 1
14286 14275 7920 7921 1
10916 10196 10993 11273 1
10444 11485 11154 10907 1
8510 8513 15285 8509 1
8475 10228 9833 8473 1
8682 8683 8680 8678 1
9395 9397 9396 9393 1
8025 8028 15037 8024 1
11619 10252 14767 14698 1
14654 8069 8067 10393 1
15466 9498 9495 9494 1
10808 9861 14447 11522 1
13769 15684 13936 12263 1
11533 14508 14951 10302 1
10595 9838 10754 14055 1
8735 8734 8736 8737 1
9313 9311 9314 9315 1
8795 8794 8792 14235 1
7929 7927 14320 7932 1
8594 17102 8595 8582 1
15131 14966 8435 14938 1
14447 9858 9859 14359 1
16784 12905 17096 12893 1
10381 11685 14926 7603 1
7846 7847 7848 13773 1
10210 17097 14934 7657 1
8522 8524 8523 8521 1
15035 8423 14596 11663 1
9140 10026 15027 9142 1
8462 8463 8464 8465 1
14937 10183 7619 7616 1
7483 15802 10230 9206 1
11746 15027 10026 10943 1
10043 15723 7724 7723 1
10601 16126 11888 10603 1
11010 11443 11011 10473 1
8725 8890 8727 8726 1
7710 14793 7709 7708 1
9379 9377 9380 9381 1
11825 11823 11824 11827 1
7896 15429 7893 7895 1
8428 10091 15085 8430 1
10551 10549 10550 10553 1
7507 7506 7504 14337 1
13162 16459 12076 12781 1
7609 14727 14944 14686 1
10582 8735 8737 13911 1
8963 8906 15299 11454 1
9212 9213 9211 8299 1
9575 15042 10173 9574 1
14952 8093 8091 10399 1
9442 9440 11474 14285 1
14579 11849 10888 11147 1
11105 11027 10595 14055 1
8797 8798 8796 8795 1
9636 9635 9637 14246 1
8022 8019 8021 8023 1
8516 8515 15278 8519 1
8019 14971 8018 8017 1
14768 12226 14965 9500 1
12251 15765 14332 12252 1
8694 8699 8698 8697 1
10682 15862 10680 10681 1
9486 10225 14787 9483 1
8175 15524 8172 8174 1
14226 14227 12370 14225 1
10293 11661 11268 10964 1
14116 15884 15916 12581 1
7721 17172 13249 16437 1
7462 7465 7464 7463 1
9889 15531 9886 9888 1
7941 10442 14429 7943 1
11146 10452 11441 12109 1
12563 14598 12564 12562 1
14953 10251 11675 14576 1
14285 11474 14276 15329 1
15231 12443 12438 12437 1
10196 9832 15298 10993 1
7487 14289 10880 10879 1
8782 10088 8783 8781 1
15155 12708 12726 14770 1
14095 10337 10056 10184 1
14948 11427 11372 11723 1
7451 7448 7449 7452 1
8713 8712 8714 9982 1
8566 9968 10104 11820 1
11351 13749 13752 13890 1
14079 8789 7451 7452 1
8212 15721 8228 8227 1
8054 8053 8051 14707 1
11697 15075 14932 9973 1
10750 15011 10138 10517 1
7473 14346 15344 14208 1
8515 8516 8514 8512 1
14368 11268 11904 13264 1
15628 15537 14180 12475 1
7486 7484 14262 7489 1
9419 9417 9420 9421 1
8179 8181 8222 15034 1
14139 14160 11469 11471 1
15482 8169 8566 11820 1
14411 11885 10418 8118 1
15709 7946 14429 11821 1
14195 15331 11441 10452 1
9602 9590 9606 11221 1
8136 10457 10168 8134 1
7469 14208 10944 10226 1
14938 8435 8436 8439 1
15045 7565 7562 7561 1
11057 8208 10569 11058 1
12365 11500 11984 12568 1
15034 15735 8177 8179 1
9599 9598 9597 15192 1
8885 8523 9924 9925 1
8199 10034 8197 8198 1
11092 10339 11404 11906 1
9879 15414 9877 9878 1
10581 15192 12500 10723 1
7946 15690 7947 7945 1
11059 8208 11057 11852 1
9605 9603 9607 9608 1
7918 7917 7915 14203 1
8343 15022 14899 14606 1
11452 14117 15337 14161 1
8089 15172 8088 8087 1
7421 14213 7431 7420 1
14378 10424 9628 9629 1
7795 7793 7794 7797 1
8408 15223 8411 8410 1
7768 7767 7769 7770 1
12398 12399 15048 14890 1
9714 9711 9713 9715 1
9184 15317 9187 9186 1
14158 11905 15255 15127 1
10944 14208 11448 11332 1
8582 15930 8570 8581 1
14989 10136 8401 8398 1
15701 12585 15911 9983 1
12495 15546 12496 12479 1
11675 11676 15154 14576 1
8554 8553 8551 15478 1
9928 9930 9929 9927 1
8555 10711 8575 8553 1
9214 14503 9216 9215 1
9106 9107 9108 9109 1
14743 10326 7591 7592 1
12457 11732 15109 15163 1
9926 9928 9927 9925 1
11785 15189 10812 11784 1
9378 9379 14879 15104 1
10467 10994 10466 9199 1
15603 12283 12453 15089 1
14353 14354 12934 12935 1
12768 16931 16160 12091 1
10595 8174 8173 9838 1
8941 8942 8940 8938 1
14997 15109 11730 10191 1
9881 9879 9880 9887 1
7895 8788 13993 7897 1
8936 10037 15585 8938 1
10828 15431 15661 13647 1
8704 8707 8706 8705 1
14363 7938 14362 13793 1
7961 7962 7959 7960 1
8170 8169 8168 14721 1
10372 15312 15416 8798 1
15070 7987 7990 14766 1
10109 10384 15495 10237 1
14376 8467 15248 14377 1
11229 12074 13209 12041 1
9360 14798 15155 14770 1
15523 8180 8178 11860 1
7486 7489 7488 7487 1
11637 14769 14354 14353 1
10836 10422 10837 13998 1
8739 8738 8740 8744 1
9584 9582 9587 9588 1
9907 9906 7864 14068 1
13975 14434 14446 11496 1
13625 12204 13995 11422 1
14630 14629 8910 8904 1
9523 9524 9521 9522 1
7484 7483 9206 14262 1
14383 15132 12730 12731 1
8188 8187 8186 10036 1
15418 15449 12476 15250 1
9035 9034 9036 14685 1
9806 9805 9803 15096 1
9936 9935 9937 9940 1
10849 10192 10473 14140 1
14969 8063 8062 14453 1
8241 15817 8243 8242 1
14905 9867 10952 11363 1
14076 14100 8535 8537 1
15351 15245 12435 12436 1
12801 14488 12802 12800 1
15258 15343 14400 12363 1
10531 15577 10533 10532 1
8458 15233 8457 8456 1
7417 7415 7416 7418 1
10851 11461 10223 10523 1
10595 11027 15571 8174 1
13988 11215 11214 12033 1
10054 8682 14166 10757 1
13406 17184 12990 12034 1
14746 11650 14927 9105 1
8537 8540 8552 14076 1
7554 7555 7553 7552 1
11282 11449 10735 10935 1
14776 14946 15219 15193 1
9756 10202 10059 9757 1
10792 13745 10677 10790 1
7638 14761 7640 7639 1
9588 9587 9589 9592 1
11465 10173 15042 13107 1
9904 9905 10084 10489 1
9815 9818 16113 9814 1
14910 9865 10949 11353 1
7587 14997 10191 10190 1
9583 9582 9584 9585 1
12279 11658 12423 12424 1
8938 8940 8939 8937 1
12416 12290 13793 13794 1
8208 11059 15318 8164 1
12590 12592 12593 14228 1
9194 9195 9196 9197 1
8791 8790 8789 14081 1
7850 7851 7852 13694 1
13132 16765 14876 12828 1
15577 12312 10911 10533 1
8003 8004 8001 8002 1
14971 10238 11733 14740 1
14919 11613 12599 14655 1
7214 483 484 14806 1
14381 8531 14101 14104 1
14324 15541 8709 8710 1
14215 12618 14625 9235 1
11714 13851 13305 13853 1
10362 15892 9969 9970 1
10110 8520 8519 10299 1
15424 9933 9928 9926 1
15268 11550 14613 9418 1
8597 15385 8596 8585 1
11070 11069 13916 11236 1
15753 15668 8711 8708 1
9073 15002 10273 9973 1
12934 12933 12932 12935 1
7656 10174 14772 7658 1
15779 16356 12068 10769 1
12596 15671 15798 12594 1
7884 7883 7885 13979 1
14059 14250 10296 11075 1
8243 8591 8245 8244 1
14101 14100 14102 14103 1
10243 9541 9540 13605 1
11111 10326 11112 14534 1
11722 10420 14955 14909 1
9540 9537 15302 13605 1
7876 10033 15355 7873 1
8087 8088 8085 8086 1
9205 12338 10464 10166 1
11540 11894 11058 11539 1
15103 15394 12460 15044 1
7447 7449 7448 7446 1
9914 15632 10353 9919 1
8573 8586 8572 8230 1
7446 12530 7444 7445 1
7382 7381 7380 13362 1
10628 10629 10630 10631 1
11259 11258 10852 14014 1
10725 11261 10900 8580 1
12798 17034 15694 11204 1
14912 10253 11644 14526 1
13036 15958 13037 13035 1
13062 15361 13065 13064 1
7755 7754 7753 13760 1
7806 8576 7804 7805 1
8897 15372 8894 8896 1
12292 12044 12294 13357 1
8777 8775 10181 10721 1
14290 11185 11093 11355 1
15233 15496 12557 15241 1
7846 8667 7797 7845 1
13937 8246 8245 8677 1
15516 10964 11268 14368 1
9933 10578 9935 9934 1
8197 15755 8194 8196 1
8356 8357 8358 8359 1
8068 9875 15052 8065 1
9912 9910 9911 9916 1
10308 10307 10306 10536 1
10514 13056 14085 8714 1
12754 12756 12757 14244 1
15229 8294 8297 9211 1
10517 9344 14750 11625 1
14448 14225 11119 11120 1
11351 8715 8717 13748 1
14786 15393 7679 7676 1
15066 9930 9934 14111 1
9896 9894 9895 9898 1
8156 8154 14365 13992 1
14487 12401 14492 11106 1
10684 10767 10768 13633 1
8584 8585 8596 8684 1
9490 14526 14527 9491 1
14079 7452 7455 14080 1
11021 11190 11022 10580 1
14939 8439 8440 8443 1
9931 15363 9938 9932 1
8892 8894 15372 9960 1
13879 12497 12498 13880 1
14677 11419 10981 11615 1
15306 9924 8523 8524 1
14477 12400 14994 14717 1
10157 10935 10735 10112 1
10365 15936 10363 10364 1
8173 8174 8172 8170 1
10109 10108 10107 10383 1
7767 7766 7765 11846 1
15206 15572 12575 11688 1
12094 13398 13118 12093 1
12623 12624 12625 12626 1
8294 15229 8293 8292 1
15590 16522 10584 10068 1
10550 13756 10561 10553 1
9621 15272 9624 9623 1
9201 9200 9202 9203 1
10322 10039 10713 11081 1
10066 10746 13546 10030 1
8530 8533 8532 8531 1
11895 11461 10851 11896 1
8129 8130 8127 8128 1
14762 8369 8370 8373 1
14915 10245 8365 8366 1
13405 15556 8825 15581 1
11047 12797 11219 10792 1
10108 10109 10237 11167 1
8809 10142 14070 8806 1
15460 12324 15774 11838 1
11740 10392 15047 14544 1
14930 11562 10228 8475 1
11418 12339 11442 11417 1
15547 7967 7965 10430 1
7948 7945 7947 7949 1
7924 7923 7925 14352 1
9333 9335 9334 9331 1
12202 16089 13895 12118 1
7759 15712 7765 7764 1
14427 14731 14730 11687 1
8335 15016 10149 10130 1
7934 7931 7933 7935 1
9041 16003 16112 15064 1
9351 9353 9352 9349 1
15584 14382 14104 14329 1
11841 12030 15612 15493 1
8176 15571 11860 8178 1
9091 14738 9088 9090 1
9899 9896 9898 10144 1
10757 14171 10153 10054 1
8996 8998 8997 8994 1
12658 16182 16013 11964 1
12314 12315 12316 13743 1
12066 16210 13826 11178 1
10971 11657 14646 11421 1
11378 14986 8036 8038 1
14332 9514 14331 13613 1
11437 8886 11076 11964 1
16250 16477 12803 12043 1
10530 15382 11392 8684 1
15842 9173 15215 11870 1
10990 15158 10294 10987 1
10512 10153 14171 11132 1
7773 7776 7771 7769 1
8174 15571 8176 8175 1
7420 11822 15535 7417 1
13412 12212 12213 14266 1
12877 15872 11117 12876 1
7674 7672 7675 7676 1
8746 8747 8748 13913 1
10608 10610 10609 10607 1
15276 12692 14304 15242 1
10097 15534 8937 8939 1
8534 8532 8533 8539 1
8800 8799 8801 8802 1
9108 16087 9111 9110 1
8161 8159 8160 8162 1
10702 10703 8636 8633 1
13642 16810 12680 11252 1
14057 15154 11676 13710 1
10223 14324 8713 9982 1
8375 8376 8374 8372 1
11055 12810 12811 13704 1
7268 16620 12919 16358 1
15431 8542 8538 8536 1
14208 7469 7470 7473 1
10212 10454 10850 14113 1
7805 7810 7807 7806 1
15858 15928 7858 15545 1
12491 11824 14213 14200 1
15751 17070 12652 11021 1
15781 13368 16158 7936 1
14137 8562 13959 14138 1
8145 8144 8142 14917 1
8143 8141 8142 8144 1
11343 11563 14386 11364 1
7431 11823 11822 7420 1
13624 15323 8351 15279 1
11403 14465 13448 14464 1
12764 14002 13338 12765 1
10120 13859 10009 10008 1
8591 15817 15208 8678 1
14978 12288 15191 11751 1
8591 8678 8677 8245 1
8880 8882 8881 8878 1
10639 15831 10641 10637 1
15174 10500 7687 7684 1
13685 12636 12637 12644 1
10001 15326 9997 10000 1
15181 14782 15253 12468 1
9993 14181 9990 9992 1
9559 9558 9557 9560 1
11359 15304 13969 12061 1
10387 14380 11486 11145 1
15504 12485 15410 11779 1
15424 15584 10578 9933 1
13258 10501 13257 13352 1
10691 10666 10692 10809 1
10984 14956 12300 12299 1
15145 15276 9478 9479 1
10295 10988 10987 10294 1
14288 14562 12365 14287 1
11693 15392 13640 12251 1
8895 8894 8893 14317 1
13860 13862 13861 13697 1
10993 15298 12489 12488 1
15930 8582 8595 16145 1
8708 8711 8710 8709 1
15982 10692 10666 15609 1
11817 11245 10519 15491 1
13706 16191 12053 11288 1
7699 7696 7698 7700 1
10468 8697 13893 11391 1
14461 12224 11385 12605 1
14614 11629 14663 9750 1
10960 11633 14462 11395 1
8376 8378 8377 8374 1
8378 8379 8380 8381 1
15815 8242 8244 8247 1
15562 9986 14193 12500 1
14721 9838 8173 8170 1
16330 16241 8558 8557 1
8666 8662 8639 13384 1
9154 10031 15116 9156 1
13202 16573 12205 16452 1
14396 12436 10912 10913 1
8528 8530 8531 14381 1
7480 7481 7478 7479 1
10034 16350 15755 8197 1
10437 11451 11186 10806 1
12617 12618 12619 12620 1
15533 13088 16542 9921 1
8589 8590 8587 8573 1
10086 10970 15724 10037 1
7425 14200 7423 7424 1
12395 12394 13245 13246 1
7756 7754 7755 7757 1
7468 7467 7466 14206 1
7937 15125 7940 7939 1
10684 10683 10699 10767 1
7633 14906 7634 7632 1
9544 9542 9543 9545 1
14668 14915 8369 14762 1
14004 14005 11383 14003 1
8003 16088 8006 8005 1
9229 9230 9226 9225 1
8572 8586 8588 13908 1
10416 9976 10482 11152 1
13708 13117 16308 10160 1
14509 11599 10845 11171 1
8858 15234 8861 8860 1
12403 12378 14983 14642 1
12195 16581 12194 11668 1
11892 11527 12369 12370 1
14954 10102 11708 14976 1
15503 11285 10728 11161 1
9951 15310 9950 9949 1
11789 11787 15308 12471 1
7728 7727 7726 7729 1
11030 10233 11757 11758 1
12249 14774 12449 12448 1
8874 16504 8873 8872 1
7875 7876 7873 7874 1
10303 9167 15148 11983 1
11215 13985 13984 13983 1
7745 10818 8673 7743 1
7521 15970 13950 13580 1
9513 14913 9512 9511 1
9746 10368 9744 9745 1
15734 16131 13173 13171 1
7503 7500 7502 7504 1
11237 10865 11446 12025 1
14886 11670 10506 9157 1
10339 11092 10762 10120 1
10152 8683 10054 10153 1
11170 11390 10341 11169 1
11104 12044 12043 11103 1
14165 15603 12348 13512 1
8808 8804 8806 14070 1
10083 10007 10009 11138 1
7933 15781 7936 7935 1
9588 9592 15422 15485 1
15191 12288 10979 15113 1
13802 8642 8644 10030 1
9190 15443 9189 9188 1
14763 8373 8374 8377 1
8741 8743 8742 8740 1
7602 9869 14159 7604 1
8608 8630 13852 8606 1
12739 12738 12737 12916 1
8649 8647 8648 13707 1
7423 7421 7422 7424 1
10646 15813 10683 10668 1
7791 10032 7789 7790 1
8488 8490 8491 15254 1
12199 15448 10903 12198 1
13063 17006 16257 13060 1
15370 11462 8734 7874 1
11974 10990 11973 11975 1
9755 9754 9753 9756 1
14811 15944 7333 491 1
8042 8041 8043 14025 1
7743 7742 7744 7745 1
13922 12735 14117 11456 1
7762 8790 15341 14212 1
7608 7609 7606 7607 1
8684 8596 10529 10530 1
7695 7692 7694 7696 1
10533 10911 10910 10591 1
15583 15868 8636 10703 1
15551 13625 15566 8726 1
7684 7685 7682 7683 1
13796 8671 13476 13477 1
10080 10934 10077 10078 1
7879 15563 7878 7877 1
8937 15534 8934 8936 1
10278 10122 8772 13896 1
15377 13759 8325 8326 1
10004 10005 10001 10000 1
7613 7610 7612 7614 1
9729 9728 9727 9730 1
14149 12091 16160 17050 1
11511 10448 14644 14335 1
7758 13761 13762 13933 1
12374 11533 11982 12375 1
10328 11331 11128 10583 1
13944 14139 11471 12085 1
9743 9744 9741 9742 1
10529 15385 12247 10531 1
10512 10736 10511 10153 1
8834 8835 8836 8837 1
9587 9582 15386 10585 1
8191 8190 8192 8193 1
11273 10993 12488 12490 1
10052 10070 13935 10051 1
9158 9159 9160 9161 1
7479 16018 15802 7480 1
14785 7693 7690 7688 1
13379 11318 16205 16188 1
11730 15109 11732 11731 1
8930 8929 8928 8931 1
9976 8749 9977 14153 1
11239 11391 12093 13866 1
10816 10558 10557 11328 1
10727 15936 10365 10521 1
10339 10008 14152 11404 1
9871 11809 14792 7706 1
14019 10543 10541 10559 1
7216 16716 14870 731 1
15043 15352 15223 8407 1
8901 12473 8897 8900 1
13064 13065 13066 13067 1
14108 7439 7437 8753 1
14974 12459 10276 9083 1
8085 15224 8084 8083 1
8142 8141 8139 14456 1
11840 15067 14395 14394 1
11376 10590 13349 13350 1
11168 12648 12647 10487 1
11235 16502 12786 11071 1
10050 10052 10051 9981 1
15192 9597 15562 12500 1
10220 14266 15606 13616 1
10946 10536 10947 12677 1
8951 15931 10062 8952 1
7878 10033 7876 7877 1
15339 14293 13990 12356 1
9536 15302 9537 9535 1
8652 8651 8649 13707 1
8158 8159 8157 8156 1
8276 15874 8279 8278 1
10864 12128 10280 9465 1
11718 12661 14973 14959 1
10991 10992 11093 11185 1
14507 15077 14555 12391 1
15178 7689 10360 11877 1
16489 12782 16330 8577 1
10591 13968 11162 10824 1
14781 8097 8096 15945 1
10982 15330 11804 11803 1
13254 12117 12118 13895 1
10650 10651 10649 10648 1
11580 14507 12391 12000 1
14522 16171 7561 7558 1
14098 9234 9227 9231 1
11304 10459 11792 11916 1
10419 11371 13540 14957 1
8871 8868 15139 14460 1
14782 15181 7665 7662 1
13376 13075 13076 13079 1
12692 12691 12690 12805 1
7459 15570 14082 7456 1
14133 11510 15249 14420 1
15378 12289 11609 12337 1
9718 9715 9717 9719 1
7678 7676 7679 7680 1
7236 543 544 14807 1
12274 15899 14295 13505 1
11182 16235 11114 10762 1
14990 15512 7972 7973 1
12846 16599 12849 12848 1
15600 13422 15676 7892 1
13442 16800 13441 13440 1
9752 9753 9751 9749 1
12038 16819 16480 11054 1
9522 9519 15413 13634 1
10785 12066 11178 10509 1
14346 13932 13403 15344 1
8830 10347 13894 8832 1
10606 10605 10607 14087 1
9911 9910 9909 13836 1
7914 15270 7911 7913 1
8140 8137 8139 8141 1
8738 15051 8741 8740 1
13097 13098 10460 10461 1
9100 14924 9103 9102 1
8240 8238 8241 8242 1
15586 16186 11873 8756 1
10728 10727 10521 11160 1
7330 16691 14866 778 1
15745 9159 15116 11832 1
11462 15051 8736 8734 1
13378 15842 11870 15828 1
13364 15745 11832 15732 1
10197 15212 8472 8471 1
7813 7812 7815 13797 1
10964 15516 11984 11500 1
7614 7617 15041 7613 1
8017 8018 8015 8016 1
13860 8223 8234 13862 1
7989 7990 7987 7988 1
16794 15924 13552 13391 1
10954 10043 10453 11155 1
7907 7905 7908 7909 1
15091 10726 9600 9601 1
14889 8023 8021 10406 1
8947 15610 8951 8950 1
13440 16929 13443 13442 1
12325 11775 11776 12515 1
9628 10423 9626 9627 1
11031 10330 10387 11145 1
9168 10035 15215 9170 1
10862 10863 11211 13795 1
13734 13736 13735 13732 1
10659 10661 10660 10658 1
9449 9454 9453 9448 1
8811 8810 8812 14229 1
7832 7833 7826 7825 1
8048 8047 8045 14634 1
13962 15978 12210 13397 1
13907 16192 8592 8578 1
12573 16883 13885 11153 1
9282 9281 9283 14714 1
10884 15764 10883 10817 1
7604 7607 7606 7605 1
14784 15383 11799 10361 1
16261 12862 16265 770 1
10458 14203 7913 7912 1
8947 8946 8945 8964 1
16500 13331 16563 15564 1
15003 15901 10403 9366 1
13163 13595 11207 12037 1
13877 10627 10628 10631 1
9596 9597 9598 14099 1
15301 16971 7273 15977 1
7857 7858 7855 7856 1
13874 8945 8942 8941 1
7259 16886 13207 14611 1
11853 11059 11852 12570 1
11061 16240 10538 10540 1
8107 8108 8106 8105 1
11481 14242 12008 12007 1
10562 15728 10548 10552 1
10095 10505 10504 10094 1
9693 9695 9696 14586 1
8674 7751 15557 13936 1
10672 10650 13804 10860 1
9826 9827 9828 10193 1
12439 12438 12440 13484 1
8177 8176 8178 8179 1
14032 14031 12011 14033 1
7888 7885 7887 7889 1
14929 14773 14312 12023 1
14439 17129 12760 14440 1
8198 8197 8196 13757 1
8568 8563 15654 10124 1
8986 8985 15244 8989 1
9633 9632 9631 9634 1
10172 8964 11863 13892 1
9446 9444 9447 9448 1
10421 10422 10836 11254 1
9697 9699 9700 14587 1
10764 13945 13939 13938 1
15752 13365 16153 9163 1
8027 8028 8025 8026 1
9764 16061 13818 13490 1
12538 15787 15840 12539 1
14862 17000 7340 447 1
11380 11737 15001 11425 1
7737 7736 7734 13459 1
8754 11873 15563 7882 1
10810 14120 10809 10692 1
12216 16523 14827 14870 1
16018 16170 13733 13729 1
8686 8239 8565 8687 1
16130 14027 11989 13394 1
12461 12464 12127 11745 1
10632 10635 15919 10634 1
14650 10180 14755 14431 1
8244 8245 8246 8247 1
15537 8123 8126 14180 1
13500 15857 10652 10691 1
11360 15549 13935 10509 1
15115 11581 15763 8845 1
9994 9991 9995 9998 1
12489 13458 13457 12488 1
14179 17041 12913 11282 1
10739 10870 10738 10737 1
9540 9541 9539 9537 1
16803 13657 15736 13598 1
14373 7860 7857 7856 1
11521 11518 11520 12819 1
14186 15660 14187 7450 1
8752 8746 13913 15607 1
15425 12334 15739 12516 1
8554 8556 8555 8553 1
8508 8511 8510 8509 1
7725 7727 8685 13961 1
8355 8352 8354 8356 1
9969 15892 15757 8653 1
14520 13536 12175 14521 1
10375 15872 15827 10747 1
12384 14899 15022 14430 1
13947 16347 14120 10810 1
14361 16740 7197 14865 1
13320 15691 13319 10474 1
11085 10965 10327 11997 1
10527 10526 10236 14517 1
11427 14649 13551 14648 1
14087 15734 15538 10687 1
12688 16266 16027 11916 1
7859 15545 7858 7857 1
16125 15202 9638 14384 1
10605 15615 10608 10607 1
12701 16017 13013 13012 1
14351 7505 7506 7509 1
9064 9065 9066 9067 1
667 14853 7256 666 1
14964 14548 8341 14536 1
12521 13868 11965 12520 1
8980 8981 8982 8983 1
11591 11592 10885 10164 1
15909 16936 13123 13122 1
9427 9428 9429 9430 1
11704 13851 13302 13837 1
16333 16879 13019 9526 1
10638 10636 10642 13882 1
10545 10548 15728 10544 1
14167 14168 10757 14166 1
10468 11391 11239 10866 1
9901 9902 9903 9904 1
14488 15041 14645 12802 1
7346 16991 14765 14864 1
12037 10930 13618 13619 1
8105 8106 8103 8104 1
13763 13762 13761 13764 1
10747 10756 10755 10746 1
8184 15702 8186 8185 1
7850 8218 7848 7849 1
14421 9658 9655 9653 1
8569 8228 8571 13747 1
9000 8999 15204 9003 1
8264 8266 8265 8263 1
11252 10561 11322 11323 1
11241 10492 10491 11243 1
9431 9432 9433 9434 1
10789 10842 10788 10787 1
10539 10540 10538 10537 1
11512 11511 11513 12334 1
8438 8440 8439 8436 1
14089 8235 8239 8686 1
12012 13815 13814 11026 1
12586 16768 16051 12585 1
7837 7836 7838 7839 1
14351 16313 12071 10847 1
10008 10009 10007 10005 1
9807 9809 9808 9805 1
15106 8390 8389 14973 1
10330 11031 11581 15115 1
15050 9798 9795 9793 1
10618 10617 10616 10667 1
16144 15483 16264 13105 1
9050 9051 9052 9053 1
15416 15312 11807 10773 1
9912 9914 9913 9910 1
7415 7413 7414 7416 1
11200 14600 10856 10436 1
8690 8696 14030 8688 1
13019 14907 9524 9526 1
7809 7812 7811 7808 1
15279 8351 8352 8355 1
7824 7796 7823 7829 1
8571 8228 10499 11262 1
11067 15034 8222 10598 1
12445 14958 11694 12252 1
13196 16525 13186 13183 1
13139 13141 13140 12029 1
16065 9090 9089 13977 1
9443 9450 15364 9441 1
8602 8616 8599 8583 1
14598 12563 15550 9244 1
13740 13725 13726 13730 1
8526 8529 8528 8527 1
15475 7849 8785 15476 1
10711 16150 11298 8575 1
7758 13933 7757 7755 1
8622 8609 8623 8631 1
15804 12870 11177 15776 1
12040 11485 12353 12354 1
9991 9994 9992 9990 1
14302 8891 8153 8150 1
9781 9783 9782 9779 1
13182 631 7371 13183 1
7327 16989 14469 13279 1
13365 11316 16156 16153 1
14829 16777 7312 688 1
7335 16098 14854 703 1
11941 11210 11208 13595 1
10101 11478 14433 9625 1
9937 10261 9941 9940 1
11140 10083 11139 11141 1
14046 12294 12044 11104 1
10869 11993 12176 14612 1
7209 15995 13981 1351 1
7734 7736 7735 7732 1
7284 16664 15845 826 1
13746 10669 10660 10662 1
649 15727 7353 648 1
13497 13498 14159 9869 1
8225 15649 10734 8226 1
9023 15126 9024 9022 1
10327 15317 9182 9181 1
10086 10037 10038 10125 1
12179 16683 16093 15068 1
7342 16908 14719 14823 1
13804 10650 10648 13806 1
13614 13616 11416 11415 1
7666 7669 7668 7667 1
16143 10343 10438 12997 1
14776 15193 7647 7644 1
11982 11533 11012 14470 1
11022 11190 11191 13575 1
8490 16225 8493 8492 1
8055 8056 8053 8054 1
8376 14981 8379 8378 1
14812 17015 7329 767 1
16131 15734 10690 13966 1
7845 15459 7847 7846 1
15294 15360 11786 15166 1
12262 15623 10570 10975 1
15921 15854 600 601 1
9518 15413 9519 9517 1
13869 14345 13868 12521 1
10719 10860 10861 11035 1
8887 7413 7415 15535 1
10732 11188 11156 10908 1
11548 15238 12412 11024 1
12030 15860 16254 15612 1
8948 8946 8947 8950 1
9456 15427 9452 9455 1
10857 16867 12632 11227 1
14045 14246 15518 12362 1
7539 16009 13889 13550 1
8846 8849 15115 8845 1
16474 13408 16302 10493 1
10544 10542 10543 10545 1
12707 11557 12706 12708 1
14667 11537 13041 14574 1
14493 16716 15922 14487 1
9609 13857 13856 13854 1
11137 13052 15486 14310 1
10340 10069 10068 10584 1
8872 15243 8875 8874 1
11024 12412 15123 9862 1
13222 17013 11683 12770 1
15789 8583 8574 13333 1
16723 9204 10355 13433 1
10774 10589 10773 11463 1
7411 7409 7410 7412 1
13496 8879 15281 13148 1
15461 10033 7878 15563 1
15736 8230 8229 10040 1
11536 10751 14592 12790 1
9554 9555 9553 9551 1
15738 10752 10063 10336 1
15708 12479 12497 14917 1
12107 11480 12331 12332 1
7847 8785 7849 7848 1
8227 15649 8225 8212 1
11486 11953 11952 11145 1
13689 16327 13820 10641 1
7652 7655 7654 7653 1
11161 10728 11160 12833 1
10909 12217 16139 10731 1
13912 13884 16271 11124 1
13968 10591 10910 12824 1
14600 14602 14601 13277 1
13376 16545 7179 13075 1
10680 10679 10671 10681 1
11022 13575 11473 10580 1
8877 8876 8878 14484 1
14435 9432 15778 12347 1
10118 15610 8947 8964 1
9943 15949 15959 10057 1
14576 14575 7952 14953 1
10598 10597 10599 10600 1
8219 8221 7831 7829 1
15730 12663 7754 7756 1
13461 15595 15177 11755 1
14476 12400 14477 11899 1
7309 17082 15994 714 1
8189 8188 8190 8191 1
12185 16781 14715 12186 1
8814 8816 8815 8812 1
12073 11501 12351 12352 1
13872 15759 14103 14102 1
9093 14950 9094 9092 1
7749 16945 16391 15580 1
14016 7870 7867 7866 1
14066 17066 14065 10744 1
10407 8863 8865 10481 1
11207 10931 10930 12037 1
9538 16172 9535 9537 1
11254 10836 12100 13155 1
13288 11156 11868 13033 1
9996 9997 9993 9992 1
8870 8871 8872 8873 1
8129 15889 8132 8131 1
9732 9729 9731 9733 1
8167 15482 9963 8165 1
15076 10275 9856 9849 1
7313 14851 502 503 1
562 16389 7305 561 1
561 7305 14801 560 1
8116 8117 15226 14385 1
10053 16222 10872 10095 1
16739 16785 13122 12075 1
625 626 7288 13472 1
1352 1351 13981 13471 1
10940 10441 10440 12722 1
7816 7817 7814 7813 1
7885 7883 7886 7887 1
553 554 7336 14840 1
9125 16101 14941 9126 1
16512 11374 13489 13488 1
12303 16725 12379 12378 1
15875 11864 15735 15034 1
15796 737 738 7300 1
10780 12179 15068 10779 1
10655 10654 10656 10673 1
13210 13285 13211 12112 1
10016 10018 10019 15515 1
9799 9801 9800 9797 1
11348 11349 8648 8646 1
13102 13035 13037 13103 1
9415 9416 9417 9418 1
7236 16527 14437 14838 1
8848 10324 13662 8850 1
11127 10349 11526 12113 1
11329 10816 11328 13048 1
10320 10321 10343 10800 1
12651 15790 8650 8664 1
11036 10861 11037 11038 1
9798 9799 9797 9795 1
11853 12571 15689 15488 1
16537 8267 14194 11806 1
11257 10515 11501 12073 1
9771 9773 9772 9769 1
14021 12293 12292 13357 1
11125 10593 10720 11126 1
13716 11390 12002 13717 1
7513 13644 13164 13693 1
12001 12002 11390 11170 1
12620 16526 14457 12617 1
13286 12281 11992 13287 1
13074 16667 13073 13072 1
16575 12827 16927 11871 1
10998 12026 12881 14272 1
12952 17048 13772 11255 1
8646 8645 8643 13858 1
10841 11158 13296 10840 1
11922 15317 10327 10965 1
8742 8752 13901 8740 1
15744 8190 8188 10036 1
13832 16849 12685 11986 1
8443 8442 8444 15591 1
10626 10628 10627 10624 1
16084 8006 16088 13318 1
15314 7707 9872 12083 1
14186 7450 7441 7442 1
14329 14103 15759 15686 1
14756 8013 8011 10408 1
8691 15520 8695 8690 1
11045 12042 11055 11044 1
7352 16422 15634 422 1
650 7212 15727 649 1
15394 12523 15809 12460 1
472 473 7323 14833 1
7787 7822 7784 7786 1
12640 12642 12641 12639 1
11786 12519 11065 10259 1
8434 8433 15754 8437 1
10364 10363 9970 13494 1
7794 7793 7792 13661 1
10056 9943 10057 10184 1
11466 10833 11465 13106 1
7411 16282 16295 7409 1
10991 15937 10988 10989 1
13895 8835 13894 13254 1
11187 16247 16099 10700 1
15660 11050 15747 14187 1
11583 13507 13337 12163 1
7508 7507 14338 7511 1
11212 11213 12087 12694 1
13145 13143 13146 13147 1
12418 15184 12437 12420 1
14384 9638 9635 9634 1
12559 12459 15162 15095 1
13665 13622 13620 10485 1
8191 8214 15404 8189 1
11844 10583 11128 13426 1
11148 10454 11480 12107 1
10737 10738 10736 10512 1
16751 16008 11847 11149 1
11744 12126 14584 12156 1
14129 8155 8157 8231 1
10350 11117 15872 10375 1
11864 15875 11948 10105 1
10637 10641 13820 10635 1
12385 14548 14964 11574 1
9710 9707 9709 9711 1
10155 10812 10156 9875 1
10496 10500 11365 11791 1
16090 9111 16087 12569 1
13239 15256 8843 15373 1
11116 16430 14173 10864 1
7764 7765 7766 9972 1
7204 16743 14415 16261 1
7889 7892 15676 7888 1
9757 10059 14758 9759 1
542 543 14838 7303 1
11116 10865 11237 12917 1
9736 9733 9735 9737 1
11110 10407 10481 11195 1
16237 14093 16682 15588 1
14796 16898 12770 14795 1
13537 13212 10681 10671 1
9782 16268 13821 13485 1
16262 590 591 7222 1
7900 16140 7901 7899 1
13646 16710 12871 16658 1
12808 16446 16602 12649 1
7371 631 632 7373 1
12039 7829 7823 13838 1
7730 7732 7731 7728 1
14173 16605 12128 10864 1
13745 10792 12154 13746 1
12338 15510 15530 10464 1
11286 13494 13706 11288 1
14726 14725 7627 7628 1
8021 8019 8020 10406 1
15920 7918 14203 11914 1
13277 16725 12303 11835 1
13783 13787 15880 13785 1
15403 16038 13458 12489 1
11091 16941 14567 10807 1
13733 16170 16274 13734 1
7971 15517 7974 7973 1
7238 16966 14862 448 1
8436 8434 8437 8438 1
13907 8584 8684 11392 1
14699 16699 9748 9745 1
13957 16211 12201 10567 1
17035 16652 12663 15730 1
14126 10775 10776 11175 1
11902 12329 11903 11790 1
11943 15723 10043 10954 1
15367 16034 11243 10491 1
7880 15470 12246 8731 1
7902 7899 7901 7903 1
13048 13388 15589 17045 1
16315 14000 14001 17018 1
14175 15238 11548 11549 1
12158 15266 11703 11702 1
7183 14828 504 505 1
12169 13290 13580 13950 1
12732 16408 14311 12731 1
11638 11640 11639 11297 1
14682 12858 11605 10821 1
13048 17045 13049 11329 1
12792 11228 11227 14753 1
12431 16307 12428 12430 1
7839 7840 7841 8220 1
10601 10603 10602 10600 1
9680 14525 9681 9679 1
7350 14825 465 466 1
13905 16858 13904 12850 1
7535 7532 7534 7536 1
14795 10712 11968 13554 1
15664 7355 818 819 1
627 628 7254 13389 1
12789 16464 12788 12255 1
13343 13256 12382 13864 1
14924 9098 9985 11698 1
8670 13849 13848 7818 1
10461 10460 7537 14056 1
14438 14013 13237 15291 1
14913 11695 10802 9512 1
16203 7375 16336 16202 1
15791 7932 14320 11866 1
14349 11489 10778 11108 1
13013 16677 16025 13014 1
9506 9507 14757 11660 1
12225 12226 10163 11660 1
12203 13237 13236 13235 1
13672 15610 10118 10772 1
7251 16748 13124 13121 1
14913 9516 16435 11695 1
11998 16272 12884 11196 1
15516 14369 15810 11984 1
12196 11097 11274 12961 1
10744 10721 15617 15559 1
13744 16838 7172 13743 1
8641 8642 8626 8640 1
10542 10540 10541 10543 1
8268 8271 8270 8269 1
11727 11728 12124 13230 1
10749 12718 10103 10367 1
9811 9812 9813 9814 1
13863 13861 13862 11402 1
12913 17041 16441 12914 1
7255 609 610 13391 1
9821 9823 9822 9819 1
9740 9737 9739 9741 1
15238 14175 14359 9859 1
15733 16611 13284 15592 1
7179 16627 13153 13075 1
8231 8157 8159 14127 1
11041 11043 11042 11040 1
9807 9805 9806 9874 1
11845 12655 16034 15367 1
15802 16018 13727 10230 1
12387 17137 12386 11816 1
14305 11273 12490 14307 1
11472 10849 14140 14141 1
8652 13707 10160 8654 1
10826 15892 10362 10825 1
449 450 15934 7238 1
11535 11536 11537 14667 1
11242 12863 12019 12018 1
9069 16044 15002 9070 1
10589 10709 10588 10285 1
14361 16814 12561 12562 1
7790 7788 8619 13658 1
13487 1343 1342 7252 1
11152 10482 11153 13885 1
13384 8639 8665 13385 1
730 14870 14827 729 1
10827 11123 11350 12826 1
8438 15078 8441 8440 1
15952 568 569 7348 1
7252 13841 13488 13487 1
12153 13233 13478 13839 1
13631 17014 7168 16248 1
10115 8659 8660 10116 1
16265 17040 7260 769 1
7681 7678 7680 7682 1
10126 10023 10300 10366 1
15202 16125 11928 10380 1
16215 13561 16252 13238 1
457 14868 14859 456 1
9592 9593 9594 9617 1
9055 16026 15028 9056 1
12824 16829 14419 13968 1
13882 13806 10640 10638 1
13781 13787 13783 13782 1
9787 9789 9790 14585 1
11713 15836 15835 11862 1
13358 15732 10950 11068 1
8058 16068 8059 8057 1
14150 14374 14375 7329 1
14194 8262 8732 11806 1
15690 13359 16141 7950 1
13997 10840 13296 13243 1
10791 10678 10793 10794 1
14758 14881 14759 9762 1
14866 7239 777 778 1
9765 9768 16061 9764 1
8256 8257 8258 8259 1
12144 13278 13550 13889 1
9208 13166 11279 8788 1
11809 16161 15596 14792 1
15630 10041 13329 13330 1
11020 10275 11023 11490 1
10078 10077 10076 10079 1
13999 11895 11896 14000 1
7854 7826 7833 7855 1
11157 12076 15913 11159 1
12405 12404 12137 12736 1
14612 12176 16338 13109 1
13011 13015 16402 7353 1
7770 7769 7771 7772 1
11565 14586 14436 11567 1
11826 13393 13265 13115 1
11536 12790 11996 11537 1
12171 15083 9704 9706 1
11412 11414 11950 14128 1
1335 16662 7361 1336 1
7320 676 677 14824 1
11231 10834 10835 11295 1
14950 10279 9097 9094 1
14322 12623 12626 14323 1
13830 16061 9768 13310 1
14824 16909 13971 7320 1
9535 9534 9533 9536 1
771 7204 16261 770 1
7441 7450 14188 7438 1
15995 15779 11855 12244 1
15821 16391 16945 12188 1
12673 12674 12675 12785 1
13336 13245 12394 13846 1
7378 7377 7376 12893 1
11246 11527 11892 13120 1
7364 17090 15758 16360 1
8614 8594 8613 8624 1
13106 17121 11020 12941 1
13681 13682 13679 13680 1
7807 7810 15644 7809 1
8098 16255 16660 8095 1
12427 16249 11981 12426 1
7570 7572 7573 14551 1
13363 16840 13350 12143 1
12222 12221 13057 13058 1
15502 744 14849 12379 1
494 495 7314 14826 1
10946 12677 12678 13958 1
7188 17177 523 524 1
14860 16880 7172 431 1
13282 16792 12899 12900 1
626 627 13389 7288 1
14012 10851 10523 10830 1
7714 7713 7712 7715 1
12685 16849 13827 14157 1
13488 13841 13842 16512 1
11078 11079 10225 9488 1
14688 16894 15834 12935 1
14713 14757 10801 11388 1
713 15994 7233 712 1
13582 16524 12611 13581 1
8264 14194 8267 8266 1
12613 12614 12615 12616 1
12543 16216 12542 12230 1
15784 16721 16613 11211 1
14207 13132 12021 14342 1
12785 16876 15944 12673 1
14066 10744 15559 16605 1
13080 13081 13082 13083 1
7445 7444 7443 14097 1
7798 7772 7799 7800 1
8353 8354 8352 8350 1
11234 12077 12938 14502 1
7783 7785 7781 7782 1
14157 13045 11905 14158 1
13658 13660 13661 7792 1
10653 11991 13877 10631 1
11151 12238 13154 14706 1
12057 12058 12059 12741 1
9549 9548 9547 9550 1
12085 12096 12097 13944 1
1361 15996 13213 1362 1
7644 7645 7642 7643 1
15496 12273 15980 12557 1
9814 16113 13881 13464 1
13954 17164 7713 16975 1
11987 13075 13153 14241 1
11873 16186 15461 15563 1
14683 13133 11673 14935 1
7321 14715 14716 750 1
11751 11734 13593 14978 1
13367 15828 10951 11077 1
14973 12661 15228 15106 1
7842 7843 7844 8213 1
8669 8198 13757 13758 1
16418 16325 14040 10800 1
7223 15680 12983 13543 1
12093 13118 13225 13866 1
14227 16786 11892 12370 1
7682 7685 15904 7681 1
14487 15922 12402 12401 1
13673 10762 11092 12035 1
13650 16128 12191 12866 1
9725 11133 14622 9727 1
7468 7471 7470 7469 1
15465 11830 12487 15422 1
10995 11396 10772 10172 1
11406 16780 12716 11083 1
7829 12039 13632 8219 1
12328 11003 15365 15439 1
12408 12407 11979 14665 1
17062 13157 16537 11806 1
12079 13546 10746 10755 1
14016 13717 14017 7870 1
10672 10860 10719 10718 1
8076 8073 15999 15992 1
14421 9653 9835 12880 1
14391 13268 14441 13204 1
14252 14253 10798 14251 1
8758 8761 15586 8756 1
15137 791 14837 12831 1
11203 11202 11204 11946 1
7173 14844 580 581 1
10835 10834 10301 12502 1
11049 12024 11368 11367 1
724 725 7315 14805 1
10202 10857 10586 10059 1
11648 12160 11649 11647 1
9996 10010 10000 9997 1
16187 14154 12159 13828 1
10013 10014 10012 10003 1
12160 13315 13490 13818 1
10829 11192 15335 11794 1
10907 14210 11495 11494 1
15095 10406 16064 12559 1
489 490 15955 7196 1
13409 13408 13407 12034 1
14612 13109 11621 10868 1
9658 14421 14422 14423 1
13999 14000 16700 7270 1
7267 14871 467 468 1
12662 16787 14223 16766 1
7746 7748 7749 15580 1
14820 17158 7328 720 1
9974 10470 8201 8183 1
9872 10221 10222 12083 1
11130 15242 14304 12841 1
14002 12764 13991 7719 1
7870 15370 7871 7869 1
13948 16410 7761 16347 1
718 719 14869 7194 1
10456 11024 9862 9863 1
10804 11320 11319 10923 1
12642 13598 13597 12857 1
7318 16195 691 692 1
7644 7647 7646 7645 1
10783 16555 10345 10346 1
12368 12367 12147 12753 1
7350 16667 14254 14825 1
11089 11088 10361 11799 1
11333 11231 13181 13184 1
829 15969 7369 828 1
13397 12572 11423 13962 1
12843 11345 11377 12844 1
732 733 14875 7216 1
548 549 15943 7190 1
9756 9753 14897 10202 1
11284 12972 13435 10522 1
8229 8230 8572 13908 1
13393 11826 11825 12108 1
8203 8202 8200 13627 1
16482 13786 15858 11872 1
12028 15207 13150 13138 1
10744 14065 8777 10721 1
13279 14469 14470 11281 1
16080 11927 10594 11179 1
14272 11479 10743 10998 1
11220 13170 12033 11214 1
7401 7775 7399 7400 1
10328 8666 13384 11331 1
13422 15600 13353 13421 1
12679 10947 13526 13527 1
12017 14392 14449 13631 1
11590 11588 11589 12721 1
12795 16988 11240 11867 1
9751 9753 9754 14689 1
10715 10132 11197 11198 1
13410 17146 13409 11883 1
11686 14652 13201 12554 1
11107 12215 12216 14493 1
8044 8041 16042 16039 1
16832 17074 16394 17005 1
15114 9670 9667 9666 1
10133 15988 8662 8666 1
7752 7753 7754 12663 1
8581 8570 8569 13747 1
15619 16290 11201 10705 1
13518 11362 14608 14334 1
13080 13083 15792 13079 1
10805 16082 11929 10117 1
17011 12025 16978 15293 1
13235 16089 12202 12203 1
11625 12023 12022 11275 1
7390 7389 7388 8600 1
14367 14260 14259 12745 1
11261 10725 12049 13387 1
15698 11817 15491 8890 1
15648 15770 9620 9616 1
8842 8843 8844 8845 1
8156 8157 8155 8154 1
13068 13069 13070 13071 1
8372 8374 8373 8370 1
14814 574 575 7235 1
11966 16176 12845 11967 1
13864 15808 9710 13343 1
11484 16652 13216 11483 1
14657 17012 16014 13067 1
7212 16745 15251 15727 1
16311 13211 15785 10576 1
16126 10599 12555 15593 1
9763 9766 9765 9764 1
13623 16855 16279 13619 1
11158 11159 11229 12041 1
13425 16731 11109 10741 1
546 15399 7322 545 1
10012 10041 15630 10011 1
12399 12398 12186 12856 1
14257 14256 11861 11306 1
14866 16691 14348 7239 1
584 16328 7278 583 1
11830 11224 11223 12487 1
10704 10702 13973 11878 1
665 14835 14843 664 1
7768 7770 13648 13850 1
13943 13944 12097 13270 1
7412 8676 7414 7413 1
17043 16663 7649 7650 1
8146 8147 8144 8145 1
13834 16135 7832 7825 1
15667 12955 11711 15169 1
10490 12211 11101 10751 1
11795 12103 12104 12474 1
13218 16218 11822 11823 1
15901 15003 13484 12440 1
16147 14749 11929 16082 1
13447 13444 16511 17000 1
7272 433 434 14845 1
8613 8594 8593 8615 1
13846 15825 9732 13336 1
9765 9766 9767 9768 1
9730 14705 9731 9729 1
15985 16271 13884 10642 1
13284 16966 13283 12769 1
11912 13418 14498 11913 1
10889 11883 13409 12034 1
16051 16768 11126 10720 1
12867 11978 12858 15912 1
16408 17119 14851 7313 1
8433 8430 15085 15194 1
10137 13903 13906 10073 1
14121 11175 11005 11408 1
9809 9811 9810 9808 1
8151 15760 8148 8150 1
14850 7171 497 498 1
7662 7665 7664 7663 1
11339 13971 13972 14091 1
11233 16515 12132 12131 1
11086 13927 13926 13925 1
12326 12228 12227 13090 1
11858 15807 11096 11857 1
11255 10571 11344 12645 1
13134 15495 10384 11174 1
8261 15567 10323 8732 1
13310 13230 12124 13830 1
12908 12667 12665 14247 1
12951 13263 12209 12208 1
13298 13297 7266 13299 1
15398 16704 8525 8522 1
7825 7820 7827 13834 1
13247 16831 13152 11384 1
7709 14793 10221 9872 1
13390 16857 12694 13790 1
11673 11674 10844 10169 1
15212 8477 8474 8472 1
8458 8459 8460 8461 1
7828 17034 13800 7402 1
15890 8114 15897 12507 1
16791 16863 13016 12102 1
10626 15703 10629 10628 1
12967 16688 13970 12182 1
15770 17016 11767 15272 1
11308 11307 14611 13207 1
11051 12657 11052 10247 1
10929 11046 13317 14077 1
10027 8655 8654 13370 1
8210 8211 8209 8206 1
12704 16558 11373 11963 1
614 615 13544 7224 1
12986 17154 12985 11778 1
809 810 7208 13677 1
10786 10682 10681 13212 1
11887 11886 11142 12852 1
9602 11221 14222 9603 1
7177 17107 16374 17155 1
794 795 7338 14836 1
7198 444 445 14839 1
15939 15131 14938 13468 1
12958 13294 11948 13295 1
7648 7651 7650 7649 1
13675 16165 16166 11182 1
14805 16428 7229 723 1
13101 16665 12710 11495 1
11330 12924 12907 10756 1
14287 15964 13024 11672 1
762 16775 7269 761 1
761 7269 14876 760 1
11368 13199 13031 13248 1
15173 10304 10761 11919 1
12914 16441 14073 14072 1
11193 16850 14066 16605 1
12136 16614 14719 12137 1
7834 15841 10740 7836 1
7334 14857 680 681 1
7277 16479 806 807 1
9663 9664 9661 9662 1
7693 14785 15948 14306 1
8486 8489 8488 8487 1
12076 11157 10867 12781 1
16939 7822 16870 13116 1
16836 15966 8507 8504 1
13389 7254 13390 13790 1
8478 8480 8479 8476 1
12984 16342 12237 12363 1
10899 11708 10102 10898 1
13947 11029 12256 13948 1
12822 10822 11636 12823 1
8882 8880 10132 10715 1
8326 8324 8327 8328 1
7226 16662 1334 1333 1
16402 13015 16259 647 1
12689 16782 14635 12690 1
16518 11337 12603 14024 1
12689 11921 11920 13274 1
13187 17065 13266 13185 1
13213 17133 7283 1362 1
8362 10082 14884 8364 1
7309 16756 14669 17082 1
7174 797 15795 14179 1
7275 15677 507 508 1
11807 12969 11463 10773 1
7383 7381 7382 7384 1
16244 12108 13964 10685 1
8881 16968 14484 8878 1
14790 17027 17011 15383 1
613 614 7224 13474 1
12761 11122 12064 14270 1
11835 10856 14600 13277 1
12257 12258 12259 13099 1
13193 11270 10831 10823 1
12650 16753 16882 15702 1
7187 15983 726 727 1
15843 15844 16346 7284 1
11165 16119 10156 10812 1
13668 13670 13669 13667 1
12958 13581 12611 11464 1
8511 15823 15380 8512 1
14405 17177 16338 12176 1
7662 7663 7660 7661 1
16075 576 577 7308 1
12760 11079 11078 14440 1
14370 14983 12378 12379 1
13681 16422 7352 15633 1
15711 11856 10699 10683 1
13260 14512 11531 13259 1
13033 17134 16551 15856 1
7405 8884 7403 7404 1
11163 14455 10805 10388 1
11285 11990 10727 10728 1
13264 16606 7170 14368 1
7202 16776 14817 670 1
675 14874 7242 674 1
14834 673 674 7242 1
8628 16812 8616 8618 1
15681 10593 11125 12733 1
12853 12854 12714 11947 1
9731 14705 9734 9733 1
13288 16831 13247 11156 1
1359 1358 13521 7250 1
12720 17022 11388 11389 1
8169 15482 8167 8168 1
9998 9995 9999 10002 1
11667 12480 10795 11666 1
13803 16708 12831 11460 1
10439 10760 12996 10438 1
9740 16058 13503 13502 1
12734 16823 14179 11282 1
12861 12862 11509 11510 1
8206 8204 8203 8207 1
13408 16474 8780 13407 1
16179 588 7354 15589 1
7288 13389 13790 13473 1
16097 7989 7988 14561 1
10922 10222 10221 11834 1
8328 16284 8331 8330 1
13148 13147 13149 13496 1
8220 9987 9988 11334 1
13770 13766 13769 12263 1
12113 11526 12114 12992 1
12136 12137 11600 11599 1
11973 10990 11972 13088 1
16288 16394 16230 7227 1
10562 10717 11135 11925 1
12716 16798 13954 13953 1
12539 12567 12512 12538 1
16640 15794 11878 13973 1
13060 16257 13059 11924 1
12183 12255 12254 12182 1
827 15843 7284 826 1
14260 16915 7232 15879 1
13904 13906 13903 12850 1
11589 14681 12817 12721 1
16010 13522 16146 15826 1
12146 16650 14591 12147 1
9852 10573 9850 9851 1
14437 12162 11127 12113 1
13269 15645 12116 12061 1
12830 11458 11460 12831 1
645 7221 15832 644 1
13014 16592 16500 15564 1
13735 13736 13738 13854 1
10074 10075 8751 10073 1
13027 16428 12238 12239 1
7739 16452 16371 7736 1
10587 10974 11385 11386 1
12146 12147 11505 11504 1
14574 15929 9698 9695 1
16111 7833 7832 16135 1
15342 16067 16678 9891 1
13025 17105 10513 9863 1
13968 14419 12582 11162 1
12705 12706 11557 11556 1
15758 16361 16287 16360 1
14705 16544 16872 9734 1
14304 12692 14303 12841 1
13917 15651 11236 13916 1
7374 16642 603 604 1
16318 7297 16834 13043 1
13741 11521 12819 13742 1
7261 16628 14404 12953 1
11082 16203 12906 12895 1
7259 14821 705 706 1
7214 16411 14842 483 1
9722 9721 9723 14191 1
7181 16957 14270 13160 1
12375 16098 14394 12374 1
7718 16437 7717 7716 1
7835 7837 8671 13796 1
16948 7782 7779 13664 1
15674 9923 7773 7769 1
16199 16985 16202 7226 1
14369 15516 14368 7170 1
12531 16663 14712 12532 1
787 14832 7301 786 1
12197 16276 13942 13945 1
9673 9671 14451 9676 1
9675 9673 9676 9677 1
13668 13671 11397 13670 1
9752 16822 14897 9753 1
12959 11375 11376 13833 1
709 710 16248 7168 1
13896 8776 13897 11406 1
7255 17123 13275 609 1
12910 13632 12039 13549 1
14825 16397 7178 464 1
14347 16028 9634 9631 1
13446 15733 14095 10184 1
14253 14252 14254 13074 1
13287 11992 14245 14832 1
12551 16514 14210 11154 1
7203 13225 13118 13226 1
7292 1343 13487 13489 1
13205 17139 11066 16555 1
9583 15683 9581 9582 1
15949 9941 10261 13871 1
9750 9747 9749 9751 1
14122 14123 11175 14121 1
9743 9742 11180 14699 1
12143 10866 12088 13363 1
15762 16803 13598 12642 1
8489 16225 8490 8488 1
14353 12935 15834 14410 1
12458 15138 15055 14976 1
16034 12655 16035 12223 1
10620 16926 10622 10621 1
12673 15944 12672 12193 1
14415 14364 11102 11509 1
13939 13945 13942 13941 1
7388 7389 7387 7386 1
7380 7378 10123 13362 1
14322 16062 12766 12621 1
14255 16397 14252 14251 1
13897 17066 12668 16780 1
7247 416 16635 13244 1
12053 16191 12055 12054 1
14659 11623 13110 15986 1
12723 16255 14184 12355 1
565 16315 7176 564 1
15995 7209 16356 15779 1
13447 17000 16611 15733 1
13248 17172 11367 11368 1
12719 17139 12200 12201 1
655 656 16196 15548 1
13151 13152 15921 7286 1
14403 16223 7261 12953 1
14720 16738 12724 12706 1
15705 8255 8256 8259 1
12685 14157 12350 11986 1
12385 11574 11816 12386 1
15228 12661 15149 12442 1
10656 10657 10658 14134 1
10745 10579 10071 11869 1
10814 12603 11337 10815 1
11612 14709 13221 12597 1
443 16454 7331 442 1
13772 12263 10975 11255 1
7767 11846 15674 7769 1
14808 16368 512 513 1
8478 17030 8481 8480 1
12185 12186 11850 11849 1
8205 8204 16659 15741 1
7632 14745 7631 7630 1
13230 14154 16187 11727 1
11414 11412 11413 14088 1
13707 11349 13708 10160 1
13023 17084 16485 14681 1
12650 15702 8201 10470 1
8320 8323 8322 8321 1
7315 16813 13154 14805 1
13006 16554 13387 12049 1
15503 11161 16369 15924 1
12173 15961 12172 12110 1
425 16378 7211 424 1
13010 16796 16709 12783 1
16226 11982 14470 14469 1
529 530 15879 7232 1
10818 12122 12121 10819 1
14348 12609 11257 12073 1
11986 10920 14328 13832 1
15698 17080 11819 11817 1
7277 16998 13940 16479 1
8673 10818 10819 13202 1
11210 12838 11209 11208 1
10579 10745 15751 11021 1
16243 9446 9448 9462 1
7222 17055 13089 16262 1
14720 16656 7171 14850 1
15845 16447 825 826 1
12627 16364 12432 12434 1
13439 16325 16418 13437 1
13642 11252 11323 12928 1
11871 15900 15632 9916 1
13186 13187 13185 13183 1
8638 17039 7384 7382 1
12151 13240 13464 13881 1
16386 17159 7303 14838 1
7659 10210 7657 7658 1
13131 16460 7228 14602 1
7632 7634 7635 14745 1
11090 10749 10367 11643 1
15693 16271 15985 10633 1
12316 13949 13744 13743 1
13194 13433 13193 10823 1
7264 16701 14831 682 1
16059 8027 8026 13886 1
12254 16598 12967 12182 1
7436 7434 7435 7437 1
15913 17135 12882 11159 1
8060 8057 8059 8061 1
13038 16995 15189 11785 1
12568 15964 14287 12365 1
13242 13243 12041 13209 1
7359 16467 593 594 1
10935 12735 12734 11282 1
7722 7724 7725 13961 1
17093 16573 13202 10819 1
16457 17018 14001 14012 1
12360 16193 14132 12359 1
13377 16545 13376 13079 1
9762 9761 9759 14758 1
10753 10853 11247 14393 1
14350 16301 14400 11489 1
15050 17173 12918 13054 1
13677 16349 808 809 1
16511 13444 13443 14839 1
11072 11073 13923 12825 1
14810 16979 15645 7215 1
14742 16663 12531 12327 1
13049 17045 16618 16262 1
7402 7401 7400 7828 1
14187 15747 16217 13986 1
13382 13383 10371 11335 1
793 794 14836 7265 1
10343 10321 10344 10438 1
16291 7173 581 582 1
13999 16760 12664 11895 1
16944 16510 14745 7635 1
12200 11216 10567 12201 1
8549 16560 8551 8550 1
16133 8626 8642 13802 1
14999 15138 12458 11712 1
14840 7240 552 553 1
14591 16650 14846 7186 1
13322 16270 13325 13323 1
16270 7249 15864 17053 1
9204 16723 10564 10096 1
7766 7767 7768 13850 1
7641 10167 7639 7640 1
13961 17172 7721 7722 1
679 680 14857 7185 1
8673 13202 13798 7743 1
13032 17134 13033 11868 1
7699 17027 14790 7696 1
671 14872 7202 670 1
14534 11112 16670 12791 1
14826 7241 493 494 1
10278 13896 11406 11083 1
7269 16775 14226 16924 1
16571 7262 14830 12208 1
13300 7370 7367 7368 1
15865 16293 640 641 1
16920 16430 12083 10222 1
7581 7582 16562 13493 1
13770 17048 10111 13771 1
12809 16411 12077 12078 1
13363 16657 14814 7235 1
9558 9559 16638 13791 1
12612 16740 14361 12562 1
8482 17004 8485 8484 1
12979 12977 12978 12980 1
10775 16458 15312 10372 1
14800 17023 15961 7319 1
16602 17153 16741 12649 1
12705 16656 14720 12706 1
11004 10776 10373 14418 1
7371 16905 13196 13183 1
746 747 14858 7189 1
7253 824 16447 15729 1
17181 16830 13386 12834 1
7243 16585 474 475 1
11159 12882 11230 11229 1
7181 16436 752 753 1
16029 14471 12600 12598 1
13156 16539 13701 13700 1
10559 10539 13958 15602 1
13709 10645 16487 13582 1
13714 16999 12854 12973 1
7308 17142 13833 16075 1
11345 10761 10966 11377 1
8229 7844 7843 10040 1
17138 13040 15754 15194 1
12366 14359 14175 14156 1
14498 16646 7207 14207 1
14816 7306 16514 17107 1
16541 14525 9680 16507 1
10685 10611 10613 16244 1
8779 15553 8782 8781 1
10123 17096 12905 15441 1
13767 15618 13765 10119 1
12883 12003 12397 14489 1
14852 7191 453 454 1
11052 16498 11902 11790 1
8588 10044 10345 11066 1
715 16756 7309 714 1
16811 12915 15698 8890 1
11968 10281 11969 13553 1
7387 15947 7385 7386 1
7641 16597 10953 10167 1
13039 13041 11537 11996 1
7311 17077 15489 773 1
11143 13157 15458 10742 1
14715 17002 12856 12186 1
8456 15141 8459 8458 1
16329 13224 15909 12897 1
7280 16831 13288 15856 1
11354 13214 13130 13129 1
16434 7301 14832 14245 1
7393 16928 7391 7392 1
11337 16518 12181 11338 1
7357 15665 821 822 1
13152 16831 15854 15921 1
16517 9881 9887 15257 1
12064 12065 13160 14270 1
12948 17007 16744 12947 1
7187 16697 12943 12936 1
13223 16936 13224 7285 1
8325 8322 8324 8326 1
10188 17010 10185 10187 1
13034 15780 8255 15705 1
13298 13299 13436 16143 1
7360 16703 13242 13209 1
669 670 14817 7307 1
533 534 14863 7195 1
661 14830 7262 660 1
10513 16363 10456 9863 1
16832 17005 16287 16361 1
13260 16847 15494 14512 1
12686 15649 15930 16145 1
462 16463 14878 461 1
7362 16201 1332 1331 1
16184 8064 15052 11940 1
7266 16473 440 441 1
15816 16887 8213 7844 1
8627 16607 8614 8624 1
15986 16651 525 526 1
15091 9613 16625 13525 1
12895 17124 12896 12894 1
12022 16403 14638 11275 1
11573 11574 11572 10796 1
11935 10494 11934 11936 1
16599 7307 14817 12849 1
12573 16615 14843 14835 1
11892 16786 7180 13120 1
11098 12851 10197 10198 1
16224 13369 7293 13197 1
8368 8371 8370 8369 1
15495 16554 13006 10237 1
16339 7317 14878 14257 1
14749 17003 9462 14748 1
13101 14210 16514 7306 1
10131 15128 11467 10895 1
14217 12373 12821 14218 1
7192 16513 539 540 1
8152 8151 8150 8153 1
15564 17116 13015 13012 1
10292 8449 15117 12250 1
9788 9789 9787 9785 1
14858 14580 12149 16471 1
14404 16628 14405 12176 1
12728 12729 12727 12725 1
16734 7281 1317 1316 1
14844 16567 579 580 1
10090 17120 13232 13231 1
14841 16485 7310 711 1
13443 16929 7198 14839 1
17056 16458 14126 14125 1
11908 15300 15301 15977 1
7800 16746 8668 7798 1
12333 14653 14652 11166 1
8616 16812 8617 8599 1
7199 438 14848 16310 1
14868 16737 12095 14859 1
14719 16908 12736 12137 1
16911 13028 16666 7218 1
14123 14125 14126 11175 1
12940 12388 14425 14426 1
14815 16665 13101 7306 1
12743 12414 12742 12815 1
13417 16888 13418 11912 1
13646 16658 10923 11319 1
16192 13907 11392 13228 1
13390 7254 15626 11295 1
12880 17163 14422 14421 1
16441 7325 14809 14073 1
17059 7396 8236 13714 1
16988 16793 13094 11240 1
12804 12411 12409 14765 1
15573 10116 8660 8661 1
15664 16722 13163 7355 1
9202 10355 9204 9203 1
799 14809 7325 798 1
13621 16856 13623 13619 1
12938 12077 16411 7214 1
16426 7234 14801 12653 1
1313 1312 7368 7367 1
14551 7573 16483 12949 1
7210 17153 16602 16446 1
16556 12225 11660 14713 1
7228 16460 740 741 1
13603 13007 13006 12049 1
15988 16919 8663 8662 1
14591 16881 12753 12147 1
14468 16588 7327 13279 1
15501 17061 15500 11124 1
14034 16366 14033 12011 1
12567 16678 16067 12512 1
721 16388 14820 720 1
14141 16552 14852 14142 1
12937 15983 7187 12936 1
13043 16834 16247 11187 1
13121 13122 13123 7251 1
515 16692 15912 514 1
7327 16588 699 700 1
7285 16792 13282 13198 1
15677 16742 506 507 1
10067 16812 8628 8659 1
8190 15744 13789 8192 1
13241 16121 16335 8603 1
17133 15956 16687 7283 1
15665 17007 12948 16066 1
13438 13439 13437 7331 1
12930 16960 14687 12932 1
10329 16533 10074 10073 1
8661 8660 8629 16992 1
12778 16867 10857 10202 1
10092 16671 12660 11718 1
15832 16563 13331 16322 1
412 16748 7251 411 1
16210 7326 14819 17060 1
16066 16722 7225 15665 1
774 16538 7311 773 1
16574 7195 14863 12231 1
7312 16627 687 688 1
16029 16848 7328 17158 1
624 625 13472 7223 1
414 16703 7360 413 1
12655 16664 16346 16035 1
13189 16755 17065 13187 1
7213 16631 586 587 1
10170 10080 10078 14024 1
15729 12654 11844 13426 1
7366 7370 13203 16734 1
16661 8442 8441 14594 1
7170 16606 693 694 1
13549 16922 11136 12910 1
7193 16610 736 737 1
16432 410 411 7251 1
16819 17100 12776 16480 1
13154 12238 16428 14805 1
13054 16134 9798 15050 1
11430 16973 13249 13248 1
15251 16745 12696 12697 1
13247 11384 10908 11156 1
13052 16363 17063 15486 1
7329 16773 766 767 1
13677 16808 13650 12866 1
11202 17028 12798 11204 1
7203 16698 571 572 1
16866 12857 13597 13599 1
9866 7569 12138 13807 1
13998 10840 13997 13414 1
11631 11629 14614 15833 1
7362 16198 16199 16201 1
7175 16636 789 790 1
788 16636 14832 787 1
12853 17130 12973 12854 1
14254 14252 16397 14825 1
16322 17053 7358 15832 1
7304 16648 573 574 1
16200 16198 16197 16229 1
12919 16620 12601 12602 1
12100 13414 13413 13155 1
16223 519 520 7261 1
13647 15661 16653 11312 1
17104 7229 16428 13027 1
8474 8477 8476 8475 1
9617 9594 16702 13430 1
14249 16864 11519 14248 1
12883 17082 14669 12003 1
10716 10715 16468 13592 1
14457 16526 14840 16752 1
15792 16701 7264 16910 1
11333 17026 10834 11231 1
14845 16952 14419 7272 1
13045 14157 13827 7318 1
12677 16807 12772 12678 1
13445 16800 13442 13444 1
7276 16672 455 456 1
11889 17173 15050 9793 1
12945 12019 15826 17114 1
10843 17114 15826 16146 1
17101 14701 15882 9788 1
7299 16673 742 743 1
16427 16415 1319 1318 1
16411 12809 17067 14842 1
9620 15770 15272 9621 1
7274 16679 535 536 1
7247 16703 415 416 1
12872 14062 14061 11516 1
13203 13381 12904 16294 1
461 14878 7317 460 1
15922 16716 7216 14875 1
540 541 16365 7192 1
13940 16998 12865 13938 1
14834 16598 12788 16464 1
15900 17008 10353 15632 1
10089 17120 10090 8783 1
12113 12992 16386 14437 1
13664 16729 12748 12885 1
15672 16727 813 814 1
14726 16484 13092 14725 1
15805 17111 12728 12725 1
13974 15450 12332 12331 1
662 16713 14830 661 1
7169 16713 663 664 1
12035 17037 13674 13673 1
12876 17153 13119 12877 1
9792 15973 11889 9793 1
17046 12845 16176 14853 1
12899 16792 16329 12896 1
12020 13125 12807 11937 1
13369 16224 12877 13119 1
7243 16764 14391 13204 1
7172 16838 430 431 1
13071 16983 14656 13068 1
17009 16822 13178 11674 1
7271 16715 748 749 1
418 16569 7356 417 1
14875 7324 16466 12402 1
16400 16909 7185 14857 1
8060 16272 16935 8057 1
16294 16416 16415 16427 1
11962 17073 13477 13476 1
16913 12652 17070 13395 1
16035 16346 15844 13432 1
12817 14681 16485 14841 1
16839 11250 16783 13659 1
13799 16874 10718 10719 1
7244 17119 12728 17111 1
14415 11509 12862 16261 1
8 7375 7282 1339 1
16028 16958 14384 9634 1
14590 16681 12942 11556 1
10028 17174 14451 9671 1
16470 16976 7265 14836 1
7337 672 673 14834 1
644 15832 7358 643 1
14058 15540 12354 12353 1
7376 7375 16203 11082 1
15494 16847 487 488 1
14844 16807 12679 13527 1
11573 17128 11815 11574 1
14753 16763 17098 12792 1
12616 16752 14417 12613 1
13772 17048 13770 12263 1
16338 17177 7188 17109 1
16257 17006 14833 7323 1
13073 16667 14871 16983 1
13086 16622 13085 13084 1
16486 17051 7241 14826 1
16402 647 648 7353 1
14269 16436 7181 13160 1
12806 16486 14826 16681 1
14072 14073 12962 14071 1
16373 17029 13715 8236 1
7344 16764 476 477 1
11109 16731 16465 15599 1
14836 16757 14118 16470 1
13431 16852 15969 16951 1
16676 16536 12261 16925 1
16306 16921 7194 13221 1
7221 17116 16563 15832 1
16332 16952 7339 14861 1
7234 559 560 14801 1
16287 17005 16286 7245 1
16029 17158 14472 14471 1
12866 16998 16349 13677 1
15312 16458 12970 11807 1
13715 16999 13714 8236 1
12777 17061 16993 13020 1
13328 16293 15865 16996 1
12823 16937 16368 14808 1
13922 16757 13021 12735 1
12945 16919 12018 12019 1
16954 16147 11088 11089 1
8595 17102 17031 16145 1
13827 16849 16195 7318 1
14813 16957 754 755 1
17118 12985 17154 12224 1
16464 17089 7337 14834 1
8529 8526 16686 13831 1
17156 12979 15705 8259 1
12873 16743 15489 17077 1
7347 16862 695 696 1
802 17068 16245 801 1
7273 16971 653 654 1
12037 13619 16279 13163 1
486 16847 7316 485 1
13928 16607 17044 13926 1
17171 14828 16403 12954 1
12572 16615 12573 11153 1
16526 17113 7240 14840 1
13198 407 408 7285 1
8530 8528 8529 15128 1
16361 15758 12902 17136 1
7217 16856 13621 16801 1
15758 17090 13641 12902 1
16553 17152 14821 7259 1
652 16971 15659 651 1
7838 16964 7840 7839 1
15941 16886 707 708 1
17083 15898 16900 12907 1
15792 16910 13377 13079 1
15994 14490 16907 7233 1
16471 16967 7189 14858 1
17058 16535 12789 12255 1
16552 17050 7191 14852 1
17049 12851 17106 13100 1
16454 16929 13438 7331 1
16463 17148 14256 14878 1
7201 17006 16014 17012 1
16279 16855 7355 13163 1
17124 12895 17075 12901 1
12073 12352 16390 14348 1
13527 17142 16567 14844 1
14830 16713 12951 12208 1
16290 13844 17028 11201 1
17074 16832 12901 17075 1
16720 13275 17123 12298 1
14039 14038 16400 14857 1
12900 12903 12904 13282 1
11150 12089 16788 16751 1
16507 9677 9676 13314 1
17169 11919 17052 13025 1
14448 16924 14226 14225 1
7324 14875 733 734 1
7182 16989 701 702 1
17099 15680 7223 13472 1
17040 16265 12862 12861 1
606 607 16456 7372 1
13089 11329 13049 16262 1
16365 17159 14197 7192 1
16390 17071 7239 14348 1
11880 10707 11879 11881 1
13918 17055 16467 7359 1
7228 16673 14601 14602 1
12150 17003 16954 11089 1
13226 17033 16698 7203 1
17174 10587 11386 13638 1
7263 16888 13417 16844 1
14863 16679 14510 12231 1
13110 17109 16651 15986 1
14198 16908 16513 7192 1
12899 12896 12898 12900 1
17094 11260 17163 14393 1
13294 17143 10105 11948 1
16551 596 597 15856 1
17134 13032 16953 7248 1
7830 17110 16928 7393 1
17074 17075 16231 16230 1
10040 16964 13599 13597 1
17175 15946 14653 12333 1
16642 7286 602 603 1
17167 16023 16986 10067 1
16618 589 590 16262 1
15986 7302 16918 14659 1
7248 17117 595 596 1
16869 16997 8600 7388 1
17024 16619 7645 7646 1
15729 13426 17020 7253 1
16006 13592 16903 11165 1
16858 17089 16464 12789 1
7298 17185 481 482 1
16176 16883 7256 14853 1
480 17185 16136 479 1
16982 15667 8353 8350 1
11499 16895 12829 11163 1
13091 13092 17017 16435 1
16234 16612 13189 13188 1
13289 16642 7374 7372 1
16397 14255 17148 7178 1
17069 11224 11830 14204 1
16531 8460 8459 14461 1
1366 1365 13431 16951 1
16510 12720 11389 12494 1
7282 7375 7376 7377 1
16629 12660 16956 11181 1
16098 12375 16932 14854 1
13297 17179 16473 7266 1
16873 14802 15964 12568 1
16675 7836 10740 16866 1
7170 694 16862 14369 1
16119 14567 16941 11940 1
12956 12767 12008 12957 1
17051 12672 15944 14811 1
15677 7275 16960 12929 1
16229 16197 1330 1329 1
16978 12025 11446 16955 1
16527 7236 14807 14249 1
16275 7267 468 469 1
514 15912 7258 513 1
15399 14409 16864 7322 1
16958 16028 11854 11090 1
7246 16415 16416 13641 1
15834 7206 16937 14410 1
13123 16936 16432 7251 1
16201 7226 1333 1332 1
7287 15896 16525 13196 1
16980 16258 8489 8486 1
11330 12983 15680 12924 1
1324 16360 7245 1325 1
16403 14828 7183 14638 1
16600 10716 16995 13038 1
17164 13954 16798 11834 1
16062 14877 17113 12766 1
14858 747 16715 14580 1
17170 16433 8151 8152 1
17176 16321 8327 8324 1
14852 454 16672 14142 1
16165 13675 16947 7205 1
17064 12835 17127 12837 1
16684 12408 14665 7184 1
17004 12984 16301 8485 1
12927 11324 13272 16269 1
13022 16935 16272 11998 1
16440 7275 508 509 1
16861 16036 12836 15775 1
16492 11066 17139 12719 1
7301 16434 17126 14804 1
10104 17143 17160 11820 1
16505 10170 14024 12603 1
16294 16427 7281 13203 1
16816 8668 17157 13217 1
17034 7828 17130 15694 1
7203 572 16648 13225 1
17025 13800 17034 12798 1
16271 17147 15501 11124 1
7353 15727 16499 13011 1
14801 7305 16549 12653 1
7359 594 17117 13919 1
8161 8162 17180 14124 1
16573 17093 12827 11350 1
16850 12668 17066 14066 1
14857 7334 16622 14039 1
14856 7197 16740 14417 1
17030 13100 16342 8481 1
10090 13231 17184 8783 1
12903 16416 16294 12904 1
12906 16231 17075 12895 1
16915 12815 15706 7232 1
14822 7171 16656 12942 1
12095 12084 16609 14859 1
1337 1336 7361 16336 1
16437 13249 16973 7717 1
16748 412 413 7360 1
17124 17136 12898 12896 1
16530 12181 16518 10079 1
16665 14815 7230 15450 1
16744 17007 13427 11865 1
741 742 16673 7228 1
16580 441 442 7331 1
17180 8165 9963 14124 1
16977 582 583 7278 1
13259 14502 16520 7316 1
12215 13366 16523 12216 1
16809 15681 12733 13758 1
16716 14493 12216 14870 1
12915 12818 11881 17080 1
16688 14874 7320 13971 1
14876 7269 16924 12828 1
16293 7279 639 640 1
17016 15770 12956 12957 1
475 476 16764 7243 1
17131 13024 15964 7237 1
13641 16416 12903 12902 1
16459 13162 17039 8638 1
534 535 16679 14863 1
16708 13803 13286 7175 1
727 728 16697 7187 1
7351 812 16727 13669 1
473 474 16585 7323 1
11374 11373 16558 13489 1
16692 515 516 7184 1
686 687 16627 7179 1
14014 12653 16549 13002 1
7220 15669 16539 13155 1
7266 441 16580 13299 1
16976 12830 12831 14837 1
17010 13445 13446 10184 1
16711 12554 13201 7193 1
16765 759 760 14876 1
16967 14370 12379 14849 1
14129 16433 17170 8155 1
16569 418 419 7220 1
505 506 16742 7183 1
765 766 16773 7180 1
13369 13119 17149 620 1
14015 13949 16620 7268 1
692 693 16606 7318 1
16800 10188 16455 13441 1
16559 13682 13681 15633 1
15141 15260 17118 12224 1
17042 12542 16216 14803 1
16321 17176 13126 15059 1
619 620 17149 7210 1
13330 16500 16592 15630 1
17141 13797 13796 13477 1
15855 7279 16234 13188 1
13003 13000 13002 16389 1
17089 16858 13905 14872 1
429 430 16838 14015 1
753 754 16957 7181 1
13224 16329 16792 7285 1
7317 16339 16979 14810 1
13087 13000 13003 16501 1
10355 16326 17132 13433 1
700 701 16989 7327 1
12039 13838 16984 13549 1
7234 16426 17023 14800 1
13622 13667 16801 13621 1
17068 802 803 7200 1
7361 16662 16202 16336 1
13810 13682 16559 7211 1
8 1338 16336 7375 1
7345 14827 16523 13366 1
16684 7184 14864 14765 1
706 707 16886 7259 1
13243 7247 13244 13997 1
12958 11464 17122 13294 1
8601 16830 17181 14032 1
16664 12655 12654 15845 1
16852 13431 13432 15844 1
10759 10275 11020 17121 1
13381 13203 7370 13300 1
16200 16230 16231 16198 1
13410 11883 16529 16624 1
17146 16302 13408 13409 1
16951 830 7 1366 1
17055 13918 13915 13089 1
12835 11869 17085 13117 1
17096 10123 7378 12893 1
17092 12098 16318 13043 1
10 407 7368 1311 1
16985 12906 16203 16202 1
17150 12892 16043 7351 1
7373 16177 16905 7371 1

Edges
1252
1 11 2
11 12 2
12 13 2
13 14 2
14 15 2
15 16 2
16 17 2
17 18 2
18 19 2
19 20 2
20 21 2
21 22 2
22 23 2
23 24 2
24 25 2
25 26 2
26 27 2
27 28 2
28 29 2
29 30 2
30 31 2
31 32 2
32 33 2
33 34 2
34 35 2
35 36 2
36 37 2
37 38 2
38 39 2
39 40 2
40 41 2
41 42 2
42 43 2
43 44 2
44 45 2
45 46 2
46 47 2
47 48 2
48 49 2
49 50 2
50 51 2
51 52 2
52 53 2
53 54 2
54 55 2
55 56 2
56 57 2
57 58 2
58 59 2
59 60 2
60 61 2
61 62 2
62 63 2
63 64 2
64 65 2
65 66 2
66 67 2
67 68 2
68 69 2
69 70 2
70 71 2
71 72 2
72 73 2
73 74 2
74 75 2
75 76 2
76 77 2
77 78 2
78 79 2
79 80 2
80 81 2
81 82 2
82 83 2
83 84 2
84 85 2
85 86 2
86 87 2
87 88 2
88 89 2
89 90 2
90 91 2
91 92 2
92 93 2
93 94 2
94 95 2
95 96 2
96 97 2
97 98 2
98 99 2
99 100 2
100 101 2
101 102 2
102 103 2
103 104 2
104 105 2
105 106 2
106 107 2
107 108 2
108 109 2
109 110 2
110 111 2
111 112 2
112 113 2
113 114 2
114 115 2
115 116 2
116 117 2
117 118 2
118 119 2
119 120 2
120 121 2
121 122 2
122 123 2
123 124 2
124 125 2
125 126 2
126 127 2
127 128 2
128 129 2
129 130 2
130 131 2
131 132 2
132 133 2
133 134 2
134 135 2
135 136 2
136 137 2
137 138 2
138 139 2
139 140 2
140 141 2
141 142 2
142 143 2
143 144 2
144 145 2
145 146 2
146 147 2
147 148 2
148 149 2
149 150 2
150 151 2
151 152 2
152 153 2
153 154 2
154 155 2
155 156 2
156 157 2
157 158 2
158 159 2
159 160 2
160 161 2
161 162 2
162 163 2
163 164 2
164 165 2
165 166 2
166 167 2
167 168 2
168 169 2
169 170 2
170 171 2
171 172 2
172 173 2
173 174 2
174 175 2
175 176 2
176 177 2
177 178 2
178 179 2
179 180 2
180 181 2
181 182 2
182 183 2
183 184 2
184 185 2
185 186 2
186 187 2
187 188 2
188 189 2
189 190 2
190 191 2
191 192 2
192 193 2
193 194 2
194 195 2
195 196 2
196 197 2
197 198 2
198 199 2
199 200 2
200 201 2
201 202 2
202 203 2
203 204 2
204 205 2
205 206 2
206 207 2
207 208 2
208 9 2
9 209 2
209 210 2
210 211 2
211 212 2
212 213 2
213 214 2
214 215 2
215 216 2
216 217 2
217 218 2
218 219 2
219 220 2
220 221 2
221 222 2
222 223 2
223 224 2
224 225 2
225 226 2
226 227 2
227 228 2
228 229 2
229 230 2
230 231 2
231 232 2
232 233 2
233 234 2
234 235 2
235 236 2
236 237 2
237 238 2
238 239 2
239 240 2
240 241 2
241 242 2
242 243 2
243 244 2
244 245 2
245 246 2
246 247 2
247 248 2
248 249 2
249 250 2
250 251 2
251 252 2
252 253 2
253 254 2
254 255 2
255 256 2
256 257 2
257 258 2
258 259 2
259 260 2
260 261 2
261 262 2
262 263 2
263 264 2
264 265 2
265 266 2
266 267 2
267 268 2
268 269 2
269 270 2
270 271 2
271 272 2
272 273 2
273 274 2
274 275 2
275 276 2
276 277 2
277 278 2
278 279 2
279 280 2
280 281 2
281 282 2
282 283 2
283 284 2
284 285 2
285 286 2
286 287 2
287 288 2
288 289 2
289 290 2
290 291 2
291 292 2
292 293 2
293 294 2
294 295 2
295 296 2
296 297 2
297 298 2
298 299 2
299 300 2
300 301 2
301 302 2
302 303 2
303 304 2
304 305 2
305 306 2
306 307 2
307 308 2
308 309 2
309 310 2
310 311 2
311 312 2
312 313 2
313 314 2
314 315 2
315 316 2
316 317 2
317 318 2
318 319 2
319 320 2
320 321 2
321 322 2
322 323 2
323 324 2
324 325 2
325 326 2
326 327 2
327 328 2
328 329 2
329 330 2
330 331 2
331 332 2
332 333 2
333 334 2
334 335 2
335 336 2
336 337 2
337 338 2
338 339 2
339 340 2
340 341 2
341 342 2
342 343 2
343 344 2
344 345 2
345 346 2
346 347 2
347 348 2
348 349 2
349 350 2
350 351 2
351 352 2
352 353 2
353 354 2
354 355 2
355 356 2
356 357 2
357 358 2
358 359 2
359 360 2
360 361 2
361 362 2
362 363 2
363 364 2
364 365 2
365 366 2
366 367 2
367 368 2
368 369 2
369 370 2
370 371 2
371 372 2
372 373 2
373 374 2
374 375 2
375 376 2
376 377 2
377 378 2
378 379 2
379 380 2
380 381 2
381 382 2
382 383 2
383 384 2
384 385 2
385 386 2
386 387 2
387 388 2
388 389 2
389 390 2
390 391 2
391 392 2
392 393 2
393 394 2
394 395 2
395 396 2
396 397 2
397 398 2
398 399 2
399 400 2
400 401 2
401 402 2
402 403 2
403 404 2
404 405 2
405 406 2
406 10 2
10 407 2
407 408 2
408 409 2
409 410 2
410 411 2
411 412 2
412 413 2
413 414 2
414 415 2
415 416 2
416 417 2
417 418 2
418 419 2
419 420 2
420 421 2
421 422 2
422 423 2
423 424 2
424 425 2
425 426 2
426 427 2
427 428 2
428 429 2
429 430 2
430 431 2
431 432 2
432 433 2
433 434 2
434 435 2
435 436 2
436 437 2
437 438 2
438 439 2
439 440 2
440 441 2
441 442 2
442 443 2
443 444 2
444 445 2
445 446 2
446 447 2
447 448 2
448 449 2
449 450 2
450 451 2
451 452 2
452 453 2
453 454 2
454 455 2
455 456 2
456 457 2
457 458 2
458 459 2
459 460 2
460 461 2
461 462 2
462 463 2
463 464 2
464 465 2
465 466 2
466 467 2
467 468 2
468 469 2
469 470 2
470 471 2
471 472 2
472 473 2
473 474 2
474 475 2
475 476 2
476 477 2
477 478 2
478 479 2
479 480 2
480 481 2
481 482 2
482 483 2
483 484 2
484 485 2
485 486 2
486 487 2
487 488 2
488 489 2
489 490 2
490 491 2
491 492 2
492 493 2
493 494 2
494 495 2
495 496 2
496 497 2
497 498 2
498 499 2
499 500 2
500 501 2
501 502 2
502 503 2
503 504 2
504 505 2
505 506 2
506 507 2
507 508 2
508 509 2
509 510 2
510 511 2
511 512 2
512 513 2
513 514 2
514 515 2
515 516 2
516 517 2
517 518 2
518 519 2
519 520 2
520 521 2
521 522 2
522 523 2
523 524 2
524 525 2
525 526 2
526 527 2
527 528 2
528 529 2
529 530 2
530 531 2
531 532 2
532 533 2
533 534 2
534 535 2
535 536 2
536 537 2
537 538 2
538 539 2
539 540 2
540 541 2
541 542 2
542 543 2
543 544 2
544 545 2
545 546 2
546 547 2
547 548 2
548 549 2
549 550 2
550 551 2
551 552 2
552 553 2
553 554 2
554 555 2
555 556 2
556 557 2
557 558 2
558 559 2
559 560 2
560 561 2
561 562 2
562 563 2
563 564 2
564 565 2
565 566 2
566 567 2
567 568 2
568 569 2
569 570 2
570 571 2
571 572 2
572 573 2
573 574 2
574 575 2
575 576 2
576 577 2
577 578 2
578 579 2
579 580 2
580 581 2
581 582 2
582 583 2
583 584 2
584 585 2
585 586 2
586 587 2
587 588 2
588 589 2
589 590 2
590 591 2
591 592 2
592 593 2
593 594 2
594 595 2
595 596 2
596 597 2
597 598 2
598 599 2
599 600 2
600 601 2
601 602 2
602 603 2
603 604 2
604 2 2
2 605 3
605 606 3
606 607 3
607 608 3
608 609 3
609 610 3
610 611 3
611 612 3
612 613 3
613 614 3
614 615 3
615 616 3
616 617 3
617 618 3
618 619 3
619 620 3
620 621 3
621 622 3
622 623 3
623 624 3
624 625 3
625 626 3
626 627 3
627 628 3
628 629 3
629 630 3
630 631 3
631 632 3
632 3 3
3 633 4
633 634 4
634 635 4
635 636 4
636 637 4
637 638 4
638 639 4
639 640 4
640 641 4
641 642 4
642 643 4
643 644 4
644 645 4
645 646 4
646 647 4
647 648 4
648 649 4
649 650 4
650 651 4
651 652 4
652 653 4
653 654 4
654 655 4
655 656 4
656 657 4
657 658 4
658 659 4
659 660 4
660 661 4
661 662 4
662 663 4
663 664 4
664 665 4
665 666 4
666 667 4
667 668 4
668 669 4
669 670 4
670 671 4
671 672 4
672 673 4
673 674 4
674 675 4
675 676 4
676 677 4
677 678 4
678 679 4
679 680 4
680 681 4
681 682 4
682 683 4
683 684 4
684 685 4
685 686 4
686 687 4
687 688 4
688 689 4
689 690 4
690 691 4
691 692 4
692 693 4
693 694 4
694 695 4
695 696 4
696 697 4
697 698 4
698 699 4
699 700 4
700 701 4
701 702 4
702 703 4
703 704 4
704 705 4
705 706 4
706 707 4
707 708 4
708 709 4
709 710 4
710 711 4
711 712 4
712 713 4
713 714 4
714 715 4
715 716 4
716 717 4
717 718 4
718 719 4
719 720 4
720 721 4
721 722 4
722 723 4
723 724 4
724 725 4
725 726 4
726 727 4
727 728 4
728 729 4
729 730 4
730 731 4
731 732 4
732 733 4
733 734 4
734 735 4
735 736 4
736 737 4
737 738 4
738 739 4
739 740 4
740 741 4
741 742 4
742 743 4
743 744 4
744 745 4
745 746 4
746 747 4
747 748 4
748 749 4
749 750 4
750 751 4
751 752 4
752 753 4
753 754 4
754 755 4
755 756 4
756 757 4
757 758 4
758 759 4
759 760 4
760 761 4
761 762 4
762 763 4
763 764 4
764 765 4
765 766 4
766 767 4
767 768 4
768 769 4
769 770 4
770 771 4
771 772 4
772 773 4
773 774 4
774 775 4
775 776 4
776 777 4
777 778 4
778 779 4
779 780 4
780 781 4
781 782 4
782 783 4
783 784 4
784 785 4
785 786 4
786 787 4
787 788 4
788 789 4
789 790 4
790 791 4
791 792 4
792 793 4
793 794 4
794 795 4
795 796 4
796 797 4
797 798 4
798 799 4
799 800 4
800 801 4
801 802 4
802 803 4
803 804 4
804 805 4
805 806 4
806 807 4
807 808 4
808 809 4
809 810 4
810 811 4
811 812 4
812 813 4
813 814 4
814 815 4
815 816 4
816 817 4
817 818 4
818 819 4
819 820 4
820 821 4
821 822 4
822 823 4
823 824 4
824 825 4
825 826 4
826 827 4
827 828 4
828 829 4
829 830 4
830 7 4
7 831 4
831 832 4
832 833 4
833 834 4
834 835 4
835 836 4
836 837 4
837 838 4
838 839 4
839 840 4
840 841 4
841 842 4
842 843 4
843 844 4
844 845 4
845 846 4
846 847 4
847 848 4
848 849 4
849 850 4
850 851 4
851 852 4
852 853 4
853 854 4
854 855 4
855 856 4
856 857 4
857 858 4
858 859 4
859 860 4
860 861 4
861 862 4
862 863 4
863 864 4
864 865 4
865 866 4
866 867 4
867 868 4
868 869 4
869 870 4
870 871 4
871 872 4
872 873 4
873 874 4
874 875 4
875 876 4
876 877 4
877 878 4
878 879 4
879 880 4
880 881 4
881 882 4
882 883 4
883 884 4
884 885 4
885 886 4
886 887 4
887 888 4
888 889 4
889 890 4
890 891 4
891 892 4
892 893 4
893 894 4
894 895 4
895 896 4
896 897 4
897 898 4
898 899 4
899 900 4
900 901 4
901 902 4
902 903 4
903 904 4
904 905 4
905 906 4
906 907 4
907 908 4
908 909 4
909 910 4
910 911 4
911 912 4
912 913 4
913 914 4
914 915 4
915 916 4
916 917 4
917 918 4
918 919 4
919 920 4
920 921 4
921 922 4
922 923 4
923 924 4
924 925 4
925 926 4
926 927 4
927 928 4
928 929 4
929 930 4
930 931 4
931 932 4
932 933 4
933 934 4
934 935 4
935 936 4
936 937 4
937 938 4
938 939 4
939 940 4
940 941 4
941 942 4
942 943 4
943 944 4
944 945 4
945 946 4
946 947 4
947 948 4
948 949 4
949 950 4
950 951 4
951 952 4
952 953 4
953 954 4
954 955 4
955 956 4
956 957 4
957 958 4
958 959 4
959 960 4
960 961 4
961 962 4
962 963 4
963 964 4
964 965 4
965 966 4
966 967 4
967 968 4
968 969 4
969 970 4
970 971 4
971 972 4
972 973 4
973 974 4
974 975 4
975 976 4
976 977 4
977 978 4
978 979 4
979 980 4
980 981 4
981 982 4
982 983 4
983 984 4
984 985 4
985 986 4
986 987 4
987 988 4
988 989 4
989 990 4
990 991 4
991 992 4
992 993 4
993 994 4
994 995 4
995 996 4
996 997 4
997 998 4
998 999 4
999 1000 4
1000 1001 4
1001 1002 4
1002 1003 4
1003 1004 4
1004 1005 4
1005 1006 4
1006 1007 4
1007 1008 4
1008 1009 4
1009 1010 4
1010 1011 4
1011 1012 4
1012 1013 4
1013 1014 4
1014 1015 4
1015 1016 4
1016 1017 4
1017 1018 4
1018 1019 4
1019 1020 4
1020 1021 4
1021 1022 4
1022 1023 4
1023 1024 4
1024 1025 4
1025 1026 4
1026 1027 4
1027 1028 4
1028 5 4
5 1029 4
1029 1030 4
1030 1031 4
1031 1032 4
1032 1033 4
1033 1034 4
1034 1035 4
1035 1036 4
1036 1037 4
1037 1038 4
1038 1039 4
1039 1040 4
1040 1041 4
1041 1042 4
1042 1043 4
1043 1044 4
1044 1045 4
1045 1046 4
1046 1047 4
1047 1048 4
1048 1049 4
1049 1050 4
1050 1051 4
1051 1052 4
1052 1053 4
1053 1054 4
1054 1055 4
1055 1056 4
1056 1057 4
1057 1058 4
1058 1059 4
1059 1060 4
1060 1061 4
1061 1062 4
1062 1063 4
1063 1064 4
1064 1065 4
1065 1066 4
1066 1067 4
1067 1068 4
1068 1069 4
1069 1070 4
1070 1071 4
1071 1072 4
1072 1073 4
1073 1074 4
1074 1075 4
1075 1076 4
1076 1077 4
1077 1078 4
1078 1079 4
1079 1080 4
1080 1081 4
1081 1082 4
1082 1083 4
1083 1084 4
1084 1085 4
1085 1086 4
1086 1087 4
1087 1088 4
1088 1089 4
1089 1090 4
1090 1091 4
1091 1092 4
1092 1093 4
1093 1094 4
1094 1095 4
1095 1096 4
1096 1097 4
1097 1098 4
1098 1099 4
1099 1100 4
1100 1101 4
1101 1102 4
1102 1103 4
1103 1104 4
1104 1105 4
1105 1106 4
1106 1107 4
1107 1108 4
1108 1109 4
1109 1110 4
1110 1111 4
1111 1112 4
1112 1113 4
1113 1114 4
1114 1115 4
1115 1116 4
1116 1117 4
1117 1118 4
1118 1119 4
1119 1120 4
1120 1121 4
1121 1122 4
1122 1123 4
1123 1124 4
1124 1125 4
1125 1126 4
1126 1127 4
1127 1128 4
1128 1129 4
1129 1130 4
1130 1131 4
1131 1132 4
1132 1133 4
1133 1134 4
1134 1135 4
1135 1136 4
1136 1137 4
1137 1138 4
1138 1139 4
1139 1140 4
1140 1141 4
1141 1142 4
1142 1143 4
1143 1144 4
1144 1145 4
1145 1146 4
1146 1147 4
1147 1148 4
1148 1149 4
1149 1150 4
1150 1151 4
1151 1152 4
1152 1153 4
1153 1154 4
1154 1155 4
1155 1156 4
1156 1157 4
1157 1158 4
1158 1159 4
1159 1160 4
1160 1161 4
1161 1162 4
1162 1163 4
1163 1164 4
1164 1165 4
1165 1166 4
1166 1167 4
1167 1168 4
1168 1169 4
1169 1170 4
1170 1171 4
1171 1172 4
1172 1173 4
1173 1174 4
1174 1175 4
1175 1176 4
1176 1177 4
1177 1178 4
1178 1179 4
1179 1180 4
1180 1181 4
1181 1182 4
1182 1183 4
1183 1184 4
1184 1185 4
1185 1186 4
1186 1187 4
1187 1188 4
1188 1189 4
1189 1190 4
1190 1191 4
1191 1192 4
1192 1193 4
1193 1194 4
1194 1195 4
1195 1196 4
1196 1197 4
1197 1198 4
1198 1199 4
1199 1200 4
1200 1201 4
1201 1202 4
1202 1203 4
1203 1204 4
1204 1205 4
1205 1206 4
1206 1207 4
1207 1208 4
1208 1209 4
1209 1210 4
1210 1211 4
1211 1212 4
1212 1213 4
1213 1214 4
1214 1215 4
1215 1216 4
1216 1217 4
1217 1218 4
1218 1219 4
1219 1220 4
1220 1221 4
1221 1222 4
1222 1223 4
1223 1224 4
1224 1225 4
1225 1226 4
1226 4 4
4 1227 5
1227 1228 5
1228 1229 5
1229 1230 5
1230 1231 5
1231 1232 5
1232 1233 5
1233 1234 5
1234 1235 5
1235 1236 5
1236 1237 5
1237 1238 5
1238 1239 5
1239 1240 5
1240 1241 5
1241 1242 5
1242 1243 5
1243 1244 5
1244 1245 5
1245 1246 5
1246 1247 5
1247 1248 5
1248 1249 5
1249 1250 5
1250 1251 5
1251 1252 5
1252 1253 5
1253 1254 5
1254 1 5

End
