MeshVersionFormatted 1

Dimension
2

Vertices
6000
0 0 0
0.43973837948 0 0
0.43973837948 0.035 0
0 0.035 0
0.00220974060039781 0 0
0.00441948120079568 0 0
0.00662922180119362 0 0
0.00883896240159165 0 0
0.0110487030019896 0 0
0.0132584436023875 0 0
0.0154681842027849 0 0
0.0176779248031823 0 0
0.0198876654035795 0 0
0.0220974060039766 0 0
0.0243071466043739 0 0
0.0265168872047715 0 0
0.0287266278051696 0 0
0.0309363684055681 0 0
0.033146109005967 0 0
0.0353558496063659 0 0
0.0375655902067648 0 0
0.0397753308071637 0 0
0.0419850714075626 0 0
0.0441948120079616 0 0
0.0464045526083605 0 0
0.0486142932087592 0 0
0.0508240338091573 0 0
0.0530337744095547 0 0
0.0552435150099518 0 0
0.0574532556103481 0 0
0.0596629962107439 0 0
0.0618727368111393 0 0
0.0640824774115347 0 0
0.0662922180119302 0 0
0.0685019586123256 0 0
0.0707116992127211 0 0
0.0729214398131165 0 0
0.0751311804135119 0 0
0.0773409210139074 0 0
0.0795506616143028 0 0
0.0817604022146982 0 0
0.0839701428150937 0 0
0.0861798834154891 0 0
0.0883896240158845 0 0
0.09059936461628 0 0
0.0928091052166754 0 0
0.0950188458170708 0 0
0.0972285864174663 0 0
0.0994383270178617 0 0
0.101648067618257 0 0
0.103857808218653 0 0
0.106067548819048 0 0
0.108277289419444 0 0
0.110487030019839 0 0
0.112696770620234 0 0
0.11490651122063 0 0
0.117116251821025 0 0
0.119325992421421 0 0
0.121535733021816 0 0
0.123745473622211 0 0
0.125955214222607 0 0
0.128164954823002 0 0
0.130374695423398 0 0
0.132584436023793 0 0
0.134794176624189 0 0
0.137003917224584 0 0
0.139213657824979 0 0
0.141423398425375 0 0
0.14363313902577 0 0
0.145842879626166 0 0
0.148052620226561 0 0
0.150262360826956 0 0
0.152472101427352 0 0
0.154681842027747 0 0
0.156891582628143 0 0
0.159101323228538 0 0
0.161311063828934 0 0
0.163520804429329 0 0
0.165730545029725 0 0
0.16794028563012 0 0
0.170150026230515 0 0
0.172359766830911 0 0
0.174569507431306 0 0
0.176779248031702 0 0
0.178988988632097 0 0
0.181198729232493 0 0
0.183408469832888 0 0
0.185618210433283 0 0
0.187827951033679 0 0
0.190037691634074 0 0
0.19224743223447 0 0
0.194457172834865 0 0
0.19666691343526 0 0
0.198876654035656 0 0
0.201086394636051 0 0
0.203296135236447 0 0
0.205505875836842 0 0
0.207715616437238 0 0
0.209925357037633 0 0
0.212135097638029 0 0
0.214344838238424 0 0
0.21655457883882 0 0
0.218764319439219 0 0
0.220974060039621 0 0
0.223183800640027 0 0
0.225393541240436 0 0
0.227603281840845 0 0
0.229813022441255 0 0
0.232022763041664 0 0
0.234232503642072 0 0
0.236442244242478 0 0
0.238651984842884 0 0
0.240861725443291 0 0
0.2430714660437 0 0
0.24528120664411 0 0
0.247490947244519 0 0
0.249700687844925 0 0
0.251910428445329 0 0
0.254120169045731 0 0
0.25632990964614 0 0
0.258539650246553 0 0
0.260749390846969 0 0
0.262959131447379 0 0
0.265168872047787 0 0
0.267378612648189 0 0
0.269588353248597 0 0
0.271798093849006 0 0
0.274007834449415 0 0
0.27621757504982 0 0
0.278427315650223 0 0
0.280637056250633 0 0
0.282846796851042 0 0
0.285056537451451 0 0
0.287266278051854 0 0
0.289476018652259 0 0
0.291685759252669 0 0
0.293895499853078 0 0
0.296105240453485 0 0
0.298314981053888 0 0
0.300524721654296 0 0
0.302734462254706 0 0
0.304944202855123 0 0
0.307153943455534 0 0
0.309363684055943 0 0
0.311573424656346 0 0
0.313783165256752 0 0
0.315992905857161 0 0
0.318202646457571 0 0
0.320412387057977 0 0
0.322622127658379 0 0
0.324831868258788 0 0
0.327041608859197 0 0
0.329251349459607 0 0
0.331461090060011 0 0
0.333670830660415 0 0
0.335880571260824 0 0
0.338090311861238 0 0
0.340300052461654 0 0
0.342509793062063 0 0
0.344719533662469 0 0
0.346929274262871 0 0
0.34913901486328 0 0
0.35134875546369 0 0
0.353558496064099 0 0
0.355768236664502 0 0
0.357977977264907 0 0
0.360187717865316 0 0
0.362397458465726 0 0
0.364607199066134 0 0
0.366816939666536 0 0
0.369026680266943 0 0
0.371236420867352 0 0
0.373446161467762 0 0
0.375655902068168 0 0
0.37786564266857 0 0
0.380075383268979 0 0
0.382285123869392 0 0
0.384494864469808 0 0
0.386704605070218 0 0
0.388914345670625 0 0
0.391124086271028 0 0
0.393333826871435 0 0
0.395543567471845 0 0
0.397753308072254 0 0
0.399963048672659 0 0
0.402172789273062 0 0
0.404382529873472 0 0
0.406592270473881 0 0
0.40880201107429 0 0
0.411011751674693 0 0
0.413221492275098 0 0
0.415431232875508 0 0
0.417640973475923 0 0
0.419850714076337 0 0
0.422060454676747 0 0
0.42427019527715 0 0
0.426479935877555 0 0
0.428689676477964 0 0
0.430899417078373 0 0
0.433109157678782 0 0
0.435318898279184 0 0
0.437528638879591 0 0
0.43973837948 0.00120689655172186 0
0.43973837948 0.00241379310344366 0
0.43973837948 0.00362068965516635 0
0.43973837948 0.00482758620688834 0
0.43973837948 0.00603448275860883 0
0.43973837948 0.00724137931032932 0
0.43973837948 0.00844827586204949 0
0.43973837948 0.00965517241377024 0
0.43973837948 0.0108620689654906 0
0.43973837948 0.0120689655172111 0
0.43973837948 0.0132758620689317 0
0.43973837948 0.0144827586206519 0
0.43973837948 0.0156896551723728 0
0.43973837948 0.0168965517240938 0
0.43973837948 0.0181034482758168 0
0.43973837948 0.0193103448275436 0
0.43973837948 0.020517241379271 0
0.43973837948 0.0217241379309984 0
0.43973837948 0.0229310344827252 0
0.43973837948 0.0241379310344528 0
0.43973837948 0.02534482758618 0
0.43973837948 0.0265517241379068 0
0.43973837948 0.0277586206896341 0
0.43973837948 0.0289655172413616 0
0.43973837948 0.0301724137930885 0
0.43973837948 0.0313793103448168 0
0.43973837948 0.0325862068965444 0
0.43973837948 0.0337931034482729 0
0.437528638879605 0.035 0
0.435318898279206 0.035 0
0.433109157678803 0.035 0
0.430899417078407 0.035 0
0.428689676478011 0.035 0
0.426479935877616 0.035 0
0.424270195277215 0.035 0
0.422060454676814 0.035 0
0.419850714076419 0.035 0
0.417640973476028 0.035 0
0.415431232875638 0.035 0
0.413221492275243 0.035 0
0.411011751674843 0.035 0
0.408802011074441 0.035 0
0.406592270474046 0.035 0
0.40438252987365 0.035 0
0.402172789273254 0.035 0
0.399963048672853 0.035 0
0.397753308072453 0.035 0
0.395543567472057 0.035 0
0.393333826871662 0.035 0
0.391124086271264 0.035 0
0.388914345670862 0.035 0
0.386704605070464 0.035 0
0.384494864470069 0.035 0
0.382285123869681 0.035 0
0.380075383269288 0.035 0
0.377865642668893 0.035 0
0.37565590206849 0.035 0
0.373446161468091 0.035 0
0.371236420867695 0.035 0
0.3690266802673 0.035 0
0.366816939666902 0.035 0
0.364607199066499 0.035 0
0.362397458466102 0.035 0
0.360187717865707 0.035 0
0.357977977265311 0.035 0
0.355768236664911 0.035 0
0.35355849606451 0.035 0
0.351348755464114 0.035 0
0.349139014863719 0.035 0
0.346929274263323 0.035 0
0.34471953366292 0.035 0
0.342509793062521 0.035 0
0.340300052462126 0.035 0
0.33809031186173 0.035 0
0.335880571261332 0.035 0
0.33367083066093 0.035 0
0.331461090060533 0.035 0
0.329251349460139 0.035 0
0.32704160885975 0.035 0
0.324831868259362 0.035 0
0.322622127658973 0.035 0
0.320412387058585 0.035 0
0.318202646458196 0.035 0
0.315992905857808 0.035 0
0.313783165257419 0.035 0
0.31157342465703 0.035 0
0.309363684056642 0.035 0
0.307153943456247 0.035 0
0.304944202855851 0.035 0
0.302734462255456 0.035 0
0.30052472165506 0.035 0
0.298314981054663 0.035 0
0.296105240454261 0.035 0
0.293895499853863 0.035 0
0.291685759253468 0.035 0
0.289476018653072 0.035 0
0.287266278052672 0.035 0
0.28505653745227 0.035 0
0.282846796851875 0.035 0
0.280637056251479 0.035 0
0.278427315651083 0.035 0
0.276217575050682 0.035 0
0.274007834450282 0.035 0
0.271798093849886 0.035 0
0.269588353249491 0.035 0
0.267378612649093 0.035 0
0.265168872048691 0.035 0
0.262959131448293 0.035 0
0.260749390847898 0.035 0
0.258539650247502 0.035 0
0.256329909647107 0.035 0
0.254120169046711 0.035 0
0.251910428446323 0.035 0
0.249700687845933 0.035 0
0.247490947245541 0.035 0
0.245281206645145 0.035 0
0.24307146604475 0.035 0
0.240861725444354 0.035 0
0.238651984843959 0.035 0
0.236442244243563 0.035 0
0.234232503643168 0.035 0
0.232022763042772 0.035 0
0.229813022442377 0.035 0
0.227603281841981 0.035 0
0.225393541241586 0.035 0
0.22318380064119 0.035 0
0.220974060040791 0.035 0
0.218764319440388 0.035 0
0.216554578839982 0.035 0
0.214344838239573 0.035 0
0.212135097639164 0.035 0
0.209925357038754 0.035 0
0.207715616438345 0.035 0
0.205505875837936 0.035 0
0.20329613523753 0.035 0
0.201086394637124 0.035 0
0.198876654036718 0.035 0
0.196666913436308 0.035 0
0.194457172835899 0.035 0
0.192247432235489 0.035 0
0.190037691635083 0.035 0
0.187827951034679 0.035 0
0.185618210434277 0.035 0
0.183408469833867 0.035 0
0.181198729233455 0.035 0
0.178988988633039 0.035 0
0.176779248032628 0.035 0
0.174569507432221 0.035 0
0.172359766831818 0.035 0
0.170150026231411 0.035 0
0.167940285631001 0.035 0
0.165730545030592 0.035 0
0.163520804430187 0.035 0
0.161311063829784 0.035 0
0.159101323229374 0.035 0
0.156891582628965 0.035 0
0.154681842028555 0.035 0
0.152472101428152 0.035 0
0.150262360827747 0.035 0
0.148052620227338 0.035 0
0.145842879626928 0.035 0
0.143633139026521 0.035 0
0.141423398426118 0.035 0
0.13921365782571 0.035 0
0.1370039172253 0.035 0
0.134794176624883 0.035 0
0.132584436024471 0.035 0
0.130374695424062 0.035 0
0.12816495482366 0.035 0
0.125955214223254 0.035 0
0.123745473622844 0.035 0
0.121535733022435 0.035 0
0.119325992422028 0.035 0
0.117116251821625 0.035 0
0.114906511221217 0.035 0
0.112696770620808 0.035 0
0.110487030020398 0.035 0
0.108277289419994 0.035 0
0.10606754881959 0.035 0
0.10385780821918 0.035 0
0.101648067618767 0.035 0
0.0994383270183507 0.035 0
0.0972285864179412 0.035 0
0.0950188458175355 0.035 0
0.0928091052171329 0.035 0
0.0905993646167236 0.035 0
0.0883896240163141 0.035 0
0.0861798834159047 0.035 0
0.0839701428155012 0.035 0
0.0817604022150965 0.035 0
0.0795506616146871 0.035 0
0.0773409210142776 0.035 0
0.0751311804138695 0.035 0
0.072921439813467 0.035 0
0.07071169921306 0.035 0
0.0685019586126505 0.035 0
0.0662922180122411 0.035 0
0.0640824774118353 0.035 0
0.0618727368114328 0.035 0
0.0596629962110234 0.035 0
0.057453255610611 0.035 0
0.0552435150101945 0.035 0
0.0530337744097841 0.035 0
0.050824033809377 0.035 0
0.0486142932089744 0.035 0
0.0464045526085666 0.035 0
0.0441948120081571 0.035 0
0.0419850714077476 0.035 0
0.0397753308073427 0.035 0
0.0375655902069394 0.035 0
0.03535584960653 0.035 0
0.0331461090061205 0.035 0
0.030936368405711 0.035 0
0.0287266278053085 0.035 0
0.0265168872049029 0.035 0
0.0243071466044935 0.035 0
0.0220974060040778 0.035 0
0.0198876654036637 0.035 0
0.0176779248032542 0.035 0
0.0154681842028501 0.035 0
0.0132584436024461 0.035 0
0.0110487030020366 0.035 0
0.00883896240162707 0.035 0
0.00662922180121839 0.035 0
0.00441948120081592 0.035 0
0.00220974060040952 0.035 0
0 0.0337931034482783 0
0 0.0325862068965578 0
0 0.0313793103448347 0
0 0.0301724137931121 0
0 0.0289655172413926 0
0 0.0277586206896725 0
0 0.026551724137951 0
0 0.02534482758623 0
0 0.0241379310345108 0
0 0.0229310344827887 0
0 0.0217241379310688 0
0 0.0205172413793497 0
0 0.0193103448276276 0
0 0.0181034482759068 0
0 0.0168965517241837 0
0 0.0156896551724569 0
0 0.0144827586207294 0
0 0.013275862069002 0
0 0.0120689655172752 0
0 0.0108620689655476 0
0 0.00965517241382031 0
0 0.00844827586209347 0
0 0.00724137931036609 0
0 0.00603448275863864 0
0 0.00482758620691162 0
0 0.00362068965518338 0
0 0.00241379310345571 0
0 0.00120689655172717 0
0.00220974060039821 0.00120689655172714 0
0.00220974060039862 0.00241379310345565 0
0.00220974060039902 0.00362068965518329 0
0.00220974060039942 0.0048275862069115 0
0.00220974060039983 0.00603448275863849 0
0.00220974060040023 0.0072413793103659 0
0.00220974060040064 0.00844827586209325 0
0.00220974060040104 0.00965517241382006 0
0.00220974060040144 0.0108620689655473 0
0.00220974060040185 0.0120689655172749 0
0.00220974060040225 0.0132758620690016 0
0.00220974060040265 0.014482758620729 0
0.00220974060040306 0.0156896551724565 0
0.00220974060040346 0.0168965517241832 0
0.00220974060040387 0.0181034482759063 0
0.00220974060040427 0.0193103448276272 0
0.00220974060040467 0.0205172413793493 0
0.00220974060040508 0.0217241379310685 0
0.00220974060040548 0.0229310344827884 0
0.00220974060040588 0.0241379310345105 0
0.00220974060040629 0.0253448275862298 0
0.00220974060040669 0.0265517241379508 0
0.00220974060040709 0.0277586206896723 0
0.0022097406004075 0.0289655172413924 0
0.0022097406004079 0.0301724137931119 0
0.00220974060040831 0.0313793103448346 0
0.00220974060040871 0.0325862068965578 0
0.00220974060040911 0.0337931034482782 0
0.00441948120079637 0.00120689655172712 0
0.00441948120079707 0.00241379310345558 0
0.00441948120079777 0.0036206896551832 0
0.00441948120079847 0.00482758620691139 0
0.00441948120079917 0.00603448275863834 0
0.00441948120079987 0.00724137931036572 0
0.00441948120080056 0.00844827586209303 0
0.00441948120080126 0.00965517241381981 0
0.00441948120080196 0.010862068965547 0
0.00441948120080266 0.0120689655172746 0
0.00441948120080336 0.0132758620690013 0
0.00441948120080405 0.0144827586207287 0
0.00441948120080475 0.0156896551724561 0
0.00441948120080545 0.0168965517241828 0
0.00441948120080615 0.0181034482759059 0
0.00441948120080685 0.0193103448276267 0
0.00441948120080754 0.020517241379349 0
0.00441948120080824 0.0217241379310681 0
0.00441948120080894 0.0229310344827881 0
0.00441948120080964 0.0241379310345102 0
0.00441948120081034 0.0253448275862295 0
0.00441948120081104 0.0265517241379506 0
0.00441948120081173 0.0277586206896721 0
0.00441948120081243 0.0289655172413922 0
0.00441948120081313 0.0301724137931118 0
0.00441948120081383 0.0313793103448345 0
0.00441948120081453 0.0325862068965577 0
0.00441948120081522 0.0337931034482782 0
0.00662922180119447 0.00120689655172709 0
0.00662922180119532 0.00241379310345552 0
0.00662922180119618 0.00362068965518312 0
0.00662922180119703 0.00482758620691127 0
0.00662922180119789 0.00603448275863819 0
0.00662922180119874 0.00724137931036553 0
0.00662922180119959 0.00844827586209281 0
0.00662922180120045 0.00965517241381956 0
0.0066292218012013 0.0108620689655467 0
0.00662922180120216 0.0120689655172743 0
0.00662922180120301 0.0132758620690009 0
0.00662922180120387 0.0144827586207283 0
0.00662922180120472 0.0156896551724556 0
0.00662922180120558 0.0168965517241823 0
0.00662922180120643 0.0181034482759054 0
0.00662922180120728 0.0193103448276263 0
0.00662922180120814 0.0205172413793486 0
0.00662922180120899 0.0217241379310678 0
0.00662922180120984 0.0229310344827878 0
0.0066292218012107 0.0241379310345099 0
0.00662922180121155 0.0253448275862293 0
0.00662922180121241 0.0265517241379504 0
0.00662922180121326 0.0277586206896719 0
0.00662922180121412 0.0289655172413921 0
0.00662922180121497 0.0301724137931117 0
0.00662922180121583 0.0313793103448345 0
0.00662922180121668 0.0325862068965576 0
0.00662922180121753 0.0337931034482781 0
0.00883896240159287 0.00120689655172706 0
0.00883896240159409 0.00241379310345546 0
0.00883896240159531 0.00362068965518303 0
0.00883896240159654 0.00482758620691115 0
0.00883896240159775 0.00603448275863803 0
0.00883896240159898 0.00724137931036535 0
0.0088389624016002 0.00844827586209258 0
0.00883896240160142 0.0096551724138193 0
0.00883896240160264 0.0108620689655464 0
0.00883896240160386 0.0120689655172739 0
0.00883896240160508 0.0132758620690006 0
0.00883896240160631 0.0144827586207279 0
0.00883896240160753 0.0156896551724552 0
0.00883896240160875 0.0168965517241819 0
0.00883896240160997 0.018103448275905 0
0.00883896240161119 0.0193103448276259 0
0.00883896240161242 0.0205172413793482 0
0.00883896240161363 0.0217241379310674 0
0.00883896240161486 0.0229310344827874 0
0.00883896240161608 0.0241379310345096 0
0.0088389624016173 0.025344827586229 0
0.00883896240161852 0.0265517241379501 0
0.00883896240161974 0.0277586206896717 0
0.00883896240162096 0.028965517241392 0
0.00883896240162219 0.0301724137931116 0
0.00883896240162341 0.0313793103448344 0
0.00883896240162463 0.0325862068965576 0
0.00883896240162585 0.0337931034482781 0
0.0110487030019912 0.00120689655172704 0
0.0110487030019929 0.0024137931034554 0
0.0110487030019945 0.00362068965518295 0
0.0110487030019961 0.00482758620691104 0
0.0110487030019977 0.00603448275863789 0
0.0110487030019993 0.00724137931036516 0
0.0110487030020009 0.00844827586209237 0
0.0110487030020026 0.00965517241381905 0
0.0110487030020042 0.0108620689655462 0
0.0110487030020058 0.0120689655172736 0
0.0110487030020074 0.0132758620690002 0
0.011048703002009 0.0144827586207275 0
0.0110487030020107 0.0156896551724548 0
0.0110487030020123 0.0168965517241814 0
0.0110487030020139 0.0181034482759045 0
0.0110487030020155 0.0193103448276255 0
0.0110487030020172 0.0205172413793478 0
0.0110487030020188 0.021724137931067 0
0.0110487030020204 0.0229310344827871 0
0.011048703002022 0.0241379310345093 0
0.0110487030020236 0.0253448275862287 0
0.0110487030020252 0.0265517241379499 0
0.0110487030020269 0.0277586206896715 0
0.0110487030020285 0.0289655172413918 0
0.0110487030020301 0.0301724137931115 0
0.0110487030020317 0.0313793103448343 0
0.0110487030020333 0.0325862068965575 0
0.011048703002035 0.0337931034482781 0
0.0132584436023895 0.00120689655172701 0
0.0132584436023915 0.00241379310345534 0
0.0132584436023935 0.00362068965518286 0
0.0132584436023955 0.00482758620691092 0
0.0132584436023976 0.00603448275863773 0
0.0132584436023996 0.00724137931036498 0
0.0132584436024016 0.00844827586209214 0
0.0132584436024036 0.0096551724138188 0
0.0132584436024057 0.0108620689655459 0
0.0132584436024077 0.0120689655172733 0
0.0132584436024097 0.0132758620689999 0
0.0132584436024117 0.0144827586207271 0
0.0132584436024137 0.0156896551724544 0
0.0132584436024158 0.016896551724181 0
0.0132584436024178 0.0181034482759041 0
0.0132584436024198 0.019310344827625 0
0.0132584436024218 0.0205172413793474 0
0.0132584436024239 0.0217241379310667 0
0.0132584436024259 0.0229310344827868 0
0.0132584436024279 0.024137931034509 0
0.0132584436024299 0.0253448275862285 0
0.0132584436024319 0.0265517241379497 0
0.013258443602434 0.0277586206896713 0
0.013258443602436 0.0289655172413916 0
0.013258443602438 0.0301724137931113 0
0.01325844360244 0.0313793103448342 0
0.0132584436024421 0.0325862068965574 0
0.0132584436024441 0.0337931034482781 0
0.0154681842027872 0.00120689655172698 0
0.0154681842027894 0.00241379310345528 0
0.0154681842027917 0.00362068965518278 0
0.0154681842027939 0.0048275862069108 0
0.0154681842027962 0.00603448275863759 0
0.0154681842027984 0.00724137931036479 0
0.0154681842028007 0.00844827586209193 0
0.0154681842028029 0.00965517241381855 0
0.0154681842028052 0.0108620689655456 0
0.0154681842028074 0.012068965517273 0
0.0154681842028096 0.0132758620689995 0
0.0154681842028119 0.0144827586207267 0
0.0154681842028141 0.0156896551724539 0
0.0154681842028164 0.0168965517241805 0
0.0154681842028186 0.0181034482759036 0
0.0154681842028209 0.0193103448276246 0
0.0154681842028231 0.020517241379347 0
0.0154681842028254 0.0217241379310663 0
0.0154681842028276 0.0229310344827865 0
0.0154681842028299 0.0241379310345087 0
0.0154681842028321 0.0253448275862283 0
0.0154681842028343 0.0265517241379495 0
0.0154681842028366 0.0277586206896711 0
0.0154681842028388 0.0289655172413915 0
0.0154681842028411 0.0301724137931112 0
0.0154681842028433 0.0313793103448341 0
0.0154681842028456 0.0325862068965573 0
0.0154681842028478 0.033793103448278 0
0.0176779248031848 0.00120689655172696 0
0.0176779248031872 0.00241379310345522 0
0.0176779248031897 0.00362068965518269 0
0.0176779248031922 0.00482758620691069 0
0.0176779248031947 0.00603448275863744 0
0.0176779248031972 0.00724137931036461 0
0.0176779248031996 0.0084482758620917 0
0.0176779248032021 0.00965517241381829 0
0.0176779248032046 0.0108620689655453 0
0.0176779248032071 0.0120689655172726 0
0.0176779248032096 0.0132758620689992 0
0.017677924803212 0.0144827586207263 0
0.0176779248032145 0.0156896551724535 0
0.017677924803217 0.0168965517241801 0
0.0176779248032195 0.0181034482759032 0
0.017677924803222 0.0193103448276242 0
0.0176779248032244 0.0205172413793466 0
0.0176779248032269 0.021724137931066 0
0.0176779248032294 0.0229310344827862 0
0.0176779248032319 0.0241379310345084 0
0.0176779248032344 0.025344827586228 0
0.0176779248032368 0.0265517241379492 0
0.0176779248032393 0.027758620689671 0
0.0176779248032418 0.0289655172413913 0
0.0176779248032443 0.0301724137931111 0
0.0176779248032468 0.031379310344834 0
0.0176779248032492 0.0325862068965573 0
0.0176779248032517 0.033793103448278 0
0.0198876654035824 0.00120689655172693 0
0.0198876654035853 0.00241379310345516 0
0.0198876654035882 0.00362068965518261 0
0.0198876654035911 0.00482758620691057 0
0.019887665403594 0.00603448275863728 0
0.0198876654035969 0.00724137931036443 0
0.0198876654035998 0.00844827586209148 0
0.0198876654036027 0.00965517241381805 0
0.0198876654036056 0.010862068965545 0
0.0198876654036085 0.0120689655172723 0
0.0198876654036114 0.0132758620689988 0
0.0198876654036143 0.0144827586207259 0
0.0198876654036172 0.0156896551724531 0
0.0198876654036201 0.0168965517241796 0
0.019887665403623 0.0181034482759027 0
0.0198876654036259 0.0193103448276238 0
0.0198876654036288 0.0205172413793462 0
0.0198876654036317 0.0217241379310656 0
0.0198876654036346 0.0229310344827858 0
0.0198876654036375 0.0241379310345082 0
0.0198876654036404 0.0253448275862278 0
0.0198876654036433 0.026551724137949 0
0.0198876654036462 0.0277586206896708 0
0.0198876654036491 0.0289655172413912 0
0.0198876654036521 0.030172413793111 0
0.0198876654036549 0.0313793103448339 0
0.0198876654036578 0.0325862068965572 0
0.0198876654036607 0.033793103448278 0
0.0220974060039801 0.0012068965517269 0
0.0220974060039836 0.0024137931034551 0
0.0220974060039871 0.00362068965518252 0
0.0220974060039906 0.00482758620691045 0
0.0220974060039941 0.00603448275863714 0
0.0220974060039976 0.00724137931036424 0
0.0220974060040011 0.00844827586209126 0
0.0220974060040046 0.0096551724138178 0
0.022097406004008 0.0108620689655447 0
0.0220974060040115 0.012068965517272 0
0.022097406004015 0.0132758620689985 0
0.0220974060040185 0.0144827586207255 0
0.022097406004022 0.0156896551724527 0
0.0220974060040255 0.0168965517241792 0
0.022097406004029 0.0181034482759023 0
0.0220974060040325 0.0193103448276234 0
0.022097406004036 0.0205172413793458 0
0.0220974060040394 0.0217241379310653 0
0.0220974060040429 0.0229310344827855 0
0.0220974060040464 0.0241379310345079 0
0.0220974060040499 0.0253448275862275 0
0.0220974060040534 0.0265517241379488 0
0.0220974060040569 0.0277586206896706 0
0.0220974060040604 0.028965517241391 0
0.0220974060040639 0.0301724137931109 0
0.0220974060040674 0.0313793103448338 0
0.0220974060040709 0.0325862068965571 0
0.0220974060040743 0.0337931034482779 0
0.024307146604378 0.00120689655172688 0
0.0243071466043821 0.00241379310345504 0
0.0243071466043862 0.00362068965518243 0
0.0243071466043903 0.00482758620691033 0
0.0243071466043945 0.00603448275863699 0
0.0243071466043986 0.00724137931036405 0
0.0243071466044027 0.00844827586209104 0
0.0243071466044068 0.00965517241381754 0
0.024307146604411 0.0108620689655444 0
0.0243071466044151 0.0120689655172717 0
0.0243071466044192 0.0132758620689981 0
0.0243071466044233 0.0144827586207251 0
0.0243071466044275 0.0156896551724523 0
0.0243071466044316 0.0168965517241787 0
0.0243071466044357 0.0181034482759018 0
0.0243071466044398 0.0193103448276229 0
0.024307146604444 0.0205172413793454 0
0.0243071466044481 0.0217241379310649 0
0.0243071466044522 0.0229310344827852 0
0.0243071466044563 0.0241379310345076 0
0.0243071466044605 0.0253448275862273 0
0.0243071466044646 0.0265517241379486 0
0.0243071466044687 0.0277586206896704 0
0.0243071466044728 0.0289655172413909 0
0.024307146604477 0.0301724137931108 0
0.0243071466044811 0.0313793103448337 0
0.0243071466044852 0.0325862068965571 0
0.0243071466044893 0.0337931034482779 0
0.026516887204776 0.00120689655172685 0
0.0265168872047805 0.00241379310345498 0
0.0265168872047851 0.00362068965518235 0
0.0265168872047896 0.00482758620691022 0
0.0265168872047941 0.00603448275863684 0
0.0265168872047986 0.00724137931036387 0
0.0265168872048032 0.00844827586209082 0
0.0265168872048077 0.00965517241381729 0
0.0265168872048122 0.0108620689655441 0
0.0265168872048168 0.0120689655172714 0
0.0265168872048213 0.0132758620689978 0
0.0265168872048259 0.0144827586207247 0
0.0265168872048304 0.0156896551724518 0
0.0265168872048349 0.0168965517241783 0
0.0265168872048395 0.0181034482759014 0
0.026516887204844 0.0193103448276225 0
0.0265168872048485 0.020517241379345 0
0.0265168872048531 0.0217241379310646 0
0.0265168872048576 0.0229310344827849 0
0.0265168872048621 0.0241379310345073 0
0.0265168872048667 0.025344827586227 0
0.0265168872048712 0.0265517241379483 0
0.0265168872048757 0.0277586206896702 0
0.0265168872048803 0.0289655172413907 0
0.0265168872048848 0.0301724137931106 0
0.0265168872048893 0.0313793103448336 0
0.0265168872048939 0.032586206896557 0
0.0265168872048984 0.0337931034482779 0
0.0287266278051743 0.00120689655172682 0
0.0287266278051792 0.00241379310345492 0
0.0287266278051839 0.00362068965518226 0
0.0287266278051887 0.0048275862069101 0
0.0287266278051935 0.00603448275863669 0
0.0287266278051983 0.00724137931036369 0
0.0287266278052031 0.0084482758620906 0
0.0287266278052079 0.00965517241381704 0
0.0287266278052127 0.0108620689655439 0
0.0287266278052175 0.012068965517271 0
0.0287266278052223 0.0132758620689974 0
0.0287266278052271 0.0144827586207244 0
0.0287266278052318 0.0156896551724514 0
0.0287266278052366 0.0168965517241778 0
0.0287266278052414 0.0181034482759009 0
0.0287266278052462 0.0193103448276221 0
0.028726627805251 0.0205172413793446 0
0.0287266278052558 0.0217241379310642 0
0.0287266278052606 0.0229310344827846 0
0.0287266278052654 0.024137931034507 0
0.0287266278052702 0.0253448275862267 0
0.0287266278052749 0.0265517241379481 0
0.0287266278052798 0.02775862068967 0
0.0287266278052845 0.0289655172413905 0
0.0287266278052893 0.0301724137931105 0
0.0287266278052941 0.0313793103448335 0
0.0287266278052989 0.032586206896557 0
0.0287266278053037 0.0337931034482779 0
0.030936368405573 0.0012068965517268 0
0.0309363684055779 0.00241379310345486 0
0.0309363684055828 0.00362068965518218 0
0.0309363684055878 0.00482758620690998 0
0.0309363684055927 0.00603448275863654 0
0.0309363684055976 0.0072413793103635 0
0.0309363684056026 0.00844827586209038 0
0.0309363684056075 0.00965517241381679 0
0.0309363684056124 0.0108620689655436 0
0.0309363684056173 0.0120689655172707 0
0.0309363684056223 0.0132758620689971 0
0.0309363684056272 0.014482758620724 0
0.0309363684056321 0.015689655172451 0
0.0309363684056371 0.0168965517241774 0
0.030936368405642 0.0181034482759005 0
0.0309363684056469 0.0193103448276217 0
0.0309363684056519 0.0205172413793442 0
0.0309363684056568 0.0217241379310639 0
0.0309363684056617 0.0229310344827842 0
0.0309363684056666 0.0241379310345067 0
0.0309363684056716 0.0253448275862265 0
0.0309363684056765 0.0265517241379479 0
0.0309363684056814 0.0277586206896698 0
0.0309363684056864 0.0289655172413904 0
0.0309363684056913 0.0301724137931104 0
0.0309363684056962 0.0313793103448334 0
0.0309363684057011 0.0325862068965569 0
0.0309363684057061 0.0337931034482778 0
0.0331461090059723 0.00120689655172677 0
0.0331461090059776 0.0024137931034548 0
0.0331461090059829 0.00362068965518209 0
0.0331461090059881 0.00482758620690987 0
0.0331461090059935 0.00603448275863639 0
0.0331461090059988 0.00724137931036332 0
0.033146109006004 0.00844827586209016 0
0.0331461090060093 0.00965517241381654 0
0.0331461090060146 0.0108620689655433 0
0.0331461090060199 0.0120689655172704 0
0.0331461090060252 0.0132758620689967 0
0.0331461090060305 0.0144827586207236 0
0.0331461090060358 0.0156896551724506 0
0.0331461090060411 0.0168965517241769 0
0.0331461090060464 0.0181034482759 0
0.0331461090060517 0.0193103448276212 0
0.033146109006057 0.0205172413793438 0
0.0331461090060623 0.0217241379310635 0
0.0331461090060676 0.0229310344827839 0
0.0331461090060729 0.0241379310345064 0
0.0331461090060782 0.0253448275862262 0
0.0331461090060835 0.0265517241379477 0
0.0331461090060887 0.0277586206896696 0
0.0331461090060941 0.0289655172413902 0
0.0331461090060993 0.0301724137931103 0
0.0331461090061046 0.0313793103448334 0
0.0331461090061099 0.0325862068965568 0
0.0331461090061152 0.0337931034482778 0
0.0353558496063716 0.00120689655172674 0
0.0353558496063772 0.00241379310345474 0
0.0353558496063829 0.00362068965518201 0
0.0353558496063885 0.00482758620690975 0
0.0353558496063942 0.00603448275863624 0
0.0353558496063998 0.00724137931036313 0
0.0353558496064055 0.00844827586208993 0
0.0353558496064112 0.00965517241381628 0
0.0353558496064168 0.010862068965543 0
0.0353558496064225 0.0120689655172701 0
0.0353558496064281 0.0132758620689963 0
0.0353558496064338 0.0144827586207232 0
0.0353558496064395 0.0156896551724501 0
0.0353558496064451 0.0168965517241765 0
0.0353558496064508 0.0181034482758996 0
0.0353558496064564 0.0193103448276208 0
0.0353558496064621 0.0205172413793434 0
0.0353558496064678 0.0217241379310632 0
0.0353558496064734 0.0229310344827836 0
0.0353558496064791 0.0241379310345061 0
0.0353558496064847 0.025344827586226 0
0.0353558496064904 0.0265517241379475 0
0.035355849606496 0.0277586206896694 0
0.0353558496065017 0.0289655172413901 0
0.0353558496065074 0.0301724137931102 0
0.035355849606513 0.0313793103448333 0
0.0353558496065187 0.0325862068965567 0
0.0353558496065243 0.0337931034482778 0
0.0375655902067709 0.00120689655172672 0
0.0375655902067769 0.00241379310345468 0
0.0375655902067829 0.00362068965518192 0
0.0375655902067889 0.00482758620690963 0
0.0375655902067949 0.00603448275863609 0
0.0375655902068009 0.00724137931036295 0
0.037565590206807 0.00844827586208971 0
0.037565590206813 0.00965517241381603 0
0.037565590206819 0.0108620689655427 0
0.037565590206825 0.0120689655172698 0
0.037565590206831 0.013275862068996 0
0.0375655902068371 0.0144827586207228 0
0.0375655902068431 0.0156896551724497 0
0.0375655902068491 0.016896551724176 0
0.0375655902068551 0.0181034482758991 0
0.0375655902068612 0.0193103448276204 0
0.0375655902068672 0.020517241379343 0
0.0375655902068732 0.0217241379310628 0
0.0375655902068792 0.0229310344827833 0
0.0375655902068852 0.0241379310345058 0
0.0375655902068913 0.0253448275862257 0
0.0375655902068973 0.0265517241379472 0
0.0375655902069033 0.0277586206896692 0
0.0375655902069093 0.0289655172413899 0
0.0375655902069154 0.03017241379311 0
0.0375655902069214 0.0313793103448332 0
0.0375655902069274 0.0325862068965567 0
0.0375655902069334 0.0337931034482778 0
0.0397753308071699 0.00120689655172669 0
0.0397753308071761 0.00241379310345462 0
0.0397753308071822 0.00362068965518183 0
0.0397753308071884 0.00482758620690951 0
0.0397753308071946 0.00603448275863594 0
0.0397753308072007 0.00724137931036276 0
0.0397753308072069 0.00844827586208949 0
0.0397753308072131 0.00965517241381578 0
0.0397753308072193 0.0108620689655424 0
0.0397753308072255 0.0120689655172694 0
0.0397753308072316 0.0132758620689956 0
0.0397753308072378 0.0144827586207224 0
0.0397753308072439 0.0156896551724493 0
0.0397753308072501 0.0168965517241755 0
0.0397753308072563 0.0181034482758986 0
0.0397753308072625 0.01931034482762 0
0.0397753308072686 0.0205172413793426 0
0.0397753308072748 0.0217241379310624 0
0.039775330807281 0.022931034482783 0
0.0397753308072872 0.0241379310345055 0
0.0397753308072933 0.0253448275862255 0
0.0397753308072995 0.026551724137947 0
0.0397753308073057 0.027758620689669 0
0.0397753308073118 0.0289655172413898 0
0.039775330807318 0.0301724137931099 0
0.0397753308073242 0.0313793103448331 0
0.0397753308073304 0.0325862068965566 0
0.0397753308073365 0.0337931034482778 0
0.041985071407569 0.00120689655172666 0
0.0419850714075754 0.00241379310345456 0
0.0419850714075818 0.00362068965518175 0
0.0419850714075882 0.0048275862069094 0
0.0419850714075946 0.00603448275863579 0
0.0419850714076009 0.00724137931036258 0
0.0419850714076073 0.00844827586208927 0
0.0419850714076137 0.00965517241381553 0
0.0419850714076201 0.0108620689655421 0
0.0419850714076265 0.0120689655172691 0
0.0419850714076328 0.0132758620689953 0
0.0419850714076392 0.014482758620722 0
0.0419850714076456 0.0156896551724489 0
0.041985071407652 0.0168965517241751 0
0.0419850714076583 0.0181034482758982 0
0.0419850714076647 0.0193103448276196 0
0.0419850714076711 0.0205172413793422 0
0.0419850714076775 0.0217241379310621 0
0.0419850714076839 0.0229310344827826 0
0.0419850714076902 0.0241379310345052 0
0.0419850714076966 0.0253448275862252 0
0.041985071407703 0.0265517241379468 0
0.0419850714077094 0.0277586206896688 0
0.0419850714077158 0.0289655172413896 0
0.0419850714077221 0.0301724137931098 0
0.0419850714077285 0.031379310344833 0
0.0419850714077349 0.0325862068965565 0
0.0419850714077413 0.0337931034482777 0
0.0441948120079683 0.00120689655172664 0
0.0441948120079751 0.00241379310345449 0
0.0441948120079818 0.00362068965518166 0
0.0441948120079885 0.00482758620690928 0
0.0441948120079953 0.00603448275863564 0
0.044194812008002 0.00724137931036239 0
0.0441948120080088 0.00844827586208905 0
0.0441948120080155 0.00965517241381528 0
0.0441948120080223 0.0108620689655419 0
0.044194812008029 0.0120689655172688 0
0.0441948120080358 0.0132758620689949 0
0.0441948120080425 0.0144827586207216 0
0.0441948120080492 0.0156896551724485 0
0.044194812008056 0.0168965517241747 0
0.0441948120080627 0.0181034482758978 0
0.0441948120080695 0.0193103448276191 0
0.0441948120080762 0.0205172413793418 0
0.0441948120080829 0.0217241379310617 0
0.0441948120080897 0.0229310344827823 0
0.0441948120080964 0.0241379310345049 0
0.0441948120081032 0.025344827586225 0
0.0441948120081099 0.0265517241379466 0
0.0441948120081167 0.0277586206896686 0
0.0441948120081234 0.0289655172413894 0
0.0441948120081301 0.0301724137931097 0
0.0441948120081369 0.0313793103448329 0
0.0441948120081436 0.0325862068965565 0
0.0441948120081504 0.0337931034482777 0
0.0464045526083676 0.00120689655172661 0
0.0464045526083747 0.00241379310345444 0
0.0464045526083818 0.00362068965518158 0
0.0464045526083889 0.00482758620690916 0
0.046404552608396 0.00603448275863549 0
0.0464045526084031 0.00724137931036221 0
0.0464045526084102 0.00844827586208883 0
0.0464045526084173 0.00965517241381503 0
0.0464045526084244 0.0108620689655416 0
0.0464045526084316 0.0120689655172685 0
0.0464045526084386 0.0132758620689946 0
0.0464045526084458 0.0144827586207213 0
0.0464045526084529 0.015689655172448 0
0.04640455260846 0.0168965517241742 0
0.0464045526084671 0.0181034482758973 0
0.0464045526084742 0.0193103448276187 0
0.0464045526084813 0.0205172413793414 0
0.0464045526084884 0.0217241379310614 0
0.0464045526084955 0.022931034482782 0
0.0464045526085026 0.0241379310345047 0
0.0464045526085097 0.0253448275862247 0
0.0464045526085168 0.0265517241379464 0
0.0464045526085239 0.0277586206896684 0
0.046404552608531 0.0289655172413893 0
0.0464045526085382 0.0301724137931096 0
0.0464045526085453 0.0313793103448328 0
0.0464045526085524 0.0325862068965564 0
0.0464045526085595 0.0337931034482777 0
0.0486142932087666 0.00120689655172658 0
0.048614293208774 0.00241379310345437 0
0.0486142932087815 0.00362068965518149 0
0.0486142932087889 0.00482758620690905 0
0.0486142932087963 0.00603448275863534 0
0.0486142932088037 0.00724137931036202 0
0.0486142932088111 0.00844827586208861 0
0.0486142932088186 0.00965517241381478 0
0.048614293208826 0.0108620689655413 0
0.0486142932088334 0.0120689655172681 0
0.0486142932088408 0.0132758620689942 0
0.0486142932088482 0.0144827586207209 0
0.0486142932088557 0.0156896551724476 0
0.0486142932088631 0.0168965517241737 0
0.0486142932088705 0.0181034482758969 0
0.0486142932088779 0.0193103448276183 0
0.0486142932088853 0.020517241379341 0
0.0486142932088928 0.021724137931061 0
0.0486142932089002 0.0229310344827817 0
0.0486142932089076 0.0241379310345044 0
0.048614293208915 0.0253448275862245 0
0.0486142932089224 0.0265517241379461 0
0.0486142932089299 0.0277586206896683 0
0.0486142932089373 0.0289655172413891 0
0.0486142932089447 0.0301724137931095 0
0.0486142932089521 0.0313793103448327 0
0.0486142932089595 0.0325862068965563 0
0.048614293208967 0.0337931034482776 0
0.0508240338091648 0.00120689655172656 0
0.0508240338091724 0.00241379310345431 0
0.05082403380918 0.00362068965518141 0
0.0508240338091876 0.00482758620690893 0
0.0508240338091952 0.00603448275863519 0
0.0508240338092027 0.00724137931036184 0
0.0508240338092103 0.00844827586208839 0
0.0508240338092179 0.00965517241381452 0
0.0508240338092254 0.010862068965541 0
0.050824033809233 0.0120689655172678 0
0.0508240338092406 0.0132758620689939 0
0.0508240338092482 0.0144827586207205 0
0.0508240338092557 0.0156896551724472 0
0.0508240338092633 0.0168965517241733 0
0.0508240338092709 0.0181034482758964 0
0.0508240338092785 0.0193103448276179 0
0.050824033809286 0.0205172413793406 0
0.0508240338092936 0.0217241379310607 0
0.0508240338093012 0.0229310344827814 0
0.0508240338093088 0.0241379310345041 0
0.0508240338093163 0.0253448275862242 0
0.0508240338093239 0.0265517241379459 0
0.0508240338093315 0.0277586206896681 0
0.0508240338093391 0.028965517241389 0
0.0508240338093467 0.0301724137931093 0
0.0508240338093542 0.0313793103448326 0
0.0508240338093618 0.0325862068965563 0
0.0508240338093694 0.0337931034482776 0
0.0530337744095626 0.00120689655172653 0
0.0530337744095705 0.00241379310345425 0
0.0530337744095785 0.00362068965518132 0
0.0530337744095864 0.00482758620690881 0
0.0530337744095943 0.00603448275863504 0
0.0530337744096022 0.00724137931036165 0
0.0530337744096101 0.00844827586208816 0
0.053033774409618 0.00965517241381427 0
0.0530337744096259 0.0108620689655407 0
0.0530337744096338 0.0120689655172675 0
0.0530337744096417 0.0132758620689935 0
0.0530337744096496 0.0144827586207201 0
0.0530337744096576 0.0156896551724468 0
0.0530337744096655 0.0168965517241728 0
0.0530337744096734 0.0181034482758959 0
0.0530337744096813 0.0193103448276175 0
0.0530337744096892 0.0205172413793402 0
0.0530337744096971 0.0217241379310603 0
0.053033774409705 0.0229310344827811 0
0.0530337744097129 0.0241379310345038 0
0.0530337744097209 0.025344827586224 0
0.0530337744097288 0.0265517241379457 0
0.0530337744097367 0.0277586206896679 0
0.0530337744097446 0.0289655172413888 0
0.0530337744097525 0.0301724137931092 0
0.0530337744097604 0.0313793103448326 0
0.0530337744097683 0.0325862068965562 0
0.0530337744097762 0.0337931034482776 0
0.0552435150099601 0.0012068965517265 0
0.0552435150099685 0.00241379310345419 0
0.0552435150099769 0.00362068965518124 0
0.0552435150099852 0.00482758620690869 0
0.0552435150099936 0.00603448275863489 0
0.055243515010002 0.00724137931036147 0
0.0552435150100104 0.00844827586208794 0
0.0552435150100187 0.00965517241381402 0
0.0552435150100271 0.0108620689655404 0
0.0552435150100355 0.0120689655172672 0
0.0552435150100438 0.0132758620689932 0
0.0552435150100522 0.0144827586207197 0
0.0552435150100606 0.0156896551724463 0
0.055243515010069 0.0168965517241724 0
0.0552435150100773 0.0181034482758955 0
0.0552435150100857 0.019310344827617 0
0.0552435150100941 0.0205172413793398 0
0.0552435150101024 0.02172413793106 0
0.0552435150101108 0.0229310344827807 0
0.0552435150101192 0.0241379310345035 0
0.0552435150101276 0.0253448275862237 0
0.0552435150101359 0.0265517241379455 0
0.0552435150101443 0.0277586206896677 0
0.0552435150101527 0.0289655172413887 0
0.055243515010161 0.0301724137931091 0
0.0552435150101694 0.0313793103448324 0
0.0552435150101778 0.0325862068965561 0
0.0552435150101862 0.0337931034482776 0
0.0574532556103571 0.00120689655172648 0
0.0574532556103662 0.00241379310345413 0
0.0574532556103753 0.00362068965518115 0
0.0574532556103843 0.00482758620690858 0
0.0574532556103934 0.00603448275863474 0
0.0574532556104025 0.00724137931036128 0
0.0574532556104115 0.00844827586208772 0
0.0574532556104206 0.00965517241381377 0
0.0574532556104297 0.0108620689655401 0
0.0574532556104387 0.0120689655172669 0
0.0574532556104478 0.0132758620689928 0
0.0574532556104569 0.0144827586207193 0
0.0574532556104659 0.0156896551724459 0
0.057453255610475 0.0168965517241719 0
0.057453255610484 0.018103448275895 0
0.0574532556104931 0.0193103448276166 0
0.0574532556105022 0.0205172413793395 0
0.0574532556105113 0.0217241379310596 0
0.0574532556105203 0.0229310344827804 0
0.0574532556105294 0.0241379310345032 0
0.0574532556105384 0.0253448275862235 0
0.0574532556105475 0.0265517241379452 0
0.0574532556105566 0.0277586206896675 0
0.0574532556105657 0.0289655172413885 0
0.0574532556105747 0.030172413793109 0
0.0574532556105838 0.0313793103448324 0
0.0574532556105929 0.0325862068965561 0
0.0574532556106019 0.0337931034482775 0
0.0596629962107535 0.00120689655172645 0
0.0596629962107632 0.00241379310345407 0
0.0596629962107728 0.00362068965518107 0
0.0596629962107824 0.00482758620690846 0
0.0596629962107921 0.00603448275863459 0
0.0596629962108017 0.0072413793103611 0
0.0596629962108114 0.0084482758620875 0
0.059662996210821 0.00965517241381352 0
0.0596629962108306 0.0108620689655399 0
0.0596629962108403 0.0120689655172665 0
0.0596629962108499 0.0132758620689925 0
0.0596629962108595 0.0144827586207189 0
0.0596629962108692 0.0156896551724455 0
0.0596629962108788 0.0168965517241715 0
0.0596629962108885 0.0181034482758946 0
0.0596629962108981 0.0193103448276162 0
0.0596629962109078 0.020517241379339 0
0.0596629962109174 0.0217241379310593 0
0.059662996210927 0.0229310344827801 0
0.0596629962109366 0.0241379310345029 0
0.0596629962109463 0.0253448275862232 0
0.0596629962109559 0.026551724137945 0
0.0596629962109656 0.0277586206896673 0
0.0596629962109752 0.0289655172413884 0
0.0596629962109849 0.0301724137931089 0
0.0596629962109945 0.0313793103448323 0
0.0596629962110041 0.032586206896556 0
0.0596629962110137 0.0337931034482775 0
0.0618727368111495 0.00120689655172642 0
0.0618727368111596 0.00241379310345401 0
0.0618727368111697 0.00362068965518098 0
0.0618727368111798 0.00482758620690834 0
0.0618727368111899 0.00603448275863444 0
0.0618727368112 0.00724137931036091 0
0.0618727368112102 0.00844827586208728 0
0.0618727368112203 0.00965517241381326 0
0.0618727368112304 0.0108620689655396 0
0.0618727368112405 0.0120689655172662 0
0.0618727368112506 0.0132758620689921 0
0.0618727368112608 0.0144827586207185 0
0.0618727368112709 0.0156896551724451 0
0.061872736811281 0.016896551724171 0
0.0618727368112911 0.0181034482758941 0
0.0618727368113012 0.0193103448276158 0
0.0618727368113114 0.0205172413793387 0
0.0618727368113215 0.0217241379310589 0
0.0618727368113316 0.0229310344827798 0
0.0618727368113417 0.0241379310345026 0
0.0618727368113518 0.025344827586223 0
0.061872736811362 0.0265517241379448 0
0.0618727368113721 0.0277586206896671 0
0.0618727368113822 0.0289655172413882 0
0.0618727368113923 0.0301724137931088 0
0.0618727368114024 0.0313793103448322 0
0.0618727368114126 0.0325862068965559 0
0.0618727368114227 0.0337931034482775 0
0.0640824774115451 0.0012068965517264 0
0.0640824774115555 0.00241379310345395 0
0.0640824774115658 0.00362068965518089 0
0.0640824774115762 0.00482758620690823 0
0.0640824774115866 0.00603448275863429 0
0.0640824774115969 0.00724137931036073 0
0.0640824774116073 0.00844827586208706 0
0.0640824774116177 0.00965517241381301 0
0.064082477411628 0.0108620689655393 0
0.0640824774116384 0.0120689655172659 0
0.0640824774116487 0.0132758620689917 0
0.0640824774116591 0.0144827586207181 0
0.0640824774116695 0.0156896551724446 0
0.0640824774116799 0.0168965517241706 0
0.0640824774116902 0.0181034482758937 0
0.0640824774117006 0.0193103448276154 0
0.0640824774117109 0.0205172413793383 0
0.0640824774117213 0.0217241379310586 0
0.0640824774117317 0.0229310344827795 0
0.064082477411742 0.0241379310345023 0
0.0640824774117524 0.0253448275862227 0
0.0640824774117628 0.0265517241379446 0
0.0640824774117731 0.0277586206896669 0
0.0640824774117835 0.0289655172413881 0
0.0640824774117938 0.0301724137931086 0
0.0640824774118042 0.0313793103448321 0
0.0640824774118146 0.0325862068965559 0
0.064082477411825 0.0337931034482774 0
0.0662922180119409 0.00120689655172637 0
0.0662922180119516 0.00241379310345389 0
0.0662922180119623 0.00362068965518081 0
0.0662922180119731 0.00482758620690811 0
0.0662922180119838 0.00603448275863414 0
0.0662922180119945 0.00724137931036054 0
0.0662922180120052 0.00844827586208684 0
0.0662922180120159 0.00965517241381276 0
0.0662922180120267 0.010862068965539 0
0.0662922180120374 0.0120689655172656 0
0.0662922180120481 0.0132758620689914 0
0.0662922180120588 0.0144827586207177 0
0.0662922180120696 0.0156896551724442 0
0.0662922180120803 0.0168965517241701 0
0.066292218012091 0.0181034482758932 0
0.0662922180121017 0.0193103448276149 0
0.0662922180121124 0.0205172413793379 0
0.0662922180121231 0.0217241379310582 0
0.0662922180121339 0.0229310344827791 0
0.0662922180121446 0.024137931034502 0
0.0662922180121553 0.0253448275862225 0
0.066292218012166 0.0265517241379443 0
0.0662922180121767 0.0277586206896667 0
0.0662922180121874 0.0289655172413879 0
0.0662922180121982 0.0301724137931085 0
0.0662922180122089 0.031379310344832 0
0.0662922180122196 0.0325862068965558 0
0.0662922180122303 0.0337931034482774 0
0.0685019586123368 0.00120689655172634 0
0.068501958612348 0.00241379310345383 0
0.0685019586123592 0.00362068965518072 0
0.0685019586123704 0.00482758620690799 0
0.0685019586123816 0.00603448275863399 0
0.0685019586123928 0.00724137931036036 0
0.068501958612404 0.00844827586208662 0
0.0685019586124152 0.00965517241381251 0
0.0685019586124264 0.0108620689655387 0
0.0685019586124377 0.0120689655172652 0
0.0685019586124488 0.013275862068991 0
0.0685019586124601 0.0144827586207173 0
0.0685019586124713 0.0156896551724438 0
0.0685019586124825 0.0168965517241697 0
0.0685019586124936 0.0181034482758928 0
0.0685019586125049 0.0193103448276145 0
0.0685019586125161 0.0205172413793375 0
0.0685019586125273 0.0217241379310578 0
0.0685019586125385 0.0229310344827788 0
0.0685019586125497 0.0241379310345017 0
0.0685019586125609 0.0253448275862222 0
0.0685019586125721 0.0265517241379441 0
0.0685019586125833 0.0277586206896665 0
0.0685019586125945 0.0289655172413877 0
0.0685019586126057 0.0301724137931084 0
0.0685019586126169 0.0313793103448319 0
0.0685019586126281 0.0325862068965557 0
0.0685019586126393 0.0337931034482774 0
0.0707116992127328 0.00120689655172632 0
0.0707116992127444 0.00241379310345377 0
0.0707116992127561 0.00362068965518064 0
0.0707116992127678 0.00482758620690788 0
0.0707116992127795 0.00603448275863384 0
0.0707116992127912 0.00724137931036018 0
0.0707116992128029 0.0084482758620864 0
0.0707116992128146 0.00965517241381226 0
0.0707116992128263 0.0108620689655384 0
0.0707116992128379 0.0120689655172649 0
0.0707116992128496 0.0132758620689907 0
0.0707116992128613 0.014482758620717 0
0.070711699212873 0.0156896551724434 0
0.0707116992128847 0.0168965517241692 0
0.0707116992128964 0.0181034482758923 0
0.0707116992129081 0.0193103448276141 0
0.0707116992129198 0.0205172413793371 0
0.0707116992129315 0.0217241379310575 0
0.0707116992129431 0.0229310344827785 0
0.0707116992129548 0.0241379310345014 0
0.0707116992129665 0.025344827586222 0
0.0707116992129782 0.0265517241379439 0
0.0707116992129899 0.0277586206896663 0
0.0707116992130016 0.0289655172413876 0
0.0707116992130133 0.0301724137931083 0
0.070711699213025 0.0313793103448318 0
0.0707116992130367 0.0325862068965556 0
0.0707116992130483 0.0337931034482774 0
0.0729214398131286 0.00120689655172629 0
0.0729214398131407 0.00241379310345371 0
0.0729214398131528 0.00362068965518055 0
0.0729214398131648 0.00482758620690776 0
0.0729214398131769 0.00603448275863369 0
0.072921439813189 0.00724137931035999 0
0.0729214398132011 0.00844827586208618 0
0.0729214398132132 0.00965517241381201 0
0.0729214398132253 0.0108620689655381 0
0.0729214398132374 0.0120689655172646 0
0.0729214398132495 0.0132758620689903 0
0.0729214398132615 0.0144827586207166 0
0.0729214398132736 0.015689655172443 0
0.0729214398132857 0.0168965517241688 0
0.0729214398132978 0.0181034482758919 0
0.0729214398133099 0.0193103448276137 0
0.072921439813322 0.0205172413793367 0
0.0729214398133341 0.0217241379310571 0
0.0729214398133462 0.0229310344827782 0
0.0729214398133583 0.0241379310345011 0
0.0729214398133703 0.0253448275862217 0
0.0729214398133824 0.0265517241379437 0
0.0729214398133945 0.0277586206896661 0
0.0729214398134066 0.0289655172413874 0
0.0729214398134187 0.0301724137931082 0
0.0729214398134308 0.0313793103448317 0
0.0729214398134429 0.0325862068965556 0
0.072921439813455 0.0337931034482773 0
0.0751311804135243 0.00120689655172626 0
0.0751311804135366 0.00241379310345365 0
0.0751311804135489 0.00362068965518046 0
0.0751311804135613 0.00482758620690764 0
0.0751311804135736 0.00603448275863354 0
0.0751311804135859 0.0072413793103598 0
0.0751311804135982 0.00844827586208595 0
0.0751311804136106 0.00965517241381175 0
0.0751311804136229 0.0108620689655378 0
0.0751311804136352 0.0120689655172643 0
0.0751311804136476 0.01327586206899 0
0.0751311804136599 0.0144827586207162 0
0.0751311804136722 0.0156896551724425 0
0.0751311804136846 0.0168965517241683 0
0.0751311804136969 0.0181034482758914 0
0.0751311804137093 0.0193103448276132 0
0.0751311804137216 0.0205172413793363 0
0.0751311804137339 0.0217241379310568 0
0.0751311804137462 0.0229310344827779 0
0.0751311804137585 0.0241379310345009 0
0.0751311804137709 0.0253448275862215 0
0.0751311804137832 0.0265517241379435 0
0.0751311804137955 0.0277586206896659 0
0.0751311804138079 0.0289655172413873 0
0.0751311804138202 0.030172413793108 0
0.0751311804138325 0.0313793103448316 0
0.0751311804138449 0.0325862068965555 0
0.0751311804138572 0.0337931034482773 0
0.0773409210139202 0.00120689655172624 0
0.0773409210139329 0.00241379310345359 0
0.0773409210139457 0.00362068965518038 0
0.0773409210139584 0.00482758620690752 0
0.0773409210139712 0.00603448275863339 0
0.0773409210139839 0.00724137931035962 0
0.0773409210139967 0.00844827586208574 0
0.0773409210140095 0.0096551724138115 0
0.0773409210140223 0.0108620689655376 0
0.077340921014035 0.0120689655172639 0
0.0773409210140478 0.0132758620689896 0
0.0773409210140606 0.0144827586207158 0
0.0773409210140733 0.0156896551724421 0
0.0773409210140861 0.0168965517241679 0
0.0773409210140988 0.018103448275891 0
0.0773409210141116 0.0193103448276128 0
0.0773409210141244 0.0205172413793359 0
0.0773409210141372 0.0217241379310564 0
0.0773409210141499 0.0229310344827775 0
0.0773409210141627 0.0241379310345006 0
0.0773409210141754 0.0253448275862212 0
0.0773409210141882 0.0265517241379432 0
0.077340921014201 0.0277586206896657 0
0.0773409210142137 0.0289655172413871 0
0.0773409210142265 0.0301724137931079 0
0.0773409210142393 0.0313793103448316 0
0.0773409210142521 0.0325862068965555 0
0.0773409210142648 0.0337931034482773 0
0.0795506616143161 0.00120689655172621 0
0.0795506616143293 0.00241379310345353 0
0.0795506616143426 0.00362068965518029 0
0.0795506616143558 0.00482758620690741 0
0.0795506616143691 0.00603448275863324 0
0.0795506616143823 0.00724137931035944 0
0.0795506616143956 0.00844827586208551 0
0.0795506616144088 0.00965517241381125 0
0.0795506616144221 0.0108620689655373 0
0.0795506616144353 0.0120689655172636 0
0.0795506616144486 0.0132758620689893 0
0.0795506616144618 0.0144827586207154 0
0.0795506616144751 0.0156896551724417 0
0.0795506616144883 0.0168965517241674 0
0.0795506616145016 0.0181034482758905 0
0.0795506616145148 0.0193103448276124 0
0.0795506616145281 0.0205172413793355 0
0.0795506616145413 0.0217241379310561 0
0.0795506616145546 0.0229310344827772 0
0.0795506616145678 0.0241379310345003 0
0.0795506616145811 0.025344827586221 0
0.0795506616145943 0.026551724137943 0
0.0795506616146076 0.0277586206896656 0
0.0795506616146209 0.028965517241387 0
0.0795506616146341 0.0301724137931078 0
0.0795506616146473 0.0313793103448315 0
0.0795506616146606 0.0325862068965554 0
0.0795506616146739 0.0337931034482773 0
0.081760402214712 0.00120689655172618 0
0.0817604022147257 0.00241379310345347 0
0.0817604022147394 0.00362068965518021 0
0.0817604022147531 0.00482758620690729 0
0.0817604022147669 0.00603448275863309 0
0.0817604022147806 0.00724137931035925 0
0.0817604022147944 0.00844827586208529 0
0.0817604022148081 0.009655172413811 0
0.0817604022148218 0.010862068965537 0
0.0817604022148355 0.0120689655172633 0
0.0817604022148493 0.0132758620689889 0
0.081760402214863 0.014482758620715 0
0.0817604022148768 0.0156896551724413 0
0.0817604022148905 0.016896551724167 0
0.0817604022149042 0.0181034482758901 0
0.081760402214918 0.019310344827612 0
0.0817604022149317 0.0205172413793351 0
0.0817604022149454 0.0217241379310557 0
0.0817604022149592 0.0229310344827769 0
0.0817604022149729 0.0241379310345 0
0.0817604022149866 0.0253448275862207 0
0.0817604022150004 0.0265517241379428 0
0.0817604022150141 0.0277586206896654 0
0.0817604022150279 0.0289655172413868 0
0.0817604022150416 0.0301724137931077 0
0.0817604022150553 0.0313793103448314 0
0.0817604022150691 0.0325862068965553 0
0.0817604022150828 0.0337931034482772 0
0.0839701428151077 0.00120689655172616 0
0.0839701428151218 0.00241379310345341 0
0.0839701428151358 0.00362068965518012 0
0.0839701428151499 0.00482758620690717 0
0.083970142815164 0.00603448275863294 0
0.083970142815178 0.00724137931035906 0
0.083970142815192 0.00844827586208507 0
0.0839701428152061 0.00965517241381075 0
0.0839701428152202 0.0108620689655367 0
0.0839701428152342 0.012068965517263 0
0.0839701428152483 0.0132758620689886 0
0.0839701428152623 0.0144827586207146 0
0.0839701428152764 0.0156896551724408 0
0.0839701428152904 0.0168965517241665 0
0.0839701428153045 0.0181034482758896 0
0.0839701428153186 0.0193103448276115 0
0.0839701428153326 0.0205172413793347 0
0.0839701428153467 0.0217241379310554 0
0.0839701428153607 0.0229310344827766 0
0.0839701428153748 0.0241379310344997 0
0.0839701428153888 0.0253448275862205 0
0.0839701428154029 0.0265517241379426 0
0.0839701428154169 0.0277586206896652 0
0.083970142815431 0.0289655172413866 0
0.083970142815445 0.0301724137931076 0
0.0839701428154591 0.0313793103448313 0
0.0839701428154731 0.0325862068965553 0
0.0839701428154872 0.0337931034482772 0
0.0861798834155034 0.00120689655172613 0
0.0861798834155178 0.00241379310345335 0
0.0861798834155321 0.00362068965518004 0
0.0861798834155464 0.00482758620690706 0
0.0861798834155608 0.00603448275863279 0
0.0861798834155751 0.00724137931035888 0
0.0861798834155894 0.00844827586208485 0
0.0861798834156037 0.0096551724138105 0
0.0861798834156181 0.0108620689655364 0
0.0861798834156324 0.0120689655172627 0
0.0861798834156467 0.0132758620689882 0
0.086179883415661 0.0144827586207142 0
0.0861798834156754 0.0156896551724404 0
0.0861798834156897 0.0168965517241661 0
0.0861798834157041 0.0181034482758892 0
0.0861798834157184 0.0193103448276111 0
0.0861798834157327 0.0205172413793343 0
0.086179883415747 0.021724137931055 0
0.0861798834157614 0.0229310344827763 0
0.0861798834157757 0.0241379310344994 0
0.08617988341579 0.0253448275862202 0
0.0861798834158044 0.0265517241379424 0
0.0861798834158187 0.027758620689665 0
0.086179883415833 0.0289655172413865 0
0.0861798834158473 0.0301724137931074 0
0.0861798834158617 0.0313793103448312 0
0.086179883415876 0.0325862068965552 0
0.0861798834158903 0.0337931034482772 0
0.0883896240158994 0.0012068965517261 0
0.0883896240159142 0.00241379310345329 0
0.088389624015929 0.00362068965517995 0
0.0883896240159438 0.00482758620690694 0
0.0883896240159586 0.00603448275863264 0
0.0883896240159734 0.0072413793103587 0
0.0883896240159882 0.00844827586208463 0
0.0883896240160031 0.00965517241381024 0
0.0883896240160179 0.0108620689655361 0
0.0883896240160327 0.0120689655172623 0
0.0883896240160475 0.0132758620689879 0
0.0883896240160623 0.0144827586207139 0
0.0883896240160771 0.01568965517244 0
0.0883896240160919 0.0168965517241656 0
0.0883896240161067 0.0181034482758887 0
0.0883896240161215 0.0193103448276107 0
0.0883896240161364 0.0205172413793339 0
0.0883896240161512 0.0217241379310547 0
0.088389624016166 0.0229310344827759 0
0.0883896240161808 0.0241379310344991 0
0.0883896240161956 0.02534482758622 0
0.0883896240162105 0.0265517241379421 0
0.0883896240162253 0.0277586206896648 0
0.08838962401624 0.0289655172413863 0
0.0883896240162549 0.0301724137931073 0
0.0883896240162697 0.0313793103448311 0
0.0883896240162845 0.0325862068965551 0
0.0883896240162993 0.0337931034482771 0
0.0905993646162953 0.00120689655172608 0
0.0905993646163106 0.00241379310345322 0
0.0905993646163259 0.00362068965517987 0
0.0905993646163412 0.00482758620690682 0
0.0905993646163565 0.00603448275863249 0
0.0905993646163718 0.00724137931035851 0
0.090599364616387 0.00844827586208441 0
0.0905993646164024 0.00965517241381 0
0.0905993646164177 0.0108620689655358 0
0.090599364616433 0.012068965517262 0
0.0905993646164483 0.0132758620689875 0
0.0905993646164635 0.0144827586207135 0
0.0905993646164789 0.0156896551724396 0
0.0905993646164941 0.0168965517241652 0
0.0905993646165094 0.0181034482758883 0
0.0905993646165247 0.0193103448276103 0
0.09059936461654 0.0205172413793335 0
0.0905993646165553 0.0217241379310543 0
0.0905993646165706 0.0229310344827756 0
0.090599364616586 0.0241379310344988 0
0.0905993646166012 0.0253448275862197 0
0.0905993646166166 0.0265517241379419 0
0.0905993646166318 0.0277586206896646 0
0.0905993646166472 0.0289655172413862 0
0.0905993646166624 0.0301724137931072 0
0.0905993646166777 0.031379310344831 0
0.090599364616693 0.032586206896555 0
0.0905993646167083 0.0337931034482771 0
0.0928091052166912 0.00120689655172605 0
0.0928091052167069 0.00241379310345316 0
0.0928091052167227 0.00362068965517978 0
0.0928091052167385 0.00482758620690671 0
0.0928091052167543 0.00603448275863235 0
0.0928091052167701 0.00724137931035833 0
0.0928091052167858 0.00844827586208419 0
0.0928091052168016 0.00965517241380974 0
0.0928091052168174 0.0108620689655355 0
0.0928091052168332 0.0120689655172617 0
0.0928091052168489 0.0132758620689872 0
0.0928091052168647 0.0144827586207131 0
0.0928091052168805 0.0156896551724392 0
0.0928091052168963 0.0168965517241647 0
0.092809105216912 0.0181034482758878 0
0.0928091052169278 0.0193103448276099 0
0.0928091052169436 0.0205172413793331 0
0.0928091052169594 0.021724137931054 0
0.0928091052169751 0.0229310344827753 0
0.092809105216991 0.0241379310344985 0
0.0928091052170067 0.0253448275862194 0
0.0928091052170225 0.0265517241379417 0
0.0928091052170383 0.0277586206896644 0
0.0928091052170541 0.028965517241386 0
0.0928091052170698 0.0301724137931071 0
0.0928091052170856 0.0313793103448309 0
0.0928091052171014 0.032586206896555 0
0.0928091052171172 0.0337931034482771 0
0.0950188458170868 0.00120689655172602 0
0.0950188458171029 0.0024137931034531 0
0.0950188458171189 0.0036206896551797 0
0.0950188458171349 0.00482758620690659 0
0.095018845817151 0.00603448275863219 0
0.0950188458171669 0.00724137931035814 0
0.095018845817183 0.00844827586208397 0
0.095018845817199 0.00965517241380949 0
0.095018845817215 0.0108620689655353 0
0.0950188458172311 0.0120689655172614 0
0.0950188458172471 0.0132758620689868 0
0.0950188458172631 0.0144827586207127 0
0.0950188458172791 0.0156896551724387 0
0.0950188458172951 0.0168965517241642 0
0.0950188458173112 0.0181034482758874 0
0.0950188458173272 0.0193103448276094 0
0.0950188458173432 0.0205172413793327 0
0.0950188458173593 0.0217241379310536 0
0.0950188458173753 0.022931034482775 0
0.0950188458173913 0.0241379310344982 0
0.0950188458174073 0.0253448275862192 0
0.0950188458174233 0.0265517241379415 0
0.0950188458174393 0.0277586206896642 0
0.0950188458174554 0.0289655172413859 0
0.0950188458174714 0.030172413793107 0
0.0950188458174874 0.0313793103448308 0
0.0950188458175035 0.0325862068965549 0
0.0950188458175195 0.0337931034482771 0
0.0972285864174826 0.001206896551726 0
0.097228586417499 0.00241379310345304 0
0.0972285864175154 0.00362068965517961 0
0.0972285864175318 0.00482758620690647 0
0.0972285864175482 0.00603448275863204 0
0.0972285864175645 0.00724137931035796 0
0.0972285864175809 0.00844827586208374 0
0.0972285864175973 0.00965517241380924 0
0.0972285864176137 0.010862068965535 0
0.09722858641763 0.012068965517261 0
0.0972285864176464 0.0132758620689864 0
0.0972285864176628 0.0144827586207123 0
0.0972285864176792 0.0156896551724383 0
0.0972285864176956 0.0168965517241638 0
0.097228586417712 0.0181034482758869 0
0.0972285864177283 0.019310344827609 0
0.0972285864177447 0.0205172413793323 0
0.0972285864177611 0.0217241379310532 0
0.0972285864177775 0.0229310344827747 0
0.0972285864177938 0.0241379310344979 0
0.0972285864178102 0.0253448275862189 0
0.0972285864178266 0.0265517241379412 0
0.097228586417843 0.027758620689664 0
0.0972285864178594 0.0289655172413857 0
0.0972285864178757 0.0301724137931069 0
0.0972285864178921 0.0313793103448307 0
0.0972285864179085 0.0325862068965549 0
0.0972285864179249 0.033793103448277 0
0.0994383270178786 0.00120689655172597 0
0.0994383270178954 0.00241379310345298 0
0.0994383270179123 0.00362068965517953 0
0.0994383270179292 0.00482758620690636 0
0.099438327017946 0.00603448275863189 0
0.0994383270179629 0.00724137931035777 0
0.0994383270179797 0.00844827586208352 0
0.0994383270179966 0.00965517241380899 0
0.0994383270180135 0.0108620689655347 0
0.0994383270180303 0.0120689655172607 0
0.0994383270180472 0.0132758620689861 0
0.0994383270180641 0.0144827586207119 0
0.0994383270180809 0.0156896551724379 0
0.0994383270180978 0.0168965517241634 0
0.0994383270181146 0.0181034482758865 0
0.0994383270181315 0.0193103448276086 0
0.0994383270181484 0.0205172413793319 0
0.0994383270181652 0.0217241379310529 0
0.0994383270181821 0.0229310344827743 0
0.099438327018199 0.0241379310344976 0
0.0994383270182158 0.0253448275862187 0
0.0994383270182327 0.026551724137941 0
0.0994383270182495 0.0277586206896638 0
0.0994383270182664 0.0289655172413856 0
0.0994383270182833 0.0301724137931067 0
0.0994383270183001 0.0313793103448306 0
0.099438327018317 0.0325862068965548 0
0.0994383270183338 0.033793103448277 0
0.101648067618275 0.00120689655172594 0
0.101648067618292 0.00241379310345292 0
0.10164806761831 0.00362068965517944 0
0.101648067618327 0.00482758620690624 0
0.101648067618345 0.00603448275863174 0
0.101648067618363 0.00724137931035759 0
0.10164806761838 0.0084482758620833 0
0.101648067618398 0.00965517241380874 0
0.101648067618415 0.0108620689655344 0
0.101648067618433 0.0120689655172604 0
0.10164806761845 0.0132758620689857 0
0.101648067618468 0.0144827586207115 0
0.101648067618485 0.0156896551724375 0
0.101648067618503 0.0168965517241629 0
0.101648067618521 0.018103448275886 0
0.101648067618538 0.0193103448276082 0
0.101648067618556 0.0205172413793315 0
0.101648067618573 0.0217241379310525 0
0.101648067618591 0.022931034482774 0
0.101648067618609 0.0241379310344974 0
0.101648067618626 0.0253448275862184 0
0.101648067618644 0.0265517241379408 0
0.101648067618661 0.0277586206896636 0
0.101648067618679 0.0289655172413854 0
0.101648067618696 0.0301724137931066 0
0.101648067618714 0.0313793103448305 0
0.101648067618731 0.0325862068965547 0
0.101648067618749 0.033793103448277 0
0.103857808218671 0.00120689655172592 0
0.103857808218689 0.00241379310345286 0
0.103857808218707 0.00362068965517935 0
0.103857808218725 0.00482758620690612 0
0.103857808218744 0.00603448275863159 0
0.103857808218762 0.0072413793103574 0
0.10385780821878 0.00844827586208308 0
0.103857808218798 0.00965517241380848 0
0.103857808218816 0.0108620689655341 0
0.103857808218835 0.0120689655172601 0
0.103857808218853 0.0132758620689854 0
0.103857808218871 0.0144827586207111 0
0.103857808218889 0.015689655172437 0
0.103857808218907 0.0168965517241625 0
0.103857808218926 0.0181034482758856 0
0.103857808218944 0.0193103448276077 0
0.103857808218962 0.0205172413793311 0
0.10385780821898 0.0217241379310522 0
0.103857808218998 0.0229310344827737 0
0.103857808219017 0.0241379310344971 0
0.103857808219035 0.0253448275862182 0
0.103857808219053 0.0265517241379406 0
0.103857808219071 0.0277586206896634 0
0.103857808219089 0.0289655172413852 0
0.103857808219108 0.0301724137931065 0
0.103857808219126 0.0313793103448305 0
0.103857808219144 0.0325862068965546 0
0.103857808219162 0.033793103448277 0
0.106067548819067 0.00120689655172589 0
0.106067548819085 0.0024137931034528 0
0.106067548819104 0.00362068965517927 0
0.106067548819123 0.00482758620690601 0
0.106067548819141 0.00603448275863144 0
0.10606754881916 0.00724137931035722 0
0.106067548819179 0.00844827586208286 0
0.106067548819197 0.00965517241380823 0
0.106067548819216 0.0108620689655338 0
0.106067548819235 0.0120689655172597 0
0.106067548819254 0.013275862068985 0
0.106067548819272 0.0144827586207107 0
0.106067548819291 0.0156896551724366 0
0.10606754881931 0.016896551724162 0
0.106067548819328 0.0181034482758851 0
0.106067548819347 0.0193103448276073 0
0.106067548819366 0.0205172413793307 0
0.106067548819384 0.0217241379310518 0
0.106067548819403 0.0229310344827734 0
0.106067548819422 0.0241379310344968 0
0.10606754881944 0.0253448275862179 0
0.106067548819459 0.0265517241379403 0
0.106067548819478 0.0277586206896632 0
0.106067548819496 0.0289655172413851 0
0.106067548819515 0.0301724137931064 0
0.106067548819534 0.0313793103448304 0
0.106067548819553 0.0325862068965546 0
0.106067548819571 0.0337931034482769 0
0.108277289419462 0.00120689655172586 0
0.108277289419481 0.00241379310345274 0
0.1082772894195 0.00362068965517918 0
0.108277289419519 0.00482758620690589 0
0.108277289419538 0.00603448275863129 0
0.108277289419557 0.00724137931035703 0
0.108277289419576 0.00844827586208264 0
0.108277289419595 0.00965517241380798 0
0.108277289419614 0.0108620689655335 0
0.108277289419633 0.0120689655172594 0
0.108277289419652 0.0132758620689847 0
0.108277289419671 0.0144827586207103 0
0.10827728941969 0.0156896551724362 0
0.108277289419709 0.0168965517241615 0
0.108277289419728 0.0181034482758846 0
0.108277289419747 0.0193103448276069 0
0.108277289419766 0.0205172413793304 0
0.108277289419785 0.0217241379310515 0
0.108277289419804 0.0229310344827731 0
0.108277289419823 0.0241379310344965 0
0.108277289419842 0.0253448275862177 0
0.108277289419861 0.0265517241379401 0
0.10827728941988 0.0277586206896631 0
0.108277289419899 0.0289655172413849 0
0.108277289419918 0.0301724137931063 0
0.108277289419937 0.0313793103448303 0
0.108277289419956 0.0325862068965545 0
0.108277289419975 0.0337931034482769 0
0.110487030019858 0.00120689655172584 0
0.110487030019877 0.00241379310345268 0
0.110487030019897 0.0036206896551791 0
0.110487030019916 0.00482758620690577 0
0.110487030019935 0.00603448275863114 0
0.110487030019955 0.00724137931035685 0
0.110487030019974 0.00844827586208242 0
0.110487030019993 0.00965517241380773 0
0.110487030020012 0.0108620689655332 0
0.110487030020032 0.0120689655172591 0
0.110487030020051 0.0132758620689843 0
0.11048703002007 0.01448275862071 0
0.110487030020089 0.0156896551724358 0
0.110487030020109 0.0168965517241611 0
0.110487030020128 0.0181034482758842 0
0.110487030020147 0.0193103448276065 0
0.110487030020167 0.02051724137933 0
0.110487030020186 0.0217241379310511 0
0.110487030020205 0.0229310344827727 0
0.110487030020225 0.0241379310344962 0
0.110487030020244 0.0253448275862174 0
0.110487030020263 0.0265517241379399 0
0.110487030020282 0.0277586206896629 0
0.110487030020302 0.0289655172413848 0
0.110487030020321 0.0301724137931061 0
0.11048703002034 0.0313793103448302 0
0.11048703002036 0.0325862068965544 0
0.110487030020379 0.0337931034482769 0
0.112696770620254 0.00120689655172581 0
0.112696770620274 0.00241379310345262 0
0.112696770620294 0.00362068965517901 0
0.112696770620313 0.00482758620690565 0
0.112696770620333 0.00603448275863099 0
0.112696770620353 0.00724137931035666 0
0.112696770620373 0.0084482758620822 0
0.112696770620392 0.00965517241380748 0
0.112696770620412 0.010862068965533 0
0.112696770620432 0.0120689655172588 0
0.112696770620452 0.013275862068984 0
0.112696770620471 0.0144827586207096 0
0.112696770620491 0.0156896551724354 0
0.112696770620511 0.0168965517241606 0
0.112696770620531 0.0181034482758837 0
0.112696770620551 0.0193103448276061 0
0.11269677062057 0.0205172413793296 0
0.11269677062059 0.0217241379310508 0
0.11269677062061 0.0229310344827724 0
0.11269677062063 0.0241379310344959 0
0.112696770620649 0.0253448275862172 0
0.112696770620669 0.0265517241379397 0
0.112696770620689 0.0277586206896627 0
0.112696770620709 0.0289655172413846 0
0.112696770620728 0.030172413793106 0
0.112696770620748 0.0313793103448301 0
0.112696770620768 0.0325862068965544 0
0.112696770620788 0.0337931034482769 0
0.11490651122065 0.00120689655172578 0
0.11490651122067 0.00241379310345256 0
0.11490651122069 0.00362068965517892 0
0.114906511220711 0.00482758620690554 0
0.114906511220731 0.00603448275863084 0
0.114906511220751 0.00724137931035648 0
0.114906511220772 0.00844827586208198 0
0.114906511220792 0.00965517241380723 0
0.114906511220812 0.0108620689655327 0
0.114906511220832 0.0120689655172585 0
0.114906511220853 0.0132758620689836 0
0.114906511220873 0.0144827586207092 0
0.114906511220893 0.0156896551724349 0
0.114906511220913 0.0168965517241602 0
0.114906511220933 0.0181034482758833 0
0.114906511220954 0.0193103448276056 0
0.114906511220974 0.0205172413793292 0
0.114906511220994 0.0217241379310504 0
0.114906511221015 0.0229310344827721 0
0.114906511221035 0.0241379310344956 0
0.114906511221055 0.0253448275862169 0
0.114906511221075 0.0265517241379395 0
0.114906511221096 0.0277586206896625 0
0.114906511221116 0.0289655172413845 0
0.114906511221136 0.0301724137931059 0
0.114906511221156 0.03137931034483 0
0.114906511221176 0.0325862068965543 0
0.114906511221197 0.0337931034482768 0
0.117116251821046 0.00120689655172576 0
0.117116251821067 0.0024137931034525 0
0.117116251821087 0.00362068965517884 0
0.117116251821108 0.00482758620690542 0
0.117116251821129 0.00603448275863069 0
0.117116251821149 0.0072413793103563 0
0.11711625182117 0.00844827586208175 0
0.117116251821191 0.00965517241380698 0
0.117116251821212 0.0108620689655324 0
0.117116251821232 0.0120689655172581 0
0.117116251821253 0.0132758620689833 0
0.117116251821274 0.0144827586207088 0
0.117116251821294 0.0156896551724345 0
0.117116251821315 0.0168965517241597 0
0.117116251821336 0.0181034482758828 0
0.117116251821356 0.0193103448276052 0
0.117116251821377 0.0205172413793288 0
0.117116251821398 0.0217241379310501 0
0.117116251821418 0.0229310344827718 0
0.117116251821439 0.0241379310344953 0
0.11711625182146 0.0253448275862167 0
0.117116251821481 0.0265517241379392 0
0.117116251821501 0.0277586206896623 0
0.117116251821522 0.0289655172413843 0
0.117116251821543 0.0301724137931058 0
0.117116251821563 0.0313793103448299 0
0.117116251821584 0.0325862068965542 0
0.117116251821605 0.0337931034482768 0
0.119325992421442 0.00120689655172573 0
0.119325992421462 0.00241379310345244 0
0.119325992421483 0.00362068965517875 0
0.119325992421504 0.0048275862069053 0
0.119325992421525 0.00603448275863055 0
0.119325992421546 0.00724137931035611 0
0.119325992421567 0.00844827586208154 0
0.119325992421588 0.00965517241380672 0
0.119325992421609 0.0108620689655321 0
0.11932599242163 0.0120689655172578 0
0.119325992421651 0.0132758620689829 0
0.119325992421672 0.0144827586207084 0
0.119325992421693 0.0156896551724341 0
0.119325992421714 0.0168965517241593 0
0.119325992421735 0.0181034482758824 0
0.119325992421756 0.0193103448276048 0
0.119325992421777 0.0205172413793284 0
0.119325992421798 0.0217241379310497 0
0.119325992421819 0.0229310344827715 0
0.119325992421839 0.024137931034495 0
0.11932599242186 0.0253448275862164 0
0.119325992421881 0.026551724137939 0
0.119325992421902 0.0277586206896621 0
0.119325992421923 0.0289655172413841 0
0.119325992421944 0.0301724137931057 0
0.119325992421965 0.0313793103448298 0
0.119325992421986 0.0325862068965542 0
0.119325992422007 0.0337931034482768 0
0.121535733021837 0.0012068965517257 0
0.121535733021859 0.00241379310345238 0
0.12153573302188 0.00362068965517867 0
0.121535733021901 0.00482758620690519 0
0.121535733021923 0.0060344827586304 0
0.121535733021944 0.00724137931035593 0
0.121535733021965 0.00844827586208131 0
0.121535733021987 0.00965517241380647 0
0.121535733022008 0.0108620689655318 0
0.121535733022029 0.0120689655172575 0
0.121535733022051 0.0132758620689826 0
0.121535733022072 0.014482758620708 0
0.121535733022093 0.0156896551724337 0
0.121535733022115 0.0168965517241588 0
0.121535733022136 0.0181034482758819 0
0.121535733022157 0.0193103448276044 0
0.121535733022179 0.020517241379328 0
0.1215357330222 0.0217241379310494 0
0.121535733022221 0.0229310344827711 0
0.121535733022243 0.0241379310344947 0
0.121535733022264 0.0253448275862162 0
0.121535733022285 0.0265517241379388 0
0.121535733022307 0.0277586206896619 0
0.121535733022328 0.028965517241384 0
0.121535733022349 0.0301724137931055 0
0.121535733022371 0.0313793103448298 0
0.121535733022392 0.0325862068965541 0
0.121535733022413 0.0337931034482767 0
0.123745473622233 0.00120689655172568 0
0.123745473622255 0.00241379310345232 0
0.123745473622277 0.00362068965517858 0
0.123745473622299 0.00482758620690507 0
0.12374547362232 0.00603448275863024 0
0.123745473622342 0.00724137931035574 0
0.123745473622364 0.00844827586208109 0
0.123745473622386 0.00965517241380622 0
0.123745473622408 0.0108620689655315 0
0.12374547362243 0.0120689655172572 0
0.123745473622452 0.0132758620689822 0
0.123745473622473 0.0144827586207076 0
0.123745473622495 0.0156896551724332 0
0.123745473622517 0.0168965517241584 0
0.123745473622539 0.0181034482758815 0
0.12374547362256 0.0193103448276039 0
0.123745473622582 0.0205172413793276 0
0.123745473622604 0.021724137931049 0
0.123745473622626 0.0229310344827708 0
0.123745473622648 0.0241379310344945 0
0.12374547362267 0.0253448275862159 0
0.123745473622691 0.0265517241379386 0
0.123745473622713 0.0277586206896617 0
0.123745473622735 0.0289655172413838 0
0.123745473622757 0.0301724137931054 0
0.123745473622779 0.0313793103448297 0
0.123745473622801 0.0325862068965541 0
0.123745473622822 0.0337931034482767 0
0.125955214222629 0.00120689655172565 0
0.125955214222651 0.00241379310345226 0
0.125955214222674 0.0036206896551785 0
0.125955214222696 0.00482758620690495 0
0.125955214222718 0.0060344827586301 0
0.125955214222741 0.00724137931035555 0
0.125955214222763 0.00844827586208087 0
0.125955214222785 0.00965517241380597 0
0.125955214222808 0.0108620689655312 0
0.12595521422283 0.0120689655172568 0
0.125955214222852 0.0132758620689819 0
0.125955214222875 0.0144827586207072 0
0.125955214222897 0.0156896551724328 0
0.125955214222919 0.0168965517241579 0
0.125955214222941 0.018103448275881 0
0.125955214222964 0.0193103448276035 0
0.125955214222986 0.0205172413793272 0
0.125955214223008 0.0217241379310486 0
0.12595521422303 0.0229310344827705 0
0.125955214223053 0.0241379310344941 0
0.125955214223075 0.0253448275862157 0
0.125955214223097 0.0265517241379384 0
0.12595521422312 0.0277586206896615 0
0.125955214223142 0.0289655172413837 0
0.125955214223164 0.0301724137931053 0
0.125955214223187 0.0313793103448296 0
0.125955214223209 0.032586206896554 0
0.125955214223231 0.0337931034482767 0
0.128164954823025 0.00120689655172562 0
0.128164954823048 0.0024137931034522 0
0.12816495482307 0.00362068965517841 0
0.128164954823093 0.00482758620690484 0
0.128164954823116 0.00603448275862995 0
0.128164954823138 0.00724137931035537 0
0.128164954823161 0.00844827586208065 0
0.128164954823184 0.00965517241380572 0
0.128164954823206 0.010862068965531 0
0.128164954823229 0.0120689655172565 0
0.128164954823252 0.0132758620689815 0
0.128164954823274 0.0144827586207068 0
0.128164954823297 0.0156896551724324 0
0.12816495482332 0.0168965517241575 0
0.128164954823342 0.0181034482758806 0
0.128164954823365 0.0193103448276031 0
0.128164954823388 0.0205172413793268 0
0.12816495482341 0.0217241379310483 0
0.128164954823433 0.0229310344827702 0
0.128164954823456 0.0241379310344939 0
0.128164954823478 0.0253448275862154 0
0.128164954823501 0.0265517241379381 0
0.128164954823524 0.0277586206896613 0
0.128164954823546 0.0289655172413835 0
0.128164954823569 0.0301724137931052 0
0.128164954823592 0.0313793103448295 0
0.128164954823614 0.0325862068965539 0
0.128164954823637 0.0337931034482767 0
0.130374695423421 0.0012068965517256 0
0.130374695423444 0.00241379310345213 0
0.130374695423466 0.00362068965517833 0
0.130374695423489 0.00482758620690472 0
0.130374695423512 0.0060344827586298 0
0.130374695423535 0.00724137931035519 0
0.130374695423558 0.00844827586208043 0
0.130374695423581 0.00965517241380546 0
0.130374695423604 0.0108620689655307 0
0.130374695423627 0.0120689655172562 0
0.13037469542365 0.0132758620689812 0
0.130374695423673 0.0144827586207064 0
0.130374695423696 0.015689655172432 0
0.130374695423718 0.016896551724157 0
0.130374695423741 0.0181034482758801 0
0.130374695423764 0.0193103448276027 0
0.130374695423787 0.0205172413793264 0
0.13037469542381 0.0217241379310479 0
0.130374695423833 0.0229310344827699 0
0.130374695423856 0.0241379310344936 0
0.130374695423879 0.0253448275862152 0
0.130374695423902 0.0265517241379379 0
0.130374695423925 0.0277586206896611 0
0.130374695423948 0.0289655172413834 0
0.130374695423971 0.0301724137931051 0
0.130374695423993 0.0313793103448294 0
0.130374695424016 0.0325862068965538 0
0.130374695424039 0.0337931034482766 0
0.132584436023817 0.00120689655172557 0
0.13258443602384 0.00241379310345208 0
0.132584436023863 0.00362068965517824 0
0.132584436023887 0.0048275862069046 0
0.13258443602391 0.00603448275862965 0
0.132584436023933 0.007241379310355 0
0.132584436023957 0.00844827586208021 0
0.13258443602398 0.00965517241380521 0
0.132584436024004 0.0108620689655304 0
0.132584436024027 0.0120689655172559 0
0.13258443602405 0.0132758620689808 0
0.132584436024074 0.0144827586207061 0
0.132584436024097 0.0156896551724315 0
0.132584436024121 0.0168965517241566 0
0.132584436024144 0.0181034482758797 0
0.132584436024167 0.0193103448276023 0
0.132584436024191 0.020517241379326 0
0.132584436024214 0.0217241379310476 0
0.132584436024237 0.0229310344827695 0
0.132584436024261 0.0241379310344933 0
0.132584436024284 0.0253448275862149 0
0.132584436024308 0.0265517241379377 0
0.132584436024331 0.0277586206896609 0
0.132584436024354 0.0289655172413832 0
0.132584436024378 0.030172413793105 0
0.132584436024401 0.0313793103448293 0
0.132584436024424 0.0325862068965538 0
0.132584436024448 0.0337931034482766 0
0.134794176624213 0.00120689655172554 0
0.134794176624237 0.00241379310345202 0
0.13479417662426 0.00362068965517816 0
0.134794176624284 0.00482758620690448 0
0.134794176624308 0.0060344827586295 0
0.134794176624332 0.00724137931035481 0
0.134794176624356 0.00844827586207999 0
0.13479417662438 0.00965517241380496 0
0.134794176624404 0.0108620689655301 0
0.134794176624428 0.0120689655172556 0
0.134794176624452 0.0132758620689804 0
0.134794176624476 0.0144827586207057 0
0.1347941766245 0.0156896551724311 0
0.134794176624524 0.0168965517241561 0
0.134794176624548 0.0181034482758792 0
0.134794176624572 0.0193103448276018 0
0.134794176624596 0.0205172413793256 0
0.13479417662462 0.0217241379310472 0
0.134794176624644 0.0229310344827692 0
0.134794176624668 0.024137931034493 0
0.134794176624692 0.0253448275862147 0
0.134794176624716 0.0265517241379375 0
0.13479417662474 0.0277586206896607 0
0.134794176624764 0.0289655172413831 0
0.134794176624787 0.0301724137931048 0
0.134794176624811 0.0313793103448292 0
0.134794176624835 0.0325862068965537 0
0.134794176624859 0.0337931034482766 0
0.137003917224609 0.00120689655172552 0
0.137003917224633 0.00241379310345195 0
0.137003917224658 0.00362068965517807 0
0.137003917224683 0.00482758620690437 0
0.137003917224707 0.00603448275862935 0
0.137003917224732 0.00724137931035463 0
0.137003917224757 0.00844827586207977 0
0.137003917224781 0.00965517241380471 0
0.137003917224806 0.0108620689655298 0
0.137003917224831 0.0120689655172552 0
0.137003917224855 0.0132758620689801 0
0.13700391722488 0.0144827586207053 0
0.137003917224905 0.0156896551724307 0
0.137003917224929 0.0168965517241557 0
0.137003917224954 0.0181034482758788 0
0.137003917224979 0.0193103448276014 0
0.137003917225003 0.0205172413793252 0
0.137003917225028 0.0217241379310469 0
0.137003917225053 0.0229310344827689 0
0.137003917225078 0.0241379310344927 0
0.137003917225102 0.0253448275862144 0
0.137003917225127 0.0265517241379372 0
0.137003917225152 0.0277586206896605 0
0.137003917225176 0.0289655172413829 0
0.137003917225201 0.0301724137931047 0
0.137003917225226 0.0313793103448291 0
0.13700391722525 0.0325862068965536 0
0.137003917225275 0.0337931034482766 0
0.139213657825005 0.00120689655172549 0
0.13921365782503 0.00241379310345189 0
0.139213657825055 0.00362068965517798 0
0.13921365782508 0.00482758620690425 0
0.139213657825105 0.0060344827586292 0
0.139213657825131 0.00724137931035445 0
0.139213657825156 0.00844827586207955 0
0.139213657825181 0.00965517241380446 0
0.139213657825206 0.0108620689655295 0
0.139213657825232 0.0120689655172549 0
0.139213657825257 0.0132758620689797 0
0.139213657825282 0.0144827586207049 0
0.139213657825307 0.0156896551724303 0
0.139213657825332 0.0168965517241552 0
0.139213657825357 0.0181034482758783 0
0.139213657825383 0.019310344827601 0
0.139213657825408 0.0205172413793248 0
0.139213657825433 0.0217241379310465 0
0.139213657825458 0.0229310344827686 0
0.139213657825484 0.0241379310344924 0
0.139213657825509 0.0253448275862142 0
0.139213657825534 0.026551724137937 0
0.139213657825559 0.0277586206896603 0
0.139213657825584 0.0289655172413828 0
0.13921365782561 0.0301724137931046 0
0.139213657825635 0.031379310344829 0
0.13921365782566 0.0325862068965536 0
0.139213657825685 0.0337931034482765 0
0.1414233984254 0.00120689655172546 0
0.141423398425426 0.00241379310345183 0
0.141423398425452 0.0036206896551779 0
0.141423398425477 0.00482758620690413 0
0.141423398425503 0.00603448275862905 0
0.141423398425529 0.00724137931035426 0
0.141423398425554 0.00844827586207932 0
0.14142339842558 0.00965517241380421 0
0.141423398425606 0.0108620689655292 0
0.141423398425631 0.0120689655172546 0
0.141423398425657 0.0132758620689794 0
0.141423398425682 0.0144827586207045 0
0.141423398425708 0.0156896551724299 0
0.141423398425734 0.0168965517241548 0
0.141423398425759 0.0181034482758779 0
0.141423398425785 0.0193103448276006 0
0.141423398425811 0.0205172413793244 0
0.141423398425836 0.0217241379310462 0
0.141423398425862 0.0229310344827683 0
0.141423398425887 0.0241379310344921 0
0.141423398425913 0.0253448275862139 0
0.141423398425939 0.0265517241379368 0
0.141423398425964 0.0277586206896602 0
0.14142339842599 0.0289655172413826 0
0.141423398426016 0.0301724137931045 0
0.141423398426041 0.0313793103448289 0
0.141423398426067 0.0325862068965535 0
0.141423398426093 0.0337931034482765 0
0.143633139025796 0.00120689655172544 0
0.143633139025822 0.00241379310345177 0
0.143633139025848 0.00362068965517781 0
0.143633139025874 0.00482758620690402 0
0.1436331390259 0.0060344827586289 0
0.143633139025926 0.00724137931035408 0
0.143633139025951 0.0084482758620791 0
0.143633139025977 0.00965517241380395 0
0.143633139026003 0.010862068965529 0
0.143633139026029 0.0120689655172543 0
0.143633139026055 0.013275862068979 0
0.143633139026081 0.0144827586207041 0
0.143633139026107 0.0156896551724294 0
0.143633139026133 0.0168965517241543 0
0.143633139026158 0.0181034482758774 0
0.143633139026184 0.0193103448276002 0
0.14363313902621 0.020517241379324 0
0.143633139026236 0.0217241379310458 0
0.143633139026262 0.022931034482768 0
0.143633139026288 0.0241379310344918 0
0.143633139026314 0.0253448275862137 0
0.14363313902634 0.0265517241379366 0
0.143633139026365 0.02775862068966 0
0.143633139026391 0.0289655172413824 0
0.143633139026417 0.0301724137931044 0
0.143633139026443 0.0313793103448288 0
0.143633139026469 0.0325862068965534 0
0.143633139026495 0.0337931034482765 0
0.145842879626192 0.00120689655172541 0
0.145842879626218 0.00241379310345171 0
0.145842879626245 0.00362068965517773 0
0.145842879626271 0.0048275862069039 0
0.145842879626297 0.00603448275862875 0
0.145842879626324 0.00724137931035389 0
0.14584287962635 0.00844827586207888 0
0.145842879626376 0.0096551724138037 0
0.145842879626402 0.0108620689655287 0
0.145842879626429 0.012068965517254 0
0.145842879626455 0.0132758620689787 0
0.145842879626481 0.0144827586207037 0
0.145842879626507 0.015689655172429 0
0.145842879626534 0.0168965517241539 0
0.14584287962656 0.018103448275877 0
0.145842879626586 0.0193103448275997 0
0.145842879626613 0.0205172413793236 0
0.145842879626639 0.0217241379310455 0
0.145842879626665 0.0229310344827676 0
0.145842879626692 0.0241379310344915 0
0.145842879626718 0.0253448275862134 0
0.145842879626744 0.0265517241379363 0
0.14584287962677 0.0277586206896598 0
0.145842879626797 0.0289655172413823 0
0.145842879626823 0.0301724137931043 0
0.145842879626849 0.0313793103448287 0
0.145842879626876 0.0325862068965534 0
0.145842879626902 0.0337931034482765 0
0.148052620226588 0.00120689655172538 0
0.148052620226615 0.00241379310345165 0
0.148052620226642 0.00362068965517764 0
0.148052620226668 0.00482758620690378 0
0.148052620226695 0.0060344827586286 0
0.148052620226722 0.00724137931035371 0
0.148052620226749 0.00844827586207866 0
0.148052620226775 0.00965517241380345 0
0.148052620226802 0.0108620689655284 0
0.148052620226829 0.0120689655172536 0
0.148052620226856 0.0132758620689783 0
0.148052620226882 0.0144827586207033 0
0.148052620226909 0.0156896551724286 0
0.148052620226936 0.0168965517241534 0
0.148052620226963 0.0181034482758765 0
0.14805262022699 0.0193103448275993 0
0.148052620227016 0.0205172413793232 0
0.148052620227043 0.0217241379310451 0
0.14805262022707 0.0229310344827673 0
0.148052620227097 0.0241379310344912 0
0.148052620227123 0.0253448275862132 0
0.14805262022715 0.0265517241379361 0
0.148052620227177 0.0277586206896596 0
0.148052620227204 0.0289655172413821 0
0.148052620227231 0.0301724137931041 0
0.148052620227257 0.0313793103448287 0
0.148052620227284 0.0325862068965533 0
0.148052620227311 0.0337931034482764 0
0.150262360826984 0.00120689655172536 0
0.150262360827011 0.00241379310345159 0
0.150262360827038 0.00362068965517756 0
0.150262360827066 0.00482758620690366 0
0.150262360827093 0.00603448275862845 0
0.15026236082712 0.00724137931035352 0
0.150262360827147 0.00844827586207844 0
0.150262360827175 0.0096551724138032 0
0.150262360827202 0.0108620689655281 0
0.150262360827229 0.0120689655172533 0
0.150262360827256 0.013275862068978 0
0.150262360827284 0.0144827586207029 0
0.150262360827311 0.0156896551724282 0
0.150262360827338 0.016896551724153 0
0.150262360827365 0.0181034482758761 0
0.150262360827393 0.0193103448275989 0
0.15026236082742 0.0205172413793228 0
0.150262360827447 0.0217241379310448 0
0.150262360827474 0.022931034482767 0
0.150262360827502 0.0241379310344909 0
0.150262360827529 0.0253448275862129 0
0.150262360827556 0.0265517241379359 0
0.150262360827584 0.0277586206896594 0
0.150262360827611 0.028965517241382 0
0.150262360827638 0.030172413793104 0
0.150262360827665 0.0313793103448286 0
0.150262360827693 0.0325862068965532 0
0.15026236082772 0.0337931034482764 0
0.15247210142738 0.00120689655172533 0
0.152472101427407 0.00241379310345153 0
0.152472101427435 0.00362068965517747 0
0.152472101427462 0.00482758620690355 0
0.15247210142749 0.0060344827586283 0
0.152472101427518 0.00724137931035334 0
0.152472101427545 0.00844827586207822 0
0.152472101427573 0.00965517241380295 0
0.1524721014276 0.0108620689655278 0
0.152472101427628 0.012068965517253 0
0.152472101427656 0.0132758620689776 0
0.152472101427683 0.0144827586207026 0
0.152472101427711 0.0156896551724277 0
0.152472101427738 0.0168965517241525 0
0.152472101427766 0.0181034482758756 0
0.152472101427794 0.0193103448275985 0
0.152472101427821 0.0205172413793224 0
0.152472101427849 0.0217241379310444 0
0.152472101427876 0.0229310344827667 0
0.152472101427904 0.0241379310344907 0
0.152472101427932 0.0253448275862127 0
0.152472101427959 0.0265517241379357 0
0.152472101427987 0.0277586206896592 0
0.152472101428014 0.0289655172413818 0
0.152472101428042 0.0301724137931039 0
0.15247210142807 0.0313793103448285 0
0.152472101428097 0.0325862068965532 0
0.152472101428125 0.0337931034482764 0
0.154681842027775 0.0012068965517253 0
0.154681842027803 0.00241379310345147 0
0.154681842027831 0.00362068965517738 0
0.154681842027859 0.00482758620690343 0
0.154681842027887 0.00603448275862815 0
0.154681842027914 0.00724137931035316 0
0.154681842027942 0.008448275862078 0
0.15468184202797 0.0096551724138027 0
0.154681842027998 0.0108620689655275 0
0.154681842028026 0.0120689655172527 0
0.154681842028054 0.0132758620689773 0
0.154681842028082 0.0144827586207022 0
0.15468184202811 0.0156896551724273 0
0.154681842028137 0.0168965517241521 0
0.154681842028165 0.0181034482758752 0
0.154681842028193 0.019310344827598 0
0.154681842028221 0.0205172413793221 0
0.154681842028249 0.021724137931044 0
0.154681842028277 0.0229310344827664 0
0.154681842028304 0.0241379310344904 0
0.154681842028332 0.0253448275862124 0
0.15468184202836 0.0265517241379355 0
0.154681842028388 0.027758620689659 0
0.154681842028416 0.0289655172413817 0
0.154681842028444 0.0301724137931038 0
0.154681842028472 0.0313793103448284 0
0.154681842028499 0.0325862068965531 0
0.154681842028527 0.0337931034482764 0
0.156891582628171 0.00120689655172528 0
0.156891582628199 0.00241379310345141 0
0.156891582628228 0.0036206896551773 0
0.156891582628256 0.00482758620690331 0
0.156891582628285 0.006034482758628 0
0.156891582628313 0.00724137931035297 0
0.156891582628341 0.00844827586207778 0
0.15689158262837 0.00965517241380245 0
0.156891582628398 0.0108620689655272 0
0.156891582628426 0.0120689655172523 0
0.156891582628455 0.0132758620689769 0
0.156891582628483 0.0144827586207018 0
0.156891582628511 0.0156896551724269 0
0.15689158262854 0.0168965517241516 0
0.156891582628568 0.0181034482758747 0
0.156891582628596 0.0193103448275976 0
0.156891582628625 0.0205172413793216 0
0.156891582628653 0.0217241379310437 0
0.156891582628681 0.022931034482766 0
0.15689158262871 0.0241379310344901 0
0.156891582628738 0.0253448275862122 0
0.156891582628766 0.0265517241379352 0
0.156891582628795 0.0277586206896588 0
0.156891582628823 0.0289655172413815 0
0.156891582628851 0.0301724137931037 0
0.15689158262888 0.0313793103448283 0
0.156891582628908 0.032586206896553 0
0.156891582628936 0.0337931034482763 0
0.159101323228567 0.00120689655172525 0
0.159101323228596 0.00241379310345135 0
0.159101323228625 0.00362068965517721 0
0.159101323228654 0.0048275862069032 0
0.159101323228682 0.00603448275862785 0
0.159101323228711 0.00724137931035278 0
0.15910132322874 0.00844827586207756 0
0.159101323228769 0.0096551724138022 0
0.159101323228798 0.010862068965527 0
0.159101323228826 0.012068965517252 0
0.159101323228855 0.0132758620689765 0
0.159101323228884 0.0144827586207014 0
0.159101323228913 0.0156896551724265 0
0.159101323228942 0.0168965517241512 0
0.159101323228971 0.0181034482758742 0
0.159101323228999 0.0193103448275972 0
0.159101323229028 0.0205172413793213 0
0.159101323229057 0.0217241379310434 0
0.159101323229086 0.0229310344827657 0
0.159101323229115 0.0241379310344898 0
0.159101323229143 0.0253448275862119 0
0.159101323229172 0.026551724137935 0
0.159101323229201 0.0277586206896586 0
0.15910132322923 0.0289655172413813 0
0.159101323229259 0.0301724137931036 0
0.159101323229288 0.0313793103448282 0
0.159101323229316 0.032586206896553 0
0.159101323229345 0.0337931034482763 0
0.161311063828963 0.00120689655172522 0
0.161311063828992 0.00241379310345129 0
0.161311063829022 0.00362068965517713 0
0.161311063829051 0.00482758620690308 0
0.16131106382908 0.0060344827586277 0
0.16131106382911 0.0072413793103526 0
0.161311063829139 0.00844827586207733 0
0.161311063829168 0.00965517241380194 0
0.161311063829197 0.0108620689655267 0
0.161311063829227 0.0120689655172517 0
0.161311063829256 0.0132758620689762 0
0.161311063829285 0.014482758620701 0
0.161311063829315 0.015689655172426 0
0.161311063829344 0.0168965517241507 0
0.161311063829373 0.0181034482758738 0
0.161311063829403 0.0193103448275968 0
0.161311063829432 0.0205172413793209 0
0.161311063829461 0.021724137931043 0
0.161311063829491 0.0229310344827654 0
0.16131106382952 0.0241379310344895 0
0.161311063829549 0.0253448275862117 0
0.161311063829578 0.0265517241379348 0
0.161311063829608 0.0277586206896584 0
0.161311063829637 0.0289655172413812 0
0.161311063829666 0.0301724137931034 0
0.161311063829696 0.0313793103448281 0
0.161311063829725 0.0325862068965529 0
0.161311063829754 0.0337931034482763 0
0.163520804429359 0.0012068965517252 0
0.163520804429388 0.00241379310345123 0
0.163520804429418 0.00362068965517704 0
0.163520804429447 0.00482758620690296 0
0.163520804429477 0.00603448275862755 0
0.163520804429507 0.00724137931035241 0
0.163520804429536 0.00844827586207711 0
0.163520804429566 0.00965517241380169 0
0.163520804429595 0.0108620689655264 0
0.163520804429625 0.0120689655172514 0
0.163520804429654 0.0132758620689759 0
0.163520804429684 0.0144827586207006 0
0.163520804429714 0.0156896551724256 0
0.163520804429743 0.0168965517241502 0
0.163520804429773 0.0181034482758733 0
0.163520804429802 0.0193103448275963 0
0.163520804429832 0.0205172413793205 0
0.163520804429861 0.0217241379310426 0
0.163520804429891 0.0229310344827651 0
0.163520804429921 0.0241379310344892 0
0.16352080442995 0.0253448275862114 0
0.16352080442998 0.0265517241379346 0
0.163520804430009 0.0277586206896582 0
0.163520804430039 0.028965517241381 0
0.163520804430068 0.0301724137931033 0
0.163520804430098 0.031379310344828 0
0.163520804430128 0.0325862068965528 0
0.163520804430157 0.0337931034482762 0
0.165730545029755 0.00120689655172517 0
0.165730545029784 0.00241379310345117 0
0.165730545029814 0.00362068965517696 0
0.165730545029844 0.00482758620690285 0
0.165730545029874 0.0060344827586274 0
0.165730545029904 0.00724137931035223 0
0.165730545029934 0.00844827586207689 0
0.165730545029964 0.00965517241380144 0
0.165730545029994 0.0108620689655261 0
0.165730545030024 0.0120689655172511 0
0.165730545030053 0.0132758620689755 0
0.165730545030083 0.0144827586207002 0
0.165730545030113 0.0156896551724252 0
0.165730545030143 0.0168965517241498 0
0.165730545030173 0.0181034482758729 0
0.165730545030203 0.0193103448275959 0
0.165730545030233 0.0205172413793201 0
0.165730545030263 0.0217241379310423 0
0.165730545030293 0.0229310344827648 0
0.165730545030323 0.0241379310344889 0
0.165730545030353 0.0253448275862111 0
0.165730545030382 0.0265517241379344 0
0.165730545030412 0.027758620689658 0
0.165730545030442 0.0289655172413809 0
0.165730545030472 0.0301724137931032 0
0.165730545030502 0.0313793103448279 0
0.165730545030532 0.0325862068965527 0
0.165730545030562 0.0337931034482762 0
0.16794028563015 0.00120689655172514 0
0.167940285630181 0.00241379310345111 0
0.167940285630211 0.00362068965517687 0
0.167940285630241 0.00482758620690273 0
0.167940285630272 0.00603448275862725 0
0.167940285630302 0.00724137931035205 0
0.167940285630333 0.00844827586207667 0
0.167940285630363 0.00965517241380119 0
0.167940285630393 0.0108620689655258 0
0.167940285630424 0.0120689655172507 0
0.167940285630454 0.0132758620689751 0
0.167940285630485 0.0144827586206998 0
0.167940285630515 0.0156896551724248 0
0.167940285630545 0.0168965517241493 0
0.167940285630576 0.0181034482758724 0
0.167940285630606 0.0193103448275955 0
0.167940285630637 0.0205172413793197 0
0.167940285630667 0.0217241379310419 0
0.167940285630697 0.0229310344827644 0
0.167940285630728 0.0241379310344886 0
0.167940285630758 0.0253448275862109 0
0.167940285630788 0.0265517241379341 0
0.167940285630819 0.0277586206896578 0
0.167940285630849 0.0289655172413807 0
0.16794028563088 0.0301724137931031 0
0.16794028563091 0.0313793103448278 0
0.16794028563094 0.0325862068965527 0
0.167940285630971 0.0337931034482762 0
0.170150026230546 0.00120689655172512 0
0.170150026230577 0.00241379310345105 0
0.170150026230608 0.00362068965517679 0
0.170150026230639 0.00482758620690261 0
0.17015002623067 0.0060344827586271 0
0.170150026230701 0.00724137931035186 0
0.170150026230731 0.00844827586207645 0
0.170150026230762 0.00965517241380093 0
0.170150026230793 0.0108620689655255 0
0.170150026230824 0.0120689655172504 0
0.170150026230855 0.0132758620689748 0
0.170150026230886 0.0144827586206994 0
0.170150026230917 0.0156896551724244 0
0.170150026230948 0.0168965517241489 0
0.170150026230978 0.018103448275872 0
0.170150026231009 0.0193103448275951 0
0.17015002623104 0.0205172413793193 0
0.170150026231071 0.0217241379310416 0
0.170150026231102 0.0229310344827641 0
0.170150026231133 0.0241379310344883 0
0.170150026231164 0.0253448275862106 0
0.170150026231195 0.0265517241379339 0
0.170150026231225 0.0277586206896577 0
0.170150026231256 0.0289655172413806 0
0.170150026231287 0.030172413793103 0
0.170150026231318 0.0313793103448278 0
0.170150026231349 0.0325862068965526 0
0.17015002623138 0.0337931034482762 0
0.172359766830942 0.00120689655172509 0
0.172359766830973 0.00241379310345099 0
0.172359766831005 0.0036206896551767 0
0.172359766831036 0.00482758620690249 0
0.172359766831067 0.00603448275862695 0
0.172359766831098 0.00724137931035168 0
0.17235976683113 0.00844827586207623 0
0.172359766831161 0.00965517241380068 0
0.172359766831192 0.0108620689655252 0
0.172359766831224 0.0120689655172501 0
0.172359766831255 0.0132758620689744 0
0.172359766831286 0.014482758620699 0
0.172359766831318 0.0156896551724239 0
0.172359766831349 0.0168965517241484 0
0.17235976683138 0.0181034482758715 0
0.172359766831411 0.0193103448275947 0
0.172359766831443 0.0205172413793189 0
0.172359766831474 0.0217241379310412 0
0.172359766831505 0.0229310344827638 0
0.172359766831537 0.024137931034488 0
0.172359766831568 0.0253448275862104 0
0.172359766831599 0.0265517241379337 0
0.172359766831631 0.0277586206896575 0
0.172359766831662 0.0289655172413804 0
0.172359766831693 0.0301724137931028 0
0.172359766831724 0.0313793103448277 0
0.172359766831756 0.0325862068965525 0
0.172359766831787 0.0337931034482761 0
0.174569507431338 0.00120689655172506 0
0.174569507431369 0.00241379310345092 0
0.174569507431401 0.00362068965517661 0
0.174569507431433 0.00482758620690238 0
0.174569507431464 0.0060344827586268 0
0.174569507431495 0.00724137931035149 0
0.174569507431527 0.00844827586207601 0
0.174569507431558 0.00965517241380043 0
0.17456950743159 0.010862068965525 0
0.174569507431622 0.0120689655172498 0
0.174569507431653 0.0132758620689741 0
0.174569507431685 0.0144827586206987 0
0.174569507431716 0.0156896551724235 0
0.174569507431748 0.016896551724148 0
0.174569507431779 0.0181034482758711 0
0.174569507431811 0.0193103448275942 0
0.174569507431842 0.0205172413793185 0
0.174569507431874 0.0217241379310409 0
0.174569507431905 0.0229310344827635 0
0.174569507431937 0.0241379310344877 0
0.174569507431969 0.0253448275862102 0
0.174569507432 0.0265517241379335 0
0.174569507432032 0.0277586206896573 0
0.174569507432063 0.0289655172413803 0
0.174569507432095 0.0301724137931027 0
0.174569507432126 0.0313793103448276 0
0.174569507432158 0.0325862068965525 0
0.174569507432189 0.0337931034482761 0
0.176779248031734 0.00120689655172504 0
0.176779248031766 0.00241379310345087 0
0.176779248031798 0.00362068965517653 0
0.17677924803183 0.00482758620690226 0
0.176779248031861 0.00603448275862665 0
0.176779248031893 0.0072413793103513 0
0.176779248031925 0.00844827586207579 0
0.176779248031957 0.00965517241380018 0
0.176779248031989 0.0108620689655247 0
0.176779248032021 0.0120689655172494 0
0.176779248032053 0.0132758620689737 0
0.176779248032085 0.0144827586206983 0
0.176779248032117 0.0156896551724231 0
0.176779248032149 0.0168965517241475 0
0.176779248032181 0.0181034482758706 0
0.176779248032213 0.0193103448275938 0
0.176779248032245 0.0205172413793181 0
0.176779248032277 0.0217241379310405 0
0.176779248032309 0.0229310344827632 0
0.176779248032341 0.0241379310344874 0
0.176779248032373 0.0253448275862099 0
0.176779248032405 0.0265517241379332 0
0.176779248032436 0.0277586206896571 0
0.176779248032469 0.0289655172413801 0
0.1767792480325 0.0301724137931026 0
0.176779248032532 0.0313793103448275 0
0.176779248032564 0.0325862068965524 0
0.176779248032596 0.0337931034482761 0
0.17898898863213 0.00120689655172501 0
0.178988988632162 0.0024137931034508 0
0.178988988632195 0.00362068965517644 0
0.178988988632227 0.00482758620690214 0
0.17898898863226 0.0060344827586265 0
0.178988988632292 0.00724137931035112 0
0.178988988632324 0.00844827586207557 0
0.178988988632357 0.00965517241379993 0
0.178988988632389 0.0108620689655244 0
0.178988988632422 0.0120689655172491 0
0.178988988632454 0.0132758620689734 0
0.178988988632487 0.0144827586206979 0
0.178988988632519 0.0156896551724227 0
0.178988988632552 0.0168965517241471 0
0.178988988632584 0.0181034482758702 0
0.178988988632617 0.0193103448275934 0
0.178988988632649 0.0205172413793177 0
0.178988988632682 0.0217241379310401 0
0.178988988632714 0.0229310344827628 0
0.178988988632747 0.0241379310344872 0
0.178988988632779 0.0253448275862097 0
0.178988988632812 0.026551724137933 0
0.178988988632844 0.0277586206896569 0
0.178988988632876 0.0289655172413799 0
0.178988988632909 0.0301724137931025 0
0.178988988632941 0.0313793103448274 0
0.178988988632974 0.0325862068965524 0
0.178988988633006 0.033793103448276 0
0.181198729232526 0.00120689655172498 0
0.181198729232559 0.00241379310345074 0
0.181198729232592 0.00362068965517636 0
0.181198729232625 0.00482758620690203 0
0.181198729232659 0.00603448275862635 0
0.181198729232692 0.00724137931035094 0
0.181198729232725 0.00844827586207535 0
0.181198729232758 0.00965517241379968 0
0.181198729232791 0.0108620689655241 0
0.181198729232825 0.0120689655172488 0
0.181198729232858 0.013275862068973 0
0.181198729232891 0.0144827586206975 0
0.181198729232924 0.0156896551724222 0
0.181198729232957 0.0168965517241466 0
0.18119872923299 0.0181034482758697 0
0.181198729233024 0.019310344827593 0
0.181198729233057 0.0205172413793173 0
0.18119872923309 0.0217241379310398 0
0.181198729233123 0.0229310344827625 0
0.181198729233156 0.0241379310344869 0
0.18119872923319 0.0253448275862094 0
0.181198729233223 0.0265517241379328 0
0.181198729233256 0.0277586206896567 0
0.181198729233289 0.0289655172413798 0
0.181198729233322 0.0301724137931024 0
0.181198729233356 0.0313793103448273 0
0.181198729233389 0.0325862068965523 0
0.181198729233422 0.033793103448276 0
0.183408469832922 0.00120689655172496 0
0.183408469832956 0.00241379310345068 0
0.183408469832989 0.00362068965517627 0
0.183408469833023 0.00482758620690191 0
0.183408469833057 0.0060344827586262 0
0.183408469833091 0.00724137931035075 0
0.183408469833124 0.00844827586207512 0
0.183408469833158 0.00965517241379943 0
0.183408469833192 0.0108620689655238 0
0.183408469833226 0.0120689655172485 0
0.18340846983326 0.0132758620689727 0
0.183408469833293 0.0144827586206971 0
0.183408469833327 0.0156896551724218 0
0.183408469833361 0.0168965517241462 0
0.183408469833395 0.0181034482758693 0
0.183408469833428 0.0193103448275926 0
0.183408469833462 0.0205172413793169 0
0.183408469833496 0.0217241379310395 0
0.18340846983353 0.0229310344827622 0
0.183408469833563 0.0241379310344866 0
0.183408469833597 0.0253448275862091 0
0.183408469833631 0.0265517241379326 0
0.183408469833665 0.0277586206896565 0
0.183408469833699 0.0289655172413796 0
0.183408469833732 0.0301724137931022 0
0.183408469833766 0.0313793103448272 0
0.1834084698338 0.0325862068965522 0
0.183408469833834 0.033793103448276 0
0.185618210433318 0.00120689655172493 0
0.185618210433352 0.00241379310345062 0
0.185618210433386 0.00362068965517619 0
0.18561821043342 0.00482758620690179 0
0.185618210433455 0.00603448275862605 0
0.185618210433489 0.00724137931035057 0
0.185618210433523 0.0084482758620749 0
0.185618210433557 0.00965517241379918 0
0.185618210433592 0.0108620689655235 0
0.185618210433626 0.0120689655172481 0
0.18561821043366 0.0132758620689723 0
0.185618210433694 0.0144827586206967 0
0.185618210433729 0.0156896551724214 0
0.185618210433763 0.0168965517241457 0
0.185618210433797 0.0181034482758688 0
0.185618210433831 0.0193103448275921 0
0.185618210433866 0.0205172413793165 0
0.1856182104339 0.0217241379310391 0
0.185618210433934 0.0229310344827619 0
0.185618210433968 0.0241379310344863 0
0.185618210434003 0.0253448275862089 0
0.185618210434037 0.0265517241379323 0
0.185618210434071 0.0277586206896563 0
0.185618210434105 0.0289655172413795 0
0.18561821043414 0.0301724137931021 0
0.185618210434174 0.0313793103448271 0
0.185618210434208 0.0325862068965521 0
0.185618210434242 0.033793103448276 0
0.187827951033713 0.0012068965517249 0
0.187827951033748 0.00241379310345056 0
0.187827951033782 0.0036206896551761 0
0.187827951033817 0.00482758620690167 0
0.187827951033851 0.0060344827586259 0
0.187827951033886 0.00724137931035038 0
0.18782795103392 0.00844827586207468 0
0.187827951033955 0.00965517241379892 0
0.187827951033989 0.0108620689655232 0
0.187827951034024 0.0120689655172478 0
0.187827951034058 0.013275862068972 0
0.187827951034093 0.0144827586206963 0
0.187827951034127 0.015689655172421 0
0.187827951034162 0.0168965517241453 0
0.187827951034196 0.0181034482758684 0
0.187827951034231 0.0193103448275917 0
0.187827951034265 0.0205172413793161 0
0.1878279510343 0.0217241379310387 0
0.187827951034334 0.0229310344827616 0
0.187827951034369 0.024137931034486 0
0.187827951034403 0.0253448275862086 0
0.187827951034438 0.0265517241379321 0
0.187827951034472 0.0277586206896561 0
0.187827951034507 0.0289655172413793 0
0.187827951034541 0.030172413793102 0
0.187827951034576 0.031379310344827 0
0.18782795103461 0.0325862068965521 0
0.187827951034645 0.0337931034482759 0
0.190037691634109 0.00120689655172488 0
0.190037691634144 0.0024137931034505 0
0.190037691634179 0.00362068965517601 0
0.190037691634213 0.00482758620690156 0
0.190037691634248 0.00603448275862575 0
0.190037691634283 0.0072413793103502 0
0.190037691634318 0.00844827586207446 0
0.190037691634353 0.00965517241379867 0
0.190037691634387 0.0108620689655229 0
0.190037691634422 0.0120689655172475 0
0.190037691634457 0.0132758620689716 0
0.190037691634492 0.0144827586206959 0
0.190037691634527 0.0156896551724206 0
0.190037691634561 0.0168965517241448 0
0.190037691634596 0.0181034482758679 0
0.190037691634631 0.0193103448275913 0
0.190037691634666 0.0205172413793157 0
0.190037691634701 0.0217241379310384 0
0.190037691634735 0.0229310344827612 0
0.19003769163477 0.0241379310344857 0
0.190037691634805 0.0253448275862084 0
0.19003769163484 0.0265517241379319 0
0.190037691634874 0.0277586206896559 0
0.190037691634909 0.0289655172413792 0
0.190037691634944 0.0301724137931019 0
0.190037691634979 0.031379310344827 0
0.190037691635014 0.032586206896552 0
0.190037691635049 0.0337931034482759 0
0.192247432234505 0.00120689655172485 0
0.19224743223454 0.00241379310345044 0
0.192247432234575 0.00362068965517593 0
0.19224743223461 0.00482758620690144 0
0.192247432234645 0.0060344827586256 0
0.192247432234681 0.00724137931035001 0
0.192247432234716 0.00844827586207424 0
0.192247432234751 0.00965517241379842 0
0.192247432234786 0.0108620689655227 0
0.192247432234821 0.0120689655172472 0
0.192247432234856 0.0132758620689713 0
0.192247432234892 0.0144827586206955 0
0.192247432234927 0.0156896551724201 0
0.192247432234962 0.0168965517241444 0
0.192247432234997 0.0181034482758675 0
0.192247432235032 0.0193103448275909 0
0.192247432235067 0.0205172413793153 0
0.192247432235103 0.021724137931038 0
0.192247432235138 0.0229310344827609 0
0.192247432235173 0.0241379310344854 0
0.192247432235208 0.0253448275862081 0
0.192247432235243 0.0265517241379317 0
0.192247432235278 0.0277586206896557 0
0.192247432235314 0.028965517241379 0
0.192247432235349 0.0301724137931018 0
0.192247432235384 0.0313793103448268 0
0.192247432235419 0.0325862068965519 0
0.192247432235454 0.0337931034482759 0
0.194457172834901 0.00120689655172482 0
0.194457172834936 0.00241379310345038 0
0.194457172834972 0.00362068965517584 0
0.194457172835008 0.00482758620690133 0
0.194457172835043 0.00603448275862545 0
0.194457172835079 0.00724137931034983 0
0.194457172835114 0.00844827586207402 0
0.19445717283515 0.00965517241379816 0
0.194457172835186 0.0108620689655224 0
0.194457172835221 0.0120689655172469 0
0.194457172835257 0.0132758620689709 0
0.194457172835293 0.0144827586206951 0
0.194457172835328 0.0156896551724197 0
0.194457172835364 0.0168965517241439 0
0.1944571728354 0.018103448275867 0
0.194457172835435 0.0193103448275904 0
0.194457172835471 0.0205172413793149 0
0.194457172835507 0.0217241379310377 0
0.194457172835542 0.0229310344827606 0
0.194457172835578 0.0241379310344851 0
0.194457172835614 0.0253448275862079 0
0.194457172835649 0.0265517241379315 0
0.194457172835685 0.0277586206896555 0
0.194457172835721 0.0289655172413789 0
0.194457172835756 0.0301724137931016 0
0.194457172835792 0.0313793103448268 0
0.194457172835827 0.0325862068965519 0
0.194457172835863 0.0337931034482759 0
0.196666913435297 0.0012068965517248 0
0.196666913435333 0.00241379310345032 0
0.196666913435369 0.00362068965517576 0
0.196666913435405 0.00482758620690121 0
0.196666913435441 0.0060344827586253 0
0.196666913435477 0.00724137931034964 0
0.196666913435514 0.0084482758620738 0
0.19666691343555 0.00965517241379791 0
0.196666913435586 0.0108620689655221 0
0.196666913435622 0.0120689655172465 0
0.196666913435658 0.0132758620689705 0
0.196666913435694 0.0144827586206948 0
0.19666691343573 0.0156896551724193 0
0.196666913435766 0.0168965517241435 0
0.196666913435802 0.0181034482758666 0
0.196666913435839 0.01931034482759 0
0.196666913435875 0.0205172413793145 0
0.196666913435911 0.0217241379310373 0
0.196666913435947 0.0229310344827603 0
0.196666913435983 0.0241379310344848 0
0.196666913436019 0.0253448275862076 0
0.196666913436055 0.0265517241379312 0
0.196666913436091 0.0277586206896553 0
0.196666913436127 0.0289655172413787 0
0.196666913436164 0.0301724137931015 0
0.1966669134362 0.0313793103448267 0
0.196666913436236 0.0325862068965518 0
0.196666913436272 0.0337931034482758 0
0.198876654035692 0.00120689655172477 0
0.198876654035729 0.00241379310345026 0
0.198876654035766 0.00362068965517567 0
0.198876654035802 0.00482758620690109 0
0.198876654035839 0.00603448275862516 0
0.198876654035876 0.00724137931034946 0
0.198876654035912 0.00844827586207358 0
0.198876654035949 0.00965517241379766 0
0.198876654035985 0.0108620689655218 0
0.198876654036022 0.0120689655172462 0
0.198876654036059 0.0132758620689702 0
0.198876654036095 0.0144827586206944 0
0.198876654036132 0.0156896551724189 0
0.198876654036168 0.016896551724143 0
0.198876654036205 0.0181034482758661 0
0.198876654036242 0.0193103448275896 0
0.198876654036278 0.0205172413793141 0
0.198876654036315 0.021724137931037 0
0.198876654036351 0.02293103448276 0
0.198876654036388 0.0241379310344845 0
0.198876654036425 0.0253448275862074 0
0.198876654036461 0.026551724137931 0
0.198876654036498 0.0277586206896552 0
0.198876654036535 0.0289655172413785 0
0.198876654036571 0.0301724137931014 0
0.198876654036608 0.0313793103448266 0
0.198876654036644 0.0325862068965517 0
0.198876654036681 0.0337931034482758 0
0.201086394636088 0.00120689655172474 0
0.201086394636125 0.0024137931034502 0
0.201086394636162 0.00362068965517559 0
0.201086394636199 0.00482758620690097 0
0.201086394636236 0.006034482758625 0
0.201086394636273 0.00724137931034927 0
0.20108639463631 0.00844827586207336 0
0.201086394636347 0.00965517241379741 0
0.201086394636384 0.0108620689655215 0
0.201086394636421 0.0120689655172459 0
0.201086394636458 0.0132758620689698 0
0.201086394636495 0.014482758620694 0
0.201086394636532 0.0156896551724184 0
0.201086394636569 0.0168965517241426 0
0.201086394636606 0.0181034482758657 0
0.201086394636643 0.0193103448275892 0
0.20108639463668 0.0205172413793137 0
0.201086394636717 0.0217241379310366 0
0.201086394636754 0.0229310344827596 0
0.201086394636791 0.0241379310344842 0
0.201086394636828 0.0253448275862071 0
0.201086394636865 0.0265517241379308 0
0.201086394636902 0.0277586206896549 0
0.201086394636939 0.0289655172413784 0
0.201086394636976 0.0301724137931013 0
0.201086394637013 0.0313793103448265 0
0.20108639463705 0.0325862068965517 0
0.201086394637087 0.0337931034482758 0
0.203296135236484 0.00120689655172472 0
0.203296135236522 0.00241379310345014 0
0.203296135236559 0.0036206896551755 0
0.203296135236596 0.00482758620690086 0
0.203296135236634 0.00603448275862485 0
0.203296135236671 0.00724137931034909 0
0.203296135236708 0.00844827586207313 0
0.203296135236746 0.00965517241379716 0
0.203296135236783 0.0108620689655212 0
0.20329613523682 0.0120689655172456 0
0.203296135236858 0.0132758620689695 0
0.203296135236895 0.0144827586206936 0
0.203296135236932 0.015689655172418 0
0.20329613523697 0.0168965517241421 0
0.203296135237007 0.0181034482758652 0
0.203296135237045 0.0193103448275887 0
0.203296135237082 0.0205172413793133 0
0.203296135237119 0.0217241379310363 0
0.203296135237157 0.0229310344827593 0
0.203296135237194 0.024137931034484 0
0.203296135237231 0.0253448275862069 0
0.203296135237269 0.0265517241379306 0
0.203296135237306 0.0277586206896548 0
0.203296135237343 0.0289655172413782 0
0.203296135237381 0.0301724137931012 0
0.203296135237418 0.0313793103448264 0
0.203296135237455 0.0325862068965516 0
0.203296135237493 0.0337931034482757 0
0.20550587583688 0.00120689655172469 0
0.205505875836918 0.00241379310345008 0
0.205505875836955 0.00362068965517542 0
0.205505875836993 0.00482758620690074 0
0.205505875837031 0.0060344827586247 0
0.205505875837069 0.0072413793103489 0
0.205505875837106 0.00844827586207291 0
0.205505875837144 0.00965517241379691 0
0.205505875837182 0.0108620689655209 0
0.205505875837219 0.0120689655172452 0
0.205505875837257 0.0132758620689691 0
0.205505875837295 0.0144827586206932 0
0.205505875837333 0.0156896551724176 0
0.20550587583737 0.0168965517241417 0
0.205505875837408 0.0181034482758647 0
0.205505875837446 0.0193103448275883 0
0.205505875837484 0.020517241379313 0
0.205505875837521 0.0217241379310359 0
0.205505875837559 0.022931034482759 0
0.205505875837597 0.0241379310344837 0
0.205505875837634 0.0253448275862066 0
0.205505875837672 0.0265517241379303 0
0.20550587583771 0.0277586206896546 0
0.205505875837748 0.0289655172413781 0
0.205505875837785 0.0301724137931011 0
0.205505875837823 0.0313793103448263 0
0.205505875837861 0.0325862068965515 0
0.205505875837898 0.0337931034482757 0
0.207715616437276 0.00120689655172466 0
0.207715616437314 0.00241379310345002 0
0.207715616437352 0.00362068965517533 0
0.20771561643739 0.00482758620690062 0
0.207715616437429 0.00603448275862456 0
0.207715616437467 0.00724137931034872 0
0.207715616437505 0.00844827586207269 0
0.207715616437543 0.00965517241379666 0
0.207715616437581 0.0108620689655207 0
0.207715616437619 0.0120689655172449 0
0.207715616437658 0.0132758620689688 0
0.207715616437696 0.0144827586206928 0
0.207715616437734 0.0156896551724172 0
0.207715616437772 0.0168965517241412 0
0.20771561643781 0.0181034482758643 0
0.207715616437848 0.0193103448275879 0
0.207715616437887 0.0205172413793125 0
0.207715616437925 0.0217241379310356 0
0.207715616437963 0.0229310344827587 0
0.207715616438001 0.0241379310344834 0
0.207715616438039 0.0253448275862064 0
0.207715616438078 0.0265517241379301 0
0.207715616438116 0.0277586206896544 0
0.207715616438154 0.0289655172413779 0
0.207715616438192 0.0301724137931009 0
0.20771561643823 0.0313793103448262 0
0.207715616438268 0.0325862068965515 0
0.207715616438306 0.0337931034482757 0
0.209925357037672 0.00120689655172464 0
0.20992535703771 0.00241379310344996 0
0.209925357037749 0.00362068965517525 0
0.209925357037788 0.0048275862069005 0
0.209925357037826 0.00603448275862441 0
0.209925357037865 0.00724137931034853 0
0.209925357037904 0.00844827586207247 0
0.209925357037942 0.00965517241379641 0
0.209925357037981 0.0108620689655204 0
0.20992535703802 0.0120689655172446 0
0.209925357038058 0.0132758620689684 0
0.209925357038097 0.0144827586206924 0
0.209925357038136 0.0156896551724168 0
0.209925357038174 0.0168965517241408 0
0.209925357038213 0.0181034482758639 0
0.209925357038252 0.0193103448275875 0
0.20992535703829 0.0205172413793122 0
0.209925357038329 0.0217241379310352 0
0.209925357038368 0.0229310344827584 0
0.209925357038406 0.0241379310344831 0
0.209925357038445 0.0253448275862061 0
0.209925357038484 0.0265517241379299 0
0.209925357038522 0.0277586206896542 0
0.209925357038561 0.0289655172413778 0
0.209925357038599 0.0301724137931008 0
0.209925357038638 0.0313793103448261 0
0.209925357038677 0.0325862068965514 0
0.209925357038716 0.0337931034482757 0
0.212135097638068 0.00120689655172461 0
0.212135097638107 0.0024137931034499 0
0.212135097638146 0.00362068965517516 0
0.212135097638185 0.00482758620690039 0
0.212135097638224 0.00603448275862426 0
0.212135097638263 0.00724137931034835 0
0.212135097638302 0.00844827586207225 0
0.212135097638342 0.00965517241379615 0
0.212135097638381 0.0108620689655201 0
0.21213509763842 0.0120689655172443 0
0.212135097638459 0.0132758620689681 0
0.212135097638498 0.014482758620692 0
0.212135097638537 0.0156896551724163 0
0.212135097638576 0.0168965517241403 0
0.212135097638616 0.0181034482758634 0
0.212135097638655 0.0193103448275871 0
0.212135097638694 0.0205172413793118 0
0.212135097638733 0.0217241379310349 0
0.212135097638772 0.0229310344827581 0
0.212135097638811 0.0241379310344828 0
0.21213509763885 0.0253448275862059 0
0.21213509763889 0.0265517241379297 0
0.212135097638929 0.027758620689654 0
0.212135097638968 0.0289655172413776 0
0.212135097639007 0.0301724137931007 0
0.212135097639046 0.031379310344826 0
0.212135097639085 0.0325862068965513 0
0.212135097639124 0.0337931034482756 0
0.214344838238464 0.00120689655172458 0
0.214344838238503 0.00241379310344984 0
0.214344838238543 0.00362068965517507 0
0.214344838238582 0.00482758620690027 0
0.214344838238622 0.00603448275862411 0
0.214344838238662 0.00724137931034816 0
0.214344838238701 0.00844827586207203 0
0.214344838238741 0.0096551724137959 0
0.214344838238781 0.0108620689655198 0
0.21434483823882 0.012068965517244 0
0.21434483823886 0.0132758620689677 0
0.214344838238899 0.0144827586206916 0
0.214344838238939 0.0156896551724159 0
0.214344838238979 0.0168965517241399 0
0.214344838239018 0.0181034482758629 0
0.214344838239058 0.0193103448275866 0
0.214344838239098 0.0205172413793114 0
0.214344838239137 0.0217241379310345 0
0.214344838239177 0.0229310344827577 0
0.214344838239216 0.0241379310344825 0
0.214344838239256 0.0253448275862056 0
0.214344838239296 0.0265517241379295 0
0.214344838239335 0.0277586206896538 0
0.214344838239375 0.0289655172413774 0
0.214344838239415 0.0301724137931006 0
0.214344838239454 0.031379310344826 0
0.214344838239494 0.0325862068965513 0
0.214344838239533 0.0337931034482756 0
0.21655457883886 0.00120689655172456 0
0.2165545788389 0.00241379310344977 0
0.21655457883894 0.00362068965517499 0
0.21655457883898 0.00482758620690016 0
0.21655457883902 0.00603448275862396 0
0.21655457883906 0.00724137931034798 0
0.2165545788391 0.00844827586207181 0
0.21655457883914 0.00965517241379565 0
0.21655457883918 0.0108620689655195 0
0.216554578839221 0.0120689655172436 0
0.216554578839261 0.0132758620689674 0
0.216554578839301 0.0144827586206913 0
0.216554578839341 0.0156896551724155 0
0.216554578839381 0.0168965517241394 0
0.216554578839421 0.0181034482758625 0
0.216554578839461 0.0193103448275862 0
0.216554578839501 0.020517241379311 0
0.216554578839541 0.0217241379310341 0
0.216554578839581 0.0229310344827574 0
0.216554578839622 0.0241379310344822 0
0.216554578839662 0.0253448275862054 0
0.216554578839702 0.0265517241379292 0
0.216554578839742 0.0277586206896536 0
0.216554578839782 0.0289655172413773 0
0.216554578839822 0.0301724137931005 0
0.216554578839862 0.0313793103448259 0
0.216554578839902 0.0325862068965512 0
0.216554578839942 0.0337931034482756 0
0.218764319439259 0.00120689655172453 0
0.218764319439299 0.00241379310344971 0
0.218764319439339 0.0036206896551749 0
0.21876431943938 0.00482758620690004 0
0.21876431943942 0.00603448275862381 0
0.218764319439461 0.00724137931034779 0
0.218764319439501 0.00844827586207159 0
0.218764319439541 0.0096551724137954 0
0.218764319439581 0.0108620689655192 0
0.218764319439622 0.0120689655172433 0
0.218764319439662 0.013275862068967 0
0.218764319439703 0.0144827586206909 0
0.218764319439743 0.0156896551724151 0
0.218764319439783 0.016896551724139 0
0.218764319439824 0.018103448275862 0
0.218764319439864 0.0193103448275858 0
0.218764319439904 0.0205172413793106 0
0.218764319439945 0.0217241379310338 0
0.218764319439985 0.0229310344827571 0
0.218764319440025 0.0241379310344819 0
0.218764319440066 0.0253448275862051 0
0.218764319440106 0.026551724137929 0
0.218764319440146 0.0277586206896534 0
0.218764319440187 0.0289655172413771 0
0.218764319440227 0.0301724137931004 0
0.218764319440267 0.0313793103448258 0
0.218764319440308 0.0325862068965511 0
0.218764319440348 0.0337931034482755 0
0.220974060039661 0.0012068965517245 0
0.220974060039702 0.00241379310344965 0
0.220974060039742 0.00362068965517482 0
0.220974060039782 0.00482758620689992 0
0.220974060039823 0.00603448275862366 0
0.220974060039863 0.00724137931034761 0
0.220974060039903 0.00844827586207137 0
0.220974060039944 0.00965517241379515 0
0.220974060039984 0.0108620689655189 0
0.220974060040024 0.012068965517243 0
0.220974060040065 0.0132758620689667 0
0.220974060040105 0.0144827586206905 0
0.220974060040145 0.0156896551724146 0
0.220974060040186 0.0168965517241385 0
0.220974060040226 0.0181034482758616 0
0.220974060040266 0.0193103448275854 0
0.220974060040307 0.0205172413793102 0
0.220974060040347 0.0217241379310334 0
0.220974060040387 0.0229310344827568 0
0.220974060040428 0.0241379310344816 0
0.220974060040468 0.0253448275862049 0
0.220974060040508 0.0265517241379288 0
0.220974060040549 0.0277586206896532 0
0.220974060040589 0.028965517241377 0
0.220974060040629 0.0301724137931002 0
0.22097406004067 0.0313793103448257 0
0.22097406004071 0.032586206896551 0
0.220974060040751 0.0337931034482755 0
0.223183800640067 0.00120689655172448 0
0.223183800640107 0.00241379310344959 0
0.223183800640147 0.00362068965517473 0
0.223183800640187 0.0048275862068998 0
0.223183800640227 0.00603448275862351 0
0.223183800640267 0.00724137931034743 0
0.223183800640308 0.00844827586207114 0
0.223183800640348 0.0096551724137949 0
0.223183800640388 0.0108620689655186 0
0.223183800640428 0.0120689655172427 0
0.223183800640468 0.0132758620689663 0
0.223183800640508 0.0144827586206901 0
0.223183800640548 0.0156896551724142 0
0.223183800640588 0.016896551724138 0
0.223183800640629 0.0181034482758611 0
0.223183800640669 0.0193103448275849 0
0.223183800640709 0.0205172413793098 0
0.223183800640749 0.0217241379310331 0
0.223183800640789 0.0229310344827564 0
0.223183800640829 0.0241379310344813 0
0.223183800640869 0.0253448275862046 0
0.223183800640909 0.0265517241379286 0
0.223183800640949 0.027758620689653 0
0.223183800640989 0.0289655172413768 0
0.223183800641029 0.0301724137931001 0
0.22318380064107 0.0313793103448256 0
0.22318380064111 0.032586206896551 0
0.22318380064115 0.0337931034482755 0
0.225393541240476 0.00120689655172445 0
0.225393541240515 0.00241379310344953 0
0.225393541240555 0.00362068965517465 0
0.225393541240594 0.00482758620689969 0
0.225393541240634 0.00603448275862336 0
0.225393541240674 0.00724137931034724 0
0.225393541240714 0.00844827586207092 0
0.225393541240753 0.00965517241379465 0
0.225393541240793 0.0108620689655184 0
0.225393541240832 0.0120689655172424 0
0.225393541240872 0.013275862068966 0
0.225393541240912 0.0144827586206897 0
0.225393541240951 0.0156896551724138 0
0.225393541240991 0.0168965517241376 0
0.225393541241031 0.0181034482758607 0
0.22539354124107 0.0193103448275845 0
0.22539354124111 0.0205172413793094 0
0.22539354124115 0.0217241379310327 0
0.225393541241189 0.0229310344827561 0
0.225393541241229 0.024137931034481 0
0.225393541241269 0.0253448275862044 0
0.225393541241308 0.0265517241379283 0
0.225393541241348 0.0277586206896528 0
0.225393541241387 0.0289655172413767 0
0.225393541241427 0.0301724137931 0
0.225393541241467 0.0313793103448255 0
0.225393541241506 0.0325862068965509 0
0.225393541241546 0.0337931034482755 0
0.227603281840884 0.00120689655172442 0
0.227603281840924 0.00241379310344947 0
0.227603281840963 0.00362068965517456 0
0.227603281841002 0.00482758620689957 0
0.227603281841041 0.00603448275862321 0
0.22760328184108 0.00724137931034706 0
0.227603281841119 0.0084482758620707 0
0.227603281841159 0.00965517241379439 0
0.227603281841198 0.0108620689655181 0
0.227603281841237 0.012068965517242 0
0.227603281841276 0.0132758620689656 0
0.227603281841315 0.0144827586206893 0
0.227603281841355 0.0156896551724134 0
0.227603281841394 0.0168965517241371 0
0.227603281841433 0.0181034482758602 0
0.227603281841472 0.0193103448275841 0
0.227603281841511 0.020517241379309 0
0.22760328184155 0.0217241379310324 0
0.22760328184159 0.0229310344827558 0
0.227603281841629 0.0241379310344807 0
0.227603281841668 0.0253448275862041 0
0.227603281841707 0.0265517241379281 0
0.227603281841746 0.0277586206896526 0
0.227603281841785 0.0289655172413765 0
0.227603281841824 0.0301724137930999 0
0.227603281841864 0.0313793103448254 0
0.227603281841903 0.0325862068965508 0
0.227603281841942 0.0337931034482755 0
0.229813022441293 0.0012068965517244 0
0.229813022441332 0.00241379310344941 0
0.229813022441371 0.00362068965517447 0
0.229813022441409 0.00482758620689946 0
0.229813022441448 0.00603448275862306 0
0.229813022441487 0.00724137931034687 0
0.229813022441525 0.00844827586207048 0
0.229813022441564 0.00965517241379414 0
0.229813022441603 0.0108620689655178 0
0.229813022441642 0.0120689655172417 0
0.22981302244168 0.0132758620689652 0
0.229813022441719 0.0144827586206889 0
0.229813022441758 0.0156896551724129 0
0.229813022441796 0.0168965517241367 0
0.229813022441835 0.0181034482758598 0
0.229813022441874 0.0193103448275837 0
0.229813022441912 0.0205172413793086 0
0.229813022441951 0.021724137931032 0
0.22981302244199 0.0229310344827555 0
0.229813022442029 0.0241379310344805 0
0.229813022442067 0.0253448275862039 0
0.229813022442106 0.0265517241379279 0
0.229813022442145 0.0277586206896525 0
0.229813022442183 0.0289655172413764 0
0.229813022442222 0.0301724137930998 0
0.229813022442261 0.0313793103448253 0
0.229813022442299 0.0325862068965508 0
0.229813022442338 0.0337931034482754 0
0.232022763041702 0.00120689655172437 0
0.23202276304174 0.00241379310344935 0
0.232022763041779 0.00362068965517439 0
0.232022763041817 0.00482758620689934 0
0.232022763041855 0.00603448275862291 0
0.232022763041893 0.00724137931034669 0
0.232022763041932 0.00844827586207026 0
0.23202276304197 0.00965517241379389 0
0.232022763042008 0.0108620689655175 0
0.232022763042046 0.0120689655172414 0
0.232022763042084 0.0132758620689649 0
0.232022763042123 0.0144827586206885 0
0.232022763042161 0.0156896551724125 0
0.232022763042199 0.0168965517241362 0
0.232022763042237 0.0181034482758593 0
0.232022763042276 0.0193103448275833 0
0.232022763042314 0.0205172413793082 0
0.232022763042352 0.0217241379310317 0
0.23202276304239 0.0229310344827552 0
0.232022763042428 0.0241379310344802 0
0.232022763042467 0.0253448275862036 0
0.232022763042505 0.0265517241379277 0
0.232022763042543 0.0277586206896522 0
0.232022763042581 0.0289655172413762 0
0.232022763042619 0.0301724137930996 0
0.232022763042658 0.0313793103448252 0
0.232022763042696 0.0325862068965507 0
0.232022763042734 0.0337931034482754 0
0.23423250364211 0.00120689655172434 0
0.234232503642148 0.00241379310344929 0
0.234232503642186 0.0036206896551743 0
0.234232503642224 0.00482758620689922 0
0.234232503642261 0.00603448275862276 0
0.234232503642299 0.0072413793103465 0
0.234232503642337 0.00844827586207004 0
0.234232503642375 0.00965517241379364 0
0.234232503642412 0.0108620689655172 0
0.23423250364245 0.012068965517241 0
0.234232503642488 0.0132758620689646 0
0.234232503642526 0.0144827586206881 0
0.234232503642564 0.0156896551724121 0
0.234232503642601 0.0168965517241358 0
0.234232503642639 0.0181034482758589 0
0.234232503642677 0.0193103448275828 0
0.234232503642715 0.0205172413793078 0
0.234232503642752 0.0217241379310313 0
0.23423250364279 0.0229310344827549 0
0.234232503642828 0.0241379310344799 0
0.234232503642865 0.0253448275862034 0
0.234232503642903 0.0265517241379275 0
0.234232503642941 0.0277586206896521 0
0.234232503642979 0.0289655172413761 0
0.234232503643017 0.0301724137930995 0
0.234232503643054 0.0313793103448251 0
0.234232503643092 0.0325862068965507 0
0.23423250364313 0.0337931034482754 0
0.236442244242516 0.00120689655172432 0
0.236442244242553 0.00241379310344923 0
0.236442244242591 0.00362068965517422 0
0.236442244242628 0.0048275862068991 0
0.236442244242665 0.00603448275862261 0
0.236442244242703 0.00724137931034632 0
0.23644224424274 0.00844827586206982 0
0.236442244242778 0.00965517241379339 0
0.236442244242815 0.0108620689655169 0
0.236442244242853 0.0120689655172407 0
0.23644224424289 0.0132758620689642 0
0.236442244242927 0.0144827586206877 0
0.236442244242965 0.0156896551724117 0
0.236442244243002 0.0168965517241353 0
0.23644224424304 0.0181034482758584 0
0.236442244243077 0.0193103448275824 0
0.236442244243114 0.0205172413793074 0
0.236442244243152 0.021724137931031 0
0.236442244243189 0.0229310344827545 0
0.236442244243226 0.0241379310344796 0
0.236442244243264 0.0253448275862031 0
0.236442244243301 0.0265517241379272 0
0.236442244243339 0.0277586206896519 0
0.236442244243376 0.0289655172413759 0
0.236442244243414 0.0301724137930994 0
0.236442244243451 0.031379310344825 0
0.236442244243488 0.0325862068965506 0
0.236442244243526 0.0337931034482754 0
0.238651984842921 0.00120689655172429 0
0.238651984842958 0.00241379310344917 0
0.238651984842995 0.00362068965517413 0
0.238651984843032 0.00482758620689899 0
0.238651984843069 0.00603448275862246 0
0.238651984843107 0.00724137931034613 0
0.238651984843144 0.0084482758620696 0
0.238651984843181 0.00965517241379313 0
0.238651984843218 0.0108620689655166 0
0.238651984843255 0.0120689655172404 0
0.238651984843292 0.0132758620689638 0
0.238651984843329 0.0144827586206874 0
0.238651984843366 0.0156896551724113 0
0.238651984843403 0.0168965517241349 0
0.23865198484344 0.018103448275858 0
0.238651984843477 0.019310344827582 0
0.238651984843514 0.020517241379307 0
0.238651984843551 0.0217241379310306 0
0.238651984843588 0.0229310344827542 0
0.238651984843625 0.0241379310344793 0
0.238651984843662 0.0253448275862029 0
0.2386519848437 0.026551724137927 0
0.238651984843737 0.0277586206896517 0
0.238651984843774 0.0289655172413757 0
0.238651984843811 0.0301724137930993 0
0.238651984843848 0.0313793103448249 0
0.238651984843885 0.0325862068965505 0
0.238651984843922 0.0337931034482753 0
0.240861725443327 0.00120689655172426 0
0.240861725443364 0.00241379310344911 0
0.240861725443401 0.00362068965517405 0
0.240861725443438 0.00482758620689887 0
0.240861725443474 0.00603448275862231 0
0.240861725443511 0.00724137931034595 0
0.240861725443548 0.00844827586206938 0
0.240861725443584 0.00965517241379288 0
0.240861725443621 0.0108620689655163 0
0.240861725443658 0.0120689655172401 0
0.240861725443694 0.0132758620689635 0
0.240861725443731 0.014482758620687 0
0.240861725443767 0.0156896551724108 0
0.240861725443804 0.0168965517241344 0
0.240861725443841 0.0181034482758575 0
0.240861725443877 0.0193103448275816 0
0.240861725443914 0.0205172413793066 0
0.240861725443951 0.0217241379310303 0
0.240861725443988 0.0229310344827539 0
0.240861725444024 0.024137931034479 0
0.240861725444061 0.0253448275862026 0
0.240861725444098 0.0265517241379268 0
0.240861725444134 0.0277586206896515 0
0.240861725444171 0.0289655172413756 0
0.240861725444208 0.0301724137930992 0
0.240861725444244 0.0313793103448249 0
0.240861725444281 0.0325862068965505 0
0.240861725444318 0.0337931034482753 0
0.243071466043736 0.00120689655172424 0
0.243071466043773 0.00241379310344905 0
0.243071466043809 0.00362068965517396 0
0.243071466043845 0.00482758620689875 0
0.243071466043881 0.00603448275862216 0
0.243071466043917 0.00724137931034576 0
0.243071466043954 0.00844827586206916 0
0.24307146604399 0.00965517241379263 0
0.243071466044026 0.0108620689655161 0
0.243071466044062 0.0120689655172398 0
0.243071466044098 0.0132758620689631 0
0.243071466044134 0.0144827586206866 0
0.243071466044171 0.0156896551724104 0
0.243071466044207 0.016896551724134 0
0.243071466044243 0.0181034482758571 0
0.243071466044279 0.0193103448275811 0
0.243071466044316 0.0205172413793062 0
0.243071466044352 0.0217241379310299 0
0.243071466044388 0.0229310344827536 0
0.243071466044424 0.0241379310344787 0
0.24307146604446 0.0253448275862024 0
0.243071466044497 0.0265517241379266 0
0.243071466044533 0.0277586206896513 0
0.243071466044569 0.0289655172413754 0
0.243071466044605 0.0301724137930991 0
0.243071466044641 0.0313793103448248 0
0.243071466044677 0.0325862068965504 0
0.243071466044714 0.0337931034482753 0
0.245281206644145 0.00120689655172421 0
0.245281206644181 0.00241379310344899 0
0.245281206644217 0.00362068965517388 0
0.245281206644252 0.00482758620689864 0
0.245281206644288 0.00603448275862201 0
0.245281206644324 0.00724137931034558 0
0.24528120664436 0.00844827586206894 0
0.245281206644395 0.00965517241379238 0
0.245281206644431 0.0108620689655158 0
0.245281206644467 0.0120689655172394 0
0.245281206644503 0.0132758620689628 0
0.245281206644538 0.0144827586206862 0
0.245281206644574 0.01568965517241 0
0.24528120664461 0.0168965517241335 0
0.245281206644645 0.0181034482758566 0
0.245281206644681 0.0193103448275807 0
0.245281206644717 0.0205172413793058 0
0.245281206644752 0.0217241379310295 0
0.245281206644788 0.0229310344827533 0
0.245281206644824 0.0241379310344784 0
0.24528120664486 0.0253448275862021 0
0.245281206644895 0.0265517241379263 0
0.245281206644931 0.0277586206896511 0
0.245281206644967 0.0289655172413753 0
0.245281206645002 0.0301724137930989 0
0.245281206645038 0.0313793103448247 0
0.245281206645074 0.0325862068965503 0
0.24528120664511 0.0337931034482752 0
0.247490947244554 0.00120689655172418 0
0.247490947244589 0.00241379310344893 0
0.247490947244625 0.00362068965517379 0
0.24749094724466 0.00482758620689852 0
0.247490947244695 0.00603448275862186 0
0.24749094724473 0.00724137931034539 0
0.247490947244766 0.00844827586206871 0
0.247490947244801 0.00965517241379213 0
0.247490947244836 0.0108620689655155 0
0.247490947244871 0.0120689655172391 0
0.247490947244906 0.0132758620689624 0
0.247490947244942 0.0144827586206858 0
0.247490947244977 0.0156896551724096 0
0.247490947245012 0.0168965517241331 0
0.247490947245047 0.0181034482758562 0
0.247490947245083 0.0193103448275803 0
0.247490947245118 0.0205172413793054 0
0.247490947245153 0.0217241379310292 0
0.247490947245188 0.0229310344827529 0
0.247490947245223 0.0241379310344781 0
0.247490947245259 0.0253448275862019 0
0.247490947245294 0.0265517241379261 0
0.247490947245329 0.0277586206896509 0
0.247490947245364 0.0289655172413751 0
0.2474909472454 0.0301724137930988 0
0.247490947245435 0.0313793103448246 0
0.24749094724547 0.0325862068965502 0
0.247490947245505 0.0337931034482752 0
0.249700687844959 0.00120689655172416 0
0.249700687844994 0.00241379310344887 0
0.249700687845029 0.00362068965517371 0
0.249700687845064 0.0048275862068984 0
0.249700687845098 0.00603448275862171 0
0.249700687845133 0.00724137931034521 0
0.249700687845168 0.00844827586206849 0
0.249700687845203 0.00965517241379188 0
0.249700687845237 0.0108620689655152 0
0.249700687845272 0.0120689655172388 0
0.249700687845307 0.0132758620689621 0
0.249700687845342 0.0144827586206854 0
0.249700687845376 0.0156896551724091 0
0.249700687845411 0.0168965517241326 0
0.249700687845446 0.0181034482758557 0
0.249700687845481 0.0193103448275799 0
0.249700687845516 0.020517241379305 0
0.24970068784555 0.0217241379310288 0
0.249700687845585 0.0229310344827526 0
0.24970068784562 0.0241379310344778 0
0.249700687845655 0.0253448275862016 0
0.249700687845689 0.0265517241379259 0
0.249700687845724 0.0277586206896507 0
0.249700687845759 0.028965517241375 0
0.249700687845794 0.0301724137930987 0
0.249700687845828 0.0313793103448245 0
0.249700687845863 0.0325862068965502 0
0.249700687845898 0.0337931034482752 0
0.251910428445363 0.00120689655172413 0
0.251910428445397 0.00241379310344881 0
0.251910428445432 0.00362068965517362 0
0.251910428445466 0.00482758620689828 0
0.2519104284455 0.00603448275862156 0
0.251910428445535 0.00724137931034502 0
0.251910428445569 0.00844827586206827 0
0.251910428445603 0.00965517241379162 0
0.251910428445637 0.0108620689655149 0
0.251910428445672 0.0120689655172385 0
0.251910428445706 0.0132758620689617 0
0.25191042844574 0.014482758620685 0
0.251910428445774 0.0156896551724087 0
0.251910428445809 0.0168965517241322 0
0.251910428445843 0.0181034482758553 0
0.251910428445877 0.0193103448275795 0
0.251910428445911 0.0205172413793046 0
0.251910428445946 0.0217241379310285 0
0.25191042844598 0.0229310344827523 0
0.251910428446015 0.0241379310344775 0
0.251910428446049 0.0253448275862014 0
0.251910428446083 0.0265517241379257 0
0.251910428446117 0.0277586206896505 0
0.251910428446152 0.0289655172413748 0
0.251910428446186 0.0301724137930986 0
0.25191042844622 0.0313793103448244 0
0.251910428446254 0.0325862068965501 0
0.251910428446289 0.0337931034482752 0
0.254120169045765 0.0012068965517241 0
0.254120169045799 0.00241379310344875 0
0.254120169045833 0.00362068965517353 0
0.254120169045866 0.00482758620689817 0
0.2541201690459 0.00603448275862141 0
0.254120169045934 0.00724137931034484 0
0.254120169045968 0.00844827586206805 0
0.254120169046002 0.00965517241379137 0
0.254120169046036 0.0108620689655146 0
0.254120169046069 0.0120689655172382 0
0.254120169046103 0.0132758620689614 0
0.254120169046137 0.0144827586206846 0
0.254120169046171 0.0156896551724083 0
0.254120169046204 0.0168965517241317 0
0.254120169046238 0.0181034482758548 0
0.254120169046272 0.019310344827579 0
0.254120169046306 0.0205172413793042 0
0.25412016904634 0.0217241379310281 0
0.254120169046374 0.022931034482752 0
0.254120169046407 0.0241379310344772 0
0.254120169046441 0.0253448275862011 0
0.254120169046475 0.0265517241379255 0
0.254120169046509 0.0277586206896503 0
0.254120169046542 0.0289655172413746 0
0.254120169046576 0.0301724137930985 0
0.25412016904661 0.0313793103448243 0
0.254120169046644 0.03258620689655 0
0.254120169046678 0.0337931034482751 0
0.256329909646174 0.00120689655172408 0
0.256329909646207 0.00241379310344869 0
0.25632990964624 0.00362068965517345 0
0.256329909646274 0.00482758620689805 0
0.256329909646307 0.00603448275862126 0
0.25632990964634 0.00724137931034466 0
0.256329909646373 0.00844827586206783 0
0.256329909646407 0.00965517241379112 0
0.25632990964644 0.0108620689655143 0
0.256329909646474 0.0120689655172378 0
0.256329909646507 0.013275862068961 0
0.25632990964654 0.0144827586206842 0
0.256329909646573 0.0156896551724079 0
0.256329909646607 0.0168965517241313 0
0.25632990964664 0.0181034482758544 0
0.256329909646674 0.0193103448275786 0
0.256329909646707 0.0205172413793038 0
0.25632990964674 0.0217241379310278 0
0.256329909646773 0.0229310344827517 0
0.256329909646807 0.024137931034477 0
0.25632990964684 0.0253448275862008 0
0.256329909646873 0.0265517241379252 0
0.256329909646907 0.0277586206896501 0
0.25632990964694 0.0289655172413745 0
0.256329909646973 0.0301724137930983 0
0.256329909647007 0.0313793103448242 0
0.25632990964704 0.03258620689655 0
0.256329909647073 0.0337931034482751 0
0.258539650246585 0.00120689655172405 0
0.258539650246618 0.00241379310344863 0
0.258539650246651 0.00362068965517336 0
0.258539650246683 0.00482758620689793 0
0.258539650246716 0.00603448275862111 0
0.258539650246749 0.00724137931034447 0
0.258539650246782 0.00844827586206761 0
0.258539650246814 0.00965517241379087 0
0.258539650246847 0.0108620689655141 0
0.25853965024688 0.0120689655172375 0
0.258539650246913 0.0132758620689607 0
0.258539650246945 0.0144827586206839 0
0.258539650246978 0.0156896551724074 0
0.258539650247011 0.0168965517241308 0
0.258539650247044 0.0181034482758539 0
0.258539650247076 0.0193103448275782 0
0.258539650247109 0.0205172413793035 0
0.258539650247142 0.0217241379310274 0
0.258539650247175 0.0229310344827513 0
0.258539650247207 0.0241379310344767 0
0.25853965024724 0.0253448275862006 0
0.258539650247273 0.026551724137925 0
0.258539650247306 0.0277586206896499 0
0.258539650247338 0.0289655172413743 0
0.258539650247371 0.0301724137930982 0
0.258539650247404 0.0313793103448241 0
0.258539650247437 0.0325862068965499 0
0.258539650247469 0.0337931034482751 0
0.260749390847001 0.00120689655172402 0
0.260749390847033 0.00241379310344856 0
0.260749390847065 0.00362068965517328 0
0.260749390847097 0.00482758620689782 0
0.260749390847129 0.00603448275862096 0
0.260749390847161 0.00724137931034428 0
0.260749390847193 0.00844827586206739 0
0.260749390847225 0.00965517241379062 0
0.260749390847257 0.0108620689655138 0
0.260749390847289 0.0120689655172372 0
0.260749390847321 0.0132758620689603 0
0.260749390847353 0.0144827586206835 0
0.260749390847385 0.015689655172407 0
0.260749390847417 0.0168965517241304 0
0.260749390847449 0.0181034482758534 0
0.260749390847481 0.0193103448275778 0
0.260749390847513 0.0205172413793031 0
0.260749390847545 0.0217241379310271 0
0.260749390847577 0.022931034482751 0
0.26074939084761 0.0241379310344764 0
0.260749390847641 0.0253448275862003 0
0.260749390847674 0.0265517241379248 0
0.260749390847705 0.0277586206896498 0
0.260749390847738 0.0289655172413742 0
0.260749390847769 0.0301724137930981 0
0.260749390847802 0.031379310344824 0
0.260749390847834 0.0325862068965498 0
0.260749390847866 0.033793103448275 0
0.262959131447411 0.001206896551724 0
0.262959131447442 0.0024137931034485 0
0.262959131447474 0.00362068965517319 0
0.262959131447505 0.0048275862068977 0
0.262959131447537 0.00603448275862081 0
0.262959131447568 0.0072413793103441 0
0.2629591314476 0.00844827586206717 0
0.262959131447632 0.00965517241379036 0
0.262959131447663 0.0108620689655135 0
0.262959131447695 0.0120689655172369 0
0.262959131447726 0.0132758620689599 0
0.262959131447758 0.0144827586206831 0
0.262959131447789 0.0156896551724066 0
0.262959131447821 0.0168965517241299 0
0.262959131447852 0.018103448275853 0
0.262959131447884 0.0193103448275774 0
0.262959131447915 0.0205172413793027 0
0.262959131447947 0.0217241379310267 0
0.262959131447978 0.0229310344827507 0
0.26295913144801 0.0241379310344761 0
0.262959131448041 0.0253448275862001 0
0.262959131448073 0.0265517241379246 0
0.262959131448104 0.0277586206896496 0
0.262959131448136 0.028965517241374 0
0.262959131448167 0.030172413793098 0
0.262959131448199 0.0313793103448239 0
0.26295913144823 0.0325862068965498 0
0.262959131448262 0.033793103448275 0
0.265168872047818 0.00120689655172397 0
0.265168872047849 0.00241379310344844 0
0.26516887204788 0.0036206896551731 0
0.265168872047911 0.00482758620689758 0
0.265168872047942 0.00603448275862066 0
0.265168872047974 0.00724137931034391 0
0.265168872048005 0.00844827586206695 0
0.265168872048036 0.00965517241379012 0
0.265168872048067 0.0108620689655132 0
0.265168872048098 0.0120689655172365 0
0.26516887204813 0.0132758620689596 0
0.265168872048161 0.0144827586206827 0
0.265168872048192 0.0156896551724062 0
0.265168872048223 0.0168965517241295 0
0.265168872048254 0.0181034482758526 0
0.265168872048285 0.0193103448275769 0
0.265168872048317 0.0205172413793023 0
0.265168872048348 0.0217241379310264 0
0.265168872048379 0.0229310344827504 0
0.26516887204841 0.0241379310344758 0
0.265168872048441 0.0253448275861998 0
0.265168872048473 0.0265517241379244 0
0.265168872048504 0.0277586206896494 0
0.265168872048535 0.0289655172413739 0
0.265168872048566 0.0301724137930979 0
0.265168872048597 0.0313793103448239 0
0.265168872048628 0.0325862068965497 0
0.26516887204866 0.033793103448275 0
0.26737861264822 0.00120689655172394 0
0.267378612648252 0.00241379310344838 0
0.267378612648283 0.00362068965517302 0
0.267378612648314 0.00482758620689746 0
0.267378612648345 0.00603448275862051 0
0.267378612648376 0.00724137931034373 0
0.267378612648407 0.00844827586206672 0
0.267378612648438 0.00965517241378987 0
0.26737861264847 0.0108620689655129 0
0.267378612648501 0.0120689655172362 0
0.267378612648532 0.0132758620689592 0
0.267378612648563 0.0144827586206823 0
0.267378612648594 0.0156896551724058 0
0.267378612648626 0.016896551724129 0
0.267378612648657 0.0181034482758521 0
0.267378612648688 0.0193103448275765 0
0.267378612648719 0.0205172413793019 0
0.26737861264875 0.021724137931026 0
0.267378612648782 0.0229310344827501 0
0.267378612648813 0.0241379310344755 0
0.267378612648844 0.0253448275861996 0
0.267378612648875 0.0265517241379241 0
0.267378612648906 0.0277586206896492 0
0.267378612648937 0.0289655172413737 0
0.267378612648969 0.0301724137930977 0
0.267378612649 0.0313793103448238 0
0.267378612649031 0.0325862068965496 0
0.267378612649062 0.033793103448275 0
0.269588353248628 0.00120689655172392 0
0.269588353248658 0.00241379310344832 0
0.269588353248689 0.00362068965517293 0
0.26958835324872 0.00482758620689735 0
0.269588353248751 0.00603448275862036 0
0.269588353248782 0.00724137931034354 0
0.269588353248812 0.0084482758620665 0
0.269588353248843 0.00965517241378961 0
0.269588353248874 0.0108620689655126 0
0.269588353248905 0.0120689655172359 0
0.269588353248936 0.0132758620689589 0
0.269588353248967 0.0144827586206819 0
0.269588353248997 0.0156896551724053 0
0.269588353249028 0.0168965517241286 0
0.269588353249059 0.0181034482758517 0
0.26958835324909 0.0193103448275761 0
0.269588353249121 0.0205172413793015 0
0.269588353249151 0.0217241379310256 0
0.269588353249182 0.0229310344827497 0
0.269588353249213 0.0241379310344752 0
0.269588353249244 0.0253448275861993 0
0.269588353249275 0.0265517241379239 0
0.269588353249306 0.027758620689649 0
0.269588353249336 0.0289655172413735 0
0.269588353249367 0.0301724137930976 0
0.269588353249398 0.0313793103448237 0
0.269588353249429 0.0325862068965496 0
0.26958835324946 0.0337931034482749 0
0.271798093849036 0.00120689655172389 0
0.271798093849067 0.00241379310344826 0
0.271798093849097 0.00362068965517285 0
0.271798093849127 0.00482758620689723 0
0.271798093849158 0.00603448275862021 0
0.271798093849188 0.00724137931034336 0
0.271798093849218 0.00844827586206628 0
0.271798093849249 0.00965517241378936 0
0.271798093849279 0.0108620689655123 0
0.271798093849309 0.0120689655172356 0
0.27179809384934 0.0132758620689585 0
0.27179809384937 0.0144827586206815 0
0.271798093849401 0.0156896551724049 0
0.271798093849431 0.0168965517241281 0
0.271798093849461 0.0181034482758512 0
0.271798093849491 0.0193103448275757 0
0.271798093849522 0.0205172413793011 0
0.271798093849552 0.0217241379310253 0
0.271798093849583 0.0229310344827494 0
0.271798093849613 0.0241379310344749 0
0.271798093849643 0.0253448275861991 0
0.271798093849674 0.0265517241379237 0
0.271798093849704 0.0277586206896488 0
0.271798093849734 0.0289655172413734 0
0.271798093849765 0.0301724137930975 0
0.271798093849795 0.0313793103448236 0
0.271798093849826 0.0325862068965495 0
0.271798093849856 0.0337931034482749 0
0.274007834449445 0.00120689655172386 0
0.274007834449475 0.0024137931034482 0
0.274007834449505 0.00362068965517276 0
0.274007834449535 0.00482758620689711 0
0.274007834449565 0.00603448275862006 0
0.274007834449594 0.00724137931034317 0
0.274007834449624 0.00844827586206606 0
0.274007834449654 0.00965517241378911 0
0.274007834449684 0.0108620689655121 0
0.274007834449714 0.0120689655172353 0
0.274007834449744 0.0132758620689582 0
0.274007834449774 0.0144827586206811 0
0.274007834449804 0.0156896551724045 0
0.274007834449834 0.0168965517241277 0
0.274007834449863 0.0181034482758507 0
0.274007834449893 0.0193103448275752 0
0.274007834449923 0.0205172413793007 0
0.274007834449953 0.0217241379310249 0
0.274007834449983 0.0229310344827491 0
0.274007834450013 0.0241379310344746 0
0.274007834450043 0.0253448275861988 0
0.274007834450072 0.0265517241379235 0
0.274007834450102 0.0277586206896486 0
0.274007834450132 0.0289655172413732 0
0.274007834450162 0.0301724137930974 0
0.274007834450192 0.0313793103448235 0
0.274007834450222 0.0325862068965494 0
0.274007834450252 0.0337931034482749 0
0.27621757504985 0.00120689655172384 0
0.27621757504988 0.00241379310344814 0
0.27621757504991 0.00362068965517268 0
0.276217575049939 0.004827586206897 0
0.276217575049969 0.00603448275861991 0
0.276217575049998 0.00724137931034299 0
0.276217575050028 0.00844827586206584 0
0.276217575050058 0.00965517241378886 0
0.276217575050088 0.0108620689655118 0
0.276217575050117 0.0120689655172349 0
0.276217575050147 0.0132758620689578 0
0.276217575050177 0.0144827586206807 0
0.276217575050206 0.0156896551724041 0
0.276217575050236 0.0168965517241272 0
0.276217575050266 0.0181034482758503 0
0.276217575050295 0.0193103448275748 0
0.276217575050325 0.0205172413793003 0
0.276217575050355 0.0217241379310246 0
0.276217575050385 0.0229310344827488 0
0.276217575050414 0.0241379310344743 0
0.276217575050444 0.0253448275861986 0
0.276217575050474 0.0265517241379232 0
0.276217575050503 0.0277586206896484 0
0.276217575050533 0.0289655172413731 0
0.276217575050563 0.0301724137930973 0
0.276217575050592 0.0313793103448234 0
0.276217575050622 0.0325862068965494 0
0.276217575050652 0.0337931034482749 0
0.278427315650253 0.00120689655172381 0
0.278427315650283 0.00241379310344808 0
0.278427315650312 0.00362068965517259 0
0.278427315650342 0.00482758620689688 0
0.278427315650371 0.00603448275861976 0
0.278427315650401 0.00724137931034281 0
0.278427315650431 0.00844827586206562 0
0.278427315650461 0.0096551724137886 0
0.27842731565049 0.0108620689655115 0
0.27842731565052 0.0120689655172346 0
0.27842731565055 0.0132758620689575 0
0.278427315650579 0.0144827586206803 0
0.278427315650609 0.0156896551724037 0
0.278427315650638 0.0168965517241268 0
0.278427315650668 0.0181034482758498 0
0.278427315650698 0.0193103448275744 0
0.278427315650728 0.0205172413792999 0
0.278427315650757 0.0217241379310242 0
0.278427315650787 0.0229310344827485 0
0.278427315650817 0.024137931034474 0
0.278427315650846 0.0253448275861983 0
0.278427315650876 0.026551724137923 0
0.278427315650906 0.0277586206896482 0
0.278427315650935 0.0289655172413729 0
0.278427315650965 0.0301724137930972 0
0.278427315650994 0.0313793103448233 0
0.278427315651024 0.0325862068965493 0
0.278427315651054 0.0337931034482748 0
0.280637056250662 0.00120689655172378 0
0.280637056250691 0.00241379310344802 0
0.28063705625072 0.00362068965517251 0
0.280637056250749 0.00482758620689676 0
0.280637056250779 0.00603448275861961 0
0.280637056250808 0.00724137931034262 0
0.280637056250837 0.0084482758620654 0
0.280637056250866 0.00965517241378835 0
0.280637056250895 0.0108620689655112 0
0.280637056250924 0.0120689655172343 0
0.280637056250954 0.0132758620689571 0
0.280637056250983 0.01448275862068 0
0.280637056251012 0.0156896551724032 0
0.280637056251041 0.0168965517241263 0
0.28063705625107 0.0181034482758494 0
0.2806370562511 0.019310344827574 0
0.280637056251129 0.0205172413792995 0
0.280637056251158 0.0217241379310239 0
0.280637056251187 0.0229310344827481 0
0.280637056251216 0.0241379310344738 0
0.280637056251246 0.0253448275861981 0
0.280637056251275 0.0265517241379228 0
0.280637056251304 0.027758620689648 0
0.280637056251333 0.0289655172413728 0
0.280637056251362 0.030172413793097 0
0.280637056251391 0.0313793103448232 0
0.280637056251421 0.0325862068965492 0
0.28063705625145 0.0337931034482748 0
0.282846796851071 0.00120689655172376 0
0.282846796851099 0.00241379310344796 0
0.282846796851128 0.00362068965517242 0
0.282846796851157 0.00482758620689664 0
0.282846796851186 0.00603448275861946 0
0.282846796851214 0.00724137931034244 0
0.282846796851243 0.00844827586206518 0
0.282846796851272 0.0096551724137881 0
0.2828467968513 0.0108620689655109 0
0.282846796851329 0.012068965517234 0
0.282846796851358 0.0132758620689568 0
0.282846796851387 0.0144827586206796 0
0.282846796851415 0.0156896551724028 0
0.282846796851444 0.0168965517241258 0
0.282846796851473 0.0181034482758489 0
0.282846796851501 0.0193103448275736 0
0.28284679685153 0.0205172413792991 0
0.282846796851559 0.0217241379310235 0
0.282846796851588 0.0229310344827478 0
0.282846796851616 0.0241379310344734 0
0.282846796851645 0.0253448275861978 0
0.282846796851674 0.0265517241379226 0
0.282846796851702 0.0277586206896478 0
0.282846796851731 0.0289655172413726 0
0.28284679685176 0.0301724137930969 0
0.282846796851788 0.0313793103448231 0
0.282846796851817 0.0325862068965492 0
0.282846796851846 0.0337931034482748 0
0.28505653745148 0.00120689655172373 0
0.285056537451508 0.0024137931034479 0
0.285056537451536 0.00362068965517234 0
0.285056537451565 0.00482758620689653 0
0.285056537451593 0.00603448275861931 0
0.285056537451621 0.00724137931034225 0
0.285056537451649 0.00844827586206495 0
0.285056537451677 0.00965517241378785 0
0.285056537451706 0.0108620689655106 0
0.285056537451734 0.0120689655172336 0
0.285056537451762 0.0132758620689564 0
0.28505653745179 0.0144827586206792 0
0.285056537451819 0.0156896551724024 0
0.285056537451847 0.0168965517241254 0
0.285056537451875 0.0181034482758485 0
0.285056537451903 0.0193103448275731 0
0.285056537451931 0.0205172413792987 0
0.28505653745196 0.0217241379310232 0
0.285056537451988 0.0229310344827475 0
0.285056537452016 0.0241379310344732 0
0.285056537452044 0.0253448275861976 0
0.285056537452072 0.0265517241379223 0
0.285056537452101 0.0277586206896476 0
0.285056537452129 0.0289655172413725 0
0.285056537452157 0.0301724137930968 0
0.285056537452186 0.0313793103448231 0
0.285056537452214 0.0325862068965491 0
0.285056537452242 0.0337931034482747 0
0.287266278051882 0.0012068965517237 0
0.287266278051911 0.00241379310344784 0
0.287266278051939 0.00362068965517225 0
0.287266278051967 0.00482758620689641 0
0.287266278051995 0.00603448275861916 0
0.287266278052023 0.00724137931034207 0
0.287266278052052 0.00844827586206473 0
0.28726627805208 0.0096551724137876 0
0.287266278052108 0.0108620689655103 0
0.287266278052136 0.0120689655172333 0
0.287266278052164 0.0132758620689561 0
0.287266278052193 0.0144827586206788 0
0.287266278052221 0.015689655172402 0
0.287266278052249 0.0168965517241249 0
0.287266278052277 0.018103448275848 0
0.287266278052306 0.0193103448275727 0
0.287266278052334 0.0205172413792983 0
0.287266278052362 0.0217241379310228 0
0.28726627805239 0.0229310344827472 0
0.287266278052418 0.0241379310344729 0
0.287266278052447 0.0253448275861973 0
0.287266278052475 0.0265517241379221 0
0.287266278052503 0.0277586206896474 0
0.287266278052531 0.0289655172413723 0
0.28726627805256 0.0301724137930967 0
0.287266278052588 0.0313793103448229 0
0.287266278052616 0.032586206896549 0
0.287266278052644 0.0337931034482747 0
0.289476018652287 0.00120689655172368 0
0.289476018652315 0.00241379310344778 0
0.289476018652344 0.00362068965517216 0
0.289476018652371 0.00482758620689629 0
0.2894760186524 0.00603448275861901 0
0.289476018652428 0.00724137931034188 0
0.289476018652455 0.00844827586206451 0
0.289476018652484 0.00965517241378735 0
0.289476018652511 0.01086206896551 0
0.28947601865254 0.012068965517233 0
0.289476018652568 0.0132758620689557 0
0.289476018652596 0.0144827586206784 0
0.289476018652624 0.0156896551724015 0
0.289476018652652 0.0168965517241245 0
0.28947601865268 0.0181034482758476 0
0.289476018652708 0.0193103448275723 0
0.289476018652736 0.0205172413792979 0
0.289476018652764 0.0217241379310225 0
0.289476018652792 0.0229310344827469 0
0.28947601865282 0.0241379310344726 0
0.289476018652848 0.0253448275861971 0
0.289476018652876 0.0265517241379219 0
0.289476018652904 0.0277586206896472 0
0.289476018652932 0.0289655172413722 0
0.28947601865296 0.0301724137930966 0
0.289476018652988 0.0313793103448229 0
0.289476018653016 0.032586206896549 0
0.289476018653044 0.0337931034482747 0
0.291685759252696 0.00120689655172365 0
0.291685759252724 0.00241379310344772 0
0.291685759252751 0.00362068965517208 0
0.291685759252779 0.00482758620689618 0
0.291685759252806 0.00603448275861886 0
0.291685759252834 0.0072413793103417 0
0.291685759252862 0.00844827586206429 0
0.291685759252889 0.0096551724137871 0
0.291685759252917 0.0108620689655098 0
0.291685759252944 0.0120689655172327 0
0.291685759252972 0.0132758620689554 0
0.291685759252999 0.014482758620678 0
0.291685759253027 0.0156896551724011 0
0.291685759253054 0.016896551724124 0
0.291685759253082 0.0181034482758471 0
0.29168575925311 0.0193103448275719 0
0.291685759253137 0.0205172413792975 0
0.291685759253164 0.0217241379310221 0
0.291685759253192 0.0229310344827465 0
0.29168575925322 0.0241379310344723 0
0.291685759253247 0.0253448275861968 0
0.291685759253275 0.0265517241379217 0
0.291685759253302 0.027758620689647 0
0.29168575925333 0.028965517241372 0
0.291685759253357 0.0301724137930965 0
0.291685759253385 0.0313793103448228 0
0.291685759253412 0.0325862068965489 0
0.29168575925344 0.0337931034482747 0
0.293895499853105 0.00120689655172362 0
0.293895499853132 0.00241379310344766 0
0.293895499853159 0.00362068965517199 0
0.293895499853186 0.00482758620689606 0
0.293895499853214 0.00603448275861871 0
0.293895499853241 0.00724137931034151 0
0.293895499853268 0.00844827586206407 0
0.293895499853295 0.00965517241378685 0
0.293895499853322 0.0108620689655095 0
0.293895499853349 0.0120689655172323 0
0.293895499853376 0.013275862068955 0
0.293895499853403 0.0144827586206776 0
0.29389549985343 0.0156896551724007 0
0.293895499853457 0.0168965517241236 0
0.293895499853484 0.0181034482758467 0
0.293895499853511 0.0193103448275714 0
0.293895499853538 0.0205172413792971 0
0.293895499853565 0.0217241379310218 0
0.293895499853592 0.0229310344827462 0
0.293895499853619 0.024137931034472 0
0.293895499853647 0.0253448275861966 0
0.293895499853674 0.0265517241379215 0
0.293895499853701 0.0277586206896469 0
0.293895499853728 0.0289655172413718 0
0.293895499853755 0.0301724137930963 0
0.293895499853782 0.0313793103448227 0
0.293895499853809 0.0325862068965488 0
0.293895499853836 0.0337931034482746 0
0.296105240453512 0.0012068965517236 0
0.296105240453539 0.0024137931034476 0
0.296105240453566 0.00362068965517191 0
0.296105240453592 0.00482758620689594 0
0.296105240453619 0.00603448275861856 0
0.296105240453646 0.00724137931034133 0
0.296105240453672 0.00844827586206385 0
0.296105240453699 0.00965517241378659 0
0.296105240453726 0.0108620689655092 0
0.296105240453753 0.012068965517232 0
0.296105240453779 0.0132758620689547 0
0.296105240453806 0.0144827586206772 0
0.296105240453833 0.0156896551724003 0
0.29610524045386 0.0168965517241231 0
0.296105240453886 0.0181034482758462 0
0.296105240453913 0.019310344827571 0
0.29610524045394 0.0205172413792967 0
0.296105240453967 0.0217241379310214 0
0.296105240453993 0.0229310344827459 0
0.29610524045402 0.0241379310344717 0
0.296105240454047 0.0253448275861963 0
0.296105240454073 0.0265517241379212 0
0.2961052404541 0.0277586206896467 0
0.296105240454127 0.0289655172413717 0
0.296105240454154 0.0301724137930962 0
0.29610524045418 0.0313793103448226 0
0.296105240454207 0.0325862068965488 0
0.296105240454234 0.0337931034482746 0
0.298314981053915 0.00120689655172357 0
0.298314981053941 0.00241379310344754 0
0.298314981053968 0.00362068965517182 0
0.298314981053995 0.00482758620689583 0
0.298314981054021 0.00603448275861841 0
0.298314981054048 0.00724137931034114 0
0.298314981054075 0.00844827586206363 0
0.298314981054102 0.00965517241378634 0
0.298314981054129 0.0108620689655089 0
0.298314981054155 0.0120689655172317 0
0.298314981054182 0.0132758620689543 0
0.298314981054209 0.0144827586206768 0
0.298314981054235 0.0156896551723998 0
0.298314981054262 0.0168965517241227 0
0.298314981054289 0.0181034482758458 0
0.298314981054316 0.0193103448275706 0
0.298314981054342 0.0205172413792963 0
0.298314981054369 0.021724137931021 0
0.298314981054396 0.0229310344827456 0
0.298314981054423 0.0241379310344714 0
0.298314981054449 0.0253448275861961 0
0.298314981054476 0.026551724137921 0
0.298314981054503 0.0277586206896465 0
0.298314981054529 0.0289655172413715 0
0.298314981054556 0.0301724137930961 0
0.298314981054583 0.0313793103448225 0
0.29831498105461 0.0325862068965487 0
0.298314981054636 0.0337931034482746 0
0.300524721654322 0.00120689655172354 0
0.300524721654348 0.00241379310344747 0
0.300524721654375 0.00362068965517174 0
0.300524721654401 0.00482758620689571 0
0.300524721654427 0.00603448275861827 0
0.300524721654454 0.00724137931034096 0
0.30052472165448 0.00844827586206341 0
0.300524721654507 0.00965517241378609 0
0.300524721654533 0.0108620689655086 0
0.300524721654559 0.0120689655172314 0
0.300524721654586 0.0132758620689539 0
0.300524721654612 0.0144827586206764 0
0.300524721654638 0.0156896551723994 0
0.300524721654665 0.0168965517241222 0
0.300524721654691 0.0181034482758453 0
0.300524721654717 0.0193103448275702 0
0.300524721654744 0.0205172413792959 0
0.30052472165477 0.0217241379310207 0
0.300524721654797 0.0229310344827453 0
0.300524721654823 0.0241379310344711 0
0.300524721654849 0.0253448275861958 0
0.300524721654876 0.0265517241379208 0
0.300524721654902 0.0277586206896463 0
0.300524721654929 0.0289655172413714 0
0.300524721654955 0.030172413793096 0
0.300524721654981 0.0313793103448224 0
0.300524721655008 0.0325862068965486 0
0.300524721655034 0.0337931034482745 0
0.302734462254732 0.00120689655172352 0
0.302734462254758 0.00241379310344742 0
0.302734462254784 0.00362068965517165 0
0.302734462254809 0.00482758620689559 0
0.302734462254835 0.00603448275861811 0
0.302734462254861 0.00724137931034077 0
0.302734462254887 0.00844827586206319 0
0.302734462254913 0.00965517241378584 0
0.302734462254939 0.0108620689655083 0
0.302734462254965 0.0120689655172311 0
0.302734462254991 0.0132758620689536 0
0.302734462255016 0.0144827586206761 0
0.302734462255042 0.015689655172399 0
0.302734462255068 0.0168965517241218 0
0.302734462255094 0.0181034482758449 0
0.30273446225512 0.0193103448275697 0
0.302734462255146 0.0205172413792955 0
0.302734462255171 0.0217241379310203 0
0.302734462255197 0.022931034482745 0
0.302734462255223 0.0241379310344708 0
0.302734462255249 0.0253448275861956 0
0.302734462255275 0.0265517241379206 0
0.302734462255301 0.0277586206896461 0
0.302734462255327 0.0289655172413712 0
0.302734462255353 0.0301724137930959 0
0.302734462255378 0.0313793103448223 0
0.302734462255404 0.0325862068965486 0
0.30273446225543 0.0337931034482745 0
0.304944202855148 0.00120689655172349 0
0.304944202855173 0.00241379310344735 0
0.304944202855198 0.00362068965517156 0
0.304944202855223 0.00482758620689548 0
0.304944202855248 0.00603448275861797 0
0.304944202855273 0.00724137931034059 0
0.304944202855299 0.00844827586206297 0
0.304944202855324 0.00965517241378559 0
0.304944202855349 0.010862068965508 0
0.304944202855374 0.0120689655172307 0
0.304944202855399 0.0132758620689532 0
0.304944202855424 0.0144827586206757 0
0.304944202855449 0.0156896551723986 0
0.304944202855474 0.0168965517241213 0
0.3049442028555 0.0181034482758444 0
0.304944202855525 0.0193103448275693 0
0.30494420285555 0.0205172413792951 0
0.304944202855575 0.02172413793102 0
0.3049442028556 0.0229310344827446 0
0.304944202855625 0.0241379310344705 0
0.30494420285565 0.0253448275861953 0
0.304944202855675 0.0265517241379204 0
0.304944202855701 0.0277586206896459 0
0.304944202855726 0.0289655172413711 0
0.304944202855751 0.0301724137930957 0
0.304944202855776 0.0313793103448222 0
0.304944202855801 0.0325862068965485 0
0.304944202855826 0.0337931034482745 0
0.307153943455559 0.00120689655172346 0
0.307153943455584 0.00241379310344729 0
0.307153943455608 0.00362068965517148 0
0.307153943455633 0.00482758620689536 0
0.307153943455657 0.00603448275861781 0
0.307153943455682 0.0072413793103404 0
0.307153943455707 0.00844827586206274 0
0.307153943455731 0.00965517241378533 0
0.307153943455756 0.0108620689655077 0
0.30715394345578 0.0120689655172304 0
0.307153943455805 0.0132758620689529 0
0.307153943455829 0.0144827586206753 0
0.307153943455854 0.0156896551723982 0
0.307153943455878 0.0168965517241209 0
0.307153943455903 0.018103448275844 0
0.307153943455928 0.0193103448275689 0
0.307153943455952 0.0205172413792948 0
0.307153943455977 0.0217241379310196 0
0.307153943456001 0.0229310344827443 0
0.307153943456026 0.0241379310344702 0
0.30715394345605 0.0253448275861951 0
0.307153943456075 0.0265517241379201 0
0.3071539434561 0.0277586206896457 0
0.307153943456124 0.0289655172413709 0
0.307153943456149 0.0301724137930956 0
0.307153943456173 0.0313793103448221 0
0.307153943456198 0.0325862068965484 0
0.307153943456222 0.0337931034482745 0
0.309363684055967 0.00120689655172344 0
0.309363684055992 0.00241379310344723 0
0.309363684056016 0.00362068965517139 0
0.30936368405604 0.00482758620689524 0
0.309363684056064 0.00603448275861766 0
0.309363684056088 0.00724137931034022 0
0.309363684056112 0.00844827586206253 0
0.309363684056136 0.00965517241378509 0
0.30936368405616 0.0108620689655075 0
0.309363684056184 0.0120689655172301 0
0.309363684056208 0.0132758620689525 0
0.309363684056232 0.0144827586206749 0
0.309363684056257 0.0156896551723977 0
0.309363684056281 0.0168965517241204 0
0.309363684056305 0.0181034482758435 0
0.309363684056329 0.0193103448275685 0
0.309363684056353 0.0205172413792944 0
0.309363684056377 0.0217241379310193 0
0.309363684056401 0.022931034482744 0
0.309363684056425 0.0241379310344699 0
0.309363684056449 0.0253448275861948 0
0.309363684056473 0.0265517241379199 0
0.309363684056497 0.0277586206896455 0
0.309363684056521 0.0289655172413707 0
0.309363684056546 0.0301724137930955 0
0.30936368405657 0.0313793103448221 0
0.309363684056594 0.0325862068965484 0
0.309363684056618 0.0337931034482745 0
0.311573424656369 0.00120689655172341 0
0.311573424656393 0.00241379310344717 0
0.311573424656417 0.00362068965517131 0
0.31157342465644 0.00482758620689512 0
0.311573424656464 0.00603448275861752 0
0.311573424656487 0.00724137931034003 0
0.311573424656511 0.0084482758620623 0
0.311573424656534 0.00965517241378483 0
0.311573424656558 0.0108620689655072 0
0.311573424656582 0.0120689655172298 0
0.311573424656605 0.0132758620689522 0
0.311573424656629 0.0144827586206745 0
0.311573424656653 0.0156896551723973 0
0.311573424656676 0.01689655172412 0
0.3115734246567 0.0181034482758431 0
0.311573424656724 0.0193103448275681 0
0.311573424656747 0.020517241379294 0
0.311573424656771 0.0217241379310189 0
0.311573424656794 0.0229310344827437 0
0.311573424656818 0.0241379310344697 0
0.311573424656842 0.0253448275861946 0
0.311573424656865 0.0265517241379197 0
0.311573424656889 0.0277586206896453 0
0.311573424656912 0.0289655172413706 0
0.311573424656936 0.0301724137930954 0
0.31157342465696 0.031379310344822 0
0.311573424656983 0.0325862068965483 0
0.311573424657007 0.0337931034482744 0
0.313783165256775 0.00120689655172338 0
0.313783165256798 0.00241379310344711 0
0.313783165256821 0.00362068965517122 0
0.313783165256844 0.00482758620689501 0
0.313783165256867 0.00603448275861737 0
0.31378316525689 0.00724137931033985 0
0.313783165256913 0.00844827586206208 0
0.313783165256936 0.00965517241378458 0
0.313783165256959 0.0108620689655069 0
0.313783165256982 0.0120689655172294 0
0.313783165257005 0.0132758620689518 0
0.313783165257028 0.0144827586206741 0
0.313783165257051 0.0156896551723969 0
0.313783165257074 0.0168965517241195 0
0.313783165257097 0.0181034482758426 0
0.31378316525712 0.0193103448275676 0
0.313783165257143 0.0205172413792936 0
0.313783165257166 0.0217241379310186 0
0.313783165257189 0.0229310344827434 0
0.313783165257212 0.0241379310344694 0
0.313783165257235 0.0253448275861943 0
0.313783165257258 0.0265517241379194 0
0.313783165257281 0.0277586206896451 0
0.313783165257304 0.0289655172413704 0
0.313783165257327 0.0301724137930953 0
0.31378316525735 0.0313793103448219 0
0.313783165257373 0.0325862068965482 0
0.313783165257396 0.0337931034482744 0
0.315992905857183 0.00120689655172336 0
0.315992905857206 0.00241379310344705 0
0.315992905857228 0.00362068965517114 0
0.31599290585725 0.00482758620689489 0
0.315992905857273 0.00603448275861722 0
0.315992905857295 0.00724137931033966 0
0.315992905857317 0.00844827586206186 0
0.31599290585734 0.00965517241378433 0
0.315992905857362 0.0108620689655066 0
0.315992905857384 0.0120689655172291 0
0.315992905857406 0.0132758620689515 0
0.315992905857429 0.0144827586206737 0
0.315992905857451 0.0156896551723965 0
0.315992905857473 0.0168965517241191 0
0.315992905857496 0.0181034482758422 0
0.315992905857518 0.0193103448275672 0
0.31599290585754 0.0205172413792932 0
0.315992905857563 0.0217241379310182 0
0.315992905857585 0.022931034482743 0
0.315992905857607 0.0241379310344691 0
0.315992905857629 0.0253448275861941 0
0.315992905857652 0.0265517241379192 0
0.315992905857674 0.0277586206896449 0
0.315992905857696 0.0289655172413703 0
0.315992905857718 0.0301724137930952 0
0.315992905857741 0.0313793103448218 0
0.315992905857763 0.0325862068965482 0
0.315992905857785 0.0337931034482744 0
0.318202646457592 0.00120689655172333 0
0.318202646457614 0.00241379310344699 0
0.318202646457635 0.00362068965517105 0
0.318202646457657 0.00482758620689477 0
0.318202646457678 0.00603448275861706 0
0.3182026464577 0.00724137931033948 0
0.318202646457722 0.00844827586206164 0
0.318202646457743 0.00965517241378408 0
0.318202646457765 0.0108620689655063 0
0.318202646457786 0.0120689655172288 0
0.318202646457808 0.0132758620689511 0
0.318202646457829 0.0144827586206733 0
0.318202646457851 0.015689655172396 0
0.318202646457873 0.0168965517241186 0
0.318202646457894 0.0181034482758417 0
0.318202646457916 0.0193103448275668 0
0.318202646457937 0.0205172413792928 0
0.318202646457959 0.0217241379310179 0
0.31820264645798 0.0229310344827427 0
0.318202646458002 0.0241379310344688 0
0.318202646458024 0.0253448275861938 0
0.318202646458045 0.026551724137919 0
0.318202646458067 0.0277586206896447 0
0.318202646458088 0.0289655172413701 0
0.31820264645811 0.030172413793095 0
0.318202646458132 0.0313793103448217 0
0.318202646458153 0.0325862068965481 0
0.318202646458175 0.0337931034482744 0
0.320412387057998 0.0012068965517233 0
0.320412387058019 0.00241379310344693 0
0.32041238705804 0.00362068965517097 0
0.320412387058061 0.00482758620689466 0
0.320412387058082 0.00603448275861691 0
0.320412387058103 0.00724137931033929 0
0.320412387058124 0.00844827586206142 0
0.320412387058145 0.00965517241378383 0
0.320412387058166 0.010862068965506 0
0.320412387058186 0.0120689655172285 0
0.320412387058208 0.0132758620689508 0
0.320412387058228 0.014482758620673 0
0.320412387058249 0.0156896551723956 0
0.320412387058271 0.0168965517241182 0
0.320412387058291 0.0181034482758412 0
0.320412387058312 0.0193103448275664 0
0.320412387058333 0.0205172413792924 0
0.320412387058354 0.0217241379310175 0
0.320412387058375 0.0229310344827424 0
0.320412387058396 0.0241379310344685 0
0.320412387058417 0.0253448275861935 0
0.320412387058438 0.0265517241379188 0
0.320412387058459 0.0277586206896446 0
0.32041238705848 0.02896551724137 0
0.320412387058501 0.0301724137930949 0
0.320412387058522 0.0313793103448216 0
0.320412387058543 0.032586206896548 0
0.320412387058564 0.0337931034482743 0
0.3226221276584 0.00120689655172328 0
0.32262212765842 0.00241379310344687 0
0.322622127658441 0.00362068965517088 0
0.322622127658461 0.00482758620689454 0
0.322622127658482 0.00603448275861677 0
0.322622127658502 0.00724137931033911 0
0.322622127658523 0.0084482758620612 0
0.322622127658543 0.00965517241378357 0
0.322622127658564 0.0108620689655058 0
0.322622127658584 0.0120689655172282 0
0.322622127658605 0.0132758620689504 0
0.322622127658625 0.0144827586206726 0
0.322622127658646 0.0156896551723952 0
0.322622127658666 0.0168965517241177 0
0.322622127658687 0.0181034482758408 0
0.322622127658707 0.0193103448275659 0
0.322622127658728 0.020517241379292 0
0.322622127658748 0.0217241379310172 0
0.322622127658769 0.0229310344827421 0
0.322622127658789 0.0241379310344682 0
0.322622127658809 0.0253448275861933 0
0.32262212765883 0.0265517241379186 0
0.322622127658851 0.0277586206896444 0
0.322622127658871 0.0289655172413698 0
0.322622127658891 0.0301724137930948 0
0.322622127658912 0.0313793103448215 0
0.322622127658932 0.0325862068965479 0
0.322622127658953 0.0337931034482743 0
0.324831868258808 0.00120689655172325 0
0.324831868258827 0.00241379310344681 0
0.324831868258847 0.0036206896551708 0
0.324831868258867 0.00482758620689442 0
0.324831868258887 0.00603448275861662 0
0.324831868258907 0.00724137931033893 0
0.324831868258927 0.00844827586206098 0
0.324831868258946 0.00965517241378332 0
0.324831868258966 0.0108620689655055 0
0.324831868258986 0.0120689655172278 0
0.324831868259006 0.0132758620689501 0
0.324831868259025 0.0144827586206722 0
0.324831868259045 0.0156896551723948 0
0.324831868259065 0.0168965517241173 0
0.324831868259085 0.0181034482758403 0
0.324831868259105 0.0193103448275655 0
0.324831868259124 0.0205172413792916 0
0.324831868259144 0.0217241379310168 0
0.324831868259164 0.0229310344827418 0
0.324831868259184 0.0241379310344679 0
0.324831868259204 0.0253448275861931 0
0.324831868259223 0.0265517241379183 0
0.324831868259243 0.0277586206896442 0
0.324831868259263 0.0289655172413697 0
0.324831868259283 0.0301724137930947 0
0.324831868259302 0.0313793103448214 0
0.324831868259322 0.0325862068965479 0
0.324831868259342 0.0337931034482743 0
0.327041608859216 0.00120689655172322 0
0.327041608859235 0.00241379310344675 0
0.327041608859254 0.00362068965517071 0
0.327041608859274 0.00482758620689431 0
0.327041608859293 0.00603448275861647 0
0.327041608859312 0.00724137931033874 0
0.327041608859331 0.00844827586206076 0
0.32704160885935 0.00965517241378307 0
0.327041608859369 0.0108620689655052 0
0.327041608859388 0.0120689655172275 0
0.327041608859407 0.0132758620689497 0
0.327041608859426 0.0144827586206718 0
0.327041608859445 0.0156896551723943 0
0.327041608859464 0.0168965517241168 0
0.327041608859483 0.0181034482758399 0
0.327041608859502 0.0193103448275651 0
0.327041608859521 0.0205172413792912 0
0.327041608859541 0.0217241379310164 0
0.32704160885956 0.0229310344827414 0
0.327041608859579 0.0241379310344676 0
0.327041608859598 0.0253448275861928 0
0.327041608859617 0.0265517241379181 0
0.327041608859636 0.027758620689644 0
0.327041608859655 0.0289655172413695 0
0.327041608859674 0.0301724137930946 0
0.327041608859693 0.0313793103448213 0
0.327041608859712 0.0325862068965478 0
0.327041608859731 0.0337931034482742 0
0.329251349459625 0.0012068965517232 0
0.329251349459643 0.00241379310344669 0
0.329251349459662 0.00362068965517062 0
0.32925134945968 0.00482758620689419 0
0.329251349459698 0.00603448275861632 0
0.329251349459717 0.00724137931033855 0
0.329251349459735 0.00844827586206053 0
0.329251349459753 0.00965517241378282 0
0.329251349459772 0.0108620689655049 0
0.32925134945979 0.0120689655172272 0
0.329251349459809 0.0132758620689494 0
0.329251349459827 0.0144827586206714 0
0.329251349459845 0.0156896551723939 0
0.329251349459864 0.0168965517241164 0
0.329251349459882 0.0181034482758394 0
0.3292513494599 0.0193103448275647 0
0.329251349459919 0.0205172413792908 0
0.329251349459937 0.0217241379310161 0
0.329251349459955 0.0229310344827411 0
0.329251349459974 0.0241379310344673 0
0.329251349459992 0.0253448275861925 0
0.32925134946001 0.0265517241379179 0
0.329251349460029 0.0277586206896438 0
0.329251349460047 0.0289655172413694 0
0.329251349460066 0.0301724137930944 0
0.329251349460084 0.0313793103448212 0
0.329251349460102 0.0325862068965478 0
0.329251349460121 0.0337931034482742 0
0.331461090060029 0.00120689655172317 0
0.331461090060047 0.00241379310344663 0
0.331461090060065 0.00362068965517054 0
0.331461090060083 0.00482758620689407 0
0.331461090060101 0.00603448275861617 0
0.331461090060119 0.00724137931033837 0
0.331461090060137 0.00844827586206031 0
0.331461090060155 0.00965517241378257 0
0.331461090060173 0.0108620689655046 0
0.331461090060191 0.0120689655172269 0
0.331461090060209 0.013275862068949 0
0.331461090060227 0.014482758620671 0
0.331461090060245 0.0156896551723935 0
0.331461090060263 0.0168965517241159 0
0.331461090060281 0.018103448275839 0
0.331461090060299 0.0193103448275643 0
0.331461090060317 0.0205172413792904 0
0.331461090060335 0.0217241379310157 0
0.331461090060353 0.0229310344827408 0
0.331461090060371 0.024137931034467 0
0.331461090060389 0.0253448275861923 0
0.331461090060407 0.0265517241379177 0
0.331461090060425 0.0277586206896436 0
0.331461090060443 0.0289655172413692 0
0.331461090060461 0.0301724137930943 0
0.331461090060479 0.0313793103448212 0
0.331461090060497 0.0325862068965477 0
0.331461090060515 0.0337931034482742 0
0.333670830660432 0.00120689655172314 0
0.33367083066045 0.00241379310344657 0
0.333670830660468 0.00362068965517045 0
0.333670830660486 0.00482758620689396 0
0.333670830660503 0.00603448275861602 0
0.333670830660521 0.00724137931033819 0
0.333670830660539 0.00844827586206009 0
0.333670830660557 0.00965517241378232 0
0.333670830660574 0.0108620689655043 0
0.333670830660592 0.0120689655172266 0
0.33367083066061 0.0132758620689486 0
0.333670830660628 0.0144827586206706 0
0.333670830660645 0.0156896551723931 0
0.333670830660663 0.0168965517241155 0
0.333670830660681 0.0181034482758385 0
0.333670830660699 0.0193103448275638 0
0.333670830660717 0.02051724137929 0
0.333670830660734 0.0217241379310154 0
0.333670830660752 0.0229310344827405 0
0.33367083066077 0.0241379310344668 0
0.333670830660788 0.0253448275861921 0
0.333670830660805 0.0265517241379175 0
0.333670830660823 0.0277586206896434 0
0.333670830660841 0.028965517241369 0
0.333670830660859 0.0301724137930942 0
0.333670830660876 0.0313793103448211 0
0.333670830660894 0.0325862068965476 0
0.333670830660912 0.0337931034482742 0
0.335880571260841 0.00120689655172312 0
0.335880571260859 0.00241379310344651 0
0.335880571260877 0.00362068965517037 0
0.335880571260894 0.00482758620689384 0
0.335880571260912 0.00603448275861587 0
0.335880571260929 0.007241379310338 0
0.335880571260947 0.00844827586205987 0
0.335880571260964 0.00965517241378207 0
0.335880571260982 0.010862068965504 0
0.335880571260999 0.0120689655172262 0
0.335880571261017 0.0132758620689483 0
0.335880571261034 0.0144827586206702 0
0.335880571261052 0.0156896551723927 0
0.335880571261069 0.016896551724115 0
0.335880571261087 0.0181034482758381 0
0.335880571261104 0.0193103448275634 0
0.335880571261122 0.0205172413792896 0
0.335880571261139 0.021724137931015 0
0.335880571261157 0.0229310344827402 0
0.335880571261174 0.0241379310344665 0
0.335880571261192 0.0253448275861918 0
0.335880571261209 0.0265517241379172 0
0.335880571261227 0.0277586206896432 0
0.335880571261244 0.0289655172413689 0
0.335880571261262 0.0301724137930941 0
0.33588057126128 0.031379310344821 0
0.335880571261297 0.0325862068965476 0
0.335880571261315 0.0337931034482741 0
0.338090311861255 0.00120689655172309 0
0.338090311861272 0.00241379310344645 0
0.338090311861289 0.00362068965517028 0
0.338090311861306 0.00482758620689372 0
0.338090311861323 0.00603448275861572 0
0.33809031186134 0.00724137931033782 0
0.338090311861357 0.00844827586205965 0
0.338090311861374 0.00965517241378181 0
0.33809031186139 0.0108620689655037 0
0.338090311861407 0.0120689655172259 0
0.338090311861425 0.0132758620689479 0
0.338090311861441 0.0144827586206698 0
0.338090311861458 0.0156896551723922 0
0.338090311861475 0.0168965517241145 0
0.338090311861492 0.0181034482758376 0
0.338090311861509 0.019310344827563 0
0.338090311861526 0.0205172413792892 0
0.338090311861543 0.0217241379310147 0
0.33809031186156 0.0229310344827398 0
0.338090311861577 0.0241379310344662 0
0.338090311861594 0.0253448275861915 0
0.338090311861611 0.026551724137917 0
0.338090311861628 0.027758620689643 0
0.338090311861645 0.0289655172413687 0
0.338090311861662 0.030172413793094 0
0.338090311861679 0.0313793103448209 0
0.338090311861696 0.0325862068965475 0
0.338090311861713 0.0337931034482741 0
0.34030005246167 0.00120689655172306 0
0.340300052461686 0.00241379310344639 0
0.340300052461702 0.0036206896551702 0
0.340300052461719 0.0048275862068936 0
0.340300052461735 0.00603448275861557 0
0.340300052461751 0.00724137931033763 0
0.340300052461767 0.00844827586205943 0
0.340300052461784 0.00965517241378156 0
0.3403000524618 0.0108620689655035 0
0.340300052461816 0.0120689655172256 0
0.340300052461832 0.0132758620689476 0
0.340300052461849 0.0144827586206694 0
0.340300052461865 0.0156896551723918 0
0.340300052461881 0.0168965517241141 0
0.340300052461898 0.0181034482758372 0
0.340300052461914 0.0193103448275626 0
0.34030005246193 0.0205172413792888 0
0.340300052461947 0.0217241379310143 0
0.340300052461963 0.0229310344827395 0
0.340300052461979 0.0241379310344659 0
0.340300052461995 0.0253448275861913 0
0.340300052462012 0.0265517241379168 0
0.340300052462028 0.0277586206896428 0
0.340300052462044 0.0289655172413686 0
0.34030005246206 0.0301724137930938 0
0.340300052462077 0.0313793103448208 0
0.340300052462093 0.0325862068965474 0
0.340300052462109 0.0337931034482741 0
0.342509793062079 0.00120689655172304 0
0.342509793062095 0.00241379310344632 0
0.34250979306211 0.00362068965517011 0
0.342509793062126 0.00482758620689349 0
0.342509793062142 0.00603448275861542 0
0.342509793062158 0.00724137931033745 0
0.342509793062174 0.00844827586205921 0
0.342509793062189 0.00965517241378131 0
0.342509793062205 0.0108620689655032 0
0.342509793062221 0.0120689655172253 0
0.342509793062237 0.0132758620689472 0
0.342509793062252 0.014482758620669 0
0.342509793062268 0.0156896551723914 0
0.342509793062284 0.0168965517241136 0
0.3425097930623 0.0181034482758367 0
0.342509793062316 0.0193103448275622 0
0.342509793062332 0.0205172413792884 0
0.342509793062347 0.021724137931014 0
0.342509793062363 0.0229310344827392 0
0.342509793062379 0.0241379310344656 0
0.342509793062395 0.025344827586191 0
0.34250979306241 0.0265517241379166 0
0.342509793062426 0.0277586206896426 0
0.342509793062442 0.0289655172413684 0
0.342509793062458 0.0301724137930937 0
0.342509793062474 0.0313793103448207 0
0.34250979306249 0.0325862068965473 0
0.342509793062505 0.033793103448274 0
0.344719533662484 0.00120689655172301 0
0.3447195336625 0.00241379310344627 0
0.344719533662515 0.00362068965517002 0
0.344719533662531 0.00482758620689337 0
0.344719533662546 0.00603448275861527 0
0.344719533662562 0.00724137931033726 0
0.344719533662578 0.00844827586205899 0
0.344719533662593 0.00965517241378106 0
0.344719533662609 0.0108620689655029 0
0.344719533662624 0.0120689655172249 0
0.34471953366264 0.0132758620689469 0
0.344719533662656 0.0144827586206687 0
0.344719533662671 0.015689655172391 0
0.344719533662687 0.0168965517241132 0
0.344719533662702 0.0181034482758363 0
0.344719533662718 0.0193103448275617 0
0.344719533662733 0.020517241379288 0
0.344719533662749 0.0217241379310136 0
0.344719533662765 0.0229310344827389 0
0.34471953366278 0.0241379310344653 0
0.344719533662796 0.0253448275861908 0
0.344719533662811 0.0265517241379163 0
0.344719533662827 0.0277586206896424 0
0.344719533662842 0.0289655172413683 0
0.344719533662858 0.0301724137930936 0
0.344719533662874 0.0313793103448206 0
0.344719533662889 0.0325862068965473 0
0.344719533662905 0.033793103448274 0
0.346929274262887 0.00120689655172298 0
0.346929274262902 0.00241379310344621 0
0.346929274262918 0.00362068965516994 0
0.346929274262933 0.00482758620689325 0
0.346929274262949 0.00603448275861512 0
0.346929274262964 0.00724137931033708 0
0.34692927426298 0.00844827586205876 0
0.346929274262996 0.0096551724137808 0
0.346929274263011 0.0108620689655026 0
0.346929274263027 0.0120689655172246 0
0.346929274263042 0.0132758620689465 0
0.346929274263058 0.0144827586206683 0
0.346929274263074 0.0156896551723906 0
0.346929274263089 0.0168965517241127 0
0.346929274263105 0.0181034482758358 0
0.34692927426312 0.0193103448275613 0
0.346929274263136 0.0205172413792876 0
0.346929274263152 0.0217241379310133 0
0.346929274263167 0.0229310344827386 0
0.346929274263183 0.024137931034465 0
0.346929274263198 0.0253448275861905 0
0.346929274263214 0.0265517241379161 0
0.346929274263229 0.0277586206896422 0
0.346929274263245 0.0289655172413681 0
0.34692927426326 0.0301724137930935 0
0.346929274263276 0.0313793103448205 0
0.346929274263292 0.0325862068965472 0
0.346929274263307 0.033793103448274 0
0.349139014863295 0.00120689655172296 0
0.34913901486331 0.00241379310344614 0
0.349139014863326 0.00362068965516985 0
0.349139014863341 0.00482758620689314 0
0.349139014863356 0.00603448275861497 0
0.349139014863371 0.00724137931033689 0
0.349139014863386 0.00844827586205854 0
0.349139014863401 0.00965517241378055 0
0.349139014863416 0.0108620689655023 0
0.349139014863431 0.0120689655172243 0
0.349139014863447 0.0132758620689462 0
0.349139014863462 0.0144827586206679 0
0.349139014863477 0.0156896551723901 0
0.349139014863492 0.0168965517241123 0
0.349139014863507 0.0181034482758354 0
0.349139014863522 0.0193103448275609 0
0.349139014863537 0.0205172413792872 0
0.349139014863552 0.0217241379310129 0
0.349139014863567 0.0229310344827383 0
0.349139014863583 0.0241379310344647 0
0.349139014863598 0.0253448275861903 0
0.349139014863613 0.0265517241379159 0
0.349139014863628 0.027758620689642 0
0.349139014863643 0.0289655172413679 0
0.349139014863658 0.0301724137930934 0
0.349139014863673 0.0313793103448204 0
0.349139014863688 0.0325862068965471 0
0.349139014863704 0.033793103448274 0
0.351348755463704 0.00120689655172293 0
0.351348755463719 0.00241379310344608 0
0.351348755463734 0.00362068965516977 0
0.351348755463748 0.00482758620689302 0
0.351348755463763 0.00603448275861482 0
0.351348755463777 0.00724137931033671 0
0.351348755463792 0.00844827586205832 0
0.351348755463807 0.00965517241378031 0
0.351348755463821 0.010862068965502 0
0.351348755463836 0.012068965517224 0
0.351348755463851 0.0132758620689458 0
0.351348755463865 0.0144827586206675 0
0.35134875546388 0.0156896551723897 0
0.351348755463895 0.0168965517241118 0
0.351348755463909 0.0181034482758349 0
0.351348755463924 0.0193103448275605 0
0.351348755463939 0.0205172413792868 0
0.351348755463953 0.0217241379310126 0
0.351348755463968 0.0229310344827379 0
0.351348755463982 0.0241379310344644 0
0.351348755463997 0.02534482758619 0
0.351348755464012 0.0265517241379157 0
0.351348755464026 0.0277586206896418 0
0.351348755464041 0.0289655172413678 0
0.351348755464056 0.0301724137930933 0
0.35134875546407 0.0313793103448204 0
0.351348755464085 0.0325862068965471 0
0.351348755464099 0.0337931034482739 0
0.353558496064113 0.0012068965517229 0
0.353558496064127 0.00241379310344602 0
0.353558496064142 0.00362068965516968 0
0.353558496064156 0.0048275862068929 0
0.35355849606417 0.00603448275861467 0
0.353558496064184 0.00724137931033652 0
0.353558496064198 0.00844827586205811 0
0.353558496064212 0.00965517241378005 0
0.353558496064227 0.0108620689655017 0
0.353558496064241 0.0120689655172237 0
0.353558496064255 0.0132758620689455 0
0.353558496064269 0.0144827586206671 0
0.353558496064283 0.0156896551723893 0
0.353558496064297 0.0168965517241114 0
0.353558496064311 0.0181034482758345 0
0.353558496064326 0.01931034482756 0
0.35355849606434 0.0205172413792864 0
0.353558496064354 0.0217241379310122 0
0.353558496064368 0.0229310344827376 0
0.353558496064382 0.0241379310344641 0
0.353558496064396 0.0253448275861898 0
0.35355849606441 0.0265517241379155 0
0.353558496064425 0.0277586206896417 0
0.353558496064439 0.0289655172413676 0
0.353558496064453 0.0301724137930931 0
0.353558496064467 0.0313793103448203 0
0.353558496064481 0.032586206896547 0
0.353558496064496 0.0337931034482739 0
0.355768236664516 0.00120689655172288 0
0.355768236664531 0.00241379310344596 0
0.355768236664545 0.0036206896551696 0
0.355768236664559 0.00482758620689279 0
0.355768236664573 0.00603448275861452 0
0.355768236664587 0.00724137931033634 0
0.355768236664601 0.00844827586205788 0
0.355768236664615 0.0096551724137798 0
0.355768236664629 0.0108620689655015 0
0.355768236664643 0.0120689655172233 0
0.355768236664657 0.0132758620689451 0
0.355768236664671 0.0144827586206667 0
0.355768236664686 0.0156896551723889 0
0.3557682366647 0.0168965517241109 0
0.355768236664714 0.018103448275834 0
0.355768236664728 0.0193103448275596 0
0.355768236664742 0.020517241379286 0
0.355768236664756 0.0217241379310119 0
0.35576823666477 0.0229310344827373 0
0.355768236664784 0.0241379310344638 0
0.355768236664799 0.0253448275861895 0
0.355768236664813 0.0265517241379152 0
0.355768236664827 0.0277586206896415 0
0.355768236664841 0.0289655172413675 0
0.355768236664855 0.030172413793093 0
0.355768236664869 0.0313793103448202 0
0.355768236664883 0.0325862068965469 0
0.355768236664897 0.0337931034482739 0
0.357977977264921 0.00120689655172285 0
0.357977977264935 0.0024137931034459 0
0.357977977264949 0.00362068965516951 0
0.357977977264963 0.00482758620689267 0
0.357977977264977 0.00603448275861437 0
0.35797797726499 0.00724137931033615 0
0.357977977265005 0.00844827586205766 0
0.357977977265019 0.00965517241377955 0
0.357977977265032 0.0108620689655012 0
0.357977977265046 0.012068965517223 0
0.35797797726506 0.0132758620689448 0
0.357977977265074 0.0144827586206663 0
0.357977977265088 0.0156896551723884 0
0.357977977265102 0.0168965517241105 0
0.357977977265116 0.0181034482758336 0
0.35797797726513 0.0193103448275592 0
0.357977977265144 0.0205172413792857 0
0.357977977265158 0.0217241379310115 0
0.357977977265172 0.022931034482737 0
0.357977977265186 0.0241379310344635 0
0.3579779772652 0.0253448275861893 0
0.357977977265214 0.026551724137915 0
0.357977977265228 0.0277586206896413 0
0.357977977265242 0.0289655172413673 0
0.357977977265256 0.0301724137930929 0
0.35797797726527 0.0313793103448201 0
0.357977977265284 0.0325862068965469 0
0.357977977265298 0.0337931034482738 0
0.36018771786533 0.00120689655172282 0
0.360187717865343 0.00241379310344584 0
0.360187717865357 0.00362068965516943 0
0.36018771786537 0.00482758620689255 0
0.360187717865384 0.00603448275861422 0
0.360187717865397 0.00724137931033597 0
0.360187717865411 0.00844827586205744 0
0.360187717865424 0.0096551724137793 0
0.360187717865438 0.0108620689655009 0
0.360187717865451 0.0120689655172227 0
0.360187717865465 0.0132758620689444 0
0.360187717865478 0.0144827586206659 0
0.360187717865491 0.015689655172388 0
0.360187717865505 0.01689655172411 0
0.360187717865518 0.0181034482758331 0
0.360187717865532 0.0193103448275588 0
0.360187717865545 0.0205172413792853 0
0.360187717865559 0.0217241379310112 0
0.360187717865572 0.0229310344827366 0
0.360187717865586 0.0241379310344632 0
0.360187717865599 0.025344827586189 0
0.360187717865613 0.0265517241379148 0
0.360187717865626 0.0277586206896411 0
0.36018771786564 0.0289655172413672 0
0.360187717865653 0.0301724137930928 0
0.360187717865667 0.03137931034482 0
0.36018771786568 0.0325862068965468 0
0.360187717865694 0.0337931034482738 0
0.362397458465739 0.0012068965517228 0
0.362397458465752 0.00241379310344578 0
0.362397458465765 0.00362068965516934 0
0.362397458465778 0.00482758620689243 0
0.362397458465791 0.00603448275861407 0
0.362397458465804 0.00724137931033578 0
0.362397458465817 0.00844827586205722 0
0.36239745846583 0.00965517241377904 0
0.362397458465843 0.0108620689655006 0
0.362397458465856 0.0120689655172224 0
0.362397458465869 0.013275862068944 0
0.362397458465882 0.0144827586206656 0
0.362397458465895 0.0156896551723876 0
0.362397458465908 0.0168965517241096 0
0.362397458465921 0.0181034482758327 0
0.362397458465934 0.0193103448275583 0
0.362397458465947 0.0205172413792849 0
0.36239745846596 0.0217241379310108 0
0.362397458465973 0.0229310344827363 0
0.362397458465986 0.024137931034463 0
0.362397458465999 0.0253448275861888 0
0.362397458466012 0.0265517241379146 0
0.362397458466025 0.0277586206896409 0
0.362397458466038 0.028965517241367 0
0.36239745846605 0.0301724137930927 0
0.362397458466064 0.0313793103448199 0
0.362397458466077 0.0325862068965467 0
0.36239745846609 0.0337931034482738 0
0.364607199066146 0.00120689655172277 0
0.364607199066159 0.00241379310344572 0
0.364607199066172 0.00362068965516926 0
0.364607199066184 0.00482758620689232 0
0.364607199066197 0.00603448275861392 0
0.364607199066209 0.0072413793103356 0
0.364607199066222 0.008448275862057 0
0.364607199066235 0.00965517241377879 0
0.364607199066247 0.0108620689655003 0
0.36460719906626 0.012068965517222 0
0.364607199066272 0.0132758620689437 0
0.364607199066285 0.0144827586206651 0
0.364607199066298 0.0156896551723872 0
0.36460719906631 0.0168965517241091 0
0.364607199066323 0.0181034482758322 0
0.364607199066335 0.0193103448275579 0
0.364607199066348 0.0205172413792845 0
0.364607199066361 0.0217241379310104 0
0.364607199066373 0.022931034482736 0
0.364607199066386 0.0241379310344627 0
0.364607199066399 0.0253448275861885 0
0.364607199066411 0.0265517241379143 0
0.364607199066424 0.0277586206896407 0
0.364607199066436 0.0289655172413669 0
0.364607199066449 0.0301724137930925 0
0.364607199066462 0.0313793103448198 0
0.364607199066474 0.0325862068965467 0
0.364607199066487 0.0337931034482738 0
0.366816939666549 0.00120689655172274 0
0.366816939666561 0.00241379310344566 0
0.366816939666574 0.00362068965516917 0
0.366816939666587 0.0048275862068922 0
0.366816939666599 0.00603448275861377 0
0.366816939666612 0.00724137931033542 0
0.366816939666624 0.00844827586205678 0
0.366816939666637 0.00965517241377854 0
0.36681693966665 0.0108620689655 0
0.366816939666662 0.0120689655172217 0
0.366816939666675 0.0132758620689433 0
0.366816939666687 0.0144827586206648 0
0.3668169396667 0.0156896551723867 0
0.366816939666713 0.0168965517241087 0
0.366816939666725 0.0181034482758318 0
0.366816939666738 0.0193103448275575 0
0.366816939666751 0.0205172413792841 0
0.366816939666763 0.0217241379310101 0
0.366816939666776 0.0229310344827357 0
0.366816939666789 0.0241379310344624 0
0.366816939666801 0.0253448275861883 0
0.366816939666814 0.0265517241379141 0
0.366816939666826 0.0277586206896405 0
0.366816939666839 0.0289655172413667 0
0.366816939666852 0.0301724137930924 0
0.366816939666864 0.0313793103448197 0
0.366816939666877 0.0325862068965466 0
0.366816939666889 0.0337931034482737 0
0.369026680266955 0.00120689655172272 0
0.369026680266968 0.0024137931034456 0
0.36902668026698 0.00362068965516908 0
0.369026680266992 0.00482758620689208 0
0.369026680267005 0.00603448275861362 0
0.369026680267017 0.00724137931033523 0
0.369026680267029 0.00844827586205656 0
0.369026680267041 0.00965517241377829 0
0.369026680267054 0.0108620689654997 0
0.369026680267066 0.0120689655172214 0
0.369026680267079 0.013275862068943 0
0.369026680267091 0.0144827586206644 0
0.369026680267103 0.0156896551723863 0
0.369026680267115 0.0168965517241082 0
0.369026680267128 0.0181034482758313 0
0.36902668026714 0.0193103448275571 0
0.369026680267152 0.0205172413792837 0
0.369026680267165 0.0217241379310097 0
0.369026680267177 0.0229310344827354 0
0.369026680267189 0.0241379310344621 0
0.369026680267201 0.025344827586188 0
0.369026680267214 0.0265517241379139 0
0.369026680267226 0.0277586206896403 0
0.369026680267238 0.0289655172413665 0
0.369026680267251 0.0301724137930923 0
0.369026680267263 0.0313793103448196 0
0.369026680267275 0.0325862068965465 0
0.369026680267288 0.0337931034482737 0
0.371236420867364 0.00120689655172269 0
0.371236420867376 0.00241379310344554 0
0.371236420867388 0.003620689655169 0
0.3712364208674 0.00482758620689197 0
0.371236420867412 0.00603448275861347 0
0.371236420867423 0.00724137931033504 0
0.371236420867435 0.00844827586205634 0
0.371236420867447 0.00965517241377804 0
0.371236420867459 0.0108620689654995 0
0.371236420867471 0.0120689655172211 0
0.371236420867482 0.0132758620689426 0
0.371236420867494 0.014482758620664 0
0.371236420867506 0.0156896551723859 0
0.371236420867518 0.0168965517241078 0
0.37123642086753 0.0181034482758308 0
0.371236420867542 0.0193103448275567 0
0.371236420867553 0.0205172413792833 0
0.371236420867565 0.0217241379310094 0
0.371236420867577 0.022931034482735 0
0.371236420867589 0.0241379310344618 0
0.371236420867601 0.0253448275861878 0
0.371236420867613 0.0265517241379137 0
0.371236420867624 0.0277586206896401 0
0.371236420867636 0.0289655172413664 0
0.371236420867648 0.0301724137930922 0
0.37123642086766 0.0313793103448195 0
0.371236420867672 0.0325862068965465 0
0.371236420867684 0.0337931034482737 0
0.373446161467773 0.00120689655172266 0
0.373446161467784 0.00241379310344548 0
0.373446161467796 0.00362068965516891 0
0.373446161467807 0.00482758620689185 0
0.373446161467819 0.00603448275861332 0
0.37344616146783 0.00724137931033486 0
0.373446161467841 0.00844827586205611 0
0.373446161467853 0.00965517241377779 0
0.373446161467864 0.0108620689654992 0
0.373446161467875 0.0120689655172207 0
0.373446161467887 0.0132758620689423 0
0.373446161467898 0.0144827586206636 0
0.373446161467909 0.0156896551723855 0
0.373446161467921 0.0168965517241073 0
0.373446161467932 0.0181034482758304 0
0.373446161467943 0.0193103448275562 0
0.373446161467955 0.0205172413792829 0
0.373446161467966 0.021724137931009 0
0.373446161467977 0.0229310344827347 0
0.373446161467989 0.0241379310344615 0
0.373446161468 0.0253448275861875 0
0.373446161468012 0.0265517241379135 0
0.373446161468023 0.0277586206896399 0
0.373446161468034 0.0289655172413662 0
0.373446161468045 0.0301724137930921 0
0.373446161468057 0.0313793103448194 0
0.373446161468068 0.0325862068965464 0
0.37344616146808 0.0337931034482737 0
0.375655902068179 0.00120689655172264 0
0.37565590206819 0.00241379310344542 0
0.375655902068201 0.00362068965516883 0
0.375655902068212 0.00482758620689173 0
0.375655902068223 0.00603448275861317 0
0.375655902068234 0.00724137931033468 0
0.375655902068245 0.00844827586205589 0
0.375655902068257 0.00965517241377753 0
0.375655902068268 0.0108620689654989 0
0.375655902068279 0.0120689655172204 0
0.37565590206829 0.0132758620689419 0
0.375655902068301 0.0144827586206632 0
0.375655902068312 0.0156896551723851 0
0.375655902068323 0.0168965517241069 0
0.375655902068334 0.0181034482758299 0
0.375655902068346 0.0193103448275558 0
0.375655902068357 0.0205172413792825 0
0.375655902068368 0.0217241379310087 0
0.375655902068379 0.0229310344827344 0
0.37565590206839 0.0241379310344612 0
0.375655902068401 0.0253448275861873 0
0.375655902068412 0.0265517241379132 0
0.375655902068423 0.0277586206896397 0
0.375655902068435 0.0289655172413661 0
0.375655902068446 0.030172413793092 0
0.375655902068457 0.0313793103448193 0
0.375655902068468 0.0325862068965463 0
0.375655902068479 0.0337931034482736 0
0.377865642668581 0.00120689655172261 0
0.377865642668592 0.00241379310344536 0
0.377865642668603 0.00362068965516874 0
0.377865642668614 0.00482758620689161 0
0.377865642668625 0.00603448275861302 0
0.377865642668637 0.00724137931033449 0
0.377865642668648 0.00844827586205567 0
0.377865642668659 0.00965517241377728 0
0.37786564266867 0.0108620689654986 0
0.377865642668681 0.0120689655172201 0
0.377865642668692 0.0132758620689416 0
0.377865642668703 0.0144827586206628 0
0.377865642668715 0.0156896551723846 0
0.377865642668726 0.0168965517241064 0
0.377865642668737 0.0181034482758295 0
0.377865642668748 0.0193103448275554 0
0.377865642668759 0.0205172413792821 0
0.37786564266877 0.0217241379310083 0
0.377865642668781 0.0229310344827341 0
0.377865642668793 0.0241379310344609 0
0.377865642668804 0.025344827586187 0
0.377865642668815 0.026551724137913 0
0.377865642668826 0.0277586206896395 0
0.377865642668837 0.0289655172413659 0
0.377865642668848 0.0301724137930918 0
0.377865642668859 0.0313793103448193 0
0.377865642668871 0.0325862068965463 0
0.377865642668882 0.0337931034482736 0
0.38007538326899 0.00120689655172258 0
0.380075383269 0.0024137931034453 0
0.380075383269011 0.00362068965516866 0
0.380075383269022 0.0048275862068915 0
0.380075383269032 0.00603448275861287 0
0.380075383269043 0.00724137931033431 0
0.380075383269054 0.00844827586205545 0
0.380075383269064 0.00965517241377703 0
0.380075383269075 0.0108620689654983 0
0.380075383269086 0.0120689655172198 0
0.380075383269096 0.0132758620689412 0
0.380075383269107 0.0144827586206624 0
0.380075383269118 0.0156896551723842 0
0.380075383269128 0.016896551724106 0
0.380075383269139 0.018103448275829 0
0.38007538326915 0.019310344827555 0
0.38007538326916 0.0205172413792817 0
0.380075383269171 0.021724137931008 0
0.380075383269182 0.0229310344827338 0
0.380075383269192 0.0241379310344606 0
0.380075383269203 0.0253448275861868 0
0.380075383269214 0.0265517241379128 0
0.380075383269224 0.0277586206896393 0
0.380075383269235 0.0289655172413658 0
0.380075383269246 0.0301724137930917 0
0.380075383269256 0.0313793103448192 0
0.380075383269267 0.0325862068965462 0
0.380075383269278 0.0337931034482736 0
0.382285123869401 0.00120689655172256 0
0.382285123869411 0.00241379310344524 0
0.382285123869421 0.00362068965516857 0
0.382285123869431 0.00482758620689138 0
0.382285123869441 0.00603448275861272 0
0.382285123869451 0.00724137931033412 0
0.382285123869461 0.00844827586205523 0
0.382285123869471 0.00965517241377678 0
0.382285123869481 0.010862068965498 0
0.382285123869491 0.0120689655172195 0
0.382285123869501 0.0132758620689409 0
0.382285123869511 0.014482758620662 0
0.382285123869521 0.0156896551723838 0
0.382285123869531 0.0168965517241055 0
0.382285123869541 0.0181034482758286 0
0.382285123869551 0.0193103448275545 0
0.382285123869561 0.0205172413792813 0
0.382285123869571 0.0217241379310076 0
0.382285123869581 0.0229310344827334 0
0.382285123869591 0.0241379310344603 0
0.382285123869601 0.0253448275861865 0
0.382285123869611 0.0265517241379126 0
0.382285123869621 0.0277586206896391 0
0.382285123869631 0.0289655172413656 0
0.382285123869641 0.0301724137930916 0
0.382285123869651 0.0313793103448191 0
0.382285123869661 0.0325862068965461 0
0.382285123869671 0.0337931034482736 0
0.384494864469817 0.00120689655172253 0
0.384494864469826 0.00241379310344518 0
0.384494864469835 0.00362068965516848 0
0.384494864469844 0.00482758620689126 0
0.384494864469853 0.00603448275861257 0
0.384494864469862 0.00724137931033394 0
0.384494864469871 0.00844827586205501 0
0.38449486446988 0.00965517241377653 0
0.384494864469889 0.0108620689654977 0
0.384494864469898 0.0120689655172191 0
0.384494864469907 0.0132758620689405 0
0.384494864469916 0.0144827586206617 0
0.384494864469925 0.0156896551723834 0
0.384494864469934 0.0168965517241051 0
0.384494864469943 0.0181034482758281 0
0.384494864469952 0.0193103448275541 0
0.384494864469961 0.0205172413792809 0
0.38449486446997 0.0217241379310073 0
0.384494864469979 0.0229310344827331 0
0.384494864469988 0.02413793103446 0
0.384494864469997 0.0253448275861863 0
0.384494864470006 0.0265517241379123 0
0.384494864470015 0.027758620689639 0
0.384494864470024 0.0289655172413655 0
0.384494864470033 0.0301724137930915 0
0.384494864470042 0.031379310344819 0
0.384494864470051 0.0325862068965461 0
0.38449486447006 0.0337931034482735 0
0.386704605070227 0.0012068965517225 0
0.386704605070235 0.00241379310344512 0
0.386704605070244 0.0036206896551684 0
0.386704605070252 0.00482758620689115 0
0.386704605070261 0.00603448275861242 0
0.386704605070269 0.00724137931033375 0
0.386704605070277 0.00844827586205479 0
0.386704605070286 0.00965517241377628 0
0.386704605070295 0.0108620689654974 0
0.386704605070303 0.0120689655172188 0
0.386704605070311 0.0132758620689402 0
0.38670460507032 0.0144827586206613 0
0.386704605070328 0.0156896551723829 0
0.386704605070337 0.0168965517241046 0
0.386704605070345 0.0181034482758277 0
0.386704605070354 0.0193103448275537 0
0.386704605070362 0.0205172413792805 0
0.386704605070371 0.0217241379310069 0
0.386704605070379 0.0229310344827328 0
0.386704605070388 0.0241379310344597 0
0.386704605070396 0.025344827586186 0
0.386704605070405 0.0265517241379121 0
0.386704605070413 0.0277586206896388 0
0.386704605070422 0.0289655172413653 0
0.38670460507043 0.0301724137930914 0
0.386704605070439 0.0313793103448189 0
0.386704605070447 0.032586206896546 0
0.386704605070456 0.0337931034482735 0
0.388914345670633 0.00120689655172248 0
0.388914345670641 0.00241379310344506 0
0.38891434567065 0.00362068965516831 0
0.388914345670658 0.00482758620689103 0
0.388914345670666 0.00603448275861227 0
0.388914345670674 0.00724137931033357 0
0.388914345670682 0.00844827586205457 0
0.38891434567069 0.00965517241377602 0
0.388914345670699 0.0108620689654972 0
0.388914345670707 0.0120689655172185 0
0.388914345670715 0.0132758620689398 0
0.388914345670723 0.0144827586206609 0
0.388914345670731 0.0156896551723825 0
0.38891434567074 0.0168965517241042 0
0.388914345670748 0.0181034482758272 0
0.388914345670756 0.0193103448275533 0
0.388914345670764 0.0205172413792801 0
0.388914345670772 0.0217241379310066 0
0.38891434567078 0.0229310344827325 0
0.388914345670788 0.0241379310344595 0
0.388914345670797 0.0253448275861858 0
0.388914345670805 0.0265517241379119 0
0.388914345670813 0.0277586206896386 0
0.388914345670821 0.0289655172413651 0
0.388914345670829 0.0301724137930913 0
0.388914345670837 0.0313793103448188 0
0.388914345670845 0.0325862068965459 0
0.388914345670854 0.0337931034482735 0
0.391124086271036 0.00120689655172245 0
0.391124086271044 0.00241379310344499 0
0.391124086271052 0.00362068965516823 0
0.39112408627106 0.00482758620689091 0
0.391124086271068 0.00603448275861212 0
0.391124086271077 0.00724137931033338 0
0.391124086271085 0.00844827586205434 0
0.391124086271093 0.00965517241377577 0
0.391124086271101 0.0108620689654969 0
0.391124086271109 0.0120689655172182 0
0.391124086271117 0.0132758620689395 0
0.391124086271126 0.0144827586206605 0
0.391124086271134 0.0156896551723821 0
0.391124086271142 0.0168965517241037 0
0.39112408627115 0.0181034482758268 0
0.391124086271158 0.0193103448275529 0
0.391124086271167 0.0205172413792797 0
0.391124086271175 0.0217241379310062 0
0.391124086271183 0.0229310344827322 0
0.391124086271191 0.0241379310344592 0
0.391124086271199 0.0253448275861855 0
0.391124086271207 0.0265517241379117 0
0.391124086271215 0.0277586206896384 0
0.391124086271224 0.028965517241365 0
0.391124086271232 0.0301724137930911 0
0.39112408627124 0.0313793103448187 0
0.391124086271248 0.0325862068965459 0
0.391124086271256 0.0337931034482735 0
0.393333826871443 0.00120689655172242 0
0.393333826871451 0.00241379310344493 0
0.393333826871459 0.00362068965516814 0
0.393333826871467 0.0048275862068908 0
0.393333826871474 0.00603448275861197 0
0.393333826871482 0.0072413793103332 0
0.39333382687149 0.00844827586205412 0
0.393333826871498 0.00965517241377552 0
0.393333826871506 0.0108620689654966 0
0.393333826871513 0.0120689655172178 0
0.393333826871521 0.0132758620689391 0
0.393333826871529 0.0144827586206601 0
0.393333826871537 0.0156896551723817 0
0.393333826871545 0.0168965517241032 0
0.393333826871552 0.0181034482758263 0
0.39333382687156 0.0193103448275524 0
0.393333826871568 0.0205172413792793 0
0.393333826871576 0.0217241379310058 0
0.393333826871584 0.0229310344827319 0
0.393333826871591 0.0241379310344589 0
0.393333826871599 0.0253448275861852 0
0.393333826871607 0.0265517241379115 0
0.393333826871615 0.0277586206896382 0
0.393333826871623 0.0289655172413648 0
0.39333382687163 0.030172413793091 0
0.393333826871638 0.0313793103448186 0
0.393333826871646 0.0325862068965458 0
0.393333826871654 0.0337931034482734 0
0.395543567471852 0.0012068965517224 0
0.395543567471859 0.00241379310344487 0
0.395543567471867 0.00362068965516806 0
0.395543567471874 0.00482758620689068 0
0.395543567471881 0.00603448275861182 0
0.395543567471889 0.00724137931033301 0
0.395543567471896 0.0084482758620539 0
0.395543567471903 0.00965517241377527 0
0.395543567471911 0.0108620689654963 0
0.395543567471918 0.0120689655172175 0
0.395543567471925 0.0132758620689387 0
0.395543567471933 0.0144827586206597 0
0.39554356747194 0.0156896551723812 0
0.395543567471947 0.0168965517241028 0
0.395543567471955 0.0181034482758259 0
0.395543567471962 0.019310344827552 0
0.395543567471969 0.0205172413792789 0
0.395543567471977 0.0217241379310055 0
0.395543567471984 0.0229310344827315 0
0.395543567471991 0.0241379310344586 0
0.395543567471998 0.025344827586185 0
0.395543567472006 0.0265517241379112 0
0.395543567472013 0.027758620689638 0
0.395543567472021 0.0289655172413647 0
0.395543567472028 0.0301724137930909 0
0.395543567472035 0.0313793103448185 0
0.395543567472042 0.0325862068965457 0
0.39554356747205 0.0337931034482734 0
0.397753308072261 0.00120689655172237 0
0.397753308072268 0.00241379310344481 0
0.397753308072275 0.00362068965516797 0
0.397753308072282 0.00482758620689056 0
0.397753308072288 0.00603448275861167 0
0.397753308072295 0.00724137931033282 0
0.397753308072302 0.00844827586205368 0
0.397753308072309 0.00965517241377502 0
0.397753308072316 0.010862068965496 0
0.397753308072323 0.0120689655172172 0
0.397753308072329 0.0132758620689384 0
0.397753308072336 0.0144827586206593 0
0.397753308072343 0.0156896551723808 0
0.39775330807235 0.0168965517241023 0
0.397753308072357 0.0181034482758254 0
0.397753308072364 0.0193103448275516 0
0.397753308072371 0.0205172413792785 0
0.397753308072377 0.0217241379310051 0
0.397753308072384 0.0229310344827312 0
0.397753308072391 0.0241379310344583 0
0.397753308072398 0.0253448275861848 0
0.397753308072405 0.026551724137911 0
0.397753308072411 0.0277586206896378 0
0.397753308072418 0.0289655172413645 0
0.397753308072425 0.0301724137930908 0
0.397753308072432 0.0313793103448185 0
0.397753308072439 0.0325862068965456 0
0.397753308072446 0.0337931034482734 0
0.399963048672666 0.00120689655172234 0
0.399963048672672 0.00241379310344475 0
0.399963048672679 0.00362068965516789 0
0.399963048672686 0.00482758620689044 0
0.399963048672692 0.00603448275861152 0
0.399963048672699 0.00724137931033264 0
0.399963048672706 0.00844827586205346 0
0.399963048672712 0.00965517241377477 0
0.399963048672719 0.0108620689654957 0
0.399963048672726 0.0120689655172169 0
0.399963048672733 0.013275862068938 0
0.399963048672739 0.0144827586206589 0
0.399963048672746 0.0156896551723804 0
0.399963048672753 0.0168965517241019 0
0.399963048672759 0.018103448275825 0
0.399963048672766 0.0193103448275512 0
0.399963048672772 0.0205172413792781 0
0.399963048672779 0.0217241379310048 0
0.399963048672786 0.0229310344827309 0
0.399963048672792 0.024137931034458 0
0.399963048672799 0.0253448275861845 0
0.399963048672806 0.0265517241379108 0
0.399963048672813 0.0277586206896376 0
0.399963048672819 0.0289655172413644 0
0.399963048672826 0.0301724137930907 0
0.399963048672833 0.0313793103448183 0
0.399963048672839 0.0325862068965456 0
0.399963048672846 0.0337931034482733 0
0.402172789273069 0.00120689655172232 0
0.402172789273075 0.00241379310344469 0
0.402172789273082 0.0036206896551678 0
0.402172789273089 0.00482758620689033 0
0.402172789273095 0.00603448275861137 0
0.402172789273102 0.00724137931033246 0
0.402172789273109 0.00844827586205324 0
0.402172789273115 0.00965517241377452 0
0.402172789273122 0.0108620689654954 0
0.402172789273128 0.0120689655172166 0
0.402172789273135 0.0132758620689377 0
0.402172789273142 0.0144827586206585 0
0.402172789273148 0.01568965517238 0
0.402172789273155 0.0168965517241014 0
0.402172789273162 0.0181034482758245 0
0.402172789273168 0.0193103448275508 0
0.402172789273175 0.0205172413792777 0
0.402172789273182 0.0217241379310044 0
0.402172789273188 0.0229310344827306 0
0.402172789273195 0.0241379310344577 0
0.402172789273201 0.0253448275861843 0
0.402172789273208 0.0265517241379106 0
0.402172789273215 0.0277586206896374 0
0.402172789273221 0.0289655172413642 0
0.402172789273228 0.0301724137930905 0
0.402172789273235 0.0313793103448183 0
0.402172789273241 0.0325862068965455 0
0.402172789273248 0.0337931034482733 0
0.404382529873478 0.00120689655172229 0
0.404382529873484 0.00241379310344463 0
0.40438252987349 0.00362068965516772 0
0.404382529873496 0.00482758620689021 0
0.404382529873502 0.00603448275861122 0
0.404382529873508 0.00724137931033227 0
0.404382529873515 0.00844827586205302 0
0.404382529873521 0.00965517241377426 0
0.404382529873527 0.0108620689654951 0
0.404382529873533 0.0120689655172162 0
0.404382529873539 0.0132758620689373 0
0.404382529873546 0.0144827586206581 0
0.404382529873552 0.0156896551723796 0
0.404382529873558 0.016896551724101 0
0.404382529873564 0.0181034482758241 0
0.40438252987357 0.0193103448275503 0
0.404382529873576 0.0205172413792773 0
0.404382529873582 0.0217241379310041 0
0.404382529873588 0.0229310344827303 0
0.404382529873595 0.0241379310344574 0
0.404382529873601 0.025344827586184 0
0.404382529873607 0.0265517241379103 0
0.404382529873613 0.0277586206896372 0
0.404382529873619 0.028965517241364 0
0.404382529873625 0.0301724137930904 0
0.404382529873631 0.0313793103448182 0
0.404382529873638 0.0325862068965454 0
0.404382529873644 0.0337931034482733 0
0.406592270473887 0.00120689655172226 0
0.406592270473892 0.00241379310344457 0
0.406592270473898 0.00362068965516763 0
0.406592270473904 0.00482758620689009 0
0.406592270473909 0.00603448275861108 0
0.406592270473915 0.00724137931033209 0
0.406592270473921 0.0084482758620528 0
0.406592270473926 0.00965517241377401 0
0.406592270473932 0.0108620689654949 0
0.406592270473938 0.0120689655172159 0
0.406592270473943 0.013275862068937 0
0.406592270473949 0.0144827586206578 0
0.406592270473955 0.0156896551723791 0
0.406592270473961 0.0168965517241005 0
0.406592270473966 0.0181034482758236 0
0.406592270473972 0.0193103448275499 0
0.406592270473978 0.0205172413792769 0
0.406592270473983 0.0217241379310037 0
0.406592270473989 0.0229310344827299 0
0.406592270473994 0.0241379310344571 0
0.406592270474 0.0253448275861838 0
0.406592270474006 0.0265517241379101 0
0.406592270474011 0.027758620689637 0
0.406592270474017 0.0289655172413639 0
0.406592270474023 0.0301724137930903 0
0.406592270474029 0.0313793103448181 0
0.406592270474034 0.0325862068965454 0
0.40659227047404 0.0337931034482733 0
0.408802011074295 0.00120689655172224 0
0.408802011074301 0.00241379310344451 0
0.408802011074306 0.00362068965516754 0
0.408802011074311 0.00482758620688998 0
0.408802011074316 0.00603448275861092 0
0.408802011074322 0.0072413793103319 0
0.408802011074327 0.00844827586205258 0
0.408802011074332 0.00965517241377376 0
0.408802011074337 0.0108620689654946 0
0.408802011074342 0.0120689655172156 0
0.408802011074347 0.0132758620689366 0
0.408802011074353 0.0144827586206574 0
0.408802011074358 0.0156896551723787 0
0.408802011074363 0.0168965517241001 0
0.408802011074368 0.0181034482758232 0
0.408802011074373 0.0193103448275495 0
0.408802011074379 0.0205172413792765 0
0.408802011074384 0.0217241379310034 0
0.408802011074389 0.0229310344827296 0
0.408802011074394 0.0241379310344568 0
0.4088020110744 0.0253448275861835 0
0.408802011074405 0.0265517241379099 0
0.40880201107441 0.0277586206896368 0
0.408802011074415 0.0289655172413637 0
0.40880201107442 0.0301724137930902 0
0.408802011074425 0.031379310344818 0
0.408802011074431 0.0325862068965453 0
0.408802011074436 0.0337931034482732 0
0.411011751674698 0.00120689655172221 0
0.411011751674703 0.00241379310344445 0
0.411011751674708 0.00362068965516746 0
0.411011751674713 0.00482758620688986 0
0.411011751674719 0.00603448275861077 0
0.411011751674724 0.00724137931033172 0
0.411011751674729 0.00844827586205236 0
0.411011751674734 0.00965517241377351 0
0.41101175167474 0.0108620689654943 0
0.411011751674745 0.0120689655172153 0
0.41101175167475 0.0132758620689363 0
0.411011751674755 0.014482758620657 0
0.41101175167476 0.0156896551723783 0
0.411011751674765 0.0168965517240996 0
0.411011751674771 0.0181034482758227 0
0.411011751674776 0.0193103448275491 0
0.411011751674781 0.0205172413792762 0
0.411011751674786 0.021724137931003 0
0.411011751674791 0.0229310344827293 0
0.411011751674797 0.0241379310344565 0
0.411011751674802 0.0253448275861833 0
0.411011751674807 0.0265517241379097 0
0.411011751674812 0.0277586206896366 0
0.411011751674817 0.0289655172413636 0
0.411011751674823 0.0301724137930901 0
0.411011751674828 0.0313793103448179 0
0.411011751674833 0.0325862068965452 0
0.411011751674838 0.0337931034482732 0
0.413221492275103 0.00120689655172218 0
0.413221492275108 0.00241379310344439 0
0.413221492275113 0.00362068965516737 0
0.413221492275118 0.00482758620688974 0
0.413221492275123 0.00603448275861063 0
0.413221492275128 0.00724137931033153 0
0.413221492275133 0.00844827586205213 0
0.413221492275138 0.00965517241377326 0
0.413221492275143 0.010862068965494 0
0.413221492275148 0.0120689655172149 0
0.413221492275153 0.0132758620689359 0
0.413221492275158 0.0144827586206566 0
0.413221492275163 0.0156896551723779 0
0.413221492275168 0.0168965517240992 0
0.413221492275173 0.0181034482758223 0
0.413221492275178 0.0193103448275486 0
0.413221492275183 0.0205172413792758 0
0.413221492275188 0.0217241379310027 0
0.413221492275193 0.022931034482729 0
0.413221492275198 0.0241379310344562 0
0.413221492275203 0.025344827586183 0
0.413221492275208 0.0265517241379094 0
0.413221492275213 0.0277586206896364 0
0.413221492275218 0.0289655172413634 0
0.413221492275223 0.0301724137930899 0
0.413221492275228 0.0313793103448178 0
0.413221492275233 0.0325862068965452 0
0.413221492275238 0.0337931034482732 0
0.415431232875512 0.00120689655172216 0
0.415431232875517 0.00241379310344433 0
0.415431232875521 0.00362068965516729 0
0.415431232875526 0.00482758620688963 0
0.41543123287553 0.00603448275861048 0
0.415431232875535 0.00724137931033135 0
0.415431232875539 0.00844827586205192 0
0.415431232875544 0.00965517241377301 0
0.415431232875548 0.0108620689654937 0
0.415431232875553 0.0120689655172146 0
0.415431232875557 0.0132758620689356 0
0.415431232875562 0.0144827586206562 0
0.415431232875566 0.0156896551723774 0
0.415431232875571 0.0168965517240987 0
0.415431232875575 0.0181034482758218 0
0.41543123287558 0.0193103448275482 0
0.415431232875584 0.0205172413792754 0
0.415431232875589 0.0217241379310023 0
0.415431232875593 0.0229310344827287 0
0.415431232875598 0.024137931034456 0
0.415431232875602 0.0253448275861827 0
0.415431232875607 0.0265517241379092 0
0.415431232875611 0.0277586206896363 0
0.415431232875616 0.0289655172413633 0
0.41543123287562 0.0301724137930898 0
0.415431232875625 0.0313793103448177 0
0.415431232875629 0.0325862068965451 0
0.415431232875634 0.0337931034482732 0
0.417640973475927 0.00120689655172213 0
0.41764097347593 0.00241379310344427 0
0.417640973475934 0.0036206896551672 0
0.417640973475937 0.00482758620688951 0
0.417640973475941 0.00603448275861032 0
0.417640973475945 0.00724137931033117 0
0.417640973475948 0.00844827586205169 0
0.417640973475952 0.00965517241377276 0
0.417640973475956 0.0108620689654934 0
0.417640973475959 0.0120689655172143 0
0.417640973475963 0.0132758620689352 0
0.417640973475967 0.0144827586206558 0
0.41764097347597 0.015689655172377 0
0.417640973475974 0.0168965517240983 0
0.417640973475977 0.0181034482758213 0
0.417640973475981 0.0193103448275478 0
0.417640973475984 0.020517241379275 0
0.417640973475988 0.021724137931002 0
0.417640973475992 0.0229310344827283 0
0.417640973475995 0.0241379310344557 0
0.417640973475999 0.0253448275861825 0
0.417640973476002 0.026551724137909 0
0.417640973476006 0.0277586206896361 0
0.41764097347601 0.0289655172413631 0
0.417640973476013 0.0301724137930897 0
0.417640973476017 0.0313793103448176 0
0.417640973476021 0.032586206896545 0
0.417640973476024 0.0337931034482731 0
0.41985071407634 0.0012068965517221 0
0.419850714076343 0.00241379310344421 0
0.419850714076346 0.00362068965516711 0
0.419850714076348 0.00482758620688939 0
0.419850714076351 0.00603448275861018 0
0.419850714076354 0.00724137931033098 0
0.419850714076357 0.00844827586205147 0
0.41985071407636 0.00965517241377251 0
0.419850714076362 0.0108620689654931 0
0.419850714076365 0.012068965517214 0
0.419850714076368 0.0132758620689349 0
0.419850714076371 0.0144827586206554 0
0.419850714076374 0.0156896551723766 0
0.419850714076376 0.0168965517240978 0
0.419850714076379 0.0181034482758209 0
0.419850714076382 0.0193103448275474 0
0.419850714076385 0.0205172413792746 0
0.419850714076388 0.0217241379310016 0
0.419850714076391 0.022931034482728 0
0.419850714076393 0.0241379310344554 0
0.419850714076396 0.0253448275861822 0
0.419850714076399 0.0265517241379088 0
0.419850714076402 0.0277586206896359 0
0.419850714076405 0.028965517241363 0
0.419850714076407 0.0301724137930896 0
0.41985071407641 0.0313793103448175 0
0.419850714076413 0.032586206896545 0
0.419850714076416 0.0337931034482731 0
0.422060454676749 0.00120689655172208 0
0.422060454676751 0.00241379310344415 0
0.422060454676754 0.00362068965516703 0
0.422060454676756 0.00482758620688928 0
0.422060454676758 0.00603448275861002 0
0.422060454676761 0.00724137931033079 0
0.422060454676763 0.00844827586205125 0
0.422060454676765 0.00965517241377225 0
0.422060454676768 0.0108620689654928 0
0.42206045467677 0.0120689655172137 0
0.422060454676772 0.0132758620689345 0
0.422060454676775 0.014482758620655 0
0.422060454676777 0.0156896551723762 0
0.422060454676779 0.0168965517240974 0
0.422060454676781 0.0181034482758205 0
0.422060454676784 0.019310344827547 0
0.422060454676786 0.0205172413792742 0
0.422060454676788 0.0217241379310012 0
0.422060454676791 0.0229310344827277 0
0.422060454676793 0.0241379310344551 0
0.422060454676795 0.025344827586182 0
0.422060454676798 0.0265517241379086 0
0.4220604546768 0.0277586206896357 0
0.422060454676802 0.0289655172413628 0
0.422060454676805 0.0301724137930895 0
0.422060454676807 0.0313793103448175 0
0.42206045467681 0.0325862068965449 0
0.422060454676812 0.0337931034482731 0
0.424270195277153 0.00120689655172205 0
0.424270195277155 0.00241379310344409 0
0.424270195277157 0.00362068965516694 0
0.424270195277159 0.00482758620688916 0
0.424270195277162 0.00603448275860988 0
0.424270195277164 0.00724137931033061 0
0.424270195277166 0.00844827586205103 0
0.424270195277168 0.009655172413772 0
0.424270195277171 0.0108620689654926 0
0.424270195277173 0.0120689655172133 0
0.424270195277175 0.0132758620689341 0
0.424270195277177 0.0144827586206546 0
0.424270195277179 0.0156896551723757 0
0.424270195277182 0.0168965517240969 0
0.424270195277184 0.01810344827582 0
0.424270195277186 0.0193103448275465 0
0.424270195277188 0.0205172413792738 0
0.424270195277191 0.0217241379310009 0
0.424270195277193 0.0229310344827274 0
0.424270195277195 0.0241379310344548 0
0.424270195277197 0.0253448275861817 0
0.4242701952772 0.0265517241379083 0
0.424270195277202 0.0277586206896355 0
0.424270195277204 0.0289655172413626 0
0.424270195277206 0.0301724137930894 0
0.424270195277208 0.0313793103448174 0
0.424270195277211 0.0325862068965448 0
0.424270195277213 0.033793103448273 0
0.426479935877557 0.00120689655172202 0
0.426479935877559 0.00241379310344403 0
0.426479935877561 0.00362068965516686 0
0.426479935877563 0.00482758620688904 0
0.426479935877565 0.00603448275860973 0
0.426479935877567 0.00724137931033042 0
0.426479935877569 0.00844827586205081 0
0.426479935877571 0.00965517241377175 0
0.426479935877574 0.0108620689654923 0
0.426479935877576 0.012068965517213 0
0.426479935877578 0.0132758620689338 0
0.42647993587758 0.0144827586206543 0
0.426479935877582 0.0156896551723753 0
0.426479935877584 0.0168965517240965 0
0.426479935877586 0.0181034482758195 0
0.426479935877588 0.0193103448275461 0
0.426479935877591 0.0205172413792734 0
0.426479935877593 0.0217241379310005 0
0.426479935877595 0.0229310344827271 0
0.426479935877597 0.0241379310344545 0
0.426479935877599 0.0253448275861815 0
0.426479935877601 0.0265517241379081 0
0.426479935877603 0.0277586206896353 0
0.426479935877606 0.0289655172413625 0
0.426479935877608 0.0301724137930892 0
0.42647993587761 0.0313793103448173 0
0.426479935877612 0.0325862068965448 0
0.426479935877614 0.033793103448273 0
0.428689676477966 0.001206896551722 0
0.428689676477967 0.00241379310344397 0
0.428689676477969 0.00362068965516677 0
0.428689676477971 0.00482758620688892 0
0.428689676477972 0.00603448275860958 0
0.428689676477974 0.00724137931033024 0
0.428689676477975 0.00844827586205059 0
0.428689676477977 0.00965517241377149 0
0.428689676477979 0.010862068965492 0
0.42868967647798 0.0120689655172127 0
0.428689676477982 0.0132758620689335 0
0.428689676477984 0.0144827586206539 0
0.428689676477985 0.0156896551723749 0
0.428689676477987 0.016896551724096 0
0.428689676477989 0.0181034482758191 0
0.42868967647799 0.0193103448275457 0
0.428689676477992 0.020517241379273 0
0.428689676477994 0.0217241379310002 0
0.428689676477995 0.0229310344827267 0
0.428689676477997 0.0241379310344542 0
0.428689676477998 0.0253448275861812 0
0.428689676478 0.0265517241379079 0
0.428689676478002 0.0277586206896351 0
0.428689676478003 0.0289655172413623 0
0.428689676478005 0.0301724137930891 0
0.428689676478007 0.0313793103448172 0
0.428689676478008 0.0325862068965447 0
0.42868967647801 0.033793103448273 0
0.430899417078374 0.00120689655172197 0
0.430899417078376 0.0024137931034439 0
0.430899417078377 0.00362068965516669 0
0.430899417078378 0.00482758620688881 0
0.430899417078379 0.00603448275860943 0
0.43089941707838 0.00724137931033006 0
0.430899417078381 0.00844827586205037 0
0.430899417078383 0.00965517241377124 0
0.430899417078384 0.0108620689654917 0
0.430899417078385 0.0120689655172124 0
0.430899417078386 0.0132758620689331 0
0.430899417078387 0.0144827586206535 0
0.430899417078389 0.0156896551723745 0
0.43089941707839 0.0168965517240956 0
0.430899417078391 0.0181034482758187 0
0.430899417078392 0.0193103448275453 0
0.430899417078393 0.0205172413792726 0
0.430899417078394 0.0217241379309998 0
0.430899417078395 0.0229310344827264 0
0.430899417078397 0.0241379310344539 0
0.430899417078398 0.025344827586181 0
0.430899417078399 0.0265517241379077 0
0.4308994170784 0.0277586206896349 0
0.430899417078401 0.0289655172413622 0
0.430899417078403 0.030172413793089 0
0.430899417078404 0.0313793103448171 0
0.430899417078405 0.0325862068965446 0
0.430899417078406 0.033793103448273 0
0.433109157678783 0.00120689655172194 0
0.433109157678783 0.00241379310344385 0
0.433109157678784 0.0036206896551666 0
0.433109157678785 0.00482758620688869 0
0.433109157678786 0.00603448275860928 0
0.433109157678786 0.00724137931032987 0
0.433109157678787 0.00844827586205015 0
0.433109157678788 0.00965517241377099 0
0.433109157678788 0.0108620689654914 0
0.433109157678789 0.012068965517212 0
0.43310915767879 0.0132758620689327 0
0.433109157678791 0.0144827586206531 0
0.433109157678791 0.0156896551723741 0
0.433109157678792 0.0168965517240951 0
0.433109157678793 0.0181034482758182 0
0.433109157678794 0.0193103448275448 0
0.433109157678794 0.0205172413792722 0
0.433109157678795 0.0217241379309995 0
0.433109157678796 0.0229310344827261 0
0.433109157678797 0.0241379310344536 0
0.433109157678797 0.0253448275861807 0
0.433109157678798 0.0265517241379075 0
0.433109157678799 0.0277586206896347 0
0.4331091576788 0.028965517241362 0
0.4331091576788 0.0301724137930889 0
0.433109157678801 0.031379310344817 0
0.433109157678802 0.0325862068965446 0
0.433109157678803 0.0337931034482729 0
0.435318898279185 0.00120689655172192 0
0.435318898279186 0.00241379310344378 0
0.435318898279187 0.00362068965516652 0
0.435318898279187 0.00482758620688857 0
0.435318898279188 0.00603448275860913 0
0.435318898279189 0.00724137931032969 0
0.43531889827919 0.00844827586204992 0
0.43531889827919 0.00965517241377074 0
0.435318898279191 0.0108620689654911 0
0.435318898279192 0.0120689655172117 0
0.435318898279193 0.0132758620689324 0
0.435318898279193 0.0144827586206527 0
0.435318898279194 0.0156896551723736 0
0.435318898279195 0.0168965517240947 0
0.435318898279196 0.0181034482758177 0
0.435318898279196 0.0193103448275444 0
0.435318898279197 0.0205172413792718 0
0.435318898279198 0.0217241379309991 0
0.435318898279199 0.0229310344827258 0
0.435318898279199 0.0241379310344533 0
0.4353188982792 0.0253448275861805 0
0.435318898279201 0.0265517241379072 0
0.435318898279201 0.0277586206896345 0
0.435318898279202 0.0289655172413619 0
0.435318898279203 0.0301724137930888 0
0.435318898279204 0.0313793103448169 0
0.435318898279204 0.0325862068965445 0
0.435318898279205 0.0337931034482729 0
0.437528638879591 0.00120689655172189 0
0.437528638879591 0.00241379310344372 0
0.437528638879592 0.00362068965516643 0
0.437528638879592 0.00482758620688846 0
0.437528638879593 0.00603448275860898 0
0.437528638879593 0.0072413793103295 0
0.437528638879594 0.0084482758620497 0
0.437528638879594 0.00965517241377049 0
0.437528638879595 0.0108620689654908 0
0.437528638879595 0.0120689655172114 0
0.437528638879596 0.013275862068932 0
0.437528638879596 0.0144827586206523 0
0.437528638879597 0.0156896551723732 0
0.437528638879597 0.0168965517240942 0
0.437528638879598 0.0181034482758173 0
0.437528638879598 0.019310344827544 0
0.437528638879599 0.0205172413792714 0
0.437528638879599 0.0217241379309988 0
0.4375286388796 0.0229310344827255 0
0.4375286388796 0.024137931034453 0
0.437528638879601 0.0253448275861802 0
0.437528638879601 0.026551724137907 0
0.437528638879602 0.0277586206896343 0
0.437528638879602 0.0289655172413617 0
0.437528638879603 0.0301724137930886 0
0.437528638879603 0.0313793103448168 0
0.437528638879604 0.0325862068965444 0
0.437528638879604 0.0337931034482729 0

Quadrilaterals
5771
1 5 457 456 1
456 457 458 455 1
455 458 459 454 1
454 459 460 453 1
453 460 461 452 1
452 461 462 451 1
451 462 463 450 1
450 463 464 449 1
449 464 465 448 1
448 465 466 447 1
447 466 467 446 1
446 467 468 445 1
445 468 469 444 1
444 469 470 443 1
443 470 471 442 1
442 471 472 441 1
441 472 473 440 1
440 473 474 439 1
439 474 475 438 1
438 475 476 437 1
437 476 477 436 1
436 477 478 435 1
435 478 479 434 1
434 479 480 433 1
433 480 481 432 1
432 481 482 431 1
431 482 483 430 1
430 483 484 429 1
429 484 428 4 1
5 6 485 457 1
457 485 486 458 1
458 486 487 459 1
459 487 488 460 1
460 488 489 461 1
461 489 490 462 1
462 490 491 463 1
463 491 492 464 1
464 492 493 465 1
465 493 494 466 1
466 494 495 467 1
467 495 496 468 1
468 496 497 469 1
469 497 498 470 1
470 498 499 471 1
471 499 500 472 1
472 500 501 473 1
473 501 502 474 1
474 502 503 475 1
475 503 504 476 1
476 504 505 477 1
477 505 506 478 1
478 506 507 479 1
479 507 508 480 1
480 508 509 481 1
481 509 510 482 1
482 510 511 483 1
483 511 512 484 1
484 512 427 428 1
6 7 513 485 1
485 513 514 486 1
486 514 515 487 1
487 515 516 488 1
488 516 517 489 1
489 517 518 490 1
490 518 519 491 1
491 519 520 492 1
492 520 521 493 1
493 521 522 494 1
494 522 523 495 1
495 523 524 496 1
496 524 525 497 1
497 525 526 498 1
498 526 527 499 1
499 527 528 500 1
500 528 529 501 1
501 529 530 502 1
502 530 531 503 1
503 531 532 504 1
504 532 533 505 1
505 533 534 506 1
506 534 535 507 1
507 535 536 508 1
508 536 537 509 1
509 537 538 510 1
510 538 539 511 1
511 539 540 512 1
512 540 426 427 1
7 8 541 513 1
513 541 542 514 1
514 542 543 515 1
515 543 544 516 1
516 544 545 517 1
517 545 546 518 1
518 546 547 519 1
519 547 548 520 1
520 548 549 521 1
521 549 550 522 1
522 550 551 523 1
523 551 552 524 1
524 552 553 525 1
525 553 554 526 1
526 554 555 527 1
527 555 556 528 1
528 556 557 529 1
529 557 558 530 1
530 558 559 531 1
531 559 560 532 1
532 560 561 533 1
533 561 562 534 1
534 562 563 535 1
535 563 564 536 1
536 564 565 537 1
537 565 566 538 1
538 566 567 539 1
539 567 568 540 1
540 568 425 426 1
8 9 569 541 1
541 569 570 542 1
542 570 571 543 1
543 571 572 544 1
544 572 573 545 1
545 573 574 546 1
546 574 575 547 1
547 575 576 548 1
548 576 577 549 1
549 577 578 550 1
550 578 579 551 1
551 579 580 552 1
552 580 581 553 1
553 581 582 554 1
554 582 583 555 1
555 583 584 556 1
556 584 585 557 1
557 585 586 558 1
558 586 587 559 1
559 587 588 560 1
560 588 589 561 1
561 589 590 562 1
562 590 591 563 1
563 591 592 564 1
564 592 593 565 1
565 593 594 566 1
566 594 595 567 1
567 595 596 568 1
568 596 424 425 1
9 10 597 569 1
569 597 598 570 1
570 598 599 571 1
571 599 600 572 1
572 600 601 573 1
573 601 602 574 1
574 602 603 575 1
575 603 604 576 1
576 604 605 577 1
577 605 606 578 1
578 606 607 579 1
579 607 608 580 1
580 608 609 581 1
581 609 610 582 1
582 610 611 583 1
583 611 612 584 1
584 612 613 585 1
585 613 614 586 1
586 614 615 587 1
587 615 616 588 1
588 616 617 589 1
589 617 618 590 1
590 618 619 591 1
591 619 620 592 1
592 620 621 593 1
593 621 622 594 1
594 622 623 595 1
595 623 624 596 1
596 624 423 424 1
10 11 625 597 1
597 625 626 598 1
598 626 627 599 1
599 627 628 600 1
600 628 629 601 1
601 629 630 602 1
602 630 631 603 1
603 631 632 604 1
604 632 633 605 1
605 633 634 606 1
606 634 635 607 1
607 635 636 608 1
608 636 637 609 1
609 637 638 610 1
610 638 639 611 1
611 639 640 612 1
612 640 641 613 1
613 641 642 614 1
614 642 643 615 1
615 643 644 616 1
616 644 645 617 1
617 645 646 618 1
618 646 647 619 1
619 647 648 620 1
620 648 649 621 1
621 649 650 622 1
622 650 651 623 1
623 651 652 624 1
624 652 422 423 1
11 12 653 625 1
625 653 654 626 1
626 654 655 627 1
627 655 656 628 1
628 656 657 629 1
629 657 658 630 1
630 658 659 631 1
631 659 660 632 1
632 660 661 633 1
633 661 662 634 1
634 662 663 635 1
635 663 664 636 1
636 664 665 637 1
637 665 666 638 1
638 666 667 639 1
639 667 668 640 1
640 668 669 641 1
641 669 670 642 1
642 670 671 643 1
643 671 672 644 1
644 672 673 645 1
645 673 674 646 1
646 674 675 647 1
647 675 676 648 1
648 676 677 649 1
649 677 678 650 1
650 678 679 651 1
651 679 680 652 1
652 680 421 422 1
12 13 681 653 1
653 681 682 654 1
654 682 683 655 1
655 683 684 656 1
656 684 685 657 1
657 685 686 658 1
658 686 687 659 1
659 687 688 660 1
660 688 689 661 1
661 689 690 662 1
662 690 691 663 1
663 691 692 664 1
664 692 693 665 1
665 693 694 666 1
666 694 695 667 1
667 695 696 668 1
668 696 697 669 1
669 697 698 670 1
670 698 699 671 1
671 699 700 672 1
672 700 701 673 1
673 701 702 674 1
674 702 703 675 1
675 703 704 676 1
676 704 705 677 1
677 705 706 678 1
678 706 707 679 1
679 707 708 680 1
680 708 420 421 1
13 14 709 681 1
681 709 710 682 1
682 710 711 683 1
683 711 712 684 1
684 712 713 685 1
685 713 714 686 1
686 714 715 687 1
687 715 716 688 1
688 716 717 689 1
689 717 718 690 1
690 718 719 691 1
691 719 720 692 1
692 720 721 693 1
693 721 722 694 1
694 722 723 695 1
695 723 724 696 1
696 724 725 697 1
697 725 726 698 1
698 726 727 699 1
699 727 728 700 1
700 728 729 701 1
701 729 730 702 1
702 730 731 703 1
703 731 732 704 1
704 732 733 705 1
705 733 734 706 1
706 734 735 707 1
707 735 736 708 1
708 736 419 420 1
14 15 737 709 1
709 737 738 710 1
710 738 739 711 1
711 739 740 712 1
712 740 741 713 1
713 741 742 714 1
714 742 743 715 1
715 743 744 716 1
716 744 745 717 1
717 745 746 718 1
718 746 747 719 1
719 747 748 720 1
720 748 749 721 1
721 749 750 722 1
722 750 751 723 1
723 751 752 724 1
724 752 753 725 1
725 753 754 726 1
726 754 755 727 1
727 755 756 728 1
728 756 757 729 1
729 757 758 730 1
730 758 759 731 1
731 759 760 732 1
732 760 761 733 1
733 761 762 734 1
734 762 763 735 1
735 763 764 736 1
736 764 418 419 1
15 16 765 737 1
737 765 766 738 1
738 766 767 739 1
739 767 768 740 1
740 768 769 741 1
741 769 770 742 1
742 770 771 743 1
743 771 772 744 1
744 772 773 745 1
745 773 774 746 1
746 774 775 747 1
747 775 776 748 1
748 776 777 749 1
749 777 778 750 1
750 778 779 751 1
751 779 780 752 1
752 780 781 753 1
753 781 782 754 1
754 782 783 755 1
755 783 784 756 1
756 784 785 757 1
757 785 786 758 1
758 786 787 759 1
759 787 788 760 1
760 788 789 761 1
761 789 790 762 1
762 790 791 763 1
763 791 792 764 1
764 792 417 418 1
16 17 793 765 1
765 793 794 766 1
766 794 795 767 1
767 795 796 768 1
768 796 797 769 1
769 797 798 770 1
770 798 799 771 1
771 799 800 772 1
772 800 801 773 1
773 801 802 774 1
774 802 803 775 1
775 803 804 776 1
776 804 805 777 1
777 805 806 778 1
778 806 807 779 1
779 807 808 780 1
780 808 809 781 1
781 809 810 782 1
782 810 811 783 1
783 811 812 784 1
784 812 813 785 1
785 813 814 786 1
786 814 815 787 1
787 815 816 788 1
788 816 817 789 1
789 817 818 790 1
790 818 819 791 1
791 819 820 792 1
792 820 416 417 1
17 18 821 793 1
793 821 822 794 1
794 822 823 795 1
795 823 824 796 1
796 824 825 797 1
797 825 826 798 1
798 826 827 799 1
799 827 828 800 1
800 828 829 801 1
801 829 830 802 1
802 830 831 803 1
803 831 832 804 1
804 832 833 805 1
805 833 834 806 1
806 834 835 807 1
807 835 836 808 1
808 836 837 809 1
809 837 838 810 1
810 838 839 811 1
811 839 840 812 1
812 840 841 813 1
813 841 842 814 1
814 842 843 815 1
815 843 844 816 1
816 844 845 817 1
817 845 846 818 1
818 846 847 819 1
819 847 848 820 1
820 848 415 416 1
18 19 849 821 1
821 849 850 822 1
822 850 851 823 1
823 851 852 824 1
824 852 853 825 1
825 853 854 826 1
826 854 855 827 1
827 855 856 828 1
828 856 857 829 1
829 857 858 830 1
830 858 859 831 1
831 859 860 832 1
832 860 861 833 1
833 861 862 834 1
834 862 863 835 1
835 863 864 836 1
836 864 865 837 1
837 865 866 838 1
838 866 867 839 1
839 867 868 840 1
840 868 869 841 1
841 869 870 842 1
842 870 871 843 1
843 871 872 844 1
844 872 873 845 1
845 873 874 846 1
846 874 875 847 1
847 875 876 848 1
848 876 414 415 1
19 20 877 849 1
849 877 878 850 1
850 878 879 851 1
851 879 880 852 1
852 880 881 853 1
853 881 882 854 1
854 882 883 855 1
855 883 884 856 1
856 884 885 857 1
857 885 886 858 1
858 886 887 859 1
859 887 888 860 1
860 888 889 861 1
861 889 890 862 1
862 890 891 863 1
863 891 892 864 1
864 892 893 865 1
865 893 894 866 1
866 894 895 867 1
867 895 896 868 1
868 896 897 869 1
869 897 898 870 1
870 898 899 871 1
871 899 900 872 1
872 900 901 873 1
873 901 902 874 1
874 902 903 875 1
875 903 904 876 1
876 904 413 414 1
20 21 905 877 1
877 905 906 878 1
878 906 907 879 1
879 907 908 880 1
880 908 909 881 1
881 909 910 882 1
882 910 911 883 1
883 911 912 884 1
884 912 913 885 1
885 913 914 886 1
886 914 915 887 1
887 915 916 888 1
888 916 917 889 1
889 917 918 890 1
890 918 919 891 1
891 919 920 892 1
892 920 921 893 1
893 921 922 894 1
894 922 923 895 1
895 923 924 896 1
896 924 925 897 1
897 925 926 898 1
898 926 927 899 1
899 927 928 900 1
900 928 929 901 1
901 929 930 902 1
902 930 931 903 1
903 931 932 904 1
904 932 412 413 1
21 22 933 905 1
905 933 934 906 1
906 934 935 907 1
907 935 936 908 1
908 936 937 909 1
909 937 938 910 1
910 938 939 911 1
911 939 940 912 1
912 940 941 913 1
913 941 942 914 1
914 942 943 915 1
915 943 944 916 1
916 944 945 917 1
917 945 946 918 1
918 946 947 919 1
919 947 948 920 1
920 948 949 921 1
921 949 950 922 1
922 950 951 923 1
923 951 952 924 1
924 952 953 925 1
925 953 954 926 1
926 954 955 927 1
927 955 956 928 1
928 956 957 929 1
929 957 958 930 1
930 958 959 931 1
931 959 960 932 1
932 960 411 412 1
22 23 961 933 1
933 961 962 934 1
934 962 963 935 1
935 963 964 936 1
936 964 965 937 1
937 965 966 938 1
938 966 967 939 1
939 967 968 940 1
940 968 969 941 1
941 969 970 942 1
942 970 971 943 1
943 971 972 944 1
944 972 973 945 1
945 973 974 946 1
946 974 975 947 1
947 975 976 948 1
948 976 977 949 1
949 977 978 950 1
950 978 979 951 1
951 979 980 952 1
952 980 981 953 1
953 981 982 954 1
954 982 983 955 1
955 983 984 956 1
956 984 985 957 1
957 985 986 958 1
958 986 987 959 1
959 987 988 960 1
960 988 410 411 1
23 24 989 961 1
961 989 990 962 1
962 990 991 963 1
963 991 992 964 1
964 992 993 965 1
965 993 994 966 1
966 994 995 967 1
967 995 996 968 1
968 996 997 969 1
969 997 998 970 1
970 998 999 971 1
971 999 1000 972 1
972 1000 1001 973 1
973 1001 1002 974 1
974 1002 1003 975 1
975 1003 1004 976 1
976 1004 1005 977 1
977 1005 1006 978 1
978 1006 1007 979 1
979 1007 1008 980 1
980 1008 1009 981 1
981 1009 1010 982 1
982 1010 1011 983 1
983 1011 1012 984 1
984 1012 1013 985 1
985 1013 1014 986 1
986 1014 1015 987 1
987 1015 1016 988 1
988 1016 409 410 1
24 25 1017 989 1
989 1017 1018 990 1
990 1018 1019 991 1
991 1019 1020 992 1
992 1020 1021 993 1
993 1021 1022 994 1
994 1022 1023 995 1
995 1023 1024 996 1
996 1024 1025 997 1
997 1025 1026 998 1
998 1026 1027 999 1
999 1027 1028 1000 1
1000 1028 1029 1001 1
1001 1029 1030 1002 1
1002 1030 1031 1003 1
1003 1031 1032 1004 1
1004 1032 1033 1005 1
1005 1033 1034 1006 1
1006 1034 1035 1007 1
1007 1035 1036 1008 1
1008 1036 1037 1009 1
1009 1037 1038 1010 1
1010 1038 1039 1011 1
1011 1039 1040 1012 1
1012 1040 1041 1013 1
1013 1041 1042 1014 1
1014 1042 1043 1015 1
1015 1043 1044 1016 1
1016 1044 408 409 1
25 26 1045 1017 1
1017 1045 1046 1018 1
1018 1046 1047 1019 1
1019 1047 1048 1020 1
1020 1048 1049 1021 1
1021 1049 1050 1022 1
1022 1050 1051 1023 1
1023 1051 1052 1024 1
1024 1052 1053 1025 1
1025 1053 1054 1026 1
1026 1054 1055 1027 1
1027 1055 1056 1028 1
1028 1056 1057 1029 1
1029 1057 1058 1030 1
1030 1058 1059 1031 1
1031 1059 1060 1032 1
1032 1060 1061 1033 1
1033 1061 1062 1034 1
1034 1062 1063 1035 1
1035 1063 1064 1036 1
1036 1064 1065 1037 1
1037 1065 1066 1038 1
1038 1066 1067 1039 1
1039 1067 1068 1040 1
1040 1068 1069 1041 1
1041 1069 1070 1042 1
1042 1070 1071 1043 1
1043 1071 1072 1044 1
1044 1072 407 408 1
26 27 1073 1045 1
1045 1073 1074 1046 1
1046 1074 1075 1047 1
1047 1075 1076 1048 1
1048 1076 1077 1049 1
1049 1077 1078 1050 1
1050 1078 1079 1051 1
1051 1079 1080 1052 1
1052 1080 1081 1053 1
1053 1081 1082 1054 1
1054 1082 1083 1055 1
1055 1083 1084 1056 1
1056 1084 1085 1057 1
1057 1085 1086 1058 1
1058 1086 1087 1059 1
1059 1087 1088 1060 1
1060 1088 1089 1061 1
1061 1089 1090 1062 1
1062 1090 1091 1063 1
1063 1091 1092 1064 1
1064 1092 1093 1065 1
1065 1093 1094 1066 1
1066 1094 1095 1067 1
1067 1095 1096 1068 1
1068 1096 1097 1069 1
1069 1097 1098 1070 1
1070 1098 1099 1071 1
1071 1099 1100 1072 1
1072 1100 406 407 1
27 28 1101 1073 1
1073 1101 1102 1074 1
1074 1102 1103 1075 1
1075 1103 1104 1076 1
1076 1104 1105 1077 1
1077 1105 1106 1078 1
1078 1106 1107 1079 1
1079 1107 1108 1080 1
1080 1108 1109 1081 1
1081 1109 1110 1082 1
1082 1110 1111 1083 1
1083 1111 1112 1084 1
1084 1112 1113 1085 1
1085 1113 1114 1086 1
1086 1114 1115 1087 1
1087 1115 1116 1088 1
1088 1116 1117 1089 1
1089 1117 1118 1090 1
1090 1118 1119 1091 1
1091 1119 1120 1092 1
1092 1120 1121 1093 1
1093 1121 1122 1094 1
1094 1122 1123 1095 1
1095 1123 1124 1096 1
1096 1124 1125 1097 1
1097 1125 1126 1098 1
1098 1126 1127 1099 1
1099 1127 1128 1100 1
1100 1128 405 406 1
28 29 1129 1101 1
1101 1129 1130 1102 1
1102 1130 1131 1103 1
1103 1131 1132 1104 1
1104 1132 1133 1105 1
1105 1133 1134 1106 1
1106 1134 1135 1107 1
1107 1135 1136 1108 1
1108 1136 1137 1109 1
1109 1137 1138 1110 1
1110 1138 1139 1111 1
1111 1139 1140 1112 1
1112 1140 1141 1113 1
1113 1141 1142 1114 1
1114 1142 1143 1115 1
1115 1143 1144 1116 1
1116 1144 1145 1117 1
1117 1145 1146 1118 1
1118 1146 1147 1119 1
1119 1147 1148 1120 1
1120 1148 1149 1121 1
1121 1149 1150 1122 1
1122 1150 1151 1123 1
1123 1151 1152 1124 1
1124 1152 1153 1125 1
1125 1153 1154 1126 1
1126 1154 1155 1127 1
1127 1155 1156 1128 1
1128 1156 404 405 1
29 30 1157 1129 1
1129 1157 1158 1130 1
1130 1158 1159 1131 1
1131 1159 1160 1132 1
1132 1160 1161 1133 1
1133 1161 1162 1134 1
1134 1162 1163 1135 1
1135 1163 1164 1136 1
1136 1164 1165 1137 1
1137 1165 1166 1138 1
1138 1166 1167 1139 1
1139 1167 1168 1140 1
1140 1168 1169 1141 1
1141 1169 1170 1142 1
1142 1170 1171 1143 1
1143 1171 1172 1144 1
1144 1172 1173 1145 1
1145 1173 1174 1146 1
1146 1174 1175 1147 1
1147 1175 1176 1148 1
1148 1176 1177 1149 1
1149 1177 1178 1150 1
1150 1178 1179 1151 1
1151 1179 1180 1152 1
1152 1180 1181 1153 1
1153 1181 1182 1154 1
1154 1182 1183 1155 1
1155 1183 1184 1156 1
1156 1184 403 404 1
30 31 1185 1157 1
1157 1185 1186 1158 1
1158 1186 1187 1159 1
1159 1187 1188 1160 1
1160 1188 1189 1161 1
1161 1189 1190 1162 1
1162 1190 1191 1163 1
1163 1191 1192 1164 1
1164 1192 1193 1165 1
1165 1193 1194 1166 1
1166 1194 1195 1167 1
1167 1195 1196 1168 1
1168 1196 1197 1169 1
1169 1197 1198 1170 1
1170 1198 1199 1171 1
1171 1199 1200 1172 1
1172 1200 1201 1173 1
1173 1201 1202 1174 1
1174 1202 1203 1175 1
1175 1203 1204 1176 1
1176 1204 1205 1177 1
1177 1205 1206 1178 1
1178 1206 1207 1179 1
1179 1207 1208 1180 1
1180 1208 1209 1181 1
1181 1209 1210 1182 1
1182 1210 1211 1183 1
1183 1211 1212 1184 1
1184 1212 402 403 1
31 32 1213 1185 1
1185 1213 1214 1186 1
1186 1214 1215 1187 1
1187 1215 1216 1188 1
1188 1216 1217 1189 1
1189 1217 1218 1190 1
1190 1218 1219 1191 1
1191 1219 1220 1192 1
1192 1220 1221 1193 1
1193 1221 1222 1194 1
1194 1222 1223 1195 1
1195 1223 1224 1196 1
1196 1224 1225 1197 1
1197 1225 1226 1198 1
1198 1226 1227 1199 1
1199 1227 1228 1200 1
1200 1228 1229 1201 1
1201 1229 1230 1202 1
1202 1230 1231 1203 1
1203 1231 1232 1204 1
1204 1232 1233 1205 1
1205 1233 1234 1206 1
1206 1234 1235 1207 1
1207 1235 1236 1208 1
1208 1236 1237 1209 1
1209 1237 1238 1210 1
1210 1238 1239 1211 1
1211 1239 1240 1212 1
1212 1240 401 402 1
32 33 1241 1213 1
1213 1241 1242 1214 1
1214 1242 1243 1215 1
1215 1243 1244 1216 1
1216 1244 1245 1217 1
1217 1245 1246 1218 1
1218 1246 1247 1219 1
1219 1247 1248 1220 1
1220 1248 1249 1221 1
1221 1249 1250 1222 1
1222 1250 1251 1223 1
1223 1251 1252 1224 1
1224 1252 1253 1225 1
1225 1253 1254 1226 1
1226 1254 1255 1227 1
1227 1255 1256 1228 1
1228 1256 1257 1229 1
1229 1257 1258 1230 1
1230 1258 1259 1231 1
1231 1259 1260 1232 1
1232 1260 1261 1233 1
1233 1261 1262 1234 1
1234 1262 1263 1235 1
1235 1263 1264 1236 1
1236 1264 1265 1237 1
1237 1265 1266 1238 1
1238 1266 1267 1239 1
1239 1267 1268 1240 1
1240 1268 400 401 1
33 34 1269 1241 1
1241 1269 1270 1242 1
1242 1270 1271 1243 1
1243 1271 1272 1244 1
1244 1272 1273 1245 1
1245 1273 1274 1246 1
1246 1274 1275 1247 1
1247 1275 1276 1248 1
1248 1276 1277 1249 1
1249 1277 1278 1250 1
1250 1278 1279 1251 1
1251 1279 1280 1252 1
1252 1280 1281 1253 1
1253 1281 1282 1254 1
1254 1282 1283 1255 1
1255 1283 1284 1256 1
1256 1284 1285 1257 1
1257 1285 1286 1258 1
1258 1286 1287 1259 1
1259 1287 1288 1260 1
1260 1288 1289 1261 1
1261 1289 1290 1262 1
1262 1290 1291 1263 1
1263 1291 1292 1264 1
1264 1292 1293 1265 1
1265 1293 1294 1266 1
1266 1294 1295 1267 1
1267 1295 1296 1268 1
1268 1296 399 400 1
34 35 1297 1269 1
1269 1297 1298 1270 1
1270 1298 1299 1271 1
1271 1299 1300 1272 1
1272 1300 1301 1273 1
1273 1301 1302 1274 1
1274 1302 1303 1275 1
1275 1303 1304 1276 1
1276 1304 1305 1277 1
1277 1305 1306 1278 1
1278 1306 1307 1279 1
1279 1307 1308 1280 1
1280 1308 1309 1281 1
1281 1309 1310 1282 1
1282 1310 1311 1283 1
1283 1311 1312 1284 1
1284 1312 1313 1285 1
1285 1313 1314 1286 1
1286 1314 1315 1287 1
1287 1315 1316 1288 1
1288 1316 1317 1289 1
1289 1317 1318 1290 1
1290 1318 1319 1291 1
1291 1319 1320 1292 1
1292 1320 1321 1293 1
1293 1321 1322 1294 1
1294 1322 1323 1295 1
1295 1323 1324 1296 1
1296 1324 398 399 1
35 36 1325 1297 1
1297 1325 1326 1298 1
1298 1326 1327 1299 1
1299 1327 1328 1300 1
1300 1328 1329 1301 1
1301 1329 1330 1302 1
1302 1330 1331 1303 1
1303 1331 1332 1304 1
1304 1332 1333 1305 1
1305 1333 1334 1306 1
1306 1334 1335 1307 1
1307 1335 1336 1308 1
1308 1336 1337 1309 1
1309 1337 1338 1310 1
1310 1338 1339 1311 1
1311 1339 1340 1312 1
1312 1340 1341 1313 1
1313 1341 1342 1314 1
1314 1342 1343 1315 1
1315 1343 1344 1316 1
1316 1344 1345 1317 1
1317 1345 1346 1318 1
1318 1346 1347 1319 1
1319 1347 1348 1320 1
1320 1348 1349 1321 1
1321 1349 1350 1322 1
1322 1350 1351 1323 1
1323 1351 1352 1324 1
1324 1352 397 398 1
36 37 1353 1325 1
1325 1353 1354 1326 1
1326 1354 1355 1327 1
1327 1355 1356 1328 1
1328 1356 1357 1329 1
1329 1357 1358 1330 1
1330 1358 1359 1331 1
1331 1359 1360 1332 1
1332 1360 1361 1333 1
1333 1361 1362 1334 1
1334 1362 1363 1335 1
1335 1363 1364 1336 1
1336 1364 1365 1337 1
1337 1365 1366 1338 1
1338 1366 1367 1339 1
1339 1367 1368 1340 1
1340 1368 1369 1341 1
1341 1369 1370 1342 1
1342 1370 1371 1343 1
1343 1371 1372 1344 1
1344 1372 1373 1345 1
1345 1373 1374 1346 1
1346 1374 1375 1347 1
1347 1375 1376 1348 1
1348 1376 1377 1349 1
1349 1377 1378 1350 1
1350 1378 1379 1351 1
1351 1379 1380 1352 1
1352 1380 396 397 1
37 38 1381 1353 1
1353 1381 1382 1354 1
1354 1382 1383 1355 1
1355 1383 1384 1356 1
1356 1384 1385 1357 1
1357 1385 1386 1358 1
1358 1386 1387 1359 1
1359 1387 1388 1360 1
1360 1388 1389 1361 1
1361 1389 1390 1362 1
1362 1390 1391 1363 1
1363 1391 1392 1364 1
1364 1392 1393 1365 1
1365 1393 1394 1366 1
1366 1394 1395 1367 1
1367 1395 1396 1368 1
1368 1396 1397 1369 1
1369 1397 1398 1370 1
1370 1398 1399 1371 1
1371 1399 1400 1372 1
1372 1400 1401 1373 1
1373 1401 1402 1374 1
1374 1402 1403 1375 1
1375 1403 1404 1376 1
1376 1404 1405 1377 1
1377 1405 1406 1378 1
1378 1406 1407 1379 1
1379 1407 1408 1380 1
1380 1408 395 396 1
38 39 1409 1381 1
1381 1409 1410 1382 1
1382 1410 1411 1383 1
1383 1411 1412 1384 1
1384 1412 1413 1385 1
1385 1413 1414 1386 1
1386 1414 1415 1387 1
1387 1415 1416 1388 1
1388 1416 1417 1389 1
1389 1417 1418 1390 1
1390 1418 1419 1391 1
1391 1419 1420 1392 1
1392 1420 1421 1393 1
1393 1421 1422 1394 1
1394 1422 1423 1395 1
1395 1423 1424 1396 1
1396 1424 1425 1397 1
1397 1425 1426 1398 1
1398 1426 1427 1399 1
1399 1427 1428 1400 1
1400 1428 1429 1401 1
1401 1429 1430 1402 1
1402 1430 1431 1403 1
1403 1431 1432 1404 1
1404 1432 1433 1405 1
1405 1433 1434 1406 1
1406 1434 1435 1407 1
1407 1435 1436 1408 1
1408 1436 394 395 1
39 40 1437 1409 1
1409 1437 1438 1410 1
1410 1438 1439 1411 1
1411 1439 1440 1412 1
1412 1440 1441 1413 1
1413 1441 1442 1414 1
1414 1442 1443 1415 1
1415 1443 1444 1416 1
1416 1444 1445 1417 1
1417 1445 1446 1418 1
1418 1446 1447 1419 1
1419 1447 1448 1420 1
1420 1448 1449 1421 1
1421 1449 1450 1422 1
1422 1450 1451 1423 1
1423 1451 1452 1424 1
1424 1452 1453 1425 1
1425 1453 1454 1426 1
1426 1454 1455 1427 1
1427 1455 1456 1428 1
1428 1456 1457 1429 1
1429 1457 1458 1430 1
1430 1458 1459 1431 1
1431 1459 1460 1432 1
1432 1460 1461 1433 1
1433 1461 1462 1434 1
1434 1462 1463 1435 1
1435 1463 1464 1436 1
1436 1464 393 394 1
40 41 1465 1437 1
1437 1465 1466 1438 1
1438 1466 1467 1439 1
1439 1467 1468 1440 1
1440 1468 1469 1441 1
1441 1469 1470 1442 1
1442 1470 1471 1443 1
1443 1471 1472 1444 1
1444 1472 1473 1445 1
1445 1473 1474 1446 1
1446 1474 1475 1447 1
1447 1475 1476 1448 1
1448 1476 1477 1449 1
1449 1477 1478 1450 1
1450 1478 1479 1451 1
1451 1479 1480 1452 1
1452 1480 1481 1453 1
1453 1481 1482 1454 1
1454 1482 1483 1455 1
1455 1483 1484 1456 1
1456 1484 1485 1457 1
1457 1485 1486 1458 1
1458 1486 1487 1459 1
1459 1487 1488 1460 1
1460 1488 1489 1461 1
1461 1489 1490 1462 1
1462 1490 1491 1463 1
1463 1491 1492 1464 1
1464 1492 392 393 1
41 42 1493 1465 1
1465 1493 1494 1466 1
1466 1494 1495 1467 1
1467 1495 1496 1468 1
1468 1496 1497 1469 1
1469 1497 1498 1470 1
1470 1498 1499 1471 1
1471 1499 1500 1472 1
1472 1500 1501 1473 1
1473 1501 1502 1474 1
1474 1502 1503 1475 1
1475 1503 1504 1476 1
1476 1504 1505 1477 1
1477 1505 1506 1478 1
1478 1506 1507 1479 1
1479 1507 1508 1480 1
1480 1508 1509 1481 1
1481 1509 1510 1482 1
1482 1510 1511 1483 1
1483 1511 1512 1484 1
1484 1512 1513 1485 1
1485 1513 1514 1486 1
1486 1514 1515 1487 1
1487 1515 1516 1488 1
1488 1516 1517 1489 1
1489 1517 1518 1490 1
1490 1518 1519 1491 1
1491 1519 1520 1492 1
1492 1520 391 392 1
42 43 1521 1493 1
1493 1521 1522 1494 1
1494 1522 1523 1495 1
1495 1523 1524 1496 1
1496 1524 1525 1497 1
1497 1525 1526 1498 1
1498 1526 1527 1499 1
1499 1527 1528 1500 1
1500 1528 1529 1501 1
1501 1529 1530 1502 1
1502 1530 1531 1503 1
1503 1531 1532 1504 1
1504 1532 1533 1505 1
1505 1533 1534 1506 1
1506 1534 1535 1507 1
1507 1535 1536 1508 1
1508 1536 1537 1509 1
1509 1537 1538 1510 1
1510 1538 1539 1511 1
1511 1539 1540 1512 1
1512 1540 1541 1513 1
1513 1541 1542 1514 1
1514 1542 1543 1515 1
1515 1543 1544 1516 1
1516 1544 1545 1517 1
1517 1545 1546 1518 1
1518 1546 1547 1519 1
1519 1547 1548 1520 1
1520 1548 390 391 1
43 44 1549 1521 1
1521 1549 1550 1522 1
1522 1550 1551 1523 1
1523 1551 1552 1524 1
1524 1552 1553 1525 1
1525 1553 1554 1526 1
1526 1554 1555 1527 1
1527 1555 1556 1528 1
1528 1556 1557 1529 1
1529 1557 1558 1530 1
1530 1558 1559 1531 1
1531 1559 1560 1532 1
1532 1560 1561 1533 1
1533 1561 1562 1534 1
1534 1562 1563 1535 1
1535 1563 1564 1536 1
1536 1564 1565 1537 1
1537 1565 1566 1538 1
1538 1566 1567 1539 1
1539 1567 1568 1540 1
1540 1568 1569 1541 1
1541 1569 1570 1542 1
1542 1570 1571 1543 1
1543 1571 1572 1544 1
1544 1572 1573 1545 1
1545 1573 1574 1546 1
1546 1574 1575 1547 1
1547 1575 1576 1548 1
1548 1576 389 390 1
44 45 1577 1549 1
1549 1577 1578 1550 1
1550 1578 1579 1551 1
1551 1579 1580 1552 1
1552 1580 1581 1553 1
1553 1581 1582 1554 1
1554 1582 1583 1555 1
1555 1583 1584 1556 1
1556 1584 1585 1557 1
1557 1585 1586 1558 1
1558 1586 1587 1559 1
1559 1587 1588 1560 1
1560 1588 1589 1561 1
1561 1589 1590 1562 1
1562 1590 1591 1563 1
1563 1591 1592 1564 1
1564 1592 1593 1565 1
1565 1593 1594 1566 1
1566 1594 1595 1567 1
1567 1595 1596 1568 1
1568 1596 1597 1569 1
1569 1597 1598 1570 1
1570 1598 1599 1571 1
1571 1599 1600 1572 1
1572 1600 1601 1573 1
1573 1601 1602 1574 1
1574 1602 1603 1575 1
1575 1603 1604 1576 1
1576 1604 388 389 1
45 46 1605 1577 1
1577 1605 1606 1578 1
1578 1606 1607 1579 1
1579 1607 1608 1580 1
1580 1608 1609 1581 1
1581 1609 1610 1582 1
1582 1610 1611 1583 1
1583 1611 1612 1584 1
1584 1612 1613 1585 1
1585 1613 1614 1586 1
1586 1614 1615 1587 1
1587 1615 1616 1588 1
1588 1616 1617 1589 1
1589 1617 1618 1590 1
1590 1618 1619 1591 1
1591 1619 1620 1592 1
1592 1620 1621 1593 1
1593 1621 1622 1594 1
1594 1622 1623 1595 1
1595 1623 1624 1596 1
1596 1624 1625 1597 1
1597 1625 1626 1598 1
1598 1626 1627 1599 1
1599 1627 1628 1600 1
1600 1628 1629 1601 1
1601 1629 1630 1602 1
1602 1630 1631 1603 1
1603 1631 1632 1604 1
1604 1632 387 388 1
46 47 1633 1605 1
1605 1633 1634 1606 1
1606 1634 1635 1607 1
1607 1635 1636 1608 1
1608 1636 1637 1609 1
1609 1637 1638 1610 1
1610 1638 1639 1611 1
1611 1639 1640 1612 1
1612 1640 1641 1613 1
1613 1641 1642 1614 1
1614 1642 1643 1615 1
1615 1643 1644 1616 1
1616 1644 1645 1617 1
1617 1645 1646 1618 1
1618 1646 1647 1619 1
1619 1647 1648 1620 1
1620 1648 1649 1621 1
1621 1649 1650 1622 1
1622 1650 1651 1623 1
1623 1651 1652 1624 1
1624 1652 1653 1625 1
1625 1653 1654 1626 1
1626 1654 1655 1627 1
1627 1655 1656 1628 1
1628 1656 1657 1629 1
1629 1657 1658 1630 1
1630 1658 1659 1631 1
1631 1659 1660 1632 1
1632 1660 386 387 1
47 48 1661 1633 1
1633 1661 1662 1634 1
1634 1662 1663 1635 1
1635 1663 1664 1636 1
1636 1664 1665 1637 1
1637 1665 1666 1638 1
1638 1666 1667 1639 1
1639 1667 1668 1640 1
1640 1668 1669 1641 1
1641 1669 1670 1642 1
1642 1670 1671 1643 1
1643 1671 1672 1644 1
1644 1672 1673 1645 1
1645 1673 1674 1646 1
1646 1674 1675 1647 1
1647 1675 1676 1648 1
1648 1676 1677 1649 1
1649 1677 1678 1650 1
1650 1678 1679 1651 1
1651 1679 1680 1652 1
1652 1680 1681 1653 1
1653 1681 1682 1654 1
1654 1682 1683 1655 1
1655 1683 1684 1656 1
1656 1684 1685 1657 1
1657 1685 1686 1658 1
1658 1686 1687 1659 1
1659 1687 1688 1660 1
1660 1688 385 386 1
48 49 1689 1661 1
1661 1689 1690 1662 1
1662 1690 1691 1663 1
1663 1691 1692 1664 1
1664 1692 1693 1665 1
1665 1693 1694 1666 1
1666 1694 1695 1667 1
1667 1695 1696 1668 1
1668 1696 1697 1669 1
1669 1697 1698 1670 1
1670 1698 1699 1671 1
1671 1699 1700 1672 1
1672 1700 1701 1673 1
1673 1701 1702 1674 1
1674 1702 1703 1675 1
1675 1703 1704 1676 1
1676 1704 1705 1677 1
1677 1705 1706 1678 1
1678 1706 1707 1679 1
1679 1707 1708 1680 1
1680 1708 1709 1681 1
1681 1709 1710 1682 1
1682 1710 1711 1683 1
1683 1711 1712 1684 1
1684 1712 1713 1685 1
1685 1713 1714 1686 1
1686 1714 1715 1687 1
1687 1715 1716 1688 1
1688 1716 384 385 1
49 50 1717 1689 1
1689 1717 1718 1690 1
1690 1718 1719 1691 1
1691 1719 1720 1692 1
1692 1720 1721 1693 1
1693 1721 1722 1694 1
1694 1722 1723 1695 1
1695 1723 1724 1696 1
1696 1724 1725 1697 1
1697 1725 1726 1698 1
1698 1726 1727 1699 1
1699 1727 1728 1700 1
1700 1728 1729 1701 1
1701 1729 1730 1702 1
1702 1730 1731 1703 1
1703 1731 1732 1704 1
1704 1732 1733 1705 1
1705 1733 1734 1706 1
1706 1734 1735 1707 1
1707 1735 1736 1708 1
1708 1736 1737 1709 1
1709 1737 1738 1710 1
1710 1738 1739 1711 1
1711 1739 1740 1712 1
1712 1740 1741 1713 1
1713 1741 1742 1714 1
1714 1742 1743 1715 1
1715 1743 1744 1716 1
1716 1744 383 384 1
50 51 1745 1717 1
1717 1745 1746 1718 1
1718 1746 1747 1719 1
1719 1747 1748 1720 1
1720 1748 1749 1721 1
1721 1749 1750 1722 1
1722 1750 1751 1723 1
1723 1751 1752 1724 1
1724 1752 1753 1725 1
1725 1753 1754 1726 1
1726 1754 1755 1727 1
1727 1755 1756 1728 1
1728 1756 1757 1729 1
1729 1757 1758 1730 1
1730 1758 1759 1731 1
1731 1759 1760 1732 1
1732 1760 1761 1733 1
1733 1761 1762 1734 1
1734 1762 1763 1735 1
1735 1763 1764 1736 1
1736 1764 1765 1737 1
1737 1765 1766 1738 1
1738 1766 1767 1739 1
1739 1767 1768 1740 1
1740 1768 1769 1741 1
1741 1769 1770 1742 1
1742 1770 1771 1743 1
1743 1771 1772 1744 1
1744 1772 382 383 1
51 52 1773 1745 1
1745 1773 1774 1746 1
1746 1774 1775 1747 1
1747 1775 1776 1748 1
1748 1776 1777 1749 1
1749 1777 1778 1750 1
1750 1778 1779 1751 1
1751 1779 1780 1752 1
1752 1780 1781 1753 1
1753 1781 1782 1754 1
1754 1782 1783 1755 1
1755 1783 1784 1756 1
1756 1784 1785 1757 1
1757 1785 1786 1758 1
1758 1786 1787 1759 1
1759 1787 1788 1760 1
1760 1788 1789 1761 1
1761 1789 1790 1762 1
1762 1790 1791 1763 1
1763 1791 1792 1764 1
1764 1792 1793 1765 1
1765 1793 1794 1766 1
1766 1794 1795 1767 1
1767 1795 1796 1768 1
1768 1796 1797 1769 1
1769 1797 1798 1770 1
1770 1798 1799 1771 1
1771 1799 1800 1772 1
1772 1800 381 382 1
52 53 1801 1773 1
1773 1801 1802 1774 1
1774 1802 1803 1775 1
1775 1803 1804 1776 1
1776 1804 1805 1777 1
1777 1805 1806 1778 1
1778 1806 1807 1779 1
1779 1807 1808 1780 1
1780 1808 1809 1781 1
1781 1809 1810 1782 1
1782 1810 1811 1783 1
1783 1811 1812 1784 1
1784 1812 1813 1785 1
1785 1813 1814 1786 1
1786 1814 1815 1787 1
1787 1815 1816 1788 1
1788 1816 1817 1789 1
1789 1817 1818 1790 1
1790 1818 1819 1791 1
1791 1819 1820 1792 1
1792 1820 1821 1793 1
1793 1821 1822 1794 1
1794 1822 1823 1795 1
1795 1823 1824 1796 1
1796 1824 1825 1797 1
1797 1825 1826 1798 1
1798 1826 1827 1799 1
1799 1827 1828 1800 1
1800 1828 380 381 1
53 54 1829 1801 1
1801 1829 1830 1802 1
1802 1830 1831 1803 1
1803 1831 1832 1804 1
1804 1832 1833 1805 1
1805 1833 1834 1806 1
1806 1834 1835 1807 1
1807 1835 1836 1808 1
1808 1836 1837 1809 1
1809 1837 1838 1810 1
1810 1838 1839 1811 1
1811 1839 1840 1812 1
1812 1840 1841 1813 1
1813 1841 1842 1814 1
1814 1842 1843 1815 1
1815 1843 1844 1816 1
1816 1844 1845 1817 1
1817 1845 1846 1818 1
1818 1846 1847 1819 1
1819 1847 1848 1820 1
1820 1848 1849 1821 1
1821 1849 1850 1822 1
1822 1850 1851 1823 1
1823 1851 1852 1824 1
1824 1852 1853 1825 1
1825 1853 1854 1826 1
1826 1854 1855 1827 1
1827 1855 1856 1828 1
1828 1856 379 380 1
54 55 1857 1829 1
1829 1857 1858 1830 1
1830 1858 1859 1831 1
1831 1859 1860 1832 1
1832 1860 1861 1833 1
1833 1861 1862 1834 1
1834 1862 1863 1835 1
1835 1863 1864 1836 1
1836 1864 1865 1837 1
1837 1865 1866 1838 1
1838 1866 1867 1839 1
1839 1867 1868 1840 1
1840 1868 1869 1841 1
1841 1869 1870 1842 1
1842 1870 1871 1843 1
1843 1871 1872 1844 1
1844 1872 1873 1845 1
1845 1873 1874 1846 1
1846 1874 1875 1847 1
1847 1875 1876 1848 1
1848 1876 1877 1849 1
1849 1877 1878 1850 1
1850 1878 1879 1851 1
1851 1879 1880 1852 1
1852 1880 1881 1853 1
1853 1881 1882 1854 1
1854 1882 1883 1855 1
1855 1883 1884 1856 1
1856 1884 378 379 1
55 56 1885 1857 1
1857 1885 1886 1858 1
1858 1886 1887 1859 1
1859 1887 1888 1860 1
1860 1888 1889 1861 1
1861 1889 1890 1862 1
1862 1890 1891 1863 1
1863 1891 1892 1864 1
1864 1892 1893 1865 1
1865 1893 1894 1866 1
1866 1894 1895 1867 1
1867 1895 1896 1868 1
1868 1896 1897 1869 1
1869 1897 1898 1870 1
1870 1898 1899 1871 1
1871 1899 1900 1872 1
1872 1900 1901 1873 1
1873 1901 1902 1874 1
1874 1902 1903 1875 1
1875 1903 1904 1876 1
1876 1904 1905 1877 1
1877 1905 1906 1878 1
1878 1906 1907 1879 1
1879 1907 1908 1880 1
1880 1908 1909 1881 1
1881 1909 1910 1882 1
1882 1910 1911 1883 1
1883 1911 1912 1884 1
1884 1912 377 378 1
56 57 1913 1885 1
1885 1913 1914 1886 1
1886 1914 1915 1887 1
1887 1915 1916 1888 1
1888 1916 1917 1889 1
1889 1917 1918 1890 1
1890 1918 1919 1891 1
1891 1919 1920 1892 1
1892 1920 1921 1893 1
1893 1921 1922 1894 1
1894 1922 1923 1895 1
1895 1923 1924 1896 1
1896 1924 1925 1897 1
1897 1925 1926 1898 1
1898 1926 1927 1899 1
1899 1927 1928 1900 1
1900 1928 1929 1901 1
1901 1929 1930 1902 1
1902 1930 1931 1903 1
1903 1931 1932 1904 1
1904 1932 1933 1905 1
1905 1933 1934 1906 1
1906 1934 1935 1907 1
1907 1935 1936 1908 1
1908 1936 1937 1909 1
1909 1937 1938 1910 1
1910 1938 1939 1911 1
1911 1939 1940 1912 1
1912 1940 376 377 1
57 58 1941 1913 1
1913 1941 1942 1914 1
1914 1942 1943 1915 1
1915 1943 1944 1916 1
1916 1944 1945 1917 1
1917 1945 1946 1918 1
1918 1946 1947 1919 1
1919 1947 1948 1920 1
1920 1948 1949 1921 1
1921 1949 1950 1922 1
1922 1950 1951 1923 1
1923 1951 1952 1924 1
1924 1952 1953 1925 1
1925 1953 1954 1926 1
1926 1954 1955 1927 1
1927 1955 1956 1928 1
1928 1956 1957 1929 1
1929 1957 1958 1930 1
1930 1958 1959 1931 1
1931 1959 1960 1932 1
1932 1960 1961 1933 1
1933 1961 1962 1934 1
1934 1962 1963 1935 1
1935 1963 1964 1936 1
1936 1964 1965 1937 1
1937 1965 1966 1938 1
1938 1966 1967 1939 1
1939 1967 1968 1940 1
1940 1968 375 376 1
58 59 1969 1941 1
1941 1969 1970 1942 1
1942 1970 1971 1943 1
1943 1971 1972 1944 1
1944 1972 1973 1945 1
1945 1973 1974 1946 1
1946 1974 1975 1947 1
1947 1975 1976 1948 1
1948 1976 1977 1949 1
1949 1977 1978 1950 1
1950 1978 1979 1951 1
1951 1979 1980 1952 1
1952 1980 1981 1953 1
1953 1981 1982 1954 1
1954 1982 1983 1955 1
1955 1983 1984 1956 1
1956 1984 1985 1957 1
1957 1985 1986 1958 1
1958 1986 1987 1959 1
1959 1987 1988 1960 1
1960 1988 1989 1961 1
1961 1989 1990 1962 1
1962 1990 1991 1963 1
1963 1991 1992 1964 1
1964 1992 1993 1965 1
1965 1993 1994 1966 1
1966 1994 1995 1967 1
1967 1995 1996 1968 1
1968 1996 374 375 1
59 60 1997 1969 1
1969 1997 1998 1970 1
1970 1998 1999 1971 1
1971 1999 2000 1972 1
1972 2000 2001 1973 1
1973 2001 2002 1974 1
1974 2002 2003 1975 1
1975 2003 2004 1976 1
1976 2004 2005 1977 1
1977 2005 2006 1978 1
1978 2006 2007 1979 1
1979 2007 2008 1980 1
1980 2008 2009 1981 1
1981 2009 2010 1982 1
1982 2010 2011 1983 1
1983 2011 2012 1984 1
1984 2012 2013 1985 1
1985 2013 2014 1986 1
1986 2014 2015 1987 1
1987 2015 2016 1988 1
1988 2016 2017 1989 1
1989 2017 2018 1990 1
1990 2018 2019 1991 1
1991 2019 2020 1992 1
1992 2020 2021 1993 1
1993 2021 2022 1994 1
1994 2022 2023 1995 1
1995 2023 2024 1996 1
1996 2024 373 374 1
60 61 2025 1997 1
1997 2025 2026 1998 1
1998 2026 2027 1999 1
1999 2027 2028 2000 1
2000 2028 2029 2001 1
2001 2029 2030 2002 1
2002 2030 2031 2003 1
2003 2031 2032 2004 1
2004 2032 2033 2005 1
2005 2033 2034 2006 1
2006 2034 2035 2007 1
2007 2035 2036 2008 1
2008 2036 2037 2009 1
2009 2037 2038 2010 1
2010 2038 2039 2011 1
2011 2039 2040 2012 1
2012 2040 2041 2013 1
2013 2041 2042 2014 1
2014 2042 2043 2015 1
2015 2043 2044 2016 1
2016 2044 2045 2017 1
2017 2045 2046 2018 1
2018 2046 2047 2019 1
2019 2047 2048 2020 1
2020 2048 2049 2021 1
2021 2049 2050 2022 1
2022 2050 2051 2023 1
2023 2051 2052 2024 1
2024 2052 372 373 1
61 62 2053 2025 1
2025 2053 2054 2026 1
2026 2054 2055 2027 1
2027 2055 2056 2028 1
2028 2056 2057 2029 1
2029 2057 2058 2030 1
2030 2058 2059 2031 1
2031 2059 2060 2032 1
2032 2060 2061 2033 1
2033 2061 2062 2034 1
2034 2062 2063 2035 1
2035 2063 2064 2036 1
2036 2064 2065 2037 1
2037 2065 2066 2038 1
2038 2066 2067 2039 1
2039 2067 2068 2040 1
2040 2068 2069 2041 1
2041 2069 2070 2042 1
2042 2070 2071 2043 1
2043 2071 2072 2044 1
2044 2072 2073 2045 1
2045 2073 2074 2046 1
2046 2074 2075 2047 1
2047 2075 2076 2048 1
2048 2076 2077 2049 1
2049 2077 2078 2050 1
2050 2078 2079 2051 1
2051 2079 2080 2052 1
2052 2080 371 372 1
62 63 2081 2053 1
2053 2081 2082 2054 1
2054 2082 2083 2055 1
2055 2083 2084 2056 1
2056 2084 2085 2057 1
2057 2085 2086 2058 1
2058 2086 2087 2059 1
2059 2087 2088 2060 1
2060 2088 2089 2061 1
2061 2089 2090 2062 1
2062 2090 2091 2063 1
2063 2091 2092 2064 1
2064 2092 2093 2065 1
2065 2093 2094 2066 1
2066 2094 2095 2067 1
2067 2095 2096 2068 1
2068 2096 2097 2069 1
2069 2097 2098 2070 1
2070 2098 2099 2071 1
2071 2099 2100 2072 1
2072 2100 2101 2073 1
2073 2101 2102 2074 1
2074 2102 2103 2075 1
2075 2103 2104 2076 1
2076 2104 2105 2077 1
2077 2105 2106 2078 1
2078 2106 2107 2079 1
2079 2107 2108 2080 1
2080 2108 370 371 1
63 64 2109 2081 1
2081 2109 2110 2082 1
2082 2110 2111 2083 1
2083 2111 2112 2084 1
2084 2112 2113 2085 1
2085 2113 2114 2086 1
2086 2114 2115 2087 1
2087 2115 2116 2088 1
2088 2116 2117 2089 1
2089 2117 2118 2090 1
2090 2118 2119 2091 1
2091 2119 2120 2092 1
2092 2120 2121 2093 1
2093 2121 2122 2094 1
2094 2122 2123 2095 1
2095 2123 2124 2096 1
2096 2124 2125 2097 1
2097 2125 2126 2098 1
2098 2126 2127 2099 1
2099 2127 2128 2100 1
2100 2128 2129 2101 1
2101 2129 2130 2102 1
2102 2130 2131 2103 1
2103 2131 2132 2104 1
2104 2132 2133 2105 1
2105 2133 2134 2106 1
2106 2134 2135 2107 1
2107 2135 2136 2108 1
2108 2136 369 370 1
64 65 2137 2109 1
2109 2137 2138 2110 1
2110 2138 2139 2111 1
2111 2139 2140 2112 1
2112 2140 2141 2113 1
2113 2141 2142 2114 1
2114 2142 2143 2115 1
2115 2143 2144 2116 1
2116 2144 2145 2117 1
2117 2145 2146 2118 1
2118 2146 2147 2119 1
2119 2147 2148 2120 1
2120 2148 2149 2121 1
2121 2149 2150 2122 1
2122 2150 2151 2123 1
2123 2151 2152 2124 1
2124 2152 2153 2125 1
2125 2153 2154 2126 1
2126 2154 2155 2127 1
2127 2155 2156 2128 1
2128 2156 2157 2129 1
2129 2157 2158 2130 1
2130 2158 2159 2131 1
2131 2159 2160 2132 1
2132 2160 2161 2133 1
2133 2161 2162 2134 1
2134 2162 2163 2135 1
2135 2163 2164 2136 1
2136 2164 368 369 1
65 66 2165 2137 1
2137 2165 2166 2138 1
2138 2166 2167 2139 1
2139 2167 2168 2140 1
2140 2168 2169 2141 1
2141 2169 2170 2142 1
2142 2170 2171 2143 1
2143 2171 2172 2144 1
2144 2172 2173 2145 1
2145 2173 2174 2146 1
2146 2174 2175 2147 1
2147 2175 2176 2148 1
2148 2176 2177 2149 1
2149 2177 2178 2150 1
2150 2178 2179 2151 1
2151 2179 2180 2152 1
2152 2180 2181 2153 1
2153 2181 2182 2154 1
2154 2182 2183 2155 1
2155 2183 2184 2156 1
2156 2184 2185 2157 1
2157 2185 2186 2158 1
2158 2186 2187 2159 1
2159 2187 2188 2160 1
2160 2188 2189 2161 1
2161 2189 2190 2162 1
2162 2190 2191 2163 1
2163 2191 2192 2164 1
2164 2192 367 368 1
66 67 2193 2165 1
2165 2193 2194 2166 1
2166 2194 2195 2167 1
2167 2195 2196 2168 1
2168 2196 2197 2169 1
2169 2197 2198 2170 1
2170 2198 2199 2171 1
2171 2199 2200 2172 1
2172 2200 2201 2173 1
2173 2201 2202 2174 1
2174 2202 2203 2175 1
2175 2203 2204 2176 1
2176 2204 2205 2177 1
2177 2205 2206 2178 1
2178 2206 2207 2179 1
2179 2207 2208 2180 1
2180 2208 2209 2181 1
2181 2209 2210 2182 1
2182 2210 2211 2183 1
2183 2211 2212 2184 1
2184 2212 2213 2185 1
2185 2213 2214 2186 1
2186 2214 2215 2187 1
2187 2215 2216 2188 1
2188 2216 2217 2189 1
2189 2217 2218 2190 1
2190 2218 2219 2191 1
2191 2219 2220 2192 1
2192 2220 366 367 1
67 68 2221 2193 1
2193 2221 2222 2194 1
2194 2222 2223 2195 1
2195 2223 2224 2196 1
2196 2224 2225 2197 1
2197 2225 2226 2198 1
2198 2226 2227 2199 1
2199 2227 2228 2200 1
2200 2228 2229 2201 1
2201 2229 2230 2202 1
2202 2230 2231 2203 1
2203 2231 2232 2204 1
2204 2232 2233 2205 1
2205 2233 2234 2206 1
2206 2234 2235 2207 1
2207 2235 2236 2208 1
2208 2236 2237 2209 1
2209 2237 2238 2210 1
2210 2238 2239 2211 1
2211 2239 2240 2212 1
2212 2240 2241 2213 1
2213 2241 2242 2214 1
2214 2242 2243 2215 1
2215 2243 2244 2216 1
2216 2244 2245 2217 1
2217 2245 2246 2218 1
2218 2246 2247 2219 1
2219 2247 2248 2220 1
2220 2248 365 366 1
68 69 2249 2221 1
2221 2249 2250 2222 1
2222 2250 2251 2223 1
2223 2251 2252 2224 1
2224 2252 2253 2225 1
2225 2253 2254 2226 1
2226 2254 2255 2227 1
2227 2255 2256 2228 1
2228 2256 2257 2229 1
2229 2257 2258 2230 1
2230 2258 2259 2231 1
2231 2259 2260 2232 1
2232 2260 2261 2233 1
2233 2261 2262 2234 1
2234 2262 2263 2235 1
2235 2263 2264 2236 1
2236 2264 2265 2237 1
2237 2265 2266 2238 1
2238 2266 2267 2239 1
2239 2267 2268 2240 1
2240 2268 2269 2241 1
2241 2269 2270 2242 1
2242 2270 2271 2243 1
2243 2271 2272 2244 1
2244 2272 2273 2245 1
2245 2273 2274 2246 1
2246 2274 2275 2247 1
2247 2275 2276 2248 1
2248 2276 364 365 1
69 70 2277 2249 1
2249 2277 2278 2250 1
2250 2278 2279 2251 1
2251 2279 2280 2252 1
2252 2280 2281 2253 1
2253 2281 2282 2254 1
2254 2282 2283 2255 1
2255 2283 2284 2256 1
2256 2284 2285 2257 1
2257 2285 2286 2258 1
2258 2286 2287 2259 1
2259 2287 2288 2260 1
2260 2288 2289 2261 1
2261 2289 2290 2262 1
2262 2290 2291 2263 1
2263 2291 2292 2264 1
2264 2292 2293 2265 1
2265 2293 2294 2266 1
2266 2294 2295 2267 1
2267 2295 2296 2268 1
2268 2296 2297 2269 1
2269 2297 2298 2270 1
2270 2298 2299 2271 1
2271 2299 2300 2272 1
2272 2300 2301 2273 1
2273 2301 2302 2274 1
2274 2302 2303 2275 1
2275 2303 2304 2276 1
2276 2304 363 364 1
70 71 2305 2277 1
2277 2305 2306 2278 1
2278 2306 2307 2279 1
2279 2307 2308 2280 1
2280 2308 2309 2281 1
2281 2309 2310 2282 1
2282 2310 2311 2283 1
2283 2311 2312 2284 1
2284 2312 2313 2285 1
2285 2313 2314 2286 1
2286 2314 2315 2287 1
2287 2315 2316 2288 1
2288 2316 2317 2289 1
2289 2317 2318 2290 1
2290 2318 2319 2291 1
2291 2319 2320 2292 1
2292 2320 2321 2293 1
2293 2321 2322 2294 1
2294 2322 2323 2295 1
2295 2323 2324 2296 1
2296 2324 2325 2297 1
2297 2325 2326 2298 1
2298 2326 2327 2299 1
2299 2327 2328 2300 1
2300 2328 2329 2301 1
2301 2329 2330 2302 1
2302 2330 2331 2303 1
2303 2331 2332 2304 1
2304 2332 362 363 1
71 72 2333 2305 1
2305 2333 2334 2306 1
2306 2334 2335 2307 1
2307 2335 2336 2308 1
2308 2336 2337 2309 1
2309 2337 2338 2310 1
2310 2338 2339 2311 1
2311 2339 2340 2312 1
2312 2340 2341 2313 1
2313 2341 2342 2314 1
2314 2342 2343 2315 1
2315 2343 2344 2316 1
2316 2344 2345 2317 1
2317 2345 2346 2318 1
2318 2346 2347 2319 1
2319 2347 2348 2320 1
2320 2348 2349 2321 1
2321 2349 2350 2322 1
2322 2350 2351 2323 1
2323 2351 2352 2324 1
2324 2352 2353 2325 1
2325 2353 2354 2326 1
2326 2354 2355 2327 1
2327 2355 2356 2328 1
2328 2356 2357 2329 1
2329 2357 2358 2330 1
2330 2358 2359 2331 1
2331 2359 2360 2332 1
2332 2360 361 362 1
72 73 2361 2333 1
2333 2361 2362 2334 1
2334 2362 2363 2335 1
2335 2363 2364 2336 1
2336 2364 2365 2337 1
2337 2365 2366 2338 1
2338 2366 2367 2339 1
2339 2367 2368 2340 1
2340 2368 2369 2341 1
2341 2369 2370 2342 1
2342 2370 2371 2343 1
2343 2371 2372 2344 1
2344 2372 2373 2345 1
2345 2373 2374 2346 1
2346 2374 2375 2347 1
2347 2375 2376 2348 1
2348 2376 2377 2349 1
2349 2377 2378 2350 1
2350 2378 2379 2351 1
2351 2379 2380 2352 1
2352 2380 2381 2353 1
2353 2381 2382 2354 1
2354 2382 2383 2355 1
2355 2383 2384 2356 1
2356 2384 2385 2357 1
2357 2385 2386 2358 1
2358 2386 2387 2359 1
2359 2387 2388 2360 1
2360 2388 360 361 1
73 74 2389 2361 1
2361 2389 2390 2362 1
2362 2390 2391 2363 1
2363 2391 2392 2364 1
2364 2392 2393 2365 1
2365 2393 2394 2366 1
2366 2394 2395 2367 1
2367 2395 2396 2368 1
2368 2396 2397 2369 1
2369 2397 2398 2370 1
2370 2398 2399 2371 1
2371 2399 2400 2372 1
2372 2400 2401 2373 1
2373 2401 2402 2374 1
2374 2402 2403 2375 1
2375 2403 2404 2376 1
2376 2404 2405 2377 1
2377 2405 2406 2378 1
2378 2406 2407 2379 1
2379 2407 2408 2380 1
2380 2408 2409 2381 1
2381 2409 2410 2382 1
2382 2410 2411 2383 1
2383 2411 2412 2384 1
2384 2412 2413 2385 1
2385 2413 2414 2386 1
2386 2414 2415 2387 1
2387 2415 2416 2388 1
2388 2416 359 360 1
74 75 2417 2389 1
2389 2417 2418 2390 1
2390 2418 2419 2391 1
2391 2419 2420 2392 1
2392 2420 2421 2393 1
2393 2421 2422 2394 1
2394 2422 2423 2395 1
2395 2423 2424 2396 1
2396 2424 2425 2397 1
2397 2425 2426 2398 1
2398 2426 2427 2399 1
2399 2427 2428 2400 1
2400 2428 2429 2401 1
2401 2429 2430 2402 1
2402 2430 2431 2403 1
2403 2431 2432 2404 1
2404 2432 2433 2405 1
2405 2433 2434 2406 1
2406 2434 2435 2407 1
2407 2435 2436 2408 1
2408 2436 2437 2409 1
2409 2437 2438 2410 1
2410 2438 2439 2411 1
2411 2439 2440 2412 1
2412 2440 2441 2413 1
2413 2441 2442 2414 1
2414 2442 2443 2415 1
2415 2443 2444 2416 1
2416 2444 358 359 1
75 76 2445 2417 1
2417 2445 2446 2418 1
2418 2446 2447 2419 1
2419 2447 2448 2420 1
2420 2448 2449 2421 1
2421 2449 2450 2422 1
2422 2450 2451 2423 1
2423 2451 2452 2424 1
2424 2452 2453 2425 1
2425 2453 2454 2426 1
2426 2454 2455 2427 1
2427 2455 2456 2428 1
2428 2456 2457 2429 1
2429 2457 2458 2430 1
2430 2458 2459 2431 1
2431 2459 2460 2432 1
2432 2460 2461 2433 1
2433 2461 2462 2434 1
2434 2462 2463 2435 1
2435 2463 2464 2436 1
2436 2464 2465 2437 1
2437 2465 2466 2438 1
2438 2466 2467 2439 1
2439 2467 2468 2440 1
2440 2468 2469 2441 1
2441 2469 2470 2442 1
2442 2470 2471 2443 1
2443 2471 2472 2444 1
2444 2472 357 358 1
76 77 2473 2445 1
2445 2473 2474 2446 1
2446 2474 2475 2447 1
2447 2475 2476 2448 1
2448 2476 2477 2449 1
2449 2477 2478 2450 1
2450 2478 2479 2451 1
2451 2479 2480 2452 1
2452 2480 2481 2453 1
2453 2481 2482 2454 1
2454 2482 2483 2455 1
2455 2483 2484 2456 1
2456 2484 2485 2457 1
2457 2485 2486 2458 1
2458 2486 2487 2459 1
2459 2487 2488 2460 1
2460 2488 2489 2461 1
2461 2489 2490 2462 1
2462 2490 2491 2463 1
2463 2491 2492 2464 1
2464 2492 2493 2465 1
2465 2493 2494 2466 1
2466 2494 2495 2467 1
2467 2495 2496 2468 1
2468 2496 2497 2469 1
2469 2497 2498 2470 1
2470 2498 2499 2471 1
2471 2499 2500 2472 1
2472 2500 356 357 1
77 78 2501 2473 1
2473 2501 2502 2474 1
2474 2502 2503 2475 1
2475 2503 2504 2476 1
2476 2504 2505 2477 1
2477 2505 2506 2478 1
2478 2506 2507 2479 1
2479 2507 2508 2480 1
2480 2508 2509 2481 1
2481 2509 2510 2482 1
2482 2510 2511 2483 1
2483 2511 2512 2484 1
2484 2512 2513 2485 1
2485 2513 2514 2486 1
2486 2514 2515 2487 1
2487 2515 2516 2488 1
2488 2516 2517 2489 1
2489 2517 2518 2490 1
2490 2518 2519 2491 1
2491 2519 2520 2492 1
2492 2520 2521 2493 1
2493 2521 2522 2494 1
2494 2522 2523 2495 1
2495 2523 2524 2496 1
2496 2524 2525 2497 1
2497 2525 2526 2498 1
2498 2526 2527 2499 1
2499 2527 2528 2500 1
2500 2528 355 356 1
78 79 2529 2501 1
2501 2529 2530 2502 1
2502 2530 2531 2503 1
2503 2531 2532 2504 1
2504 2532 2533 2505 1
2505 2533 2534 2506 1
2506 2534 2535 2507 1
2507 2535 2536 2508 1
2508 2536 2537 2509 1
2509 2537 2538 2510 1
2510 2538 2539 2511 1
2511 2539 2540 2512 1
2512 2540 2541 2513 1
2513 2541 2542 2514 1
2514 2542 2543 2515 1
2515 2543 2544 2516 1
2516 2544 2545 2517 1
2517 2545 2546 2518 1
2518 2546 2547 2519 1
2519 2547 2548 2520 1
2520 2548 2549 2521 1
2521 2549 2550 2522 1
2522 2550 2551 2523 1
2523 2551 2552 2524 1
2524 2552 2553 2525 1
2525 2553 2554 2526 1
2526 2554 2555 2527 1
2527 2555 2556 2528 1
2528 2556 354 355 1
79 80 2557 2529 1
2529 2557 2558 2530 1
2530 2558 2559 2531 1
2531 2559 2560 2532 1
2532 2560 2561 2533 1
2533 2561 2562 2534 1
2534 2562 2563 2535 1
2535 2563 2564 2536 1
2536 2564 2565 2537 1
2537 2565 2566 2538 1
2538 2566 2567 2539 1
2539 2567 2568 2540 1
2540 2568 2569 2541 1
2541 2569 2570 2542 1
2542 2570 2571 2543 1
2543 2571 2572 2544 1
2544 2572 2573 2545 1
2545 2573 2574 2546 1
2546 2574 2575 2547 1
2547 2575 2576 2548 1
2548 2576 2577 2549 1
2549 2577 2578 2550 1
2550 2578 2579 2551 1
2551 2579 2580 2552 1
2552 2580 2581 2553 1
2553 2581 2582 2554 1
2554 2582 2583 2555 1
2555 2583 2584 2556 1
2556 2584 353 354 1
80 81 2585 2557 1
2557 2585 2586 2558 1
2558 2586 2587 2559 1
2559 2587 2588 2560 1
2560 2588 2589 2561 1
2561 2589 2590 2562 1
2562 2590 2591 2563 1
2563 2591 2592 2564 1
2564 2592 2593 2565 1
2565 2593 2594 2566 1
2566 2594 2595 2567 1
2567 2595 2596 2568 1
2568 2596 2597 2569 1
2569 2597 2598 2570 1
2570 2598 2599 2571 1
2571 2599 2600 2572 1
2572 2600 2601 2573 1
2573 2601 2602 2574 1
2574 2602 2603 2575 1
2575 2603 2604 2576 1
2576 2604 2605 2577 1
2577 2605 2606 2578 1
2578 2606 2607 2579 1
2579 2607 2608 2580 1
2580 2608 2609 2581 1
2581 2609 2610 2582 1
2582 2610 2611 2583 1
2583 2611 2612 2584 1
2584 2612 352 353 1
81 82 2613 2585 1
2585 2613 2614 2586 1
2586 2614 2615 2587 1
2587 2615 2616 2588 1
2588 2616 2617 2589 1
2589 2617 2618 2590 1
2590 2618 2619 2591 1
2591 2619 2620 2592 1
2592 2620 2621 2593 1
2593 2621 2622 2594 1
2594 2622 2623 2595 1
2595 2623 2624 2596 1
2596 2624 2625 2597 1
2597 2625 2626 2598 1
2598 2626 2627 2599 1
2599 2627 2628 2600 1
2600 2628 2629 2601 1
2601 2629 2630 2602 1
2602 2630 2631 2603 1
2603 2631 2632 2604 1
2604 2632 2633 2605 1
2605 2633 2634 2606 1
2606 2634 2635 2607 1
2607 2635 2636 2608 1
2608 2636 2637 2609 1
2609 2637 2638 2610 1
2610 2638 2639 2611 1
2611 2639 2640 2612 1
2612 2640 351 352 1
82 83 2641 2613 1
2613 2641 2642 2614 1
2614 2642 2643 2615 1
2615 2643 2644 2616 1
2616 2644 2645 2617 1
2617 2645 2646 2618 1
2618 2646 2647 2619 1
2619 2647 2648 2620 1
2620 2648 2649 2621 1
2621 2649 2650 2622 1
2622 2650 2651 2623 1
2623 2651 2652 2624 1
2624 2652 2653 2625 1
2625 2653 2654 2626 1
2626 2654 2655 2627 1
2627 2655 2656 2628 1
2628 2656 2657 2629 1
2629 2657 2658 2630 1
2630 2658 2659 2631 1
2631 2659 2660 2632 1
2632 2660 2661 2633 1
2633 2661 2662 2634 1
2634 2662 2663 2635 1
2635 2663 2664 2636 1
2636 2664 2665 2637 1
2637 2665 2666 2638 1
2638 2666 2667 2639 1
2639 2667 2668 2640 1
2640 2668 350 351 1
83 84 2669 2641 1
2641 2669 2670 2642 1
2642 2670 2671 2643 1
2643 2671 2672 2644 1
2644 2672 2673 2645 1
2645 2673 2674 2646 1
2646 2674 2675 2647 1
2647 2675 2676 2648 1
2648 2676 2677 2649 1
2649 2677 2678 2650 1
2650 2678 2679 2651 1
2651 2679 2680 2652 1
2652 2680 2681 2653 1
2653 2681 2682 2654 1
2654 2682 2683 2655 1
2655 2683 2684 2656 1
2656 2684 2685 2657 1
2657 2685 2686 2658 1
2658 2686 2687 2659 1
2659 2687 2688 2660 1
2660 2688 2689 2661 1
2661 2689 2690 2662 1
2662 2690 2691 2663 1
2663 2691 2692 2664 1
2664 2692 2693 2665 1
2665 2693 2694 2666 1
2666 2694 2695 2667 1
2667 2695 2696 2668 1
2668 2696 349 350 1
84 85 2697 2669 1
2669 2697 2698 2670 1
2670 2698 2699 2671 1
2671 2699 2700 2672 1
2672 2700 2701 2673 1
2673 2701 2702 2674 1
2674 2702 2703 2675 1
2675 2703 2704 2676 1
2676 2704 2705 2677 1
2677 2705 2706 2678 1
2678 2706 2707 2679 1
2679 2707 2708 2680 1
2680 2708 2709 2681 1
2681 2709 2710 2682 1
2682 2710 2711 2683 1
2683 2711 2712 2684 1
2684 2712 2713 2685 1
2685 2713 2714 2686 1
2686 2714 2715 2687 1
2687 2715 2716 2688 1
2688 2716 2717 2689 1
2689 2717 2718 2690 1
2690 2718 2719 2691 1
2691 2719 2720 2692 1
2692 2720 2721 2693 1
2693 2721 2722 2694 1
2694 2722 2723 2695 1
2695 2723 2724 2696 1
2696 2724 348 349 1
85 86 2725 2697 1
2697 2725 2726 2698 1
2698 2726 2727 2699 1
2699 2727 2728 2700 1
2700 2728 2729 2701 1
2701 2729 2730 2702 1
2702 2730 2731 2703 1
2703 2731 2732 2704 1
2704 2732 2733 2705 1
2705 2733 2734 2706 1
2706 2734 2735 2707 1
2707 2735 2736 2708 1
2708 2736 2737 2709 1
2709 2737 2738 2710 1
2710 2738 2739 2711 1
2711 2739 2740 2712 1
2712 2740 2741 2713 1
2713 2741 2742 2714 1
2714 2742 2743 2715 1
2715 2743 2744 2716 1
2716 2744 2745 2717 1
2717 2745 2746 2718 1
2718 2746 2747 2719 1
2719 2747 2748 2720 1
2720 2748 2749 2721 1
2721 2749 2750 2722 1
2722 2750 2751 2723 1
2723 2751 2752 2724 1
2724 2752 347 348 1
86 87 2753 2725 1
2725 2753 2754 2726 1
2726 2754 2755 2727 1
2727 2755 2756 2728 1
2728 2756 2757 2729 1
2729 2757 2758 2730 1
2730 2758 2759 2731 1
2731 2759 2760 2732 1
2732 2760 2761 2733 1
2733 2761 2762 2734 1
2734 2762 2763 2735 1
2735 2763 2764 2736 1
2736 2764 2765 2737 1
2737 2765 2766 2738 1
2738 2766 2767 2739 1
2739 2767 2768 2740 1
2740 2768 2769 2741 1
2741 2769 2770 2742 1
2742 2770 2771 2743 1
2743 2771 2772 2744 1
2744 2772 2773 2745 1
2745 2773 2774 2746 1
2746 2774 2775 2747 1
2747 2775 2776 2748 1
2748 2776 2777 2749 1
2749 2777 2778 2750 1
2750 2778 2779 2751 1
2751 2779 2780 2752 1
2752 2780 346 347 1
87 88 2781 2753 1
2753 2781 2782 2754 1
2754 2782 2783 2755 1
2755 2783 2784 2756 1
2756 2784 2785 2757 1
2757 2785 2786 2758 1
2758 2786 2787 2759 1
2759 2787 2788 2760 1
2760 2788 2789 2761 1
2761 2789 2790 2762 1
2762 2790 2791 2763 1
2763 2791 2792 2764 1
2764 2792 2793 2765 1
2765 2793 2794 2766 1
2766 2794 2795 2767 1
2767 2795 2796 2768 1
2768 2796 2797 2769 1
2769 2797 2798 2770 1
2770 2798 2799 2771 1
2771 2799 2800 2772 1
2772 2800 2801 2773 1
2773 2801 2802 2774 1
2774 2802 2803 2775 1
2775 2803 2804 2776 1
2776 2804 2805 2777 1
2777 2805 2806 2778 1
2778 2806 2807 2779 1
2779 2807 2808 2780 1
2780 2808 345 346 1
88 89 2809 2781 1
2781 2809 2810 2782 1
2782 2810 2811 2783 1
2783 2811 2812 2784 1
2784 2812 2813 2785 1
2785 2813 2814 2786 1
2786 2814 2815 2787 1
2787 2815 2816 2788 1
2788 2816 2817 2789 1
2789 2817 2818 2790 1
2790 2818 2819 2791 1
2791 2819 2820 2792 1
2792 2820 2821 2793 1
2793 2821 2822 2794 1
2794 2822 2823 2795 1
2795 2823 2824 2796 1
2796 2824 2825 2797 1
2797 2825 2826 2798 1
2798 2826 2827 2799 1
2799 2827 2828 2800 1
2800 2828 2829 2801 1
2801 2829 2830 2802 1
2802 2830 2831 2803 1
2803 2831 2832 2804 1
2804 2832 2833 2805 1
2805 2833 2834 2806 1
2806 2834 2835 2807 1
2807 2835 2836 2808 1
2808 2836 344 345 1
89 90 2837 2809 1
2809 2837 2838 2810 1
2810 2838 2839 2811 1
2811 2839 2840 2812 1
2812 2840 2841 2813 1
2813 2841 2842 2814 1
2814 2842 2843 2815 1
2815 2843 2844 2816 1
2816 2844 2845 2817 1
2817 2845 2846 2818 1
2818 2846 2847 2819 1
2819 2847 2848 2820 1
2820 2848 2849 2821 1
2821 2849 2850 2822 1
2822 2850 2851 2823 1
2823 2851 2852 2824 1
2824 2852 2853 2825 1
2825 2853 2854 2826 1
2826 2854 2855 2827 1
2827 2855 2856 2828 1
2828 2856 2857 2829 1
2829 2857 2858 2830 1
2830 2858 2859 2831 1
2831 2859 2860 2832 1
2832 2860 2861 2833 1
2833 2861 2862 2834 1
2834 2862 2863 2835 1
2835 2863 2864 2836 1
2836 2864 343 344 1
90 91 2865 2837 1
2837 2865 2866 2838 1
2838 2866 2867 2839 1
2839 2867 2868 2840 1
2840 2868 2869 2841 1
2841 2869 2870 2842 1
2842 2870 2871 2843 1
2843 2871 2872 2844 1
2844 2872 2873 2845 1
2845 2873 2874 2846 1
2846 2874 2875 2847 1
2847 2875 2876 2848 1
2848 2876 2877 2849 1
2849 2877 2878 2850 1
2850 2878 2879 2851 1
2851 2879 2880 2852 1
2852 2880 2881 2853 1
2853 2881 2882 2854 1
2854 2882 2883 2855 1
2855 2883 2884 2856 1
2856 2884 2885 2857 1
2857 2885 2886 2858 1
2858 2886 2887 2859 1
2859 2887 2888 2860 1
2860 2888 2889 2861 1
2861 2889 2890 2862 1
2862 2890 2891 2863 1
2863 2891 2892 2864 1
2864 2892 342 343 1
91 92 2893 2865 1
2865 2893 2894 2866 1
2866 2894 2895 2867 1
2867 2895 2896 2868 1
2868 2896 2897 2869 1
2869 2897 2898 2870 1
2870 2898 2899 2871 1
2871 2899 2900 2872 1
2872 2900 2901 2873 1
2873 2901 2902 2874 1
2874 2902 2903 2875 1
2875 2903 2904 2876 1
2876 2904 2905 2877 1
2877 2905 2906 2878 1
2878 2906 2907 2879 1
2879 2907 2908 2880 1
2880 2908 2909 2881 1
2881 2909 2910 2882 1
2882 2910 2911 2883 1
2883 2911 2912 2884 1
2884 2912 2913 2885 1
2885 2913 2914 2886 1
2886 2914 2915 2887 1
2887 2915 2916 2888 1
2888 2916 2917 2889 1
2889 2917 2918 2890 1
2890 2918 2919 2891 1
2891 2919 2920 2892 1
2892 2920 341 342 1
92 93 2921 2893 1
2893 2921 2922 2894 1
2894 2922 2923 2895 1
2895 2923 2924 2896 1
2896 2924 2925 2897 1
2897 2925 2926 2898 1
2898 2926 2927 2899 1
2899 2927 2928 2900 1
2900 2928 2929 2901 1
2901 2929 2930 2902 1
2902 2930 2931 2903 1
2903 2931 2932 2904 1
2904 2932 2933 2905 1
2905 2933 2934 2906 1
2906 2934 2935 2907 1
2907 2935 2936 2908 1
2908 2936 2937 2909 1
2909 2937 2938 2910 1
2910 2938 2939 2911 1
2911 2939 2940 2912 1
2912 2940 2941 2913 1
2913 2941 2942 2914 1
2914 2942 2943 2915 1
2915 2943 2944 2916 1
2916 2944 2945 2917 1
2917 2945 2946 2918 1
2918 2946 2947 2919 1
2919 2947 2948 2920 1
2920 2948 340 341 1
93 94 2949 2921 1
2921 2949 2950 2922 1
2922 2950 2951 2923 1
2923 2951 2952 2924 1
2924 2952 2953 2925 1
2925 2953 2954 2926 1
2926 2954 2955 2927 1
2927 2955 2956 2928 1
2928 2956 2957 2929 1
2929 2957 2958 2930 1
2930 2958 2959 2931 1
2931 2959 2960 2932 1
2932 2960 2961 2933 1
2933 2961 2962 2934 1
2934 2962 2963 2935 1
2935 2963 2964 2936 1
2936 2964 2965 2937 1
2937 2965 2966 2938 1
2938 2966 2967 2939 1
2939 2967 2968 2940 1
2940 2968 2969 2941 1
2941 2969 2970 2942 1
2942 2970 2971 2943 1
2943 2971 2972 2944 1
2944 2972 2973 2945 1
2945 2973 2974 2946 1
2946 2974 2975 2947 1
2947 2975 2976 2948 1
2948 2976 339 340 1
94 95 2977 2949 1
2949 2977 2978 2950 1
2950 2978 2979 2951 1
2951 2979 2980 2952 1
2952 2980 2981 2953 1
2953 2981 2982 2954 1
2954 2982 2983 2955 1
2955 2983 2984 2956 1
2956 2984 2985 2957 1
2957 2985 2986 2958 1
2958 2986 2987 2959 1
2959 2987 2988 2960 1
2960 2988 2989 2961 1
2961 2989 2990 2962 1
2962 2990 2991 2963 1
2963 2991 2992 2964 1
2964 2992 2993 2965 1
2965 2993 2994 2966 1
2966 2994 2995 2967 1
2967 2995 2996 2968 1
2968 2996 2997 2969 1
2969 2997 2998 2970 1
2970 2998 2999 2971 1
2971 2999 3000 2972 1
2972 3000 3001 2973 1
2973 3001 3002 2974 1
2974 3002 3003 2975 1
2975 3003 3004 2976 1
2976 3004 338 339 1
95 96 3005 2977 1
2977 3005 3006 2978 1
2978 3006 3007 2979 1
2979 3007 3008 2980 1
2980 3008 3009 2981 1
2981 3009 3010 2982 1
2982 3010 3011 2983 1
2983 3011 3012 2984 1
2984 3012 3013 2985 1
2985 3013 3014 2986 1
2986 3014 3015 2987 1
2987 3015 3016 2988 1
2988 3016 3017 2989 1
2989 3017 3018 2990 1
2990 3018 3019 2991 1
2991 3019 3020 2992 1
2992 3020 3021 2993 1
2993 3021 3022 2994 1
2994 3022 3023 2995 1
2995 3023 3024 2996 1
2996 3024 3025 2997 1
2997 3025 3026 2998 1
2998 3026 3027 2999 1
2999 3027 3028 3000 1
3000 3028 3029 3001 1
3001 3029 3030 3002 1
3002 3030 3031 3003 1
3003 3031 3032 3004 1
3004 3032 337 338 1
96 97 3033 3005 1
3005 3033 3034 3006 1
3006 3034 3035 3007 1
3007 3035 3036 3008 1
3008 3036 3037 3009 1
3009 3037 3038 3010 1
3010 3038 3039 3011 1
3011 3039 3040 3012 1
3012 3040 3041 3013 1
3013 3041 3042 3014 1
3014 3042 3043 3015 1
3015 3043 3044 3016 1
3016 3044 3045 3017 1
3017 3045 3046 3018 1
3018 3046 3047 3019 1
3019 3047 3048 3020 1
3020 3048 3049 3021 1
3021 3049 3050 3022 1
3022 3050 3051 3023 1
3023 3051 3052 3024 1
3024 3052 3053 3025 1
3025 3053 3054 3026 1
3026 3054 3055 3027 1
3027 3055 3056 3028 1
3028 3056 3057 3029 1
3029 3057 3058 3030 1
3030 3058 3059 3031 1
3031 3059 3060 3032 1
3032 3060 336 337 1
97 98 3061 3033 1
3033 3061 3062 3034 1
3034 3062 3063 3035 1
3035 3063 3064 3036 1
3036 3064 3065 3037 1
3037 3065 3066 3038 1
3038 3066 3067 3039 1
3039 3067 3068 3040 1
3040 3068 3069 3041 1
3041 3069 3070 3042 1
3042 3070 3071 3043 1
3043 3071 3072 3044 1
3044 3072 3073 3045 1
3045 3073 3074 3046 1
3046 3074 3075 3047 1
3047 3075 3076 3048 1
3048 3076 3077 3049 1
3049 3077 3078 3050 1
3050 3078 3079 3051 1
3051 3079 3080 3052 1
3052 3080 3081 3053 1
3053 3081 3082 3054 1
3054 3082 3083 3055 1
3055 3083 3084 3056 1
3056 3084 3085 3057 1
3057 3085 3086 3058 1
3058 3086 3087 3059 1
3059 3087 3088 3060 1
3060 3088 335 336 1
98 99 3089 3061 1
3061 3089 3090 3062 1
3062 3090 3091 3063 1
3063 3091 3092 3064 1
3064 3092 3093 3065 1
3065 3093 3094 3066 1
3066 3094 3095 3067 1
3067 3095 3096 3068 1
3068 3096 3097 3069 1
3069 3097 3098 3070 1
3070 3098 3099 3071 1
3071 3099 3100 3072 1
3072 3100 3101 3073 1
3073 3101 3102 3074 1
3074 3102 3103 3075 1
3075 3103 3104 3076 1
3076 3104 3105 3077 1
3077 3105 3106 3078 1
3078 3106 3107 3079 1
3079 3107 3108 3080 1
3080 3108 3109 3081 1
3081 3109 3110 3082 1
3082 3110 3111 3083 1
3083 3111 3112 3084 1
3084 3112 3113 3085 1
3085 3113 3114 3086 1
3086 3114 3115 3087 1
3087 3115 3116 3088 1
3088 3116 334 335 1
99 100 3117 3089 1
3089 3117 3118 3090 1
3090 3118 3119 3091 1
3091 3119 3120 3092 1
3092 3120 3121 3093 1
3093 3121 3122 3094 1
3094 3122 3123 3095 1
3095 3123 3124 3096 1
3096 3124 3125 3097 1
3097 3125 3126 3098 1
3098 3126 3127 3099 1
3099 3127 3128 3100 1
3100 3128 3129 3101 1
3101 3129 3130 3102 1
3102 3130 3131 3103 1
3103 3131 3132 3104 1
3104 3132 3133 3105 1
3105 3133 3134 3106 1
3106 3134 3135 3107 1
3107 3135 3136 3108 1
3108 3136 3137 3109 1
3109 3137 3138 3110 1
3110 3138 3139 3111 1
3111 3139 3140 3112 1
3112 3140 3141 3113 1
3113 3141 3142 3114 1
3114 3142 3143 3115 1
3115 3143 3144 3116 1
3116 3144 333 334 1
100 101 3145 3117 1
3117 3145 3146 3118 1
3118 3146 3147 3119 1
3119 3147 3148 3120 1
3120 3148 3149 3121 1
3121 3149 3150 3122 1
3122 3150 3151 3123 1
3123 3151 3152 3124 1
3124 3152 3153 3125 1
3125 3153 3154 3126 1
3126 3154 3155 3127 1
3127 3155 3156 3128 1
3128 3156 3157 3129 1
3129 3157 3158 3130 1
3130 3158 3159 3131 1
3131 3159 3160 3132 1
3132 3160 3161 3133 1
3133 3161 3162 3134 1
3134 3162 3163 3135 1
3135 3163 3164 3136 1
3136 3164 3165 3137 1
3137 3165 3166 3138 1
3138 3166 3167 3139 1
3139 3167 3168 3140 1
3140 3168 3169 3141 1
3141 3169 3170 3142 1
3142 3170 3171 3143 1
3143 3171 3172 3144 1
3144 3172 332 333 1
101 102 3173 3145 1
3145 3173 3174 3146 1
3146 3174 3175 3147 1
3147 3175 3176 3148 1
3148 3176 3177 3149 1
3149 3177 3178 3150 1
3150 3178 3179 3151 1
3151 3179 3180 3152 1
3152 3180 3181 3153 1
3153 3181 3182 3154 1
3154 3182 3183 3155 1
3155 3183 3184 3156 1
3156 3184 3185 3157 1
3157 3185 3186 3158 1
3158 3186 3187 3159 1
3159 3187 3188 3160 1
3160 3188 3189 3161 1
3161 3189 3190 3162 1
3162 3190 3191 3163 1
3163 3191 3192 3164 1
3164 3192 3193 3165 1
3165 3193 3194 3166 1
3166 3194 3195 3167 1
3167 3195 3196 3168 1
3168 3196 3197 3169 1
3169 3197 3198 3170 1
3170 3198 3199 3171 1
3171 3199 3200 3172 1
3172 3200 331 332 1
102 103 3201 3173 1
3173 3201 3202 3174 1
3174 3202 3203 3175 1
3175 3203 3204 3176 1
3176 3204 3205 3177 1
3177 3205 3206 3178 1
3178 3206 3207 3179 1
3179 3207 3208 3180 1
3180 3208 3209 3181 1
3181 3209 3210 3182 1
3182 3210 3211 3183 1
3183 3211 3212 3184 1
3184 3212 3213 3185 1
3185 3213 3214 3186 1
3186 3214 3215 3187 1
3187 3215 3216 3188 1
3188 3216 3217 3189 1
3189 3217 3218 3190 1
3190 3218 3219 3191 1
3191 3219 3220 3192 1
3192 3220 3221 3193 1
3193 3221 3222 3194 1
3194 3222 3223 3195 1
3195 3223 3224 3196 1
3196 3224 3225 3197 1
3197 3225 3226 3198 1
3198 3226 3227 3199 1
3199 3227 3228 3200 1
3200 3228 330 331 1
103 104 3229 3201 1
3201 3229 3230 3202 1
3202 3230 3231 3203 1
3203 3231 3232 3204 1
3204 3232 3233 3205 1
3205 3233 3234 3206 1
3206 3234 3235 3207 1
3207 3235 3236 3208 1
3208 3236 3237 3209 1
3209 3237 3238 3210 1
3210 3238 3239 3211 1
3211 3239 3240 3212 1
3212 3240 3241 3213 1
3213 3241 3242 3214 1
3214 3242 3243 3215 1
3215 3243 3244 3216 1
3216 3244 3245 3217 1
3217 3245 3246 3218 1
3218 3246 3247 3219 1
3219 3247 3248 3220 1
3220 3248 3249 3221 1
3221 3249 3250 3222 1
3222 3250 3251 3223 1
3223 3251 3252 3224 1
3224 3252 3253 3225 1
3225 3253 3254 3226 1
3226 3254 3255 3227 1
3227 3255 3256 3228 1
3228 3256 329 330 1
104 105 3257 3229 1
3229 3257 3258 3230 1
3230 3258 3259 3231 1
3231 3259 3260 3232 1
3232 3260 3261 3233 1
3233 3261 3262 3234 1
3234 3262 3263 3235 1
3235 3263 3264 3236 1
3236 3264 3265 3237 1
3237 3265 3266 3238 1
3238 3266 3267 3239 1
3239 3267 3268 3240 1
3240 3268 3269 3241 1
3241 3269 3270 3242 1
3242 3270 3271 3243 1
3243 3271 3272 3244 1
3244 3272 3273 3245 1
3245 3273 3274 3246 1
3246 3274 3275 3247 1
3247 3275 3276 3248 1
3248 3276 3277 3249 1
3249 3277 3278 3250 1
3250 3278 3279 3251 1
3251 3279 3280 3252 1
3252 3280 3281 3253 1
3253 3281 3282 3254 1
3254 3282 3283 3255 1
3255 3283 3284 3256 1
3256 3284 328 329 1
105 106 3285 3257 1
3257 3285 3286 3258 1
3258 3286 3287 3259 1
3259 3287 3288 3260 1
3260 3288 3289 3261 1
3261 3289 3290 3262 1
3262 3290 3291 3263 1
3263 3291 3292 3264 1
3264 3292 3293 3265 1
3265 3293 3294 3266 1
3266 3294 3295 3267 1
3267 3295 3296 3268 1
3268 3296 3297 3269 1
3269 3297 3298 3270 1
3270 3298 3299 3271 1
3271 3299 3300 3272 1
3272 3300 3301 3273 1
3273 3301 3302 3274 1
3274 3302 3303 3275 1
3275 3303 3304 3276 1
3276 3304 3305 3277 1
3277 3305 3306 3278 1
3278 3306 3307 3279 1
3279 3307 3308 3280 1
3280 3308 3309 3281 1
3281 3309 3310 3282 1
3282 3310 3311 3283 1
3283 3311 3312 3284 1
3284 3312 327 328 1
106 107 3313 3285 1
3285 3313 3314 3286 1
3286 3314 3315 3287 1
3287 3315 3316 3288 1
3288 3316 3317 3289 1
3289 3317 3318 3290 1
3290 3318 3319 3291 1
3291 3319 3320 3292 1
3292 3320 3321 3293 1
3293 3321 3322 3294 1
3294 3322 3323 3295 1
3295 3323 3324 3296 1
3296 3324 3325 3297 1
3297 3325 3326 3298 1
3298 3326 3327 3299 1
3299 3327 3328 3300 1
3300 3328 3329 3301 1
3301 3329 3330 3302 1
3302 3330 3331 3303 1
3303 3331 3332 3304 1
3304 3332 3333 3305 1
3305 3333 3334 3306 1
3306 3334 3335 3307 1
3307 3335 3336 3308 1
3308 3336 3337 3309 1
3309 3337 3338 3310 1
3310 3338 3339 3311 1
3311 3339 3340 3312 1
3312 3340 326 327 1
107 108 3341 3313 1
3313 3341 3342 3314 1
3314 3342 3343 3315 1
3315 3343 3344 3316 1
3316 3344 3345 3317 1
3317 3345 3346 3318 1
3318 3346 3347 3319 1
3319 3347 3348 3320 1
3320 3348 3349 3321 1
3321 3349 3350 3322 1
3322 3350 3351 3323 1
3323 3351 3352 3324 1
3324 3352 3353 3325 1
3325 3353 3354 3326 1
3326 3354 3355 3327 1
3327 3355 3356 3328 1
3328 3356 3357 3329 1
3329 3357 3358 3330 1
3330 3358 3359 3331 1
3331 3359 3360 3332 1
3332 3360 3361 3333 1
3333 3361 3362 3334 1
3334 3362 3363 3335 1
3335 3363 3364 3336 1
3336 3364 3365 3337 1
3337 3365 3366 3338 1
3338 3366 3367 3339 1
3339 3367 3368 3340 1
3340 3368 325 326 1
108 109 3369 3341 1
3341 3369 3370 3342 1
3342 3370 3371 3343 1
3343 3371 3372 3344 1
3344 3372 3373 3345 1
3345 3373 3374 3346 1
3346 3374 3375 3347 1
3347 3375 3376 3348 1
3348 3376 3377 3349 1
3349 3377 3378 3350 1
3350 3378 3379 3351 1
3351 3379 3380 3352 1
3352 3380 3381 3353 1
3353 3381 3382 3354 1
3354 3382 3383 3355 1
3355 3383 3384 3356 1
3356 3384 3385 3357 1
3357 3385 3386 3358 1
3358 3386 3387 3359 1
3359 3387 3388 3360 1
3360 3388 3389 3361 1
3361 3389 3390 3362 1
3362 3390 3391 3363 1
3363 3391 3392 3364 1
3364 3392 3393 3365 1
3365 3393 3394 3366 1
3366 3394 3395 3367 1
3367 3395 3396 3368 1
3368 3396 324 325 1
109 110 3397 3369 1
3369 3397 3398 3370 1
3370 3398 3399 3371 1
3371 3399 3400 3372 1
3372 3400 3401 3373 1
3373 3401 3402 3374 1
3374 3402 3403 3375 1
3375 3403 3404 3376 1
3376 3404 3405 3377 1
3377 3405 3406 3378 1
3378 3406 3407 3379 1
3379 3407 3408 3380 1
3380 3408 3409 3381 1
3381 3409 3410 3382 1
3382 3410 3411 3383 1
3383 3411 3412 3384 1
3384 3412 3413 3385 1
3385 3413 3414 3386 1
3386 3414 3415 3387 1
3387 3415 3416 3388 1
3388 3416 3417 3389 1
3389 3417 3418 3390 1
3390 3418 3419 3391 1
3391 3419 3420 3392 1
3392 3420 3421 3393 1
3393 3421 3422 3394 1
3394 3422 3423 3395 1
3395 3423 3424 3396 1
3396 3424 323 324 1
110 111 3425 3397 1
3397 3425 3426 3398 1
3398 3426 3427 3399 1
3399 3427 3428 3400 1
3400 3428 3429 3401 1
3401 3429 3430 3402 1
3402 3430 3431 3403 1
3403 3431 3432 3404 1
3404 3432 3433 3405 1
3405 3433 3434 3406 1
3406 3434 3435 3407 1
3407 3435 3436 3408 1
3408 3436 3437 3409 1
3409 3437 3438 3410 1
3410 3438 3439 3411 1
3411 3439 3440 3412 1
3412 3440 3441 3413 1
3413 3441 3442 3414 1
3414 3442 3443 3415 1
3415 3443 3444 3416 1
3416 3444 3445 3417 1
3417 3445 3446 3418 1
3418 3446 3447 3419 1
3419 3447 3448 3420 1
3420 3448 3449 3421 1
3421 3449 3450 3422 1
3422 3450 3451 3423 1
3423 3451 3452 3424 1
3424 3452 322 323 1
111 112 3453 3425 1
3425 3453 3454 3426 1
3426 3454 3455 3427 1
3427 3455 3456 3428 1
3428 3456 3457 3429 1
3429 3457 3458 3430 1
3430 3458 3459 3431 1
3431 3459 3460 3432 1
3432 3460 3461 3433 1
3433 3461 3462 3434 1
3434 3462 3463 3435 1
3435 3463 3464 3436 1
3436 3464 3465 3437 1
3437 3465 3466 3438 1
3438 3466 3467 3439 1
3439 3467 3468 3440 1
3440 3468 3469 3441 1
3441 3469 3470 3442 1
3442 3470 3471 3443 1
3443 3471 3472 3444 1
3444 3472 3473 3445 1
3445 3473 3474 3446 1
3446 3474 3475 3447 1
3447 3475 3476 3448 1
3448 3476 3477 3449 1
3449 3477 3478 3450 1
3450 3478 3479 3451 1
3451 3479 3480 3452 1
3452 3480 321 322 1
112 113 3481 3453 1
3453 3481 3482 3454 1
3454 3482 3483 3455 1
3455 3483 3484 3456 1
3456 3484 3485 3457 1
3457 3485 3486 3458 1
3458 3486 3487 3459 1
3459 3487 3488 3460 1
3460 3488 3489 3461 1
3461 3489 3490 3462 1
3462 3490 3491 3463 1
3463 3491 3492 3464 1
3464 3492 3493 3465 1
3465 3493 3494 3466 1
3466 3494 3495 3467 1
3467 3495 3496 3468 1
3468 3496 3497 3469 1
3469 3497 3498 3470 1
3470 3498 3499 3471 1
3471 3499 3500 3472 1
3472 3500 3501 3473 1
3473 3501 3502 3474 1
3474 3502 3503 3475 1
3475 3503 3504 3476 1
3476 3504 3505 3477 1
3477 3505 3506 3478 1
3478 3506 3507 3479 1
3479 3507 3508 3480 1
3480 3508 320 321 1
113 114 3509 3481 1
3481 3509 3510 3482 1
3482 3510 3511 3483 1
3483 3511 3512 3484 1
3484 3512 3513 3485 1
3485 3513 3514 3486 1
3486 3514 3515 3487 1
3487 3515 3516 3488 1
3488 3516 3517 3489 1
3489 3517 3518 3490 1
3490 3518 3519 3491 1
3491 3519 3520 3492 1
3492 3520 3521 3493 1
3493 3521 3522 3494 1
3494 3522 3523 3495 1
3495 3523 3524 3496 1
3496 3524 3525 3497 1
3497 3525 3526 3498 1
3498 3526 3527 3499 1
3499 3527 3528 3500 1
3500 3528 3529 3501 1
3501 3529 3530 3502 1
3502 3530 3531 3503 1
3503 3531 3532 3504 1
3504 3532 3533 3505 1
3505 3533 3534 3506 1
3506 3534 3535 3507 1
3507 3535 3536 3508 1
3508 3536 319 320 1
114 115 3537 3509 1
3509 3537 3538 3510 1
3510 3538 3539 3511 1
3511 3539 3540 3512 1
3512 3540 3541 3513 1
3513 3541 3542 3514 1
3514 3542 3543 3515 1
3515 3543 3544 3516 1
3516 3544 3545 3517 1
3517 3545 3546 3518 1
3518 3546 3547 3519 1
3519 3547 3548 3520 1
3520 3548 3549 3521 1
3521 3549 3550 3522 1
3522 3550 3551 3523 1
3523 3551 3552 3524 1
3524 3552 3553 3525 1
3525 3553 3554 3526 1
3526 3554 3555 3527 1
3527 3555 3556 3528 1
3528 3556 3557 3529 1
3529 3557 3558 3530 1
3530 3558 3559 3531 1
3531 3559 3560 3532 1
3532 3560 3561 3533 1
3533 3561 3562 3534 1
3534 3562 3563 3535 1
3535 3563 3564 3536 1
3536 3564 318 319 1
115 116 3565 3537 1
3537 3565 3566 3538 1
3538 3566 3567 3539 1
3539 3567 3568 3540 1
3540 3568 3569 3541 1
3541 3569 3570 3542 1
3542 3570 3571 3543 1
3543 3571 3572 3544 1
3544 3572 3573 3545 1
3545 3573 3574 3546 1
3546 3574 3575 3547 1
3547 3575 3576 3548 1
3548 3576 3577 3549 1
3549 3577 3578 3550 1
3550 3578 3579 3551 1
3551 3579 3580 3552 1
3552 3580 3581 3553 1
3553 3581 3582 3554 1
3554 3582 3583 3555 1
3555 3583 3584 3556 1
3556 3584 3585 3557 1
3557 3585 3586 3558 1
3558 3586 3587 3559 1
3559 3587 3588 3560 1
3560 3588 3589 3561 1
3561 3589 3590 3562 1
3562 3590 3591 3563 1
3563 3591 3592 3564 1
3564 3592 317 318 1
116 117 3593 3565 1
3565 3593 3594 3566 1
3566 3594 3595 3567 1
3567 3595 3596 3568 1
3568 3596 3597 3569 1
3569 3597 3598 3570 1
3570 3598 3599 3571 1
3571 3599 3600 3572 1
3572 3600 3601 3573 1
3573 3601 3602 3574 1
3574 3602 3603 3575 1
3575 3603 3604 3576 1
3576 3604 3605 3577 1
3577 3605 3606 3578 1
3578 3606 3607 3579 1
3579 3607 3608 3580 1
3580 3608 3609 3581 1
3581 3609 3610 3582 1
3582 3610 3611 3583 1
3583 3611 3612 3584 1
3584 3612 3613 3585 1
3585 3613 3614 3586 1
3586 3614 3615 3587 1
3587 3615 3616 3588 1
3588 3616 3617 3589 1
3589 3617 3618 3590 1
3590 3618 3619 3591 1
3591 3619 3620 3592 1
3592 3620 316 317 1
117 118 3621 3593 1
3593 3621 3622 3594 1
3594 3622 3623 3595 1
3595 3623 3624 3596 1
3596 3624 3625 3597 1
3597 3625 3626 3598 1
3598 3626 3627 3599 1
3599 3627 3628 3600 1
3600 3628 3629 3601 1
3601 3629 3630 3602 1
3602 3630 3631 3603 1
3603 3631 3632 3604 1
3604 3632 3633 3605 1
3605 3633 3634 3606 1
3606 3634 3635 3607 1
3607 3635 3636 3608 1
3608 3636 3637 3609 1
3609 3637 3638 3610 1
3610 3638 3639 3611 1
3611 3639 3640 3612 1
3612 3640 3641 3613 1
3613 3641 3642 3614 1
3614 3642 3643 3615 1
3615 3643 3644 3616 1
3616 3644 3645 3617 1
3617 3645 3646 3618 1
3618 3646 3647 3619 1
3619 3647 3648 3620 1
3620 3648 315 316 1
118 119 3649 3621 1
3621 3649 3650 3622 1
3622 3650 3651 3623 1
3623 3651 3652 3624 1
3624 3652 3653 3625 1
3625 3653 3654 3626 1
3626 3654 3655 3627 1
3627 3655 3656 3628 1
3628 3656 3657 3629 1
3629 3657 3658 3630 1
3630 3658 3659 3631 1
3631 3659 3660 3632 1
3632 3660 3661 3633 1
3633 3661 3662 3634 1
3634 3662 3663 3635 1
3635 3663 3664 3636 1
3636 3664 3665 3637 1
3637 3665 3666 3638 1
3638 3666 3667 3639 1
3639 3667 3668 3640 1
3640 3668 3669 3641 1
3641 3669 3670 3642 1
3642 3670 3671 3643 1
3643 3671 3672 3644 1
3644 3672 3673 3645 1
3645 3673 3674 3646 1
3646 3674 3675 3647 1
3647 3675 3676 3648 1
3648 3676 314 315 1
119 120 3677 3649 1
3649 3677 3678 3650 1
3650 3678 3679 3651 1
3651 3679 3680 3652 1
3652 3680 3681 3653 1
3653 3681 3682 3654 1
3654 3682 3683 3655 1
3655 3683 3684 3656 1
3656 3684 3685 3657 1
3657 3685 3686 3658 1
3658 3686 3687 3659 1
3659 3687 3688 3660 1
3660 3688 3689 3661 1
3661 3689 3690 3662 1
3662 3690 3691 3663 1
3663 3691 3692 3664 1
3664 3692 3693 3665 1
3665 3693 3694 3666 1
3666 3694 3695 3667 1
3667 3695 3696 3668 1
3668 3696 3697 3669 1
3669 3697 3698 3670 1
3670 3698 3699 3671 1
3671 3699 3700 3672 1
3672 3700 3701 3673 1
3673 3701 3702 3674 1
3674 3702 3703 3675 1
3675 3703 3704 3676 1
3676 3704 313 314 1
120 121 3705 3677 1
3677 3705 3706 3678 1
3678 3706 3707 3679 1
3679 3707 3708 3680 1
3680 3708 3709 3681 1
3681 3709 3710 3682 1
3682 3710 3711 3683 1
3683 3711 3712 3684 1
3684 3712 3713 3685 1
3685 3713 3714 3686 1
3686 3714 3715 3687 1
3687 3715 3716 3688 1
3688 3716 3717 3689 1
3689 3717 3718 3690 1
3690 3718 3719 3691 1
3691 3719 3720 3692 1
3692 3720 3721 3693 1
3693 3721 3722 3694 1
3694 3722 3723 3695 1
3695 3723 3724 3696 1
3696 3724 3725 3697 1
3697 3725 3726 3698 1
3698 3726 3727 3699 1
3699 3727 3728 3700 1
3700 3728 3729 3701 1
3701 3729 3730 3702 1
3702 3730 3731 3703 1
3703 3731 3732 3704 1
3704 3732 312 313 1
121 122 3733 3705 1
3705 3733 3734 3706 1
3706 3734 3735 3707 1
3707 3735 3736 3708 1
3708 3736 3737 3709 1
3709 3737 3738 3710 1
3710 3738 3739 3711 1
3711 3739 3740 3712 1
3712 3740 3741 3713 1
3713 3741 3742 3714 1
3714 3742 3743 3715 1
3715 3743 3744 3716 1
3716 3744 3745 3717 1
3717 3745 3746 3718 1
3718 3746 3747 3719 1
3719 3747 3748 3720 1
3720 3748 3749 3721 1
3721 3749 3750 3722 1
3722 3750 3751 3723 1
3723 3751 3752 3724 1
3724 3752 3753 3725 1
3725 3753 3754 3726 1
3726 3754 3755 3727 1
3727 3755 3756 3728 1
3728 3756 3757 3729 1
3729 3757 3758 3730 1
3730 3758 3759 3731 1
3731 3759 3760 3732 1
3732 3760 311 312 1
122 123 3761 3733 1
3733 3761 3762 3734 1
3734 3762 3763 3735 1
3735 3763 3764 3736 1
3736 3764 3765 3737 1
3737 3765 3766 3738 1
3738 3766 3767 3739 1
3739 3767 3768 3740 1
3740 3768 3769 3741 1
3741 3769 3770 3742 1
3742 3770 3771 3743 1
3743 3771 3772 3744 1
3744 3772 3773 3745 1
3745 3773 3774 3746 1
3746 3774 3775 3747 1
3747 3775 3776 3748 1
3748 3776 3777 3749 1
3749 3777 3778 3750 1
3750 3778 3779 3751 1
3751 3779 3780 3752 1
3752 3780 3781 3753 1
3753 3781 3782 3754 1
3754 3782 3783 3755 1
3755 3783 3784 3756 1
3756 3784 3785 3757 1
3757 3785 3786 3758 1
3758 3786 3787 3759 1
3759 3787 3788 3760 1
3760 3788 310 311 1
123 124 3789 3761 1
3761 3789 3790 3762 1
3762 3790 3791 3763 1
3763 3791 3792 3764 1
3764 3792 3793 3765 1
3765 3793 3794 3766 1
3766 3794 3795 3767 1
3767 3795 3796 3768 1
3768 3796 3797 3769 1
3769 3797 3798 3770 1
3770 3798 3799 3771 1
3771 3799 3800 3772 1
3772 3800 3801 3773 1
3773 3801 3802 3774 1
3774 3802 3803 3775 1
3775 3803 3804 3776 1
3776 3804 3805 3777 1
3777 3805 3806 3778 1
3778 3806 3807 3779 1
3779 3807 3808 3780 1
3780 3808 3809 3781 1
3781 3809 3810 3782 1
3782 3810 3811 3783 1
3783 3811 3812 3784 1
3784 3812 3813 3785 1
3785 3813 3814 3786 1
3786 3814 3815 3787 1
3787 3815 3816 3788 1
3788 3816 309 310 1
124 125 3817 3789 1
3789 3817 3818 3790 1
3790 3818 3819 3791 1
3791 3819 3820 3792 1
3792 3820 3821 3793 1
3793 3821 3822 3794 1
3794 3822 3823 3795 1
3795 3823 3824 3796 1
3796 3824 3825 3797 1
3797 3825 3826 3798 1
3798 3826 3827 3799 1
3799 3827 3828 3800 1
3800 3828 3829 3801 1
3801 3829 3830 3802 1
3802 3830 3831 3803 1
3803 3831 3832 3804 1
3804 3832 3833 3805 1
3805 3833 3834 3806 1
3806 3834 3835 3807 1
3807 3835 3836 3808 1
3808 3836 3837 3809 1
3809 3837 3838 3810 1
3810 3838 3839 3811 1
3811 3839 3840 3812 1
3812 3840 3841 3813 1
3813 3841 3842 3814 1
3814 3842 3843 3815 1
3815 3843 3844 3816 1
3816 3844 308 309 1
125 126 3845 3817 1
3817 3845 3846 3818 1
3818 3846 3847 3819 1
3819 3847 3848 3820 1
3820 3848 3849 3821 1
3821 3849 3850 3822 1
3822 3850 3851 3823 1
3823 3851 3852 3824 1
3824 3852 3853 3825 1
3825 3853 3854 3826 1
3826 3854 3855 3827 1
3827 3855 3856 3828 1
3828 3856 3857 3829 1
3829 3857 3858 3830 1
3830 3858 3859 3831 1
3831 3859 3860 3832 1
3832 3860 3861 3833 1
3833 3861 3862 3834 1
3834 3862 3863 3835 1
3835 3863 3864 3836 1
3836 3864 3865 3837 1
3837 3865 3866 3838 1
3838 3866 3867 3839 1
3839 3867 3868 3840 1
3840 3868 3869 3841 1
3841 3869 3870 3842 1
3842 3870 3871 3843 1
3843 3871 3872 3844 1
3844 3872 307 308 1
126 127 3873 3845 1
3845 3873 3874 3846 1
3846 3874 3875 3847 1
3847 3875 3876 3848 1
3848 3876 3877 3849 1
3849 3877 3878 3850 1
3850 3878 3879 3851 1
3851 3879 3880 3852 1
3852 3880 3881 3853 1
3853 3881 3882 3854 1
3854 3882 3883 3855 1
3855 3883 3884 3856 1
3856 3884 3885 3857 1
3857 3885 3886 3858 1
3858 3886 3887 3859 1
3859 3887 3888 3860 1
3860 3888 3889 3861 1
3861 3889 3890 3862 1
3862 3890 3891 3863 1
3863 3891 3892 3864 1
3864 3892 3893 3865 1
3865 3893 3894 3866 1
3866 3894 3895 3867 1
3867 3895 3896 3868 1
3868 3896 3897 3869 1
3869 3897 3898 3870 1
3870 3898 3899 3871 1
3871 3899 3900 3872 1
3872 3900 306 307 1
127 128 3901 3873 1
3873 3901 3902 3874 1
3874 3902 3903 3875 1
3875 3903 3904 3876 1
3876 3904 3905 3877 1
3877 3905 3906 3878 1
3878 3906 3907 3879 1
3879 3907 3908 3880 1
3880 3908 3909 3881 1
3881 3909 3910 3882 1
3882 3910 3911 3883 1
3883 3911 3912 3884 1
3884 3912 3913 3885 1
3885 3913 3914 3886 1
3886 3914 3915 3887 1
3887 3915 3916 3888 1
3888 3916 3917 3889 1
3889 3917 3918 3890 1
3890 3918 3919 3891 1
3891 3919 3920 3892 1
3892 3920 3921 3893 1
3893 3921 3922 3894 1
3894 3922 3923 3895 1
3895 3923 3924 3896 1
3896 3924 3925 3897 1
3897 3925 3926 3898 1
3898 3926 3927 3899 1
3899 3927 3928 3900 1
3900 3928 305 306 1
128 129 3929 3901 1
3901 3929 3930 3902 1
3902 3930 3931 3903 1
3903 3931 3932 3904 1
3904 3932 3933 3905 1
3905 3933 3934 3906 1
3906 3934 3935 3907 1
3907 3935 3936 3908 1
3908 3936 3937 3909 1
3909 3937 3938 3910 1
3910 3938 3939 3911 1
3911 3939 3940 3912 1
3912 3940 3941 3913 1
3913 3941 3942 3914 1
3914 3942 3943 3915 1
3915 3943 3944 3916 1
3916 3944 3945 3917 1
3917 3945 3946 3918 1
3918 3946 3947 3919 1
3919 3947 3948 3920 1
3920 3948 3949 3921 1
3921 3949 3950 3922 1
3922 3950 3951 3923 1
3923 3951 3952 3924 1
3924 3952 3953 3925 1
3925 3953 3954 3926 1
3926 3954 3955 3927 1
3927 3955 3956 3928 1
3928 3956 304 305 1
129 130 3957 3929 1
3929 3957 3958 3930 1
3930 3958 3959 3931 1
3931 3959 3960 3932 1
3932 3960 3961 3933 1
3933 3961 3962 3934 1
3934 3962 3963 3935 1
3935 3963 3964 3936 1
3936 3964 3965 3937 1
3937 3965 3966 3938 1
3938 3966 3967 3939 1
3939 3967 3968 3940 1
3940 3968 3969 3941 1
3941 3969 3970 3942 1
3942 3970 3971 3943 1
3943 3971 3972 3944 1
3944 3972 3973 3945 1
3945 3973 3974 3946 1
3946 3974 3975 3947 1
3947 3975 3976 3948 1
3948 3976 3977 3949 1
3949 3977 3978 3950 1
3950 3978 3979 3951 1
3951 3979 3980 3952 1
3952 3980 3981 3953 1
3953 3981 3982 3954 1
3954 3982 3983 3955 1
3955 3983 3984 3956 1
3956 3984 303 304 1
130 131 3985 3957 1
3957 3985 3986 3958 1
3958 3986 3987 3959 1
3959 3987 3988 3960 1
3960 3988 3989 3961 1
3961 3989 3990 3962 1
3962 3990 3991 3963 1
3963 3991 3992 3964 1
3964 3992 3993 3965 1
3965 3993 3994 3966 1
3966 3994 3995 3967 1
3967 3995 3996 3968 1
3968 3996 3997 3969 1
3969 3997 3998 3970 1
3970 3998 3999 3971 1
3971 3999 4000 3972 1
3972 4000 4001 3973 1
3973 4001 4002 3974 1
3974 4002 4003 3975 1
3975 4003 4004 3976 1
3976 4004 4005 3977 1
3977 4005 4006 3978 1
3978 4006 4007 3979 1
3979 4007 4008 3980 1
3980 4008 4009 3981 1
3981 4009 4010 3982 1
3982 4010 4011 3983 1
3983 4011 4012 3984 1
3984 4012 302 303 1
131 132 4013 3985 1
3985 4013 4014 3986 1
3986 4014 4015 3987 1
3987 4015 4016 3988 1
3988 4016 4017 3989 1
3989 4017 4018 3990 1
3990 4018 4019 3991 1
3991 4019 4020 3992 1
3992 4020 4021 3993 1
3993 4021 4022 3994 1
3994 4022 4023 3995 1
3995 4023 4024 3996 1
3996 4024 4025 3997 1
3997 4025 4026 3998 1
3998 4026 4027 3999 1
3999 4027 4028 4000 1
4000 4028 4029 4001 1
4001 4029 4030 4002 1
4002 4030 4031 4003 1
4003 4031 4032 4004 1
4004 4032 4033 4005 1
4005 4033 4034 4006 1
4006 4034 4035 4007 1
4007 4035 4036 4008 1
4008 4036 4037 4009 1
4009 4037 4038 4010 1
4010 4038 4039 4011 1
4011 4039 4040 4012 1
4012 4040 301 302 1
132 133 4041 4013 1
4013 4041 4042 4014 1
4014 4042 4043 4015 1
4015 4043 4044 4016 1
4016 4044 4045 4017 1
4017 4045 4046 4018 1
4018 4046 4047 4019 1
4019 4047 4048 4020 1
4020 4048 4049 4021 1
4021 4049 4050 4022 1
4022 4050 4051 4023 1
4023 4051 4052 4024 1
4024 4052 4053 4025 1
4025 4053 4054 4026 1
4026 4054 4055 4027 1
4027 4055 4056 4028 1
4028 4056 4057 4029 1
4029 4057 4058 4030 1
4030 4058 4059 4031 1
4031 4059 4060 4032 1
4032 4060 4061 4033 1
4033 4061 4062 4034 1
4034 4062 4063 4035 1
4035 4063 4064 4036 1
4036 4064 4065 4037 1
4037 4065 4066 4038 1
4038 4066 4067 4039 1
4039 4067 4068 4040 1
4040 4068 300 301 1
133 134 4069 4041 1
4041 4069 4070 4042 1
4042 4070 4071 4043 1
4043 4071 4072 4044 1
4044 4072 4073 4045 1
4045 4073 4074 4046 1
4046 4074 4075 4047 1
4047 4075 4076 4048 1
4048 4076 4077 4049 1
4049 4077 4078 4050 1
4050 4078 4079 4051 1
4051 4079 4080 4052 1
4052 4080 4081 4053 1
4053 4081 4082 4054 1
4054 4082 4083 4055 1
4055 4083 4084 4056 1
4056 4084 4085 4057 1
4057 4085 4086 4058 1
4058 4086 4087 4059 1
4059 4087 4088 4060 1
4060 4088 4089 4061 1
4061 4089 4090 4062 1
4062 4090 4091 4063 1
4063 4091 4092 4064 1
4064 4092 4093 4065 1
4065 4093 4094 4066 1
4066 4094 4095 4067 1
4067 4095 4096 4068 1
4068 4096 299 300 1
134 135 4097 4069 1
4069 4097 4098 4070 1
4070 4098 4099 4071 1
4071 4099 4100 4072 1
4072 4100 4101 4073 1
4073 4101 4102 4074 1
4074 4102 4103 4075 1
4075 4103 4104 4076 1
4076 4104 4105 4077 1
4077 4105 4106 4078 1
4078 4106 4107 4079 1
4079 4107 4108 4080 1
4080 4108 4109 4081 1
4081 4109 4110 4082 1
4082 4110 4111 4083 1
4083 4111 4112 4084 1
4084 4112 4113 4085 1
4085 4113 4114 4086 1
4086 4114 4115 4087 1
4087 4115 4116 4088 1
4088 4116 4117 4089 1
4089 4117 4118 4090 1
4090 4118 4119 4091 1
4091 4119 4120 4092 1
4092 4120 4121 4093 1
4093 4121 4122 4094 1
4094 4122 4123 4095 1
4095 4123 4124 4096 1
4096 4124 298 299 1
135 136 4125 4097 1
4097 4125 4126 4098 1
4098 4126 4127 4099 1
4099 4127 4128 4100 1
4100 4128 4129 4101 1
4101 4129 4130 4102 1
4102 4130 4131 4103 1
4103 4131 4132 4104 1
4104 4132 4133 4105 1
4105 4133 4134 4106 1
4106 4134 4135 4107 1
4107 4135 4136 4108 1
4108 4136 4137 4109 1
4109 4137 4138 4110 1
4110 4138 4139 4111 1
4111 4139 4140 4112 1
4112 4140 4141 4113 1
4113 4141 4142 4114 1
4114 4142 4143 4115 1
4115 4143 4144 4116 1
4116 4144 4145 4117 1
4117 4145 4146 4118 1
4118 4146 4147 4119 1
4119 4147 4148 4120 1
4120 4148 4149 4121 1
4121 4149 4150 4122 1
4122 4150 4151 4123 1
4123 4151 4152 4124 1
4124 4152 297 298 1
136 137 4153 4125 1
4125 4153 4154 4126 1
4126 4154 4155 4127 1
4127 4155 4156 4128 1
4128 4156 4157 4129 1
4129 4157 4158 4130 1
4130 4158 4159 4131 1
4131 4159 4160 4132 1
4132 4160 4161 4133 1
4133 4161 4162 4134 1
4134 4162 4163 4135 1
4135 4163 4164 4136 1
4136 4164 4165 4137 1
4137 4165 4166 4138 1
4138 4166 4167 4139 1
4139 4167 4168 4140 1
4140 4168 4169 4141 1
4141 4169 4170 4142 1
4142 4170 4171 4143 1
4143 4171 4172 4144 1
4144 4172 4173 4145 1
4145 4173 4174 4146 1
4146 4174 4175 4147 1
4147 4175 4176 4148 1
4148 4176 4177 4149 1
4149 4177 4178 4150 1
4150 4178 4179 4151 1
4151 4179 4180 4152 1
4152 4180 296 297 1
137 138 4181 4153 1
4153 4181 4182 4154 1
4154 4182 4183 4155 1
4155 4183 4184 4156 1
4156 4184 4185 4157 1
4157 4185 4186 4158 1
4158 4186 4187 4159 1
4159 4187 4188 4160 1
4160 4188 4189 4161 1
4161 4189 4190 4162 1
4162 4190 4191 4163 1
4163 4191 4192 4164 1
4164 4192 4193 4165 1
4165 4193 4194 4166 1
4166 4194 4195 4167 1
4167 4195 4196 4168 1
4168 4196 4197 4169 1
4169 4197 4198 4170 1
4170 4198 4199 4171 1
4171 4199 4200 4172 1
4172 4200 4201 4173 1
4173 4201 4202 4174 1
4174 4202 4203 4175 1
4175 4203 4204 4176 1
4176 4204 4205 4177 1
4177 4205 4206 4178 1
4178 4206 4207 4179 1
4179 4207 4208 4180 1
4180 4208 295 296 1
138 139 4209 4181 1
4181 4209 4210 4182 1
4182 4210 4211 4183 1
4183 4211 4212 4184 1
4184 4212 4213 4185 1
4185 4213 4214 4186 1
4186 4214 4215 4187 1
4187 4215 4216 4188 1
4188 4216 4217 4189 1
4189 4217 4218 4190 1
4190 4218 4219 4191 1
4191 4219 4220 4192 1
4192 4220 4221 4193 1
4193 4221 4222 4194 1
4194 4222 4223 4195 1
4195 4223 4224 4196 1
4196 4224 4225 4197 1
4197 4225 4226 4198 1
4198 4226 4227 4199 1
4199 4227 4228 4200 1
4200 4228 4229 4201 1
4201 4229 4230 4202 1
4202 4230 4231 4203 1
4203 4231 4232 4204 1
4204 4232 4233 4205 1
4205 4233 4234 4206 1
4206 4234 4235 4207 1
4207 4235 4236 4208 1
4208 4236 294 295 1
139 140 4237 4209 1
4209 4237 4238 4210 1
4210 4238 4239 4211 1
4211 4239 4240 4212 1
4212 4240 4241 4213 1
4213 4241 4242 4214 1
4214 4242 4243 4215 1
4215 4243 4244 4216 1
4216 4244 4245 4217 1
4217 4245 4246 4218 1
4218 4246 4247 4219 1
4219 4247 4248 4220 1
4220 4248 4249 4221 1
4221 4249 4250 4222 1
4222 4250 4251 4223 1
4223 4251 4252 4224 1
4224 4252 4253 4225 1
4225 4253 4254 4226 1
4226 4254 4255 4227 1
4227 4255 4256 4228 1
4228 4256 4257 4229 1
4229 4257 4258 4230 1
4230 4258 4259 4231 1
4231 4259 4260 4232 1
4232 4260 4261 4233 1
4233 4261 4262 4234 1
4234 4262 4263 4235 1
4235 4263 4264 4236 1
4236 4264 293 294 1
140 141 4265 4237 1
4237 4265 4266 4238 1
4238 4266 4267 4239 1
4239 4267 4268 4240 1
4240 4268 4269 4241 1
4241 4269 4270 4242 1
4242 4270 4271 4243 1
4243 4271 4272 4244 1
4244 4272 4273 4245 1
4245 4273 4274 4246 1
4246 4274 4275 4247 1
4247 4275 4276 4248 1
4248 4276 4277 4249 1
4249 4277 4278 4250 1
4250 4278 4279 4251 1
4251 4279 4280 4252 1
4252 4280 4281 4253 1
4253 4281 4282 4254 1
4254 4282 4283 4255 1
4255 4283 4284 4256 1
4256 4284 4285 4257 1
4257 4285 4286 4258 1
4258 4286 4287 4259 1
4259 4287 4288 4260 1
4260 4288 4289 4261 1
4261 4289 4290 4262 1
4262 4290 4291 4263 1
4263 4291 4292 4264 1
4264 4292 292 293 1
141 142 4293 4265 1
4265 4293 4294 4266 1
4266 4294 4295 4267 1
4267 4295 4296 4268 1
4268 4296 4297 4269 1
4269 4297 4298 4270 1
4270 4298 4299 4271 1
4271 4299 4300 4272 1
4272 4300 4301 4273 1
4273 4301 4302 4274 1
4274 4302 4303 4275 1
4275 4303 4304 4276 1
4276 4304 4305 4277 1
4277 4305 4306 4278 1
4278 4306 4307 4279 1
4279 4307 4308 4280 1
4280 4308 4309 4281 1
4281 4309 4310 4282 1
4282 4310 4311 4283 1
4283 4311 4312 4284 1
4284 4312 4313 4285 1
4285 4313 4314 4286 1
4286 4314 4315 4287 1
4287 4315 4316 4288 1
4288 4316 4317 4289 1
4289 4317 4318 4290 1
4290 4318 4319 4291 1
4291 4319 4320 4292 1
4292 4320 291 292 1
142 143 4321 4293 1
4293 4321 4322 4294 1
4294 4322 4323 4295 1
4295 4323 4324 4296 1
4296 4324 4325 4297 1
4297 4325 4326 4298 1
4298 4326 4327 4299 1
4299 4327 4328 4300 1
4300 4328 4329 4301 1
4301 4329 4330 4302 1
4302 4330 4331 4303 1
4303 4331 4332 4304 1
4304 4332 4333 4305 1
4305 4333 4334 4306 1
4306 4334 4335 4307 1
4307 4335 4336 4308 1
4308 4336 4337 4309 1
4309 4337 4338 4310 1
4310 4338 4339 4311 1
4311 4339 4340 4312 1
4312 4340 4341 4313 1
4313 4341 4342 4314 1
4314 4342 4343 4315 1
4315 4343 4344 4316 1
4316 4344 4345 4317 1
4317 4345 4346 4318 1
4318 4346 4347 4319 1
4319 4347 4348 4320 1
4320 4348 290 291 1
143 144 4349 4321 1
4321 4349 4350 4322 1
4322 4350 4351 4323 1
4323 4351 4352 4324 1
4324 4352 4353 4325 1
4325 4353 4354 4326 1
4326 4354 4355 4327 1
4327 4355 4356 4328 1
4328 4356 4357 4329 1
4329 4357 4358 4330 1
4330 4358 4359 4331 1
4331 4359 4360 4332 1
4332 4360 4361 4333 1
4333 4361 4362 4334 1
4334 4362 4363 4335 1
4335 4363 4364 4336 1
4336 4364 4365 4337 1
4337 4365 4366 4338 1
4338 4366 4367 4339 1
4339 4367 4368 4340 1
4340 4368 4369 4341 1
4341 4369 4370 4342 1
4342 4370 4371 4343 1
4343 4371 4372 4344 1
4344 4372 4373 4345 1
4345 4373 4374 4346 1
4346 4374 4375 4347 1
4347 4375 4376 4348 1
4348 4376 289 290 1
144 145 4377 4349 1
4349 4377 4378 4350 1
4350 4378 4379 4351 1
4351 4379 4380 4352 1
4352 4380 4381 4353 1
4353 4381 4382 4354 1
4354 4382 4383 4355 1
4355 4383 4384 4356 1
4356 4384 4385 4357 1
4357 4385 4386 4358 1
4358 4386 4387 4359 1
4359 4387 4388 4360 1
4360 4388 4389 4361 1
4361 4389 4390 4362 1
4362 4390 4391 4363 1
4363 4391 4392 4364 1
4364 4392 4393 4365 1
4365 4393 4394 4366 1
4366 4394 4395 4367 1
4367 4395 4396 4368 1
4368 4396 4397 4369 1
4369 4397 4398 4370 1
4370 4398 4399 4371 1
4371 4399 4400 4372 1
4372 4400 4401 4373 1
4373 4401 4402 4374 1
4374 4402 4403 4375 1
4375 4403 4404 4376 1
4376 4404 288 289 1
145 146 4405 4377 1
4377 4405 4406 4378 1
4378 4406 4407 4379 1
4379 4407 4408 4380 1
4380 4408 4409 4381 1
4381 4409 4410 4382 1
4382 4410 4411 4383 1
4383 4411 4412 4384 1
4384 4412 4413 4385 1
4385 4413 4414 4386 1
4386 4414 4415 4387 1
4387 4415 4416 4388 1
4388 4416 4417 4389 1
4389 4417 4418 4390 1
4390 4418 4419 4391 1
4391 4419 4420 4392 1
4392 4420 4421 4393 1
4393 4421 4422 4394 1
4394 4422 4423 4395 1
4395 4423 4424 4396 1
4396 4424 4425 4397 1
4397 4425 4426 4398 1
4398 4426 4427 4399 1
4399 4427 4428 4400 1
4400 4428 4429 4401 1
4401 4429 4430 4402 1
4402 4430 4431 4403 1
4403 4431 4432 4404 1
4404 4432 287 288 1
146 147 4433 4405 1
4405 4433 4434 4406 1
4406 4434 4435 4407 1
4407 4435 4436 4408 1
4408 4436 4437 4409 1
4409 4437 4438 4410 1
4410 4438 4439 4411 1
4411 4439 4440 4412 1
4412 4440 4441 4413 1
4413 4441 4442 4414 1
4414 4442 4443 4415 1
4415 4443 4444 4416 1
4416 4444 4445 4417 1
4417 4445 4446 4418 1
4418 4446 4447 4419 1
4419 4447 4448 4420 1
4420 4448 4449 4421 1
4421 4449 4450 4422 1
4422 4450 4451 4423 1
4423 4451 4452 4424 1
4424 4452 4453 4425 1
4425 4453 4454 4426 1
4426 4454 4455 4427 1
4427 4455 4456 4428 1
4428 4456 4457 4429 1
4429 4457 4458 4430 1
4430 4458 4459 4431 1
4431 4459 4460 4432 1
4432 4460 286 287 1
147 148 4461 4433 1
4433 4461 4462 4434 1
4434 4462 4463 4435 1
4435 4463 4464 4436 1
4436 4464 4465 4437 1
4437 4465 4466 4438 1
4438 4466 4467 4439 1
4439 4467 4468 4440 1
4440 4468 4469 4441 1
4441 4469 4470 4442 1
4442 4470 4471 4443 1
4443 4471 4472 4444 1
4444 4472 4473 4445 1
4445 4473 4474 4446 1
4446 4474 4475 4447 1
4447 4475 4476 4448 1
4448 4476 4477 4449 1
4449 4477 4478 4450 1
4450 4478 4479 4451 1
4451 4479 4480 4452 1
4452 4480 4481 4453 1
4453 4481 4482 4454 1
4454 4482 4483 4455 1
4455 4483 4484 4456 1
4456 4484 4485 4457 1
4457 4485 4486 4458 1
4458 4486 4487 4459 1
4459 4487 4488 4460 1
4460 4488 285 286 1
148 149 4489 4461 1
4461 4489 4490 4462 1
4462 4490 4491 4463 1
4463 4491 4492 4464 1
4464 4492 4493 4465 1
4465 4493 4494 4466 1
4466 4494 4495 4467 1
4467 4495 4496 4468 1
4468 4496 4497 4469 1
4469 4497 4498 4470 1
4470 4498 4499 4471 1
4471 4499 4500 4472 1
4472 4500 4501 4473 1
4473 4501 4502 4474 1
4474 4502 4503 4475 1
4475 4503 4504 4476 1
4476 4504 4505 4477 1
4477 4505 4506 4478 1
4478 4506 4507 4479 1
4479 4507 4508 4480 1
4480 4508 4509 4481 1
4481 4509 4510 4482 1
4482 4510 4511 4483 1
4483 4511 4512 4484 1
4484 4512 4513 4485 1
4485 4513 4514 4486 1
4486 4514 4515 4487 1
4487 4515 4516 4488 1
4488 4516 284 285 1
149 150 4517 4489 1
4489 4517 4518 4490 1
4490 4518 4519 4491 1
4491 4519 4520 4492 1
4492 4520 4521 4493 1
4493 4521 4522 4494 1
4494 4522 4523 4495 1
4495 4523 4524 4496 1
4496 4524 4525 4497 1
4497 4525 4526 4498 1
4498 4526 4527 4499 1
4499 4527 4528 4500 1
4500 4528 4529 4501 1
4501 4529 4530 4502 1
4502 4530 4531 4503 1
4503 4531 4532 4504 1
4504 4532 4533 4505 1
4505 4533 4534 4506 1
4506 4534 4535 4507 1
4507 4535 4536 4508 1
4508 4536 4537 4509 1
4509 4537 4538 4510 1
4510 4538 4539 4511 1
4511 4539 4540 4512 1
4512 4540 4541 4513 1
4513 4541 4542 4514 1
4514 4542 4543 4515 1
4515 4543 4544 4516 1
4516 4544 283 284 1
150 151 4545 4517 1
4517 4545 4546 4518 1
4518 4546 4547 4519 1
4519 4547 4548 4520 1
4520 4548 4549 4521 1
4521 4549 4550 4522 1
4522 4550 4551 4523 1
4523 4551 4552 4524 1
4524 4552 4553 4525 1
4525 4553 4554 4526 1
4526 4554 4555 4527 1
4527 4555 4556 4528 1
4528 4556 4557 4529 1
4529 4557 4558 4530 1
4530 4558 4559 4531 1
4531 4559 4560 4532 1
4532 4560 4561 4533 1
4533 4561 4562 4534 1
4534 4562 4563 4535 1
4535 4563 4564 4536 1
4536 4564 4565 4537 1
4537 4565 4566 4538 1
4538 4566 4567 4539 1
4539 4567 4568 4540 1
4540 4568 4569 4541 1
4541 4569 4570 4542 1
4542 4570 4571 4543 1
4543 4571 4572 4544 1
4544 4572 282 283 1
151 152 4573 4545 1
4545 4573 4574 4546 1
4546 4574 4575 4547 1
4547 4575 4576 4548 1
4548 4576 4577 4549 1
4549 4577 4578 4550 1
4550 4578 4579 4551 1
4551 4579 4580 4552 1
4552 4580 4581 4553 1
4553 4581 4582 4554 1
4554 4582 4583 4555 1
4555 4583 4584 4556 1
4556 4584 4585 4557 1
4557 4585 4586 4558 1
4558 4586 4587 4559 1
4559 4587 4588 4560 1
4560 4588 4589 4561 1
4561 4589 4590 4562 1
4562 4590 4591 4563 1
4563 4591 4592 4564 1
4564 4592 4593 4565 1
4565 4593 4594 4566 1
4566 4594 4595 4567 1
4567 4595 4596 4568 1
4568 4596 4597 4569 1
4569 4597 4598 4570 1
4570 4598 4599 4571 1
4571 4599 4600 4572 1
4572 4600 281 282 1
152 153 4601 4573 1
4573 4601 4602 4574 1
4574 4602 4603 4575 1
4575 4603 4604 4576 1
4576 4604 4605 4577 1
4577 4605 4606 4578 1
4578 4606 4607 4579 1
4579 4607 4608 4580 1
4580 4608 4609 4581 1
4581 4609 4610 4582 1
4582 4610 4611 4583 1
4583 4611 4612 4584 1
4584 4612 4613 4585 1
4585 4613 4614 4586 1
4586 4614 4615 4587 1
4587 4615 4616 4588 1
4588 4616 4617 4589 1
4589 4617 4618 4590 1
4590 4618 4619 4591 1
4591 4619 4620 4592 1
4592 4620 4621 4593 1
4593 4621 4622 4594 1
4594 4622 4623 4595 1
4595 4623 4624 4596 1
4596 4624 4625 4597 1
4597 4625 4626 4598 1
4598 4626 4627 4599 1
4599 4627 4628 4600 1
4600 4628 280 281 1
153 154 4629 4601 1
4601 4629 4630 4602 1
4602 4630 4631 4603 1
4603 4631 4632 4604 1
4604 4632 4633 4605 1
4605 4633 4634 4606 1
4606 4634 4635 4607 1
4607 4635 4636 4608 1
4608 4636 4637 4609 1
4609 4637 4638 4610 1
4610 4638 4639 4611 1
4611 4639 4640 4612 1
4612 4640 4641 4613 1
4613 4641 4642 4614 1
4614 4642 4643 4615 1
4615 4643 4644 4616 1
4616 4644 4645 4617 1
4617 4645 4646 4618 1
4618 4646 4647 4619 1
4619 4647 4648 4620 1
4620 4648 4649 4621 1
4621 4649 4650 4622 1
4622 4650 4651 4623 1
4623 4651 4652 4624 1
4624 4652 4653 4625 1
4625 4653 4654 4626 1
4626 4654 4655 4627 1
4627 4655 4656 4628 1
4628 4656 279 280 1
154 155 4657 4629 1
4629 4657 4658 4630 1
4630 4658 4659 4631 1
4631 4659 4660 4632 1
4632 4660 4661 4633 1
4633 4661 4662 4634 1
4634 4662 4663 4635 1
4635 4663 4664 4636 1
4636 4664 4665 4637 1
4637 4665 4666 4638 1
4638 4666 4667 4639 1
4639 4667 4668 4640 1
4640 4668 4669 4641 1
4641 4669 4670 4642 1
4642 4670 4671 4643 1
4643 4671 4672 4644 1
4644 4672 4673 4645 1
4645 4673 4674 4646 1
4646 4674 4675 4647 1
4647 4675 4676 4648 1
4648 4676 4677 4649 1
4649 4677 4678 4650 1
4650 4678 4679 4651 1
4651 4679 4680 4652 1
4652 4680 4681 4653 1
4653 4681 4682 4654 1
4654 4682 4683 4655 1
4655 4683 4684 4656 1
4656 4684 278 279 1
155 156 4685 4657 1
4657 4685 4686 4658 1
4658 4686 4687 4659 1
4659 4687 4688 4660 1
4660 4688 4689 4661 1
4661 4689 4690 4662 1
4662 4690 4691 4663 1
4663 4691 4692 4664 1
4664 4692 4693 4665 1
4665 4693 4694 4666 1
4666 4694 4695 4667 1
4667 4695 4696 4668 1
4668 4696 4697 4669 1
4669 4697 4698 4670 1
4670 4698 4699 4671 1
4671 4699 4700 4672 1
4672 4700 4701 4673 1
4673 4701 4702 4674 1
4674 4702 4703 4675 1
4675 4703 4704 4676 1
4676 4704 4705 4677 1
4677 4705 4706 4678 1
4678 4706 4707 4679 1
4679 4707 4708 4680 1
4680 4708 4709 4681 1
4681 4709 4710 4682 1
4682 4710 4711 4683 1
4683 4711 4712 4684 1
4684 4712 277 278 1
156 157 4713 4685 1
4685 4713 4714 4686 1
4686 4714 4715 4687 1
4687 4715 4716 4688 1
4688 4716 4717 4689 1
4689 4717 4718 4690 1
4690 4718 4719 4691 1
4691 4719 4720 4692 1
4692 4720 4721 4693 1
4693 4721 4722 4694 1
4694 4722 4723 4695 1
4695 4723 4724 4696 1
4696 4724 4725 4697 1
4697 4725 4726 4698 1
4698 4726 4727 4699 1
4699 4727 4728 4700 1
4700 4728 4729 4701 1
4701 4729 4730 4702 1
4702 4730 4731 4703 1
4703 4731 4732 4704 1
4704 4732 4733 4705 1
4705 4733 4734 4706 1
4706 4734 4735 4707 1
4707 4735 4736 4708 1
4708 4736 4737 4709 1
4709 4737 4738 4710 1
4710 4738 4739 4711 1
4711 4739 4740 4712 1
4712 4740 276 277 1
157 158 4741 4713 1
4713 4741 4742 4714 1
4714 4742 4743 4715 1
4715 4743 4744 4716 1
4716 4744 4745 4717 1
4717 4745 4746 4718 1
4718 4746 4747 4719 1
4719 4747 4748 4720 1
4720 4748 4749 4721 1
4721 4749 4750 4722 1
4722 4750 4751 4723 1
4723 4751 4752 4724 1
4724 4752 4753 4725 1
4725 4753 4754 4726 1
4726 4754 4755 4727 1
4727 4755 4756 4728 1
4728 4756 4757 4729 1
4729 4757 4758 4730 1
4730 4758 4759 4731 1
4731 4759 4760 4732 1
4732 4760 4761 4733 1
4733 4761 4762 4734 1
4734 4762 4763 4735 1
4735 4763 4764 4736 1
4736 4764 4765 4737 1
4737 4765 4766 4738 1
4738 4766 4767 4739 1
4739 4767 4768 4740 1
4740 4768 275 276 1
158 159 4769 4741 1
4741 4769 4770 4742 1
4742 4770 4771 4743 1
4743 4771 4772 4744 1
4744 4772 4773 4745 1
4745 4773 4774 4746 1
4746 4774 4775 4747 1
4747 4775 4776 4748 1
4748 4776 4777 4749 1
4749 4777 4778 4750 1
4750 4778 4779 4751 1
4751 4779 4780 4752 1
4752 4780 4781 4753 1
4753 4781 4782 4754 1
4754 4782 4783 4755 1
4755 4783 4784 4756 1
4756 4784 4785 4757 1
4757 4785 4786 4758 1
4758 4786 4787 4759 1
4759 4787 4788 4760 1
4760 4788 4789 4761 1
4761 4789 4790 4762 1
4762 4790 4791 4763 1
4763 4791 4792 4764 1
4764 4792 4793 4765 1
4765 4793 4794 4766 1
4766 4794 4795 4767 1
4767 4795 4796 4768 1
4768 4796 274 275 1
159 160 4797 4769 1
4769 4797 4798 4770 1
4770 4798 4799 4771 1
4771 4799 4800 4772 1
4772 4800 4801 4773 1
4773 4801 4802 4774 1
4774 4802 4803 4775 1
4775 4803 4804 4776 1
4776 4804 4805 4777 1
4777 4805 4806 4778 1
4778 4806 4807 4779 1
4779 4807 4808 4780 1
4780 4808 4809 4781 1
4781 4809 4810 4782 1
4782 4810 4811 4783 1
4783 4811 4812 4784 1
4784 4812 4813 4785 1
4785 4813 4814 4786 1
4786 4814 4815 4787 1
4787 4815 4816 4788 1
4788 4816 4817 4789 1
4789 4817 4818 4790 1
4790 4818 4819 4791 1
4791 4819 4820 4792 1
4792 4820 4821 4793 1
4793 4821 4822 4794 1
4794 4822 4823 4795 1
4795 4823 4824 4796 1
4796 4824 273 274 1
160 161 4825 4797 1
4797 4825 4826 4798 1
4798 4826 4827 4799 1
4799 4827 4828 4800 1
4800 4828 4829 4801 1
4801 4829 4830 4802 1
4802 4830 4831 4803 1
4803 4831 4832 4804 1
4804 4832 4833 4805 1
4805 4833 4834 4806 1
4806 4834 4835 4807 1
4807 4835 4836 4808 1
4808 4836 4837 4809 1
4809 4837 4838 4810 1
4810 4838 4839 4811 1
4811 4839 4840 4812 1
4812 4840 4841 4813 1
4813 4841 4842 4814 1
4814 4842 4843 4815 1
4815 4843 4844 4816 1
4816 4844 4845 4817 1
4817 4845 4846 4818 1
4818 4846 4847 4819 1
4819 4847 4848 4820 1
4820 4848 4849 4821 1
4821 4849 4850 4822 1
4822 4850 4851 4823 1
4823 4851 4852 4824 1
4824 4852 272 273 1
161 162 4853 4825 1
4825 4853 4854 4826 1
4826 4854 4855 4827 1
4827 4855 4856 4828 1
4828 4856 4857 4829 1
4829 4857 4858 4830 1
4830 4858 4859 4831 1
4831 4859 4860 4832 1
4832 4860 4861 4833 1
4833 4861 4862 4834 1
4834 4862 4863 4835 1
4835 4863 4864 4836 1
4836 4864 4865 4837 1
4837 4865 4866 4838 1
4838 4866 4867 4839 1
4839 4867 4868 4840 1
4840 4868 4869 4841 1
4841 4869 4870 4842 1
4842 4870 4871 4843 1
4843 4871 4872 4844 1
4844 4872 4873 4845 1
4845 4873 4874 4846 1
4846 4874 4875 4847 1
4847 4875 4876 4848 1
4848 4876 4877 4849 1
4849 4877 4878 4850 1
4850 4878 4879 4851 1
4851 4879 4880 4852 1
4852 4880 271 272 1
162 163 4881 4853 1
4853 4881 4882 4854 1
4854 4882 4883 4855 1
4855 4883 4884 4856 1
4856 4884 4885 4857 1
4857 4885 4886 4858 1
4858 4886 4887 4859 1
4859 4887 4888 4860 1
4860 4888 4889 4861 1
4861 4889 4890 4862 1
4862 4890 4891 4863 1
4863 4891 4892 4864 1
4864 4892 4893 4865 1
4865 4893 4894 4866 1
4866 4894 4895 4867 1
4867 4895 4896 4868 1
4868 4896 4897 4869 1
4869 4897 4898 4870 1
4870 4898 4899 4871 1
4871 4899 4900 4872 1
4872 4900 4901 4873 1
4873 4901 4902 4874 1
4874 4902 4903 4875 1
4875 4903 4904 4876 1
4876 4904 4905 4877 1
4877 4905 4906 4878 1
4878 4906 4907 4879 1
4879 4907 4908 4880 1
4880 4908 270 271 1
163 164 4909 4881 1
4881 4909 4910 4882 1
4882 4910 4911 4883 1
4883 4911 4912 4884 1
4884 4912 4913 4885 1
4885 4913 4914 4886 1
4886 4914 4915 4887 1
4887 4915 4916 4888 1
4888 4916 4917 4889 1
4889 4917 4918 4890 1
4890 4918 4919 4891 1
4891 4919 4920 4892 1
4892 4920 4921 4893 1
4893 4921 4922 4894 1
4894 4922 4923 4895 1
4895 4923 4924 4896 1
4896 4924 4925 4897 1
4897 4925 4926 4898 1
4898 4926 4927 4899 1
4899 4927 4928 4900 1
4900 4928 4929 4901 1
4901 4929 4930 4902 1
4902 4930 4931 4903 1
4903 4931 4932 4904 1
4904 4932 4933 4905 1
4905 4933 4934 4906 1
4906 4934 4935 4907 1
4907 4935 4936 4908 1
4908 4936 269 270 1
164 165 4937 4909 1
4909 4937 4938 4910 1
4910 4938 4939 4911 1
4911 4939 4940 4912 1
4912 4940 4941 4913 1
4913 4941 4942 4914 1
4914 4942 4943 4915 1
4915 4943 4944 4916 1
4916 4944 4945 4917 1
4917 4945 4946 4918 1
4918 4946 4947 4919 1
4919 4947 4948 4920 1
4920 4948 4949 4921 1
4921 4949 4950 4922 1
4922 4950 4951 4923 1
4923 4951 4952 4924 1
4924 4952 4953 4925 1
4925 4953 4954 4926 1
4926 4954 4955 4927 1
4927 4955 4956 4928 1
4928 4956 4957 4929 1
4929 4957 4958 4930 1
4930 4958 4959 4931 1
4931 4959 4960 4932 1
4932 4960 4961 4933 1
4933 4961 4962 4934 1
4934 4962 4963 4935 1
4935 4963 4964 4936 1
4936 4964 268 269 1
165 166 4965 4937 1
4937 4965 4966 4938 1
4938 4966 4967 4939 1
4939 4967 4968 4940 1
4940 4968 4969 4941 1
4941 4969 4970 4942 1
4942 4970 4971 4943 1
4943 4971 4972 4944 1
4944 4972 4973 4945 1
4945 4973 4974 4946 1
4946 4974 4975 4947 1
4947 4975 4976 4948 1
4948 4976 4977 4949 1
4949 4977 4978 4950 1
4950 4978 4979 4951 1
4951 4979 4980 4952 1
4952 4980 4981 4953 1
4953 4981 4982 4954 1
4954 4982 4983 4955 1
4955 4983 4984 4956 1
4956 4984 4985 4957 1
4957 4985 4986 4958 1
4958 4986 4987 4959 1
4959 4987 4988 4960 1
4960 4988 4989 4961 1
4961 4989 4990 4962 1
4962 4990 4991 4963 1
4963 4991 4992 4964 1
4964 4992 267 268 1
166 167 4993 4965 1
4965 4993 4994 4966 1
4966 4994 4995 4967 1
4967 4995 4996 4968 1
4968 4996 4997 4969 1
4969 4997 4998 4970 1
4970 4998 4999 4971 1
4971 4999 5000 4972 1
4972 5000 5001 4973 1
4973 5001 5002 4974 1
4974 5002 5003 4975 1
4975 5003 5004 4976 1
4976 5004 5005 4977 1
4977 5005 5006 4978 1
4978 5006 5007 4979 1
4979 5007 5008 4980 1
4980 5008 5009 4981 1
4981 5009 5010 4982 1
4982 5010 5011 4983 1
4983 5011 5012 4984 1
4984 5012 5013 4985 1
4985 5013 5014 4986 1
4986 5014 5015 4987 1
4987 5015 5016 4988 1
4988 5016 5017 4989 1
4989 5017 5018 4990 1
4990 5018 5019 4991 1
4991 5019 5020 4992 1
4992 5020 266 267 1
167 168 5021 4993 1
4993 5021 5022 4994 1
4994 5022 5023 4995 1
4995 5023 5024 4996 1
4996 5024 5025 4997 1
4997 5025 5026 4998 1
4998 5026 5027 4999 1
4999 5027 5028 5000 1
5000 5028 5029 5001 1
5001 5029 5030 5002 1
5002 5030 5031 5003 1
5003 5031 5032 5004 1
5004 5032 5033 5005 1
5005 5033 5034 5006 1
5006 5034 5035 5007 1
5007 5035 5036 5008 1
5008 5036 5037 5009 1
5009 5037 5038 5010 1
5010 5038 5039 5011 1
5011 5039 5040 5012 1
5012 5040 5041 5013 1
5013 5041 5042 5014 1
5014 5042 5043 5015 1
5015 5043 5044 5016 1
5016 5044 5045 5017 1
5017 5045 5046 5018 1
5018 5046 5047 5019 1
5019 5047 5048 5020 1
5020 5048 265 266 1
168 169 5049 5021 1
5021 5049 5050 5022 1
5022 5050 5051 5023 1
5023 5051 5052 5024 1
5024 5052 5053 5025 1
5025 5053 5054 5026 1
5026 5054 5055 5027 1
5027 5055 5056 5028 1
5028 5056 5057 5029 1
5029 5057 5058 5030 1
5030 5058 5059 5031 1
5031 5059 5060 5032 1
5032 5060 5061 5033 1
5033 5061 5062 5034 1
5034 5062 5063 5035 1
5035 5063 5064 5036 1
5036 5064 5065 5037 1
5037 5065 5066 5038 1
5038 5066 5067 5039 1
5039 5067 5068 5040 1
5040 5068 5069 5041 1
5041 5069 5070 5042 1
5042 5070 5071 5043 1
5043 5071 5072 5044 1
5044 5072 5073 5045 1
5045 5073 5074 5046 1
5046 5074 5075 5047 1
5047 5075 5076 5048 1
5048 5076 264 265 1
169 170 5077 5049 1
5049 5077 5078 5050 1
5050 5078 5079 5051 1
5051 5079 5080 5052 1
5052 5080 5081 5053 1
5053 5081 5082 5054 1
5054 5082 5083 5055 1
5055 5083 5084 5056 1
5056 5084 5085 5057 1
5057 5085 5086 5058 1
5058 5086 5087 5059 1
5059 5087 5088 5060 1
5060 5088 5089 5061 1
5061 5089 5090 5062 1
5062 5090 5091 5063 1
5063 5091 5092 5064 1
5064 5092 5093 5065 1
5065 5093 5094 5066 1
5066 5094 5095 5067 1
5067 5095 5096 5068 1
5068 5096 5097 5069 1
5069 5097 5098 5070 1
5070 5098 5099 5071 1
5071 5099 5100 5072 1
5072 5100 5101 5073 1
5073 5101 5102 5074 1
5074 5102 5103 5075 1
5075 5103 5104 5076 1
5076 5104 263 264 1
170 171 5105 5077 1
5077 5105 5106 5078 1
5078 5106 5107 5079 1
5079 5107 5108 5080 1
5080 5108 5109 5081 1
5081 5109 5110 5082 1
5082 5110 5111 5083 1
5083 5111 5112 5084 1
5084 5112 5113 5085 1
5085 5113 5114 5086 1
5086 5114 5115 5087 1
5087 5115 5116 5088 1
5088 5116 5117 5089 1
5089 5117 5118 5090 1
5090 5118 5119 5091 1
5091 5119 5120 5092 1
5092 5120 5121 5093 1
5093 5121 5122 5094 1
5094 5122 5123 5095 1
5095 5123 5124 5096 1
5096 5124 5125 5097 1
5097 5125 5126 5098 1
5098 5126 5127 5099 1
5099 5127 5128 5100 1
5100 5128 5129 5101 1
5101 5129 5130 5102 1
5102 5130 5131 5103 1
5103 5131 5132 5104 1
5104 5132 262 263 1
171 172 5133 5105 1
5105 5133 5134 5106 1
5106 5134 5135 5107 1
5107 5135 5136 5108 1
5108 5136 5137 5109 1
5109 5137 5138 5110 1
5110 5138 5139 5111 1
5111 5139 5140 5112 1
5112 5140 5141 5113 1
5113 5141 5142 5114 1
5114 5142 5143 5115 1
5115 5143 5144 5116 1
5116 5144 5145 5117 1
5117 5145 5146 5118 1
5118 5146 5147 5119 1
5119 5147 5148 5120 1
5120 5148 5149 5121 1
5121 5149 5150 5122 1
5122 5150 5151 5123 1
5123 5151 5152 5124 1
5124 5152 5153 5125 1
5125 5153 5154 5126 1
5126 5154 5155 5127 1
5127 5155 5156 5128 1
5128 5156 5157 5129 1
5129 5157 5158 5130 1
5130 5158 5159 5131 1
5131 5159 5160 5132 1
5132 5160 261 262 1
172 173 5161 5133 1
5133 5161 5162 5134 1
5134 5162 5163 5135 1
5135 5163 5164 5136 1
5136 5164 5165 5137 1
5137 5165 5166 5138 1
5138 5166 5167 5139 1
5139 5167 5168 5140 1
5140 5168 5169 5141 1
5141 5169 5170 5142 1
5142 5170 5171 5143 1
5143 5171 5172 5144 1
5144 5172 5173 5145 1
5145 5173 5174 5146 1
5146 5174 5175 5147 1
5147 5175 5176 5148 1
5148 5176 5177 5149 1
5149 5177 5178 5150 1
5150 5178 5179 5151 1
5151 5179 5180 5152 1
5152 5180 5181 5153 1
5153 5181 5182 5154 1
5154 5182 5183 5155 1
5155 5183 5184 5156 1
5156 5184 5185 5157 1
5157 5185 5186 5158 1
5158 5186 5187 5159 1
5159 5187 5188 5160 1
5160 5188 260 261 1
173 174 5189 5161 1
5161 5189 5190 5162 1
5162 5190 5191 5163 1
5163 5191 5192 5164 1
5164 5192 5193 5165 1
5165 5193 5194 5166 1
5166 5194 5195 5167 1
5167 5195 5196 5168 1
5168 5196 5197 5169 1
5169 5197 5198 5170 1
5170 5198 5199 5171 1
5171 5199 5200 5172 1
5172 5200 5201 5173 1
5173 5201 5202 5174 1
5174 5202 5203 5175 1
5175 5203 5204 5176 1
5176 5204 5205 5177 1
5177 5205 5206 5178 1
5178 5206 5207 5179 1
5179 5207 5208 5180 1
5180 5208 5209 5181 1
5181 5209 5210 5182 1
5182 5210 5211 5183 1
5183 5211 5212 5184 1
5184 5212 5213 5185 1
5185 5213 5214 5186 1
5186 5214 5215 5187 1
5187 5215 5216 5188 1
5188 5216 259 260 1
174 175 5217 5189 1
5189 5217 5218 5190 1
5190 5218 5219 5191 1
5191 5219 5220 5192 1
5192 5220 5221 5193 1
5193 5221 5222 5194 1
5194 5222 5223 5195 1
5195 5223 5224 5196 1
5196 5224 5225 5197 1
5197 5225 5226 5198 1
5198 5226 5227 5199 1
5199 5227 5228 5200 1
5200 5228 5229 5201 1
5201 5229 5230 5202 1
5202 5230 5231 5203 1
5203 5231 5232 5204 1
5204 5232 5233 5205 1
5205 5233 5234 5206 1
5206 5234 5235 5207 1
5207 5235 5236 5208 1
5208 5236 5237 5209 1
5209 5237 5238 5210 1
5210 5238 5239 5211 1
5211 5239 5240 5212 1
5212 5240 5241 5213 1
5213 5241 5242 5214 1
5214 5242 5243 5215 1
5215 5243 5244 5216 1
5216 5244 258 259 1
175 176 5245 5217 1
5217 5245 5246 5218 1
5218 5246 5247 5219 1
5219 5247 5248 5220 1
5220 5248 5249 5221 1
5221 5249 5250 5222 1
5222 5250 5251 5223 1
5223 5251 5252 5224 1
5224 5252 5253 5225 1
5225 5253 5254 5226 1
5226 5254 5255 5227 1
5227 5255 5256 5228 1
5228 5256 5257 5229 1
5229 5257 5258 5230 1
5230 5258 5259 5231 1
5231 5259 5260 5232 1
5232 5260 5261 5233 1
5233 5261 5262 5234 1
5234 5262 5263 5235 1
5235 5263 5264 5236 1
5236 5264 5265 5237 1
5237 5265 5266 5238 1
5238 5266 5267 5239 1
5239 5267 5268 5240 1
5240 5268 5269 5241 1
5241 5269 5270 5242 1
5242 5270 5271 5243 1
5243 5271 5272 5244 1
5244 5272 257 258 1
176 177 5273 5245 1
5245 5273 5274 5246 1
5246 5274 5275 5247 1
5247 5275 5276 5248 1
5248 5276 5277 5249 1
5249 5277 5278 5250 1
5250 5278 5279 5251 1
5251 5279 5280 5252 1
5252 5280 5281 5253 1
5253 5281 5282 5254 1
5254 5282 5283 5255 1
5255 5283 5284 5256 1
5256 5284 5285 5257 1
5257 5285 5286 5258 1
5258 5286 5287 5259 1
5259 5287 5288 5260 1
5260 5288 5289 5261 1
5261 5289 5290 5262 1
5262 5290 5291 5263 1
5263 5291 5292 5264 1
5264 5292 5293 5265 1
5265 5293 5294 5266 1
5266 5294 5295 5267 1
5267 5295 5296 5268 1
5268 5296 5297 5269 1
5269 5297 5298 5270 1
5270 5298 5299 5271 1
5271 5299 5300 5272 1
5272 5300 256 257 1
177 178 5301 5273 1
5273 5301 5302 5274 1
5274 5302 5303 5275 1
5275 5303 5304 5276 1
5276 5304 5305 5277 1
5277 5305 5306 5278 1
5278 5306 5307 5279 1
5279 5307 5308 5280 1
5280 5308 5309 5281 1
5281 5309 5310 5282 1
5282 5310 5311 5283 1
5283 5311 5312 5284 1
5284 5312 5313 5285 1
5285 5313 5314 5286 1
5286 5314 5315 5287 1
5287 5315 5316 5288 1
5288 5316 5317 5289 1
5289 5317 5318 5290 1
5290 5318 5319 5291 1
5291 5319 5320 5292 1
5292 5320 5321 5293 1
5293 5321 5322 5294 1
5294 5322 5323 5295 1
5295 5323 5324 5296 1
5296 5324 5325 5297 1
5297 5325 5326 5298 1
5298 5326 5327 5299 1
5299 5327 5328 5300 1
5300 5328 255 256 1
178 179 5329 5301 1
5301 5329 5330 5302 1
5302 5330 5331 5303 1
5303 5331 5332 5304 1
5304 5332 5333 5305 1
5305 5333 5334 5306 1
5306 5334 5335 5307 1
5307 5335 5336 5308 1
5308 5336 5337 5309 1
5309 5337 5338 5310 1
5310 5338 5339 5311 1
5311 5339 5340 5312 1
5312 5340 5341 5313 1
5313 5341 5342 5314 1
5314 5342 5343 5315 1
5315 5343 5344 5316 1
5316 5344 5345 5317 1
5317 5345 5346 5318 1
5318 5346 5347 5319 1
5319 5347 5348 5320 1
5320 5348 5349 5321 1
5321 5349 5350 5322 1
5322 5350 5351 5323 1
5323 5351 5352 5324 1
5324 5352 5353 5325 1
5325 5353 5354 5326 1
5326 5354 5355 5327 1
5327 5355 5356 5328 1
5328 5356 254 255 1
179 180 5357 5329 1
5329 5357 5358 5330 1
5330 5358 5359 5331 1
5331 5359 5360 5332 1
5332 5360 5361 5333 1
5333 5361 5362 5334 1
5334 5362 5363 5335 1
5335 5363 5364 5336 1
5336 5364 5365 5337 1
5337 5365 5366 5338 1
5338 5366 5367 5339 1
5339 5367 5368 5340 1
5340 5368 5369 5341 1
5341 5369 5370 5342 1
5342 5370 5371 5343 1
5343 5371 5372 5344 1
5344 5372 5373 5345 1
5345 5373 5374 5346 1
5346 5374 5375 5347 1
5347 5375 5376 5348 1
5348 5376 5377 5349 1
5349 5377 5378 5350 1
5350 5378 5379 5351 1
5351 5379 5380 5352 1
5352 5380 5381 5353 1
5353 5381 5382 5354 1
5354 5382 5383 5355 1
5355 5383 5384 5356 1
5356 5384 253 254 1
180 181 5385 5357 1
5357 5385 5386 5358 1
5358 5386 5387 5359 1
5359 5387 5388 5360 1
5360 5388 5389 5361 1
5361 5389 5390 5362 1
5362 5390 5391 5363 1
5363 5391 5392 5364 1
5364 5392 5393 5365 1
5365 5393 5394 5366 1
5366 5394 5395 5367 1
5367 5395 5396 5368 1
5368 5396 5397 5369 1
5369 5397 5398 5370 1
5370 5398 5399 5371 1
5371 5399 5400 5372 1
5372 5400 5401 5373 1
5373 5401 5402 5374 1
5374 5402 5403 5375 1
5375 5403 5404 5376 1
5376 5404 5405 5377 1
5377 5405 5406 5378 1
5378 5406 5407 5379 1
5379 5407 5408 5380 1
5380 5408 5409 5381 1
5381 5409 5410 5382 1
5382 5410 5411 5383 1
5383 5411 5412 5384 1
5384 5412 252 253 1
181 182 5413 5385 1
5385 5413 5414 5386 1
5386 5414 5415 5387 1
5387 5415 5416 5388 1
5388 5416 5417 5389 1
5389 5417 5418 5390 1
5390 5418 5419 5391 1
5391 5419 5420 5392 1
5392 5420 5421 5393 1
5393 5421 5422 5394 1
5394 5422 5423 5395 1
5395 5423 5424 5396 1
5396 5424 5425 5397 1
5397 5425 5426 5398 1
5398 5426 5427 5399 1
5399 5427 5428 5400 1
5400 5428 5429 5401 1
5401 5429 5430 5402 1
5402 5430 5431 5403 1
5403 5431 5432 5404 1
5404 5432 5433 5405 1
5405 5433 5434 5406 1
5406 5434 5435 5407 1
5407 5435 5436 5408 1
5408 5436 5437 5409 1
5409 5437 5438 5410 1
5410 5438 5439 5411 1
5411 5439 5440 5412 1
5412 5440 251 252 1
182 183 5441 5413 1
5413 5441 5442 5414 1
5414 5442 5443 5415 1
5415 5443 5444 5416 1
5416 5444 5445 5417 1
5417 5445 5446 5418 1
5418 5446 5447 5419 1
5419 5447 5448 5420 1
5420 5448 5449 5421 1
5421 5449 5450 5422 1
5422 5450 5451 5423 1
5423 5451 5452 5424 1
5424 5452 5453 5425 1
5425 5453 5454 5426 1
5426 5454 5455 5427 1
5427 5455 5456 5428 1
5428 5456 5457 5429 1
5429 5457 5458 5430 1
5430 5458 5459 5431 1
5431 5459 5460 5432 1
5432 5460 5461 5433 1
5433 5461 5462 5434 1
5434 5462 5463 5435 1
5435 5463 5464 5436 1
5436 5464 5465 5437 1
5437 5465 5466 5438 1
5438 5466 5467 5439 1
5439 5467 5468 5440 1
5440 5468 250 251 1
183 184 5469 5441 1
5441 5469 5470 5442 1
5442 5470 5471 5443 1
5443 5471 5472 5444 1
5444 5472 5473 5445 1
5445 5473 5474 5446 1
5446 5474 5475 5447 1
5447 5475 5476 5448 1
5448 5476 5477 5449 1
5449 5477 5478 5450 1
5450 5478 5479 5451 1
5451 5479 5480 5452 1
5452 5480 5481 5453 1
5453 5481 5482 5454 1
5454 5482 5483 5455 1
5455 5483 5484 5456 1
5456 5484 5485 5457 1
5457 5485 5486 5458 1
5458 5486 5487 5459 1
5459 5487 5488 5460 1
5460 5488 5489 5461 1
5461 5489 5490 5462 1
5462 5490 5491 5463 1
5463 5491 5492 5464 1
5464 5492 5493 5465 1
5465 5493 5494 5466 1
5466 5494 5495 5467 1
5467 5495 5496 5468 1
5468 5496 249 250 1
184 185 5497 5469 1
5469 5497 5498 5470 1
5470 5498 5499 5471 1
5471 5499 5500 5472 1
5472 5500 5501 5473 1
5473 5501 5502 5474 1
5474 5502 5503 5475 1
5475 5503 5504 5476 1
5476 5504 5505 5477 1
5477 5505 5506 5478 1
5478 5506 5507 5479 1
5479 5507 5508 5480 1
5480 5508 5509 5481 1
5481 5509 5510 5482 1
5482 5510 5511 5483 1
5483 5511 5512 5484 1
5484 5512 5513 5485 1
5485 5513 5514 5486 1
5486 5514 5515 5487 1
5487 5515 5516 5488 1
5488 5516 5517 5489 1
5489 5517 5518 5490 1
5490 5518 5519 5491 1
5491 5519 5520 5492 1
5492 5520 5521 5493 1
5493 5521 5522 5494 1
5494 5522 5523 5495 1
5495 5523 5524 5496 1
5496 5524 248 249 1
185 186 5525 5497 1
5497 5525 5526 5498 1
5498 5526 5527 5499 1
5499 5527 5528 5500 1
5500 5528 5529 5501 1
5501 5529 5530 5502 1
5502 5530 5531 5503 1
5503 5531 5532 5504 1
5504 5532 5533 5505 1
5505 5533 5534 5506 1
5506 5534 5535 5507 1
5507 5535 5536 5508 1
5508 5536 5537 5509 1
5509 5537 5538 5510 1
5510 5538 5539 5511 1
5511 5539 5540 5512 1
5512 5540 5541 5513 1
5513 5541 5542 5514 1
5514 5542 5543 5515 1
5515 5543 5544 5516 1
5516 5544 5545 5517 1
5517 5545 5546 5518 1
5518 5546 5547 5519 1
5519 5547 5548 5520 1
5520 5548 5549 5521 1
5521 5549 5550 5522 1
5522 5550 5551 5523 1
5523 5551 5552 5524 1
5524 5552 247 248 1
186 187 5553 5525 1
5525 5553 5554 5526 1
5526 5554 5555 5527 1
5527 5555 5556 5528 1
5528 5556 5557 5529 1
5529 5557 5558 5530 1
5530 5558 5559 5531 1
5531 5559 5560 5532 1
5532 5560 5561 5533 1
5533 5561 5562 5534 1
5534 5562 5563 5535 1
5535 5563 5564 5536 1
5536 5564 5565 5537 1
5537 5565 5566 5538 1
5538 5566 5567 5539 1
5539 5567 5568 5540 1
5540 5568 5569 5541 1
5541 5569 5570 5542 1
5542 5570 5571 5543 1
5543 5571 5572 5544 1
5544 5572 5573 5545 1
5545 5573 5574 5546 1
5546 5574 5575 5547 1
5547 5575 5576 5548 1
5548 5576 5577 5549 1
5549 5577 5578 5550 1
5550 5578 5579 5551 1
5551 5579 5580 5552 1
5552 5580 246 247 1
187 188 5581 5553 1
5553 5581 5582 5554 1
5554 5582 5583 5555 1
5555 5583 5584 5556 1
5556 5584 5585 5557 1
5557 5585 5586 5558 1
5558 5586 5587 5559 1
5559 5587 5588 5560 1
5560 5588 5589 5561 1
5561 5589 5590 5562 1
5562 5590 5591 5563 1
5563 5591 5592 5564 1
5564 5592 5593 5565 1
5565 5593 5594 5566 1
5566 5594 5595 5567 1
5567 5595 5596 5568 1
5568 5596 5597 5569 1
5569 5597 5598 5570 1
5570 5598 5599 5571 1
5571 5599 5600 5572 1
5572 5600 5601 5573 1
5573 5601 5602 5574 1
5574 5602 5603 5575 1
5575 5603 5604 5576 1
5576 5604 5605 5577 1
5577 5605 5606 5578 1
5578 5606 5607 5579 1
5579 5607 5608 5580 1
5580 5608 245 246 1
188 189 5609 5581 1
5581 5609 5610 5582 1
5582 5610 5611 5583 1
5583 5611 5612 5584 1
5584 5612 5613 5585 1
5585 5613 5614 5586 1
5586 5614 5615 5587 1
5587 5615 5616 5588 1
5588 5616 5617 5589 1
5589 5617 5618 5590 1
5590 5618 5619 5591 1
5591 5619 5620 5592 1
5592 5620 5621 5593 1
5593 5621 5622 5594 1
5594 5622 5623 5595 1
5595 5623 5624 5596 1
5596 5624 5625 5597 1
5597 5625 5626 5598 1
5598 5626 5627 5599 1
5599 5627 5628 5600 1
5600 5628 5629 5601 1
5601 5629 5630 5602 1
5602 5630 5631 5603 1
5603 5631 5632 5604 1
5604 5632 5633 5605 1
5605 5633 5634 5606 1
5606 5634 5635 5607 1
5607 5635 5636 5608 1
5608 5636 244 245 1
189 190 5637 5609 1
5609 5637 5638 5610 1
5610 5638 5639 5611 1
5611 5639 5640 5612 1
5612 5640 5641 5613 1
5613 5641 5642 5614 1
5614 5642 5643 5615 1
5615 5643 5644 5616 1
5616 5644 5645 5617 1
5617 5645 5646 5618 1
5618 5646 5647 5619 1
5619 5647 5648 5620 1
5620 5648 5649 5621 1
5621 5649 5650 5622 1
5622 5650 5651 5623 1
5623 5651 5652 5624 1
5624 5652 5653 5625 1
5625 5653 5654 5626 1
5626 5654 5655 5627 1
5627 5655 5656 5628 1
5628 5656 5657 5629 1
5629 5657 5658 5630 1
5630 5658 5659 5631 1
5631 5659 5660 5632 1
5632 5660 5661 5633 1
5633 5661 5662 5634 1
5634 5662 5663 5635 1
5635 5663 5664 5636 1
5636 5664 243 244 1
190 191 5665 5637 1
5637 5665 5666 5638 1
5638 5666 5667 5639 1
5639 5667 5668 5640 1
5640 5668 5669 5641 1
5641 5669 5670 5642 1
5642 5670 5671 5643 1
5643 5671 5672 5644 1
5644 5672 5673 5645 1
5645 5673 5674 5646 1
5646 5674 5675 5647 1
5647 5675 5676 5648 1
5648 5676 5677 5649 1
5649 5677 5678 5650 1
5650 5678 5679 5651 1
5651 5679 5680 5652 1
5652 5680 5681 5653 1
5653 5681 5682 5654 1
5654 5682 5683 5655 1
5655 5683 5684 5656 1
5656 5684 5685 5657 1
5657 5685 5686 5658 1
5658 5686 5687 5659 1
5659 5687 5688 5660 1
5660 5688 5689 5661 1
5661 5689 5690 5662 1
5662 5690 5691 5663 1
5663 5691 5692 5664 1
5664 5692 242 243 1
191 192 5693 5665 1
5665 5693 5694 5666 1
5666 5694 5695 5667 1
5667 5695 5696 5668 1
5668 5696 5697 5669 1
5669 5697 5698 5670 1
5670 5698 5699 5671 1
5671 5699 5700 5672 1
5672 5700 5701 5673 1
5673 5701 5702 5674 1
5674 5702 5703 5675 1
5675 5703 5704 5676 1
5676 5704 5705 5677 1
5677 5705 5706 5678 1
5678 5706 5707 5679 1
5679 5707 5708 5680 1
5680 5708 5709 5681 1
5681 5709 5710 5682 1
5682 5710 5711 5683 1
5683 5711 5712 5684 1
5684 5712 5713 5685 1
5685 5713 5714 5686 1
5686 5714 5715 5687 1
5687 5715 5716 5688 1
5688 5716 5717 5689 1
5689 5717 5718 5690 1
5690 5718 5719 5691 1
5691 5719 5720 5692 1
5692 5720 241 242 1
192 193 5721 5693 1
5693 5721 5722 5694 1
5694 5722 5723 5695 1
5695 5723 5724 5696 1
5696 5724 5725 5697 1
5697 5725 5726 5698 1
5698 5726 5727 5699 1
5699 5727 5728 5700 1
5700 5728 5729 5701 1
5701 5729 5730 5702 1
5702 5730 5731 5703 1
5703 5731 5732 5704 1
5704 5732 5733 5705 1
5705 5733 5734 5706 1
5706 5734 5735 5707 1
5707 5735 5736 5708 1
5708 5736 5737 5709 1
5709 5737 5738 5710 1
5710 5738 5739 5711 1
5711 5739 5740 5712 1
5712 5740 5741 5713 1
5713 5741 5742 5714 1
5714 5742 5743 5715 1
5715 5743 5744 5716 1
5716 5744 5745 5717 1
5717 5745 5746 5718 1
5718 5746 5747 5719 1
5719 5747 5748 5720 1
5720 5748 240 241 1
193 194 5749 5721 1
5721 5749 5750 5722 1
5722 5750 5751 5723 1
5723 5751 5752 5724 1
5724 5752 5753 5725 1
5725 5753 5754 5726 1
5726 5754 5755 5727 1
5727 5755 5756 5728 1
5728 5756 5757 5729 1
5729 5757 5758 5730 1
5730 5758 5759 5731 1
5731 5759 5760 5732 1
5732 5760 5761 5733 1
5733 5761 5762 5734 1
5734 5762 5763 5735 1
5735 5763 5764 5736 1
5736 5764 5765 5737 1
5737 5765 5766 5738 1
5738 5766 5767 5739 1
5739 5767 5768 5740 1
5740 5768 5769 5741 1
5741 5769 5770 5742 1
5742 5770 5771 5743 1
5743 5771 5772 5744 1
5744 5772 5773 5745 1
5745 5773 5774 5746 1
5746 5774 5775 5747 1
5747 5775 5776 5748 1
5748 5776 239 240 1
194 195 5777 5749 1
5749 5777 5778 5750 1
5750 5778 5779 5751 1
5751 5779 5780 5752 1
5752 5780 5781 5753 1
5753 5781 5782 5754 1
5754 5782 5783 5755 1
5755 5783 5784 5756 1
5756 5784 5785 5757 1
5757 5785 5786 5758 1
5758 5786 5787 5759 1
5759 5787 5788 5760 1
5760 5788 5789 5761 1
5761 5789 5790 5762 1
5762 5790 5791 5763 1
5763 5791 5792 5764 1
5764 5792 5793 5765 1
5765 5793 5794 5766 1
5766 5794 5795 5767 1
5767 5795 5796 5768 1
5768 5796 5797 5769 1
5769 5797 5798 5770 1
5770 5798 5799 5771 1
5771 5799 5800 5772 1
5772 5800 5801 5773 1
5773 5801 5802 5774 1
5774 5802 5803 5775 1
5775 5803 5804 5776 1
5776 5804 238 239 1
195 196 5805 5777 1
5777 5805 5806 5778 1
5778 5806 5807 5779 1
5779 5807 5808 5780 1
5780 5808 5809 5781 1
5781 5809 5810 5782 1
5782 5810 5811 5783 1
5783 5811 5812 5784 1
5784 5812 5813 5785 1
5785 5813 5814 5786 1
5786 5814 5815 5787 1
5787 5815 5816 5788 1
5788 5816 5817 5789 1
5789 5817 5818 5790 1
5790 5818 5819 5791 1
5791 5819 5820 5792 1
5792 5820 5821 5793 1
5793 5821 5822 5794 1
5794 5822 5823 5795 1
5795 5823 5824 5796 1
5796 5824 5825 5797 1
5797 5825 5826 5798 1
5798 5826 5827 5799 1
5799 5827 5828 5800 1
5800 5828 5829 5801 1
5801 5829 5830 5802 1
5802 5830 5831 5803 1
5803 5831 5832 5804 1
5804 5832 237 238 1
196 197 5833 5805 1
5805 5833 5834 5806 1
5806 5834 5835 5807 1
5807 5835 5836 5808 1
5808 5836 5837 5809 1
5809 5837 5838 5810 1
5810 5838 5839 5811 1
5811 5839 5840 5812 1
5812 5840 5841 5813 1
5813 5841 5842 5814 1
5814 5842 5843 5815 1
5815 5843 5844 5816 1
5816 5844 5845 5817 1
5817 5845 5846 5818 1
5818 5846 5847 5819 1
5819 5847 5848 5820 1
5820 5848 5849 5821 1
5821 5849 5850 5822 1
5822 5850 5851 5823 1
5823 5851 5852 5824 1
5824 5852 5853 5825 1
5825 5853 5854 5826 1
5826 5854 5855 5827 1
5827 5855 5856 5828 1
5828 5856 5857 5829 1
5829 5857 5858 5830 1
5830 5858 5859 5831 1
5831 5859 5860 5832 1
5832 5860 236 237 1
197 198 5861 5833 1
5833 5861 5862 5834 1
5834 5862 5863 5835 1
5835 5863 5864 5836 1
5836 5864 5865 5837 1
5837 5865 5866 5838 1
5838 5866 5867 5839 1
5839 5867 5868 5840 1
5840 5868 5869 5841 1
5841 5869 5870 5842 1
5842 5870 5871 5843 1
5843 5871 5872 5844 1
5844 5872 5873 5845 1
5845 5873 5874 5846 1
5846 5874 5875 5847 1
5847 5875 5876 5848 1
5848 5876 5877 5849 1
5849 5877 5878 5850 1
5850 5878 5879 5851 1
5851 5879 5880 5852 1
5852 5880 5881 5853 1
5853 5881 5882 5854 1
5854 5882 5883 5855 1
5855 5883 5884 5856 1
5856 5884 5885 5857 1
5857 5885 5886 5858 1
5858 5886 5887 5859 1
5859 5887 5888 5860 1
5860 5888 235 236 1
198 199 5889 5861 1
5861 5889 5890 5862 1
5862 5890 5891 5863 1
5863 5891 5892 5864 1
5864 5892 5893 5865 1
5865 5893 5894 5866 1
5866 5894 5895 5867 1
5867 5895 5896 5868 1
5868 5896 5897 5869 1
5869 5897 5898 5870 1
5870 5898 5899 5871 1
5871 5899 5900 5872 1
5872 5900 5901 5873 1
5873 5901 5902 5874 1
5874 5902 5903 5875 1
5875 5903 5904 5876 1
5876 5904 5905 5877 1
5877 5905 5906 5878 1
5878 5906 5907 5879 1
5879 5907 5908 5880 1
5880 5908 5909 5881 1
5881 5909 5910 5882 1
5882 5910 5911 5883 1
5883 5911 5912 5884 1
5884 5912 5913 5885 1
5885 5913 5914 5886 1
5886 5914 5915 5887 1
5887 5915 5916 5888 1
5888 5916 234 235 1
199 200 5917 5889 1
5889 5917 5918 5890 1
5890 5918 5919 5891 1
5891 5919 5920 5892 1
5892 5920 5921 5893 1
5893 5921 5922 5894 1
5894 5922 5923 5895 1
5895 5923 5924 5896 1
5896 5924 5925 5897 1
5897 5925 5926 5898 1
5898 5926 5927 5899 1
5899 5927 5928 5900 1
5900 5928 5929 5901 1
5901 5929 5930 5902 1
5902 5930 5931 5903 1
5903 5931 5932 5904 1
5904 5932 5933 5905 1
5905 5933 5934 5906 1
5906 5934 5935 5907 1
5907 5935 5936 5908 1
5908 5936 5937 5909 1
5909 5937 5938 5910 1
5910 5938 5939 5911 1
5911 5939 5940 5912 1
5912 5940 5941 5913 1
5913 5941 5942 5914 1
5914 5942 5943 5915 1
5915 5943 5944 5916 1
5916 5944 233 234 1
200 201 5945 5917 1
5917 5945 5946 5918 1
5918 5946 5947 5919 1
5919 5947 5948 5920 1
5920 5948 5949 5921 1
5921 5949 5950 5922 1
5922 5950 5951 5923 1
5923 5951 5952 5924 1
5924 5952 5953 5925 1
5925 5953 5954 5926 1
5926 5954 5955 5927 1
5927 5955 5956 5928 1
5928 5956 5957 5929 1
5929 5957 5958 5930 1
5930 5958 5959 5931 1
5931 5959 5960 5932 1
5932 5960 5961 5933 1
5933 5961 5962 5934 1
5934 5962 5963 5935 1
5935 5963 5964 5936 1
5936 5964 5965 5937 1
5937 5965 5966 5938 1
5938 5966 5967 5939 1
5939 5967 5968 5940 1
5940 5968 5969 5941 1
5941 5969 5970 5942 1
5942 5970 5971 5943 1
5943 5971 5972 5944 1
5944 5972 232 233 1
201 202 5973 5945 1
5945 5973 5974 5946 1
5946 5974 5975 5947 1
5947 5975 5976 5948 1
5948 5976 5977 5949 1
5949 5977 5978 5950 1
5950 5978 5979 5951 1
5951 5979 5980 5952 1
5952 5980 5981 5953 1
5953 5981 5982 5954 1
5954 5982 5983 5955 1
5955 5983 5984 5956 1
5956 5984 5985 5957 1
5957 5985 5986 5958 1
5958 5986 5987 5959 1
5959 5987 5988 5960 1
5960 5988 5989 5961 1
5961 5989 5990 5962 1
5962 5990 5991 5963 1
5963 5991 5992 5964 1
5964 5992 5993 5965 1
5965 5993 5994 5966 1
5966 5994 5995 5967 1
5967 5995 5996 5968 1
5968 5996 5997 5969 1
5969 5997 5998 5970 1
5970 5998 5999 5971 1
5971 5999 6000 5972 1
5972 6000 231 232 1
202 2 203 5973 1
5973 203 204 5974 1
5974 204 205 5975 1
5975 205 206 5976 1
5976 206 207 5977 1
5977 207 208 5978 1
5978 208 209 5979 1
5979 209 210 5980 1
5980 210 211 5981 1
5981 211 212 5982 1
5982 212 213 5983 1
5983 213 214 5984 1
5984 214 215 5985 1
5985 215 216 5986 1
5986 216 217 5987 1
5987 217 218 5988 1
5988 218 219 5989 1
5989 219 220 5990 1
5990 220 221 5991 1
5991 221 222 5992 1
5992 222 223 5993 1
5993 223 224 5994 1
5994 224 225 5995 1
5995 225 226 5996 1
5996 226 227 5997 1
5997 227 228 5998 1
5998 228 229 5999 1
5999 229 230 6000 1
6000 230 3 231 1

Edges
456
1 5 2
5 6 2
6 7 2
7 8 2
8 9 2
9 10 2
10 11 2
11 12 2
12 13 2
13 14 2
14 15 2
15 16 2
16 17 2
17 18 2
18 19 2
19 20 2
20 21 2
21 22 2
22 23 2
23 24 2
24 25 2
25 26 2
26 27 2
27 28 2
28 29 2
29 30 2
30 31 2
31 32 2
32 33 2
33 34 2
34 35 2
35 36 2
36 37 2
37 38 2
38 39 2
39 40 2
40 41 2
41 42 2
42 43 2
43 44 2
44 45 2
45 46 2
46 47 2
47 48 2
48 49 2
49 50 2
50 51 2
51 52 2
52 53 2
53 54 2
54 55 2
55 56 2
56 57 2
57 58 2
58 59 2
59 60 2
60 61 2
61 62 2
62 63 2
63 64 2
64 65 2
65 66 2
66 67 2
67 68 2
68 69 2
69 70 2
70 71 2
71 72 2
72 73 2
73 74 2
74 75 2
75 76 2
76 77 2
77 78 2
78 79 2
79 80 2
80 81 2
81 82 2
82 83 2
83 84 2
84 85 2
85 86 2
86 87 2
87 88 2
88 89 2
89 90 2
90 91 2
91 92 2
92 93 2
93 94 2
94 95 2
95 96 2
96 97 2
97 98 2
98 99 2
99 100 2
100 101 2
101 102 2
102 103 2
103 104 2
104 105 2
105 106 2
106 107 2
107 108 2
108 109 2
109 110 2
110 111 2
111 112 2
112 113 2
113 114 2
114 115 2
115 116 2
116 117 2
117 118 2
118 119 2
119 120 2
120 121 2
121 122 2
122 123 2
123 124 2
124 125 2
125 126 2
126 127 2
127 128 2
128 129 2
129 130 2
130 131 2
131 132 2
132 133 2
133 134 2
134 135 2
135 136 2
136 137 2
137 138 2
138 139 2
139 140 2
140 141 2
141 142 2
142 143 2
143 144 2
144 145 2
145 146 2
146 147 2
147 148 2
148 149 2
149 150 2
150 151 2
151 152 2
152 153 2
153 154 2
154 155 2
155 156 2
156 157 2
157 158 2
158 159 2
159 160 2
160 161 2
161 162 2
162 163 2
163 164 2
164 165 2
165 166 2
166 167 2
167 168 2
168 169 2
169 170 2
170 171 2
171 172 2
172 173 2
173 174 2
174 175 2
175 176 2
176 177 2
177 178 2
178 179 2
179 180 2
180 181 2
181 182 2
182 183 2
183 184 2
184 185 2
185 186 2
186 187 2
187 188 2
188 189 2
189 190 2
190 191 2
191 192 2
192 193 2
193 194 2
194 195 2
195 196 2
196 197 2
197 198 2
198 199 2
199 200 2
200 201 2
201 202 2
202 2 2
2 203 3
203 204 3
204 205 3
205 206 3
206 207 3
207 208 3
208 209 3
209 210 3
210 211 3
211 212 3
212 213 3
213 214 3
214 215 3
215 216 3
216 217 3
217 218 3
218 219 3
219 220 3
220 221 3
221 222 3
222 223 3
223 224 3
224 225 3
225 226 3
226 227 3
227 228 3
228 229 3
229 230 3
230 3 3
3 231 4
231 232 4
232 233 4
233 234 4
234 235 4
235 236 4
236 237 4
237 238 4
238 239 4
239 240 4
240 241 4
241 242 4
242 243 4
243 244 4
244 245 4
245 246 4
246 247 4
247 248 4
248 249 4
249 250 4
250 251 4
251 252 4
252 253 4
253 254 4
254 255 4
255 256 4
256 257 4
257 258 4
258 259 4
259 260 4
260 261 4
261 262 4
262 263 4
263 264 4
264 265 4
265 266 4
266 267 4
267 268 4
268 269 4
269 270 4
270 271 4
271 272 4
272 273 4
273 274 4
274 275 4
275 276 4
276 277 4
277 278 4
278 279 4
279 280 4
280 281 4
281 282 4
282 283 4
283 284 4
284 285 4
285 286 4
286 287 4
287 288 4
288 289 4
289 290 4
290 291 4
291 292 4
292 293 4
293 294 4
294 295 4
295 296 4
296 297 4
297 298 4
298 299 4
299 300 4
300 301 4
301 302 4
302 303 4
303 304 4
304 305 4
305 306 4
306 307 4
307 308 4
308 309 4
309 310 4
310 311 4
311 312 4
312 313 4
313 314 4
314 315 4
315 316 4
316 317 4
317 318 4
318 319 4
319 320 4
320 321 4
321 322 4
322 323 4
323 324 4
324 325 4
325 326 4
326 327 4
327 328 4
328 329 4
329 330 4
330 331 4
331 332 4
332 333 4
333 334 4
334 335 4
335 336 4
336 337 4
337 338 4
338 339 4
339 340 4
340 341 4
341 342 4
342 343 4
343 344 4
344 345 4
345 346 4
346 347 4
347 348 4
348 349 4
349 350 4
350 351 4
351 352 4
352 353 4
353 354 4
354 355 4
355 356 4
356 357 4
357 358 4
358 359 4
359 360 4
360 361 4
361 362 4
362 363 4
363 364 4
364 365 4
365 366 4
366 367 4
367 368 4
368 369 4
369 370 4
370 371 4
371 372 4
372 373 4
373 374 4
374 375 4
375 376 4
376 377 4
377 378 4
378 379 4
379 380 4
380 381 4
381 382 4
382 383 4
383 384 4
384 385 4
385 386 4
386 387 4
387 388 4
388 389 4
389 390 4
390 391 4
391 392 4
392 393 4
393 394 4
394 395 4
395 396 4
396 397 4
397 398 4
398 399 4
399 400 4
400 401 4
401 402 4
402 403 4
403 404 4
404 405 4
405 406 4
406 407 4
407 408 4
408 409 4
409 410 4
410 411 4
411 412 4
412 413 4
413 414 4
414 415 4
415 416 4
416 417 4
417 418 4
418 419 4
419 420 4
420 421 4
421 422 4
422 423 4
423 424 4
424 425 4
425 426 4
426 427 4
427 428 4
428 4 4
4 429 5
429 430 5
430 431 5
431 432 5
432 433 5
433 434 5
434 435 5
435 436 5
436 437 5
437 438 5
438 439 5
439 440 5
440 441 5
441 442 5
442 443 5
443 444 5
444 445 5
445 446 5
446 447 5
447 448 5
448 449 5
449 450 5
450 451 5
451 452 5
452 453 5
453 454 5
454 455 5
455 456 5
456 1 5

End
